{"type": "FeatureCollection", "features": [{"type": "Feature", "geometry": {"type": "LineString", "coordinates": [[-80.1843829, 25.7790716], [-80.1843354, 25.7791464]]}, "properties": {"project": "PH7113", "date": "19751101", "kind": "Pier", "source": "TP00422"}}, {"type": "Feature", "geometry": {"type": "LineString", "coordinates": [[-80.1843354, 25.7791464], [-80.1844542, 25.779197]]}, "properties": {"project": "PH7113", "date": "19751101", "kind": "Pier", "source": "TP00422"}}, {"type": "Feature", "geometry": {"type": "LineString", "coordinates": [[-80.1842315, 25.7791022], [-80.1843354, 25.7791464]]}, "properties": {"project": "PH7113", "date": "19751101", "kind": "Pier", "source": "TP00422"}}, {"type": "Feature", "geometry": {"type": "LineString", "coordinates": [[-80.184508, 25.7790975], [-80.1844542, 25.779197]]}, "properties": {"project": "PH7113", "date": "19751101", "kind": "Pier", "source": "TP00422"}}, {"type": "Feature", "geometry": {"type": "LineString", "coordinates": [[-80.1842171, 25.779096], [-80.1841622, 25.7791939]]}, "properties": {"project": "PH7113", "date": "19751101", "kind": "Pier", "source": "TP00422"}}, {"type": "Feature", "geometry": {"type": "LineString", "coordinates": [[-80.1842171, 25.779096], [-80.1842315, 25.7791022]]}, "properties": {"project": "PH7113", "date": "19751101", "kind": "Pier", "source": "TP00422"}}, {"type": "Feature", "geometry": {"type": "LineString", "coordinates": [[-80.1841483, 25.7790668], [-80.1842171, 25.779096]]}, "properties": {"project": "PH7113", "date": "19751101", "kind": "Pier", "source": "TP00422"}}, {"type": "Feature", "geometry": {"type": "LineString", "coordinates": [[-80.1840706, 25.7790337], [-80.1840222, 25.7791162]]}, "properties": {"project": "PH7113", "date": "19751101", "kind": "Pier", "source": "TP00422"}}, {"type": "Feature", "geometry": {"type": "LineString", "coordinates": [[-80.1840706, 25.7790337], [-80.1841483, 25.7790668]]}, "properties": {"project": "PH7113", "date": "19751101", "kind": "Pier", "source": "TP00422"}}, {"type": "Feature", "geometry": {"type": "LineString", "coordinates": [[-80.1842315, 25.7791022], [-80.1842887, 25.7790169]]}, "properties": {"project": "PH7113", "date": "19751101", "kind": "Pier", "source": "TP00422"}}, {"type": "Feature", "geometry": {"type": "LineString", "coordinates": [[-80.1840244, 25.779014], [-80.1840706, 25.7790337]]}, "properties": {"project": "PH7113", "date": "19751101", "kind": "Pier", "source": "TP00422"}}, {"type": "Feature", "geometry": {"type": "LineString", "coordinates": [[-80.181477, 25.7790139], [-80.1814604, 25.7790099], [-80.1813842, 25.7791492], [-80.1813573, 25.77921], [-80.1813197, 25.779204], [-80.181162, 25.7791387], [-80.1810931, 25.7791025], [-80.1810383, 25.7792276], [-80.180976, 25.7793499], [-80.1809066, 25.7794744], [-80.1808417, 25.7795937], [-80.1807795, 25.7797213], [-80.1806724, 25.7799146], [-80.1806369, 25.7799131]]}, "properties": {"project": "PH7113", "date": "19751101", "kind": "Man-made", "source": "TP00422"}}, {"type": "Feature", "geometry": {"type": "LineString", "coordinates": [[-80.1665451, 25.7806104], [-80.1664352, 25.7805526], [-80.1662707999999, 25.7804843], [-80.1658184, 25.780297], [-80.1654109999999, 25.7801295], [-80.1650332, 25.7799473], [-80.1645787, 25.7797581], [-80.1641772, 25.7795852], [-80.1637802, 25.779403], [-80.1633404, 25.7792191], [-80.1628947, 25.7790219], [-80.1628455, 25.7790013]]}, "properties": {"project": "PH7113", "date": "19751101", "kind": "Man-made", "source": "TP00422"}}, {"type": "Feature", "geometry": {"type": "LineString", "coordinates": [[-80.1841483, 25.7790668], [-80.1841985, 25.7789824]]}, "properties": {"project": "PH7113", "date": "19751101", "kind": "Pier", "source": "TP00422"}}, {"type": "Feature", "geometry": {"type": "LineString", "coordinates": [[-80.1839415, 25.7789787], [-80.1839044, 25.7790538]]}, "properties": {"project": "PH7113", "date": "19751101", "kind": "Pier", "source": "TP00422"}}, {"type": "Feature", "geometry": {"type": "LineString", "coordinates": [[-80.1839415, 25.7789787], [-80.1840244, 25.779014]]}, "properties": {"project": "PH7113", "date": "19751101", "kind": "Pier", "source": "TP00422"}}, {"type": "Feature", "geometry": {"type": "LineString", "coordinates": [[-80.1838147, 25.7789248], [-80.1839415, 25.7789787]]}, "properties": {"project": "PH7113", "date": "19751101", "kind": "Pier", "source": "TP00422"}}, {"type": "Feature", "geometry": {"type": "LineString", "coordinates": [[-80.1840834, 25.77892], [-80.1840244, 25.779014]]}, "properties": {"project": "PH7113", "date": "19751101", "kind": "Pier", "source": "TP00422"}}, {"type": "Feature", "geometry": {"type": "LineString", "coordinates": [[-80.1856387, 25.7789193], [-80.1855171, 25.7791249]]}, "properties": {"project": "PH7113", "date": "19751101", "kind": "Pier", "source": "TP00422"}}, {"type": "Feature", "geometry": {"type": "LineString", "coordinates": [[-80.2085043, 25.7788934], [-80.2088855, 25.7790916], [-80.2091182, 25.7791936], [-80.2091285, 25.779182], [-80.2091518, 25.7791693], [-80.2091647, 25.7791543], [-80.2091751, 25.7791404], [-80.2091996, 25.7791254], [-80.2092112, 25.7791208], [-80.2092241, 25.7791197], [-80.2092575, 25.7791268], [-80.2092767, 25.7791397], [-80.2092843, 25.7791503], [-80.2092842, 25.7791677], [-80.2092853, 25.7792003], [-80.2092864, 25.7792271], [-80.2092889, 25.7792376], [-80.209333, 25.7792445], [-80.2093678, 25.7792707], [-80.2095878, 25.7794342], [-80.2097599, 25.7795544], [-80.2098311, 25.7794838], [-80.2099045, 25.7795393]]}, "properties": {"project": "PH7113", "date": "19751101", "kind": "Man-made", "source": "TP00422"}}, {"type": "Feature", "geometry": {"type": "LineString", "coordinates": [[-80.1855422, 25.7788779], [-80.1854779, 25.7789849]]}, "properties": {"project": "PH7113", "date": "19751101", "kind": "Pier", "source": "TP00422"}}, {"type": "Feature", "geometry": {"type": "LineString", "coordinates": [[-80.1855422, 25.7788779], [-80.1856387, 25.7789193]]}, "properties": {"project": "PH7113", "date": "19751101", "kind": "Pier", "source": "TP00422"}}, {"type": "Feature", "geometry": {"type": "LineString", "coordinates": [[-80.1839919, 25.7788767], [-80.1839415, 25.7789787]]}, "properties": {"project": "PH7113", "date": "19751101", "kind": "Pier", "source": "TP00422"}}, {"type": "Feature", "geometry": {"type": "LineString", "coordinates": [[-80.181541, 25.7788322], [-80.181477, 25.7790139]]}, "properties": {"project": "PH7113", "date": "19751101", "kind": "Undetermined.Approximate", "source": "TP00422"}}, {"type": "Feature", "geometry": {"type": "LineString", "coordinates": [[-80.1854806, 25.7788514], [-80.1855422, 25.7788779]]}, "properties": {"project": "PH7113", "date": "19751101", "kind": "Pier", "source": "TP00422"}}, {"type": "Feature", "geometry": {"type": "LineString", "coordinates": [[-80.2102568, 25.7839549], [-80.210138, 25.7838667], [-80.2099353, 25.7837128], [-80.209839, 25.783634], [-80.2097654, 25.7835591], [-80.2097166, 25.7834749], [-80.2096349, 25.783372], [-80.2095225, 25.783254], [-80.2093466, 25.7830946], [-80.2091685, 25.7829334], [-80.2088881, 25.7827045], [-80.2083129, 25.7822262], [-80.2082269, 25.7821586], [-80.2082911, 25.7820863], [-80.208238, 25.7820357], [-80.2081697, 25.7820838], [-80.2080513, 25.7819378], [-80.2078797, 25.7817486], [-80.207798, 25.7816438], [-80.2075061, 25.7812863], [-80.2074142, 25.7811777], [-80.2073734, 25.7811234], [-80.2073595, 25.7810376], [-80.2073446, 25.7805027], [-80.2073451, 25.7804125], [-80.2073178, 25.7797654], [-80.2072989, 25.7791323], [-80.2072911, 25.7788955], [-80.2072963, 25.77888], [-80.2073102, 25.7788553], [-80.2073308, 25.7788415]]}, "properties": {"project": "PH7113", "date": "19751101", "kind": "Man-made", "source": "TP00422"}}, {"type": "Feature", "geometry": {"type": "LineString", "coordinates": [[-80.2073308, 25.7788415], [-80.2073888, 25.7788496], [-80.2079136999999, 25.7791], [-80.2081229, 25.7792137]]}, "properties": {"project": "PH7113", "date": "19751101", "kind": "Natural.Mean High Water", "source": "TP00422"}}, {"type": "Feature", "geometry": {"type": "LineString", "coordinates": [[-80.1853851, 25.7788104], [-80.1853401, 25.7788959]]}, "properties": {"project": "PH7113", "date": "19751101", "kind": "Pier", "source": "TP00422"}}, {"type": "Feature", "geometry": {"type": "LineString", "coordinates": [[-80.1853851, 25.7788104], [-80.1854806, 25.7788514]]}, "properties": {"project": "PH7113", "date": "19751101", "kind": "Pier", "source": "TP00422"}}, {"type": "Feature", "geometry": {"type": "LineString", "coordinates": [[-80.1853492, 25.778795], [-80.1853851, 25.7788104]]}, "properties": {"project": "PH7113", "date": "19751101", "kind": "Pier", "source": "TP00422"}}, {"type": "Feature", "geometry": {"type": "LineString", "coordinates": [[-80.1855331, 25.7787614], [-80.1854806, 25.7788514]]}, "properties": {"project": "PH7113", "date": "19751101", "kind": "Pier", "source": "TP00422"}}, {"type": "Feature", "geometry": {"type": "LineString", "coordinates": [[-80.1857223, 25.7787533], [-80.1856387, 25.7789193]]}, "properties": {"project": "PH7113", "date": "19751101", "kind": "Pier", "source": "TP00422"}}, {"type": "Feature", "geometry": {"type": "LineString", "coordinates": [[-80.1852495, 25.7787521], [-80.1851921, 25.7788439]]}, "properties": {"project": "PH7113", "date": "19751101", "kind": "Pier", "source": "TP00422"}}, {"type": "Feature", "geometry": {"type": "LineString", "coordinates": [[-80.1852495, 25.7787521], [-80.1853492, 25.778795]]}, "properties": {"project": "PH7113", "date": "19751101", "kind": "Pier", "source": "TP00422"}}, {"type": "Feature", "geometry": {"type": "LineString", "coordinates": [[-80.1717806, 25.781093], [-80.1694229, 25.780035], [-80.1672705, 25.7790923], [-80.1664352, 25.7787441]]}, "properties": {"project": "PH7113", "date": "19751101", "kind": "Natural.Mean High Water", "source": "TP00422"}}, {"type": "Feature", "geometry": {"type": "LineString", "coordinates": [[-80.2071195, 25.7787336], [-80.2071385, 25.7793543], [-80.2071661, 25.7799534], [-80.2071896, 25.7804024], [-80.2071912, 25.7804225], [-80.2071893, 25.7806416], [-80.2071969, 25.7807367], [-80.2072207, 25.7811692], [-80.2072656, 25.7812347], [-80.2074411, 25.7814667], [-80.2074779, 25.7815042], [-80.2075758, 25.7816333], [-80.2075652, 25.7816835], [-80.2077102, 25.7818502], [-80.2077431, 25.7818541], [-80.2077861, 25.7818972], [-80.2076786, 25.7819618], [-80.2076866, 25.782001], [-80.2077582, 25.7820685], [-80.2078635, 25.7820076], [-80.2080027, 25.7821313], [-80.2080884, 25.7822361], [-80.20816, 25.7823073], [-80.2083177, 25.7824256], [-80.2082908, 25.7824534], [-80.2083215, 25.7824815], [-80.2083481, 25.7824966], [-80.2083853, 25.78248], [-80.2085286, 25.7825963], [-80.2087353, 25.7827726], [-80.2087763, 25.7827934], [-80.2089359, 25.7829359], [-80.2091406, 25.7831196], [-80.2092675, 25.7832209], [-80.2093883, 25.7833241], [-80.2094763, 25.7833898], [-80.2095027, 25.7834495], [-80.2095288, 25.7835429], [-80.2095396, 25.7837759], [-80.2095641, 25.7838058], [-80.2095969, 25.7838339], [-80.2096297, 25.7838453], [-80.2097265, 25.7838402], [-80.2097801, 25.7838368], [-80.2098481, 25.7838185], [-80.2099198, 25.783873], [-80.2100508, 25.783978]]}, "properties": {"project": "PH7113", "date": "19751101", "kind": "Man-made", "source": "TP00422"}}, {"type": "Feature", "geometry": {"type": "LineString", "coordinates": [[-80.2155129, 25.7819092], [-80.2157328, 25.7819074], [-80.2157318, 25.7820598], [-80.2158273, 25.782124], [-80.215829, 25.7826806], [-80.2164454, 25.7829271], [-80.2166208, 25.7829811], [-80.21675, 25.7830293], [-80.2169173, 25.7830796], [-80.2169854, 25.7831067], [-80.217244, 25.7831578], [-80.217532, 25.7831836], [-80.2177003, 25.7832553], [-80.2179177, 25.7833832], [-80.2179771, 25.7834226], [-80.2180942, 25.7834568], [-80.2182729, 25.7835118], [-80.2183386, 25.7835476], [-80.2184781, 25.7836135], [-80.2185603, 25.7836364], [-80.2186364, 25.7836498], [-80.2186712, 25.7836708], [-80.218682, 25.7836736], [-80.2187719, 25.7837046]]}, "properties": {"project": "PH7113", "date": "19751101", "kind": "Man-made", "source": "TP00422"}}, {"type": "Feature", "geometry": {"type": "LineString", "coordinates": [[-80.2149175, 25.7829438], [-80.214925, 25.7827633], [-80.2147332, 25.7827344], [-80.2147219, 25.7827934], [-80.2147454, 25.782805], [-80.2147554, 25.7828649]]}, "properties": {"project": "PH7113", "date": "19751101", "kind": "Man-made", "source": "TP00422"}}, {"type": "Feature", "geometry": {"type": "LineString", "coordinates": [[-80.1678102, 25.7812444], [-80.167721, 25.7811758], [-80.1675032, 25.7810674], [-80.1674082, 25.7810193], [-80.1672116, 25.7809289], [-80.1668971, 25.7807842], [-80.1666776, 25.7806758], [-80.1665451, 25.7806104]]}, "properties": {"project": "PH7113", "date": "19751101", "kind": "Man-made", "source": "TP00422"}}, {"type": "Feature", "geometry": {"type": "LineString", "coordinates": [[-80.1665812, 25.7805587], [-80.1665451, 25.7806104]]}, "properties": {"project": "PH7113", "date": "19751101", "kind": "Pier", "source": "TP00422"}}, {"type": "Feature", "geometry": {"type": "LineString", "coordinates": [[-80.1889803, 25.7829844], [-80.1889702, 25.782583], [-80.1889904, 25.782498], [-80.1889826, 25.7824308], [-80.1889625, 25.782358], [-80.188903, 25.7823279], [-80.1888641, 25.7822979], [-80.1888625, 25.7822326]]}, "properties": {"project": "PH7113", "date": "19751101", "kind": "Natural.Mean High Water", "source": "TP00422"}}, {"type": "Feature", "geometry": {"type": "LineString", "coordinates": [[-80.2149847, 25.7821151], [-80.2149766, 25.7824511], [-80.2148109, 25.7824377], [-80.2147946, 25.7821799]]}, "properties": {"project": "PH7113", "date": "19751101", "kind": "Man-made", "source": "TP00422"}}, {"type": "Feature", "geometry": {"type": "LineString", "coordinates": [[-80.2149847, 25.7821151], [-80.2151941, 25.782116], [-80.2152887, 25.7821197]]}, "properties": {"project": "PH7113", "date": "19751101", "kind": "Man-made", "source": "TP00422"}}, {"type": "Feature", "geometry": {"type": "LineString", "coordinates": [[-80.2152887, 25.7821197], [-80.2152815, 25.7824742], [-80.2156174, 25.7825995], [-80.2156265, 25.7825204], [-80.2154692, 25.7824617], [-80.2154731, 25.7823358], [-80.2155041, 25.7823098], [-80.2155129, 25.7819092]]}, "properties": {"project": "PH7113", "date": "19751101", "kind": "Man-made", "source": "TP00422"}}, {"type": "Feature", "geometry": {"type": "LineString", "coordinates": [[-80.2117453, 25.78173], [-80.2121798, 25.7819122], [-80.2127774, 25.7821413], [-80.2135115, 25.7824146], [-80.2142611, 25.7826709], [-80.2146402, 25.7828438]]}, "properties": {"project": "PH7113", "date": "19751101", "kind": "Natural.Mean High Water", "source": "TP00422"}}, {"type": "Feature", "geometry": {"type": "LineString", "coordinates": [[-80.1722266, 25.7833214], [-80.1721926, 25.7832533], [-80.1721681, 25.7831589], [-80.1721416, 25.7830495], [-80.1721146, 25.7829437], [-80.1720996, 25.7827948], [-80.1720859, 25.7826502], [-80.1720644, 25.7825045], [-80.1720494, 25.7823622], [-80.1719871, 25.7822205000001], [-80.1719698, 25.7820885], [-80.1719228, 25.7819469], [-80.1718752, 25.7818049], [-80.1718325, 25.7816625], [-80.1718272, 25.7816237]]}, "properties": {"project": "PH7113", "date": "19751101", "kind": "Natural.Mean High Water", "source": "TP00422"}}, {"type": "Feature", "geometry": {"type": "LineString", "coordinates": [[-80.210548, 25.7800504000001], [-80.2107178, 25.7799322], [-80.2108035, 25.7800351], [-80.210479, 25.7802391], [-80.210652, 25.7804086], [-80.2107659, 25.7805173], [-80.2110306, 25.7807128], [-80.2111284, 25.7806286], [-80.2111773, 25.7806734], [-80.2110999, 25.7807599], [-80.2115975, 25.7811339], [-80.2119394, 25.7812776], [-80.2123231, 25.7814389], [-80.2127201, 25.7815992], [-80.2131364, 25.7817379], [-80.2135672, 25.7818778], [-80.2137985, 25.7819634], [-80.2138895, 25.7820172], [-80.2141254, 25.7820764000001], [-80.2143658, 25.7821543], [-80.2144596, 25.78218], [-80.2144872, 25.7821402], [-80.2146031, 25.7821574], [-80.2147946, 25.7821799]]}, "properties": {"project": "PH7113", "date": "19751101", "kind": "Man-made", "source": "TP00422"}}, {"type": "Feature", "geometry": {"type": "LineString", "coordinates": [[-80.2096542, 25.7801631], [-80.2102064, 25.780699], [-80.2102077, 25.7807539], [-80.2102017, 25.7807847], [-80.2101991, 25.7808686], [-80.2102521, 25.780936], [-80.2102951, 25.7809679], [-80.2103281, 25.7809662], [-80.210411, 25.7808791], [-80.210542, 25.7809916], [-80.210609, 25.7811336], [-80.2107074, 25.7811844], [-80.2108308, 25.7812056], [-80.2107972, 25.7813042], [-80.2108382, 25.781323], [-80.2108799, 25.7812413], [-80.2112058, 25.7814536], [-80.2113821, 25.7815664], [-80.2116376, 25.781698], [-80.2116008, 25.7817912], [-80.2117098, 25.7818104], [-80.2117453, 25.78173]]}, "properties": {"project": "PH7113", "date": "19751101", "kind": "Man-made", "source": "TP00422"}}, {"type": "Feature", "geometry": {"type": "LineString", "coordinates": [[-80.1888625, 25.7822326], [-80.1880687, 25.7822351], [-80.1879275, 25.7822255], [-80.1879218, 25.7821435], [-80.1878885, 25.7821354], [-80.187835, 25.782131], [-80.1877702, 25.7821279], [-80.1876737, 25.7821376], [-80.1875756, 25.7821507], [-80.1874044, 25.7821518], [-80.1871729, 25.7821597], [-80.1869361, 25.7821717], [-80.1866895, 25.7821775], [-80.1865922, 25.7821869], [-80.1865379, 25.7821872], [-80.1864972, 25.7821802], [-80.1863374, 25.7821762], [-80.1861881, 25.7821764], [-80.1861669, 25.7821852], [-80.185992, 25.78219], [-80.1857998, 25.7821845], [-80.1857395, 25.7821777], [-80.1857175, 25.7821919], [-80.1857032, 25.7821966], [-80.185529, 25.7821997], [-80.1854423, 25.7822023], [-80.1854084, 25.7822028000001], [-80.1853986, 25.7822], [-80.1853808, 25.7819357], [-80.1853639, 25.7816486], [-80.1853516, 25.781356], [-80.1853385, 25.7810648], [-80.1853216, 25.7807763], [-80.1853093, 25.7804831], [-80.1852879, 25.780185], [-80.1852809, 25.7800866], [-80.1852739, 25.7800769]]}, "properties": {"project": "PH7113", "date": "19751101", "kind": "Man-made", "source": "TP00422"}}, {"type": "Feature", "geometry": {"type": "LineString", "coordinates": [[-80.2104962, 25.7800044], [-80.210385, 25.7801103], [-80.2104005, 25.7801256], [-80.2104113, 25.7801311], [-80.2104365, 25.780128], [-80.210548, 25.7800504000001]]}, "properties": {"project": "PH7113", "date": "19751101", "kind": "Man-made", "source": "TP00422"}}, {"type": "Feature", "geometry": {"type": "LineString", "coordinates": [[-80.2104085, 25.7799216], [-80.2103471, 25.7799674]]}, "properties": {"project": "PH7113", "date": "19751101", "kind": "Pier", "source": "TP00422"}}, {"type": "Feature", "geometry": {"type": "LineString", "coordinates": [[-80.2104085, 25.7799216], [-80.2104562, 25.7799623], [-80.2104962, 25.7800044]]}, "properties": {"project": "PH7113", "date": "19751101", "kind": "Man-made", "source": "TP00422"}}, {"type": "Feature", "geometry": {"type": "LineString", "coordinates": [[-80.1806369, 25.7799131], [-80.1806088, 25.7799784], [-80.1805275, 25.7801343]]}, "properties": {"project": "PH7113", "date": "19751101", "kind": "Pier", "source": "TP00422"}}, {"type": "Feature", "geometry": {"type": "LineString", "coordinates": [[-80.2103259, 25.7798512], [-80.2102569, 25.7799036]]}, "properties": {"project": "PH7113", "date": "19751101", "kind": "Pier", "source": "TP00422"}}, {"type": "Feature", "geometry": {"type": "LineString", "coordinates": [[-80.2103259, 25.7798512], [-80.2104085, 25.7799216]]}, "properties": {"project": "PH7113", "date": "19751101", "kind": "Man-made", "source": "TP00422"}}, {"type": "Feature", "geometry": {"type": "LineString", "coordinates": [[-80.1852504, 25.7798343], [-80.1852739, 25.7800769]]}, "properties": {"project": "PH7113", "date": "19751101", "kind": "Undetermined.Approximate", "source": "TP00422"}}, {"type": "Feature", "geometry": {"type": "LineString", "coordinates": [[-80.2102509, 25.7797873], [-80.2103259, 25.7798512]]}, "properties": {"project": "PH7113", "date": "19751101", "kind": "Man-made", "source": "TP00422"}}, {"type": "Feature", "geometry": {"type": "LineString", "coordinates": [[-80.2096542, 25.7801631], [-80.2096605999999, 25.7797658]]}, "properties": {"project": "PH7113", "date": "19751101", "kind": "Pier", "source": "TP00422"}}, {"type": "Feature", "geometry": {"type": "LineString", "coordinates": [[-80.1863166, 25.7796443], [-80.1861617, 25.7796459]]}, "properties": {"project": "PH7113", "date": "19751101", "kind": "Pier", "source": "TP00422"}}, {"type": "Feature", "geometry": {"type": "LineString", "coordinates": [[-80.1852504, 25.7798343], [-80.1853505, 25.779821], [-80.1856713, 25.7798105], [-80.1861824, 25.7797937], [-80.1862126, 25.7797495], [-80.1862484, 25.7796907], [-80.186273, 25.7796711], [-80.1863166, 25.7796443]]}, "properties": {"project": "PH7113", "date": "19751101", "kind": "Man-made", "source": "TP00422"}}, {"type": "Feature", "geometry": {"type": "LineString", "coordinates": [[-80.2311968, 25.7848795], [-80.231065, 25.7848844], [-80.2309662, 25.7848857], [-80.2308552, 25.7848646], [-80.2307728, 25.7848754], [-80.2306617, 25.7848655], [-80.2304933, 25.7848068], [-80.2304213, 25.7847897], [-80.2302919, 25.7847517], [-80.2302179, 25.7847346], [-80.2300621, 25.7846368], [-80.2300067, 25.784616], [-80.2297443, 25.7844507], [-80.2296002, 25.784448], [-80.2295837, 25.7844554], [-80.229526, 25.784457], [-80.229525, 25.7846247], [-80.2295102, 25.7846861], [-80.2294933, 25.7847419], [-80.2294624, 25.7847455], [-80.2294447, 25.7846298], [-80.2294371999999, 25.7845031], [-80.2294105, 25.7845067], [-80.2293877, 25.7845196], [-80.2293607, 25.7845623], [-80.229266, 25.7845618], [-80.2292641, 25.7845413], [-80.2291239, 25.784576], [-80.2289816, 25.7846106], [-80.2287191, 25.7847844], [-80.2284937, 25.7849416], [-80.2281793, 25.7851859], [-80.2280717, 25.7852711], [-80.228022, 25.7853156], [-80.2278875, 25.7854267], [-80.2278443, 25.7854152], [-80.2277576, 25.7854632], [-80.227646, 25.7855241], [-80.2275303, 25.7855869], [-80.2274724, 25.7856276], [-80.2273585, 25.7857351], [-80.227317, 25.7857745], [-80.2272651, 25.7858501], [-80.2271365, 25.786006], [-80.2270575, 25.7861211], [-80.2270553, 25.7861472], [-80.2270552, 25.7861695], [-80.2270571, 25.7861919], [-80.2270794, 25.7862386], [-80.2271738, 25.7862932], [-80.2273069, 25.7863663], [-80.2274698, 25.7864509], [-80.2276283, 25.7865381], [-80.2278056, 25.7866094], [-80.2279776, 25.7866556], [-80.2281534, 25.7867241], [-80.2283259, 25.786778], [-80.2285053, 25.7868278], [-80.2286852, 25.7868794], [-80.2288666, 25.7869301], [-80.2290439, 25.7869898], [-80.2292091, 25.7870369], [-80.2293766, 25.7870884], [-80.2295437, 25.78714], [-80.2296541, 25.7871792], [-80.22982, 25.7873477], [-80.2299676, 25.7875027], [-80.2301154, 25.7876425], [-80.2302681, 25.7875511], [-80.2303894, 25.78751], [-80.2304341, 25.7875752], [-80.2303798, 25.7876274], [-80.2302279, 25.78775], [-80.230399, 25.7879342], [-80.2305643, 25.7881036], [-80.2307423, 25.7882212], [-80.2309229, 25.7883113], [-80.2311021, 25.788395], [-80.2312345, 25.7884613], [-80.2312983, 25.788487], [-80.2313041, 25.7885756]]}, "properties": {"project": "PH7113", "date": "19751101", "kind": "Natural.Mean High Water", "source": "TP00422"}}, {"type": "Feature", "geometry": {"type": "LineString", "coordinates": [[-80.2182723, 25.7842423], [-80.2183191, 25.7842566], [-80.2183728, 25.7842876], [-80.2185247, 25.7843574], [-80.2186603, 25.7843916], [-80.2186929, 25.784444], [-80.2187258, 25.7844498], [-80.2189109, 25.7844911], [-80.2189757, 25.7845201], [-80.219021, 25.784528], [-80.219222, 25.7845179], [-80.21936, 25.7845139], [-80.2195028, 25.7845749], [-80.2197069, 25.7846416], [-80.2199838, 25.7847423], [-80.220264, 25.7848377], [-80.2205514, 25.7849384], [-80.2208446, 25.7850416], [-80.2211379, 25.7851394], [-80.2214311, 25.785245], [-80.2217161, 25.7853658], [-80.2218011, 25.7853979], [-80.22192, 25.7854583], [-80.2220329, 25.7855073], [-80.2223331, 25.7855462], [-80.2225638, 25.7855989], [-80.2227645, 25.7856845], [-80.2228322, 25.785724], [-80.2228833, 25.7857746]]}, "properties": {"project": "PH7113", "date": "19751101", "kind": "Man-made", "source": "TP00422"}}, {"type": "Feature", "geometry": {"type": "LineString", "coordinates": [[-80.2280875, 25.7843617], [-80.2280974, 25.7843952], [-80.2280875, 25.7847866], [-80.2280907, 25.7849126], [-80.2282585, 25.7847379], [-80.2282447, 25.7842955], [-80.2282554, 25.7842303]]}, "properties": {"project": "PH7113", "date": "19751101", "kind": "Man-made", "source": "TP00422"}}, {"type": "Feature", "geometry": {"type": "LineString", "coordinates": [[-80.1718185, 25.78156], [-80.1718046, 25.7815212], [-80.1717642, 25.7815074]]}, "properties": {"project": "PH7113", "date": "19751101", "kind": "Pier", "source": "TP00422"}}, {"type": "Feature", "geometry": {"type": "LineString", "coordinates": [[-80.1715938, 25.782544], [-80.1715751999999, 25.7824362], [-80.1715329, 25.7821505], [-80.1715114, 25.7820502], [-80.1715158, 25.7818248], [-80.1716132, 25.7817302], [-80.1717357, 25.7816232], [-80.1718272, 25.7816237]]}, "properties": {"project": "PH7113", "date": "19751101", "kind": "Pier", "source": "TP00422"}}, {"type": "Feature", "geometry": {"type": "LineString", "coordinates": [[-80.1718185, 25.78156], [-80.1717452, 25.78156]]}, "properties": {"project": "PH7113", "date": "19751101", "kind": "Pier", "source": "TP00422"}}, {"type": "Feature", "geometry": {"type": "LineString", "coordinates": [[-80.1718272, 25.7816237], [-80.1718185, 25.78156]]}, "properties": {"project": "PH7113", "date": "19751101", "kind": "Pier", "source": "TP00422"}}, {"type": "Feature", "geometry": {"type": "LineString", "coordinates": [[-80.1717642, 25.7815074], [-80.1717644, 25.7814706], [-80.1718476, 25.7814611]]}, "properties": {"project": "PH7113", "date": "19751101", "kind": "Pier", "source": "TP00422"}}, {"type": "Feature", "geometry": {"type": "LineString", "coordinates": [[-80.1718185, 25.78156], [-80.1718593, 25.7815245], [-80.1718476, 25.7814611]]}, "properties": {"project": "PH7113", "date": "19751101", "kind": "Shoreline/Alongshore Feature Boundary", "source": "TP00422"}}, {"type": "Feature", "geometry": {"type": "LineString", "coordinates": [[-80.1714895, 25.7812236], [-80.1714971, 25.7813213], [-80.1717143, 25.7815129], [-80.1717642, 25.7815074]]}, "properties": {"project": "PH7113", "date": "19751101", "kind": "Pier", "source": "TP00422"}}, {"type": "Feature", "geometry": {"type": "LineString", "coordinates": [[-80.1679119, 25.7812300000001], [-80.1678634, 25.7811919], [-80.1678102, 25.7812444]]}, "properties": {"project": "PH7113", "date": "19751101", "kind": "Pier", "source": "TP00422"}}, {"type": "Feature", "geometry": {"type": "LineString", "coordinates": [[-80.1718476, 25.7814611], [-80.1717952, 25.7811055], [-80.1717806, 25.781093]]}, "properties": {"project": "PH7113", "date": "19751101", "kind": "Man-made", "source": "TP00422"}}, {"type": "Feature", "geometry": {"type": "LineString", "coordinates": [[-80.2099045, 25.7795393], [-80.2098496999999, 25.7795829]]}, "properties": {"project": "PH7113", "date": "19751101", "kind": "Pier", "source": "TP00422"}}, {"type": "Feature", "geometry": {"type": "LineString", "coordinates": [[-80.2100274, 25.7796285], [-80.2099547, 25.7797248], [-80.2101482, 25.7798781], [-80.2102352, 25.7798013], [-80.2102509, 25.7797873]]}, "properties": {"project": "PH7113", "date": "19751101", "kind": "Man-made", "source": "TP00422"}}, {"type": "Feature", "geometry": {"type": "LineString", "coordinates": [[-80.2099692, 25.7795882], [-80.2099059, 25.7796414]]}, "properties": {"project": "PH7113", "date": "19751101", "kind": "Pier", "source": "TP00422"}}, {"type": "Feature", "geometry": {"type": "LineString", "coordinates": [[-80.2099692, 25.7795882], [-80.2100274, 25.7796285]]}, "properties": {"project": "PH7113", "date": "19751101", "kind": "Man-made", "source": "TP00422"}}, {"type": "Feature", "geometry": {"type": "LineString", "coordinates": [[-80.2099045, 25.7795393], [-80.2099692, 25.7795882]]}, "properties": {"project": "PH7113", "date": "19751101", "kind": "Man-made", "source": "TP00422"}}, {"type": "Feature", "geometry": {"type": "LineString", "coordinates": [[-80.1863247, 25.7795138], [-80.1861598, 25.7795253]]}, "properties": {"project": "PH7113", "date": "19751101", "kind": "Pier", "source": "TP00422"}}, {"type": "Feature", "geometry": {"type": "LineString", "coordinates": [[-80.1863166, 25.7796443], [-80.1863247, 25.7795138]]}, "properties": {"project": "PH7113", "date": "19751101", "kind": "Natural.Mean High Water", "source": "TP00422"}}, {"type": "Feature", "geometry": {"type": "LineString", "coordinates": [[-80.1849163, 25.7793936], [-80.1848488, 25.7795089]]}, "properties": {"project": "PH7113", "date": "19751101", "kind": "Pier", "source": "TP00422"}}, {"type": "Feature", "geometry": {"type": "LineString", "coordinates": [[-80.1849163, 25.7793936], [-80.1849816, 25.7794214]]}, "properties": {"project": "PH7113", "date": "19751101", "kind": "Pier", "source": "TP00422"}}, {"type": "Feature", "geometry": {"type": "LineString", "coordinates": [[-80.1863278, 25.7793736], [-80.1861635, 25.7793752]]}, "properties": {"project": "PH7113", "date": "19751101", "kind": "Pier", "source": "TP00422"}}, {"type": "Feature", "geometry": {"type": "LineString", "coordinates": [[-80.1863247, 25.7795138], [-80.1863289, 25.779445], [-80.1863278, 25.7793736]]}, "properties": {"project": "PH7113", "date": "19751101", "kind": "Natural.Mean High Water", "source": "TP00422"}}, {"type": "Feature", "geometry": {"type": "LineString", "coordinates": [[-80.1848066, 25.7793469], [-80.1847435, 25.7794566]]}, "properties": {"project": "PH7113", "date": "19751101", "kind": "Pier", "source": "TP00422"}}, {"type": "Feature", "geometry": {"type": "LineString", "coordinates": [[-80.1848066, 25.7793469], [-80.1849163, 25.7793936]]}, "properties": {"project": "PH7113", "date": "19751101", "kind": "Pier", "source": "TP00422"}}, {"type": "Feature", "geometry": {"type": "LineString", "coordinates": [[-80.2282554, 25.7842303], [-80.2284407, 25.7842295]]}, "properties": {"project": "PH7113", "date": "19751101", "kind": "Man-made", "source": "TP00422"}}, {"type": "Feature", "geometry": {"type": "LineString", "coordinates": [[-80.2284407, 25.7842295], [-80.2284466, 25.7845493]]}, "properties": {"project": "PH7113", "date": "19751101", "kind": "Pier", "source": "TP00422"}}, {"type": "Feature", "geometry": {"type": "LineString", "coordinates": [[-80.2284407, 25.7842295], [-80.2285827, 25.7842339]]}, "properties": {"project": "PH7113", "date": "19751101", "kind": "Man-made", "source": "TP00422"}}, {"type": "Feature", "geometry": {"type": "LineString", "coordinates": [[-80.2285827, 25.7842339], [-80.2285834, 25.7842438], [-80.2285897, 25.7843269], [-80.2285835, 25.7843892], [-80.2285828, 25.7845639], [-80.2288862, 25.7844163], [-80.2290613, 25.7843837], [-80.2290741, 25.7843796], [-80.2291286, 25.7841716]]}, "properties": {"project": "PH7113", "date": "19751101", "kind": "Man-made", "source": "TP00422"}}, {"type": "Feature", "geometry": {"type": "LineString", "coordinates": [[-80.2103027, 25.7841695], [-80.210614, 25.784406], [-80.2108475, 25.7845824], [-80.2109664, 25.7846576], [-80.21111, 25.7847273], [-80.2112394, 25.7847765], [-80.2113585, 25.78482], [-80.2114753, 25.7849026], [-80.2117519, 25.7850942], [-80.2119425, 25.785222], [-80.2121719, 25.7853928], [-80.2122006, 25.7854023], [-80.2122233, 25.7853987], [-80.2122275, 25.7853819], [-80.2122214, 25.7853707], [-80.2121437, 25.7852957], [-80.2118876, 25.785108], [-80.2117279, 25.7849879], [-80.2115209, 25.7848563], [-80.2113426, 25.7847342], [-80.2113037, 25.7847023], [-80.2112238, 25.7846385], [-80.2111603, 25.7846046], [-80.2110372, 25.7845443000001], [-80.2109654, 25.7844936], [-80.2105886, 25.7842139], [-80.210517, 25.7841446]]}, "properties": {"project": "PH7113", "date": "19751101", "kind": "Man-made", "source": "TP00422"}}, {"type": "Feature", "geometry": {"type": "LineString", "coordinates": [[-80.2291286, 25.7841716], [-80.2291472, 25.7841587], [-80.2292769, 25.7841519], [-80.2294293, 25.7841497], [-80.22945, 25.7841248], [-80.2295467, 25.7841309], [-80.2295441, 25.784272], [-80.2296384, 25.7842712], [-80.2297059, 25.7843368], [-80.2299172, 25.784446], [-80.2300793, 25.784527], [-80.2300976, 25.7845385], [-80.230145, 25.7845571], [-80.2302721, 25.7846361], [-80.230344, 25.7846607], [-80.2304654, 25.7846632], [-80.2305888, 25.784675], [-80.2307369, 25.7846907], [-80.2309015, 25.7847009], [-80.2310719, 25.7847207], [-80.2311937, 25.7847155]]}, "properties": {"project": "PH7113", "date": "19751101", "kind": "Man-made", "source": "TP00422"}}, {"type": "Feature", "geometry": {"type": "LineString", "coordinates": [[-80.2179194, 25.7840578], [-80.2182723, 25.7842423]]}, "properties": {"project": "PH7113", "date": "19751101", "kind": "Undetermined.Approximate", "source": "TP00422"}}, {"type": "Feature", "geometry": {"type": "LineString", "coordinates": [[-80.1726444, 25.7852379], [-80.1726107, 25.7850393000001], [-80.1725631, 25.7848506], [-80.172534, 25.7845204], [-80.1725599, 25.7842659], [-80.1725761, 25.7841397], [-80.1725473, 25.7840695], [-80.1725351, 25.7840489]]}, "properties": {"project": "PH7113", "date": "19751101", "kind": "Natural.Mean High Water", "source": "TP00422"}}, {"type": "Feature", "geometry": {"type": "LineString", "coordinates": [[-80.1725051, 25.784048], [-80.1725351, 25.7840489]]}, "properties": {"project": "PH7113", "date": "19751101", "kind": "Pier", "source": "TP00422"}}, {"type": "Feature", "geometry": {"type": "LineString", "coordinates": [[-80.2103027, 25.7841695], [-80.2100508, 25.783978]]}, "properties": {"project": "PH7113", "date": "19751101", "kind": "Undetermined.Approximate", "source": "TP00422"}}, {"type": "Feature", "geometry": {"type": "LineString", "coordinates": [[-80.1725057, 25.7839629], [-80.1724724, 25.7839852]]}, "properties": {"project": "PH7113", "date": "19751101", "kind": "Pier", "source": "TP00422"}}, {"type": "Feature", "geometry": {"type": "LineString", "coordinates": [[-80.210517, 25.7841446], [-80.2102568, 25.7839549]]}, "properties": {"project": "PH7113", "date": "19751101", "kind": "Undetermined.Approximate", "source": "TP00422"}}, {"type": "Feature", "geometry": {"type": "LineString", "coordinates": [[-80.2170184, 25.7837872], [-80.2171472, 25.7838002], [-80.2172888, 25.7838625], [-80.2176214, 25.7839984], [-80.2177819, 25.7840068], [-80.2178723, 25.7840296], [-80.2179194, 25.7840578]]}, "properties": {"project": "PH7113", "date": "19751101", "kind": "Natural.Mean High Water", "source": "TP00422"}}, {"type": "Feature", "geometry": {"type": "LineString", "coordinates": [[-80.1725351, 25.7840489], [-80.1725745, 25.7840171], [-80.1725431, 25.7839531], [-80.1725057, 25.7839629]]}, "properties": {"project": "PH7113", "date": "19751101", "kind": "Pier", "source": "TP00422"}}, {"type": "Feature", "geometry": {"type": "LineString", "coordinates": [[-80.1724722, 25.7838879], [-80.1724065, 25.7839122]]}, "properties": {"project": "PH7113", "date": "19751101", "kind": "Pier", "source": "TP00422"}}, {"type": "Feature", "geometry": {"type": "LineString", "coordinates": [[-80.1725057, 25.7839629], [-80.1724722, 25.7838879]]}, "properties": {"project": "PH7113", "date": "19751101", "kind": "Natural.Mean High Water", "source": "TP00422"}}, {"type": "Feature", "geometry": {"type": "LineString", "coordinates": [[-80.2193659, 25.7838058], [-80.2195068, 25.7838489], [-80.2195227, 25.7837794], [-80.2195494, 25.7837852], [-80.2195899, 25.7838743], [-80.2198589, 25.7839564], [-80.2207149, 25.7842304], [-80.2210391, 25.7843255], [-80.2217041, 25.7845494]]}, "properties": {"project": "PH7113", "date": "19751101", "kind": "Man-made", "source": "TP00422"}}, {"type": "Feature", "geometry": {"type": "LineString", "coordinates": [[-80.2187719, 25.7837046], [-80.2193659, 25.7838058]]}, "properties": {"project": "PH7113", "date": "19751101", "kind": "Undetermined.Approximate", "source": "TP00422"}}, {"type": "Feature", "geometry": {"type": "LineString", "coordinates": [[-80.1723823, 25.7836865], [-80.1723249, 25.7837089]]}, "properties": {"project": "PH7113", "date": "19751101", "kind": "Pier", "source": "TP00422"}}, {"type": "Feature", "geometry": {"type": "LineString", "coordinates": [[-80.1724722, 25.7838879], [-80.1723823, 25.7836865]]}, "properties": {"project": "PH7113", "date": "19751101", "kind": "Natural.Mean High Water", "source": "TP00422"}}, {"type": "Feature", "geometry": {"type": "LineString", "coordinates": [[-80.2230487, 25.7849358], [-80.2230466, 25.784866], [-80.2230493, 25.7847435], [-80.2230491, 25.7844866], [-80.2230945, 25.7844409], [-80.2231146, 25.7842403], [-80.2231603, 25.784147], [-80.2232453, 25.7840793], [-80.2233321, 25.7840186], [-80.2234097, 25.783939], [-80.2234819, 25.7838118], [-80.2235202, 25.7837014], [-80.223532, 25.7836198], [-80.223579, 25.783632], [-80.2235897, 25.7837052], [-80.2235246, 25.7839039], [-80.2234052, 25.7840496], [-80.2232372, 25.7841627], [-80.2231821, 25.7842645], [-80.2231427, 25.7845399], [-80.2231298, 25.7847933], [-80.2231247, 25.784989], [-80.2231253, 25.785188], [-80.2231383, 25.7853173], [-80.223341, 25.7854366], [-80.2233703, 25.7854206], [-80.2234524, 25.7853099], [-80.2234834, 25.7852877], [-80.2235101, 25.7852953], [-80.2235284, 25.7853308], [-80.2234494, 25.7854497], [-80.223442, 25.7854838], [-80.2234458, 25.7854942], [-80.2235923, 25.785582], [-80.223929, 25.7857709], [-80.224116, 25.7858436], [-80.2244836, 25.7859434], [-80.2245334, 25.7859535], [-80.2249533, 25.7858863], [-80.2252418, 25.7858375], [-80.2252829, 25.7858452], [-80.2256388, 25.7858862], [-80.2259518, 25.7858655], [-80.2261169, 25.7857974], [-80.2263081, 25.7858376], [-80.2263051, 25.7858627], [-80.226317, 25.7858956], [-80.2263408, 25.785931], [-80.2264846, 25.7859807], [-80.2267768, 25.7860679], [-80.2269067, 25.7859517], [-80.226953, 25.7858753], [-80.2269523, 25.7858391], [-80.2269754, 25.7857796], [-80.227026, 25.7857555000001], [-80.2273094, 25.7854346], [-80.2273866, 25.7853385], [-80.2277963, 25.7851503], [-80.2278248, 25.785114], [-80.2278334, 25.78493], [-80.2278328, 25.7847343], [-80.2278453, 25.7844461], [-80.2278411, 25.7843588], [-80.2279671, 25.7843423], [-80.2280783, 25.7843508], [-80.2280875, 25.7843617]]}, "properties": {"project": "PH7113", "date": "19751101", "kind": "Natural.Mean High Water", "source": "TP00422"}}, {"type": "Feature", "geometry": {"type": "LineString", "coordinates": [[-80.172297, 25.7834954], [-80.1722335, 25.7835243]]}, "properties": {"project": "PH7113", "date": "19751101", "kind": "Pier", "source": "TP00422"}}, {"type": "Feature", "geometry": {"type": "LineString", "coordinates": [[-80.1723823, 25.7836865], [-80.172297, 25.7834954]]}, "properties": {"project": "PH7113", "date": "19751101", "kind": "Natural.Mean High Water", "source": "TP00422"}}, {"type": "Feature", "geometry": {"type": "LineString", "coordinates": [[-80.1722164, 25.7834065], [-80.1722524, 25.7833955]]}, "properties": {"project": "PH7113", "date": "19751101", "kind": "Pier", "source": "TP00422"}}, {"type": "Feature", "geometry": {"type": "LineString", "coordinates": [[-80.172297, 25.7834954], [-80.1722524, 25.7833955]]}, "properties": {"project": "PH7113", "date": "19751101", "kind": "Natural.Mean High Water", "source": "TP00422"}}, {"type": "Feature", "geometry": {"type": "LineString", "coordinates": [[-80.1722266, 25.7833214], [-80.1721891, 25.7833525]]}, "properties": {"project": "PH7113", "date": "19751101", "kind": "Pier", "source": "TP00422"}}, {"type": "Feature", "geometry": {"type": "LineString", "coordinates": [[-80.1722524, 25.7833955], [-80.1722983, 25.7833607], [-80.1722655, 25.7832991], [-80.1722266, 25.7833214]]}, "properties": {"project": "PH7113", "date": "19751101", "kind": "Pier", "source": "TP00422"}}, {"type": "Feature", "geometry": {"type": "LineString", "coordinates": [[-80.1775954, 25.7830827], [-80.1776833, 25.7831746], [-80.1777063, 25.7832306], [-80.1777528, 25.7832551], [-80.1778759, 25.7833283000001], [-80.177988, 25.7835262], [-80.1781342, 25.7839866], [-80.178168, 25.7839945], [-80.178268, 25.7843137], [-80.1782695, 25.7843424], [-80.1782594, 25.7843499], [-80.1782443, 25.7843664], [-80.1783096, 25.7845875], [-80.1785157, 25.7851984], [-80.1787118, 25.7858124], [-80.1789162, 25.7864219000001], [-80.179101, 25.7869919], [-80.1791393, 25.7870012], [-80.179176, 25.7870075], [-80.179206, 25.7870046], [-80.1792194, 25.7870062], [-80.1792494, 25.7870049], [-80.1792711, 25.787005], [-80.1792878, 25.7870066], [-80.1793110999999, 25.7870143], [-80.1793294, 25.787031], [-80.1793486, 25.7873885]]}, "properties": {"project": "PH7113", "date": "19751101", "kind": "Man-made", "source": "TP00422"}}, {"type": "Feature", "geometry": {"type": "LineString", "coordinates": [[-80.215277, 25.7830373], [-80.2154537, 25.7830904], [-80.2157432, 25.7831959], [-80.2157564, 25.7832764], [-80.2158025, 25.7832829], [-80.2159187, 25.7832804], [-80.2159326, 25.7832557], [-80.2159594, 25.7833425], [-80.2159673, 25.7833514], [-80.2160933, 25.78335], [-80.2161007, 25.7832895], [-80.2164311, 25.7834124], [-80.2167053, 25.7835089], [-80.2169849, 25.7836174], [-80.2170148, 25.7836232], [-80.2170184, 25.7837872]]}, "properties": {"project": "PH7113", "date": "19751101", "kind": "Man-made", "source": "TP00422"}}, {"type": "Feature", "geometry": {"type": "LineString", "coordinates": [[-80.2149175, 25.7829438], [-80.2147554, 25.7828649]]}, "properties": {"project": "PH7113", "date": "19751101", "kind": "Shoreline/Alongshore Feature Boundary", "source": "TP00422"}}, {"type": "Feature", "geometry": {"type": "LineString", "coordinates": [[-80.1855207999999, 25.7870454], [-80.1855678, 25.7869809], [-80.1855942, 25.7869432], [-80.1855154, 25.7862189], [-80.1854728, 25.7857512], [-80.1854532, 25.7855515], [-80.1857225, 25.7854026], [-80.1857065, 25.7850547], [-80.185451, 25.7849206], [-80.1854371, 25.7848489], [-80.1854277, 25.7844993], [-80.1854159, 25.7843091], [-80.1854462, 25.7842749], [-80.1856853, 25.7841459], [-80.1856765, 25.7838953], [-80.1854158, 25.7837529], [-80.1853865, 25.7832462], [-80.1853809999999, 25.7830916], [-80.185614, 25.783087], [-80.1857436, 25.7830836], [-80.1858418, 25.7830746], [-80.1861388, 25.7830721], [-80.1862344, 25.783065], [-80.1863482, 25.7830644], [-80.1864176, 25.7830601], [-80.1865799, 25.7830598], [-80.1866572, 25.7830502], [-80.1868718, 25.7830502], [-80.1870445, 25.7830435], [-80.187127, 25.7830356], [-80.1873704, 25.783034], [-80.1876492, 25.7830231], [-80.1879254, 25.7830182], [-80.1882068, 25.7830061], [-80.188352, 25.7830052], [-80.188407, 25.7830019], [-80.1885497, 25.7829968], [-80.1887708, 25.7829974], [-80.1888023, 25.7829893], [-80.1889803, 25.7829844]]}, "properties": {"project": "PH7113", "date": "19751101", "kind": "Man-made", "source": "TP00422"}}, {"type": "Feature", "geometry": {"type": "LineString", "coordinates": [[-80.1773442, 25.7829634], [-80.1775954, 25.7830827]]}, "properties": {"project": "PH7113", "date": "19751101", "kind": "Pier", "source": "TP00422"}}, {"type": "Feature", "geometry": {"type": "LineString", "coordinates": [[-80.2149175, 25.7829438], [-80.2149653, 25.7829533], [-80.2149625, 25.7833712], [-80.215113, 25.783372], [-80.2151287, 25.7830533], [-80.2151595, 25.7830565], [-80.2151643, 25.7833723], [-80.2152665999999, 25.7833745], [-80.215277, 25.7830373]]}, "properties": {"project": "PH7113", "date": "19751101", "kind": "Pier", "source": "TP00422"}}, {"type": "Feature", "geometry": {"type": "LineString", "coordinates": [[-80.2146402, 25.7828438], [-80.2146419, 25.7828997], [-80.2146439, 25.782909], [-80.2146458, 25.7829276000001], [-80.2146561, 25.7829389], [-80.2146787, 25.7829371], [-80.2147014, 25.7829261], [-80.2147098, 25.7828982], [-80.2147163, 25.7828553], [-80.2147554, 25.7828649]]}, "properties": {"project": "PH7113", "date": "19751101", "kind": "Man-made", "source": "TP00422"}}, {"type": "Feature", "geometry": {"type": "LineString", "coordinates": [[-80.1851468999999, 25.7787081], [-80.1850893, 25.7788011]]}, "properties": {"project": "PH7113", "date": "19751101", "kind": "Pier", "source": "TP00422"}}, {"type": "Feature", "geometry": {"type": "LineString", "coordinates": [[-80.1851468999999, 25.7787081], [-80.1852495, 25.7787521]]}, "properties": {"project": "PH7113", "date": "19751101", "kind": "Pier", "source": "TP00422"}}, {"type": "Feature", "geometry": {"type": "LineString", "coordinates": [[-80.1854135, 25.7786968], [-80.1853492, 25.778795]]}, "properties": {"project": "PH7113", "date": "19751101", "kind": "Pier", "source": "TP00422"}}, {"type": "Feature", "geometry": {"type": "LineString", "coordinates": [[-80.1853021, 25.778668], [-80.1852495, 25.7787521]]}, "properties": {"project": "PH7113", "date": "19751101", "kind": "Pier", "source": "TP00422"}}, {"type": "Feature", "geometry": {"type": "LineString", "coordinates": [[-80.2084201, 25.7787987], [-80.2084368, 25.7788011], [-80.2084535, 25.7787942], [-80.2084653, 25.7787745], [-80.2084797, 25.7787326], [-80.2085187, 25.7786618], [-80.2085456, 25.7786829], [-80.2085712, 25.7786959], [-80.2085787, 25.7787285], [-80.2085043, 25.7788934]]}, "properties": {"project": "PH7113", "date": "19751101", "kind": "Pier", "source": "TP00422"}}, {"type": "Feature", "geometry": {"type": "LineString", "coordinates": [[-80.1850283, 25.7786571], [-80.1849788, 25.778734]]}, "properties": {"project": "PH7113", "date": "19751101", "kind": "Pier", "source": "TP00422"}}, {"type": "Feature", "geometry": {"type": "LineString", "coordinates": [[-80.1850283, 25.7786571], [-80.1851468999999, 25.7787081]]}, "properties": {"project": "PH7113", "date": "19751101", "kind": "Pier", "source": "TP00422"}}, {"type": "Feature", "geometry": {"type": "LineString", "coordinates": [[-80.1849307, 25.7786152], [-80.1848602, 25.778732]]}, "properties": {"project": "PH7113", "date": "19751101", "kind": "Pier", "source": "TP00422"}}, {"type": "Feature", "geometry": {"type": "LineString", "coordinates": [[-80.1849307, 25.7786152], [-80.1850283, 25.7786571]]}, "properties": {"project": "PH7113", "date": "19751101", "kind": "Pier", "source": "TP00422"}}, {"type": "Feature", "geometry": {"type": "LineString", "coordinates": [[-80.1852164, 25.7785959], [-80.1851468999999, 25.7787081]]}, "properties": {"project": "PH7113", "date": "19751101", "kind": "Pier", "source": "TP00422"}}, {"type": "Feature", "geometry": {"type": "LineString", "coordinates": [[-80.1848196, 25.7785675], [-80.1847589, 25.7786662]]}, "properties": {"project": "PH7113", "date": "19751101", "kind": "Pier", "source": "TP00422"}}, {"type": "Feature", "geometry": {"type": "LineString", "coordinates": [[-80.1848196, 25.7785675], [-80.1849307, 25.7786152]]}, "properties": {"project": "PH7113", "date": "19751101", "kind": "Pier", "source": "TP00422"}}, {"type": "Feature", "geometry": {"type": "LineString", "coordinates": [[-80.1850888, 25.7785632], [-80.1850283, 25.7786571]]}, "properties": {"project": "PH7113", "date": "19751101", "kind": "Pier", "source": "TP00422"}}, {"type": "Feature", "geometry": {"type": "LineString", "coordinates": [[-80.1849888, 25.7785192], [-80.1849307, 25.7786152]]}, "properties": {"project": "PH7113", "date": "19751101", "kind": "Pier", "source": "TP00422"}}, {"type": "Feature", "geometry": {"type": "LineString", "coordinates": [[-80.1847061, 25.7785187], [-80.1846118, 25.778682]]}, "properties": {"project": "PH7113", "date": "19751101", "kind": "Pier", "source": "TP00422"}}, {"type": "Feature", "geometry": {"type": "LineString", "coordinates": [[-80.1847061, 25.7785187], [-80.1848196, 25.7785675]]}, "properties": {"project": "PH7113", "date": "19751101", "kind": "Pier", "source": "TP00422"}}, {"type": "Feature", "geometry": {"type": "LineString", "coordinates": [[-80.184613, 25.7784787000001], [-80.1845575, 25.7785756]]}, "properties": {"project": "PH7113", "date": "19751101", "kind": "Pier", "source": "TP00422"}}, {"type": "Feature", "geometry": {"type": "LineString", "coordinates": [[-80.184613, 25.7784787000001], [-80.1847061, 25.7785187]]}, "properties": {"project": "PH7113", "date": "19751101", "kind": "Pier", "source": "TP00422"}}, {"type": "Feature", "geometry": {"type": "LineString", "coordinates": [[-80.2068494, 25.7784783], [-80.2071195, 25.7787336]]}, "properties": {"project": "PH7113", "date": "19751101", "kind": "Natural.Mean High Water", "source": "TP00422"}}, {"type": "Feature", "geometry": {"type": "LineString", "coordinates": [[-80.1848875, 25.7784572], [-80.1848196, 25.7785675]]}, "properties": {"project": "PH7113", "date": "19751101", "kind": "Pier", "source": "TP00422"}}, {"type": "Feature", "geometry": {"type": "LineString", "coordinates": [[-80.184527, 25.7784418], [-80.1844658, 25.7785482]]}, "properties": {"project": "PH7113", "date": "19751101", "kind": "Pier", "source": "TP00422"}}, {"type": "Feature", "geometry": {"type": "LineString", "coordinates": [[-80.184527, 25.7784418], [-80.184613, 25.7784787000001]]}, "properties": {"project": "PH7113", "date": "19751101", "kind": "Pier", "source": "TP00422"}}, {"type": "Feature", "geometry": {"type": "LineString", "coordinates": [[-80.184762, 25.7784219], [-80.1847061, 25.7785187]]}, "properties": {"project": "PH7113", "date": "19751101", "kind": "Pier", "source": "TP00422"}}, {"type": "Feature", "geometry": {"type": "LineString", "coordinates": [[-80.2075527, 25.7784116], [-80.207635, 25.7784458]]}, "properties": {"project": "PH7113", "date": "19751101", "kind": "Pier", "source": "TP00422"}}, {"type": "Feature", "geometry": {"type": "LineString", "coordinates": [[-80.1846533, 25.7784085], [-80.184613, 25.7784787000001]]}, "properties": {"project": "PH7113", "date": "19751101", "kind": "Pier", "source": "TP00422"}}, {"type": "Feature", "geometry": {"type": "LineString", "coordinates": [[-80.1844311, 25.7784006], [-80.1843836, 25.7784902]]}, "properties": {"project": "PH7113", "date": "19751101", "kind": "Pier", "source": "TP00422"}}, {"type": "Feature", "geometry": {"type": "LineString", "coordinates": [[-80.1844311, 25.7784006], [-80.184527, 25.7784418]]}, "properties": {"project": "PH7113", "date": "19751101", "kind": "Pier", "source": "TP00422"}}, {"type": "Feature", "geometry": {"type": "LineString", "coordinates": [[-80.1845802, 25.7783493], [-80.184527, 25.7784418]]}, "properties": {"project": "PH7113", "date": "19751101", "kind": "Pier", "source": "TP00422"}}, {"type": "Feature", "geometry": {"type": "LineString", "coordinates": [[-80.2068494, 25.7784783], [-80.2067043, 25.7783636]]}, "properties": {"project": "PH7113", "date": "19751101", "kind": "Undetermined.Approximate", "source": "TP00422"}}, {"type": "Feature", "geometry": {"type": "LineString", "coordinates": [[-80.1843217, 25.7783536], [-80.1842623, 25.7784537]]}, "properties": {"project": "PH7113", "date": "19751101", "kind": "Pier", "source": "TP00422"}}, {"type": "Feature", "geometry": {"type": "LineString", "coordinates": [[-80.1843217, 25.7783536], [-80.1844311, 25.7784006]]}, "properties": {"project": "PH7113", "date": "19751101", "kind": "Pier", "source": "TP00422"}}, {"type": "Feature", "geometry": {"type": "LineString", "coordinates": [[-80.2075527, 25.7784116], [-80.2075568, 25.7784034], [-80.2075595, 25.7783802], [-80.207561, 25.7783534], [-80.2075602, 25.7783361]]}, "properties": {"project": "PH7113", "date": "19751101", "kind": "Man-made", "source": "TP00422"}}, {"type": "Feature", "geometry": {"type": "LineString", "coordinates": [[-80.2075602, 25.7783361], [-80.2076229, 25.7783328]]}, "properties": {"project": "PH7113", "date": "19751101", "kind": "Pier", "source": "TP00422"}}, {"type": "Feature", "geometry": {"type": "LineString", "coordinates": [[-80.1844709, 25.7783257], [-80.1844311, 25.7784006]]}, "properties": {"project": "PH7113", "date": "19751101", "kind": "Pier", "source": "TP00422"}}, {"type": "Feature", "geometry": {"type": "LineString", "coordinates": [[-80.1842104999999, 25.7783058], [-80.1841539, 25.7784019]]}, "properties": {"project": "PH7113", "date": "19751101", "kind": "Pier", "source": "TP00422"}}, {"type": "Feature", "geometry": {"type": "LineString", "coordinates": [[-80.1842104999999, 25.7783058], [-80.1843217, 25.7783536]]}, "properties": {"project": "PH7113", "date": "19751101", "kind": "Pier", "source": "TP00422"}}, {"type": "Feature", "geometry": {"type": "LineString", "coordinates": [[-80.2078217, 25.7783053], [-80.2078343, 25.7785359]]}, "properties": {"project": "PH7113", "date": "19751101", "kind": "Pier", "source": "TP00422"}}, {"type": "Feature", "geometry": {"type": "LineString", "coordinates": [[-80.1843538, 25.7782994], [-80.1843217, 25.7783536]]}, "properties": {"project": "PH7113", "date": "19751101", "kind": "Pier", "source": "TP00422"}}, {"type": "Feature", "geometry": {"type": "LineString", "coordinates": [[-80.2078217, 25.7783053], [-80.2078963, 25.7782988], [-80.2079425, 25.7783025], [-80.2079652, 25.7783009]]}, "properties": {"project": "PH7113", "date": "19751101", "kind": "Man-made", "source": "TP00422"}}, {"type": "Feature", "geometry": {"type": "LineString", "coordinates": [[-80.2079652, 25.7783009], [-80.2079713, 25.7785174], [-80.207976, 25.7785861], [-80.2079926, 25.7786107], [-80.2079991, 25.7785991], [-80.208003, 25.7785898], [-80.2080082, 25.7785782], [-80.2080093, 25.7782908]]}, "properties": {"project": "PH7113", "date": "19751101", "kind": "Man-made", "source": "TP00422"}}, {"type": "Feature", "geometry": {"type": "LineString", "coordinates": [[-80.1841431, 25.7782768], [-80.1840901, 25.7783778], [-80.1840091, 25.778543], [-80.1839196, 25.7787078], [-80.1838413, 25.7788751000001], [-80.1838147, 25.7789248]]}, "properties": {"project": "PH7113", "date": "19751101", "kind": "Man-made", "source": "TP00422"}}, {"type": "Feature", "geometry": {"type": "LineString", "coordinates": [[-80.1841431, 25.7782768], [-80.1842104999999, 25.7783058]]}, "properties": {"project": "PH7113", "date": "19751101", "kind": "Pier", "source": "TP00422"}}, {"type": "Feature", "geometry": {"type": "LineString", "coordinates": [[-80.2080093, 25.7782908], [-80.2080154, 25.7782767], [-80.2080373, 25.7782617], [-80.208049, 25.7782513], [-80.2083161, 25.7784879], [-80.208341, 25.778513], [-80.2083293, 25.7787225], [-80.2083265, 25.7787551], [-80.2084201, 25.7787987]]}, "properties": {"project": "PH7113", "date": "19751101", "kind": "Man-made", "source": "TP00422"}}, {"type": "Feature", "geometry": {"type": "LineString", "coordinates": [[-80.2071321, 25.778247], [-80.2071799, 25.7782372], [-80.2072005, 25.7782374], [-80.2072363, 25.7782667], [-80.2072769, 25.778294], [-80.2073262, 25.7783167], [-80.2073569, 25.7783411], [-80.2073938, 25.7783655], [-80.2074502, 25.7783924], [-80.2074861, 25.7784077], [-80.2075028, 25.7784113], [-80.2075349, 25.7784138], [-80.2075527, 25.7784116]]}, "properties": {"project": "PH7113", "date": "19751101", "kind": "Natural.Mean High Water", "source": "TP00422"}}, {"type": "Feature", "geometry": {"type": "LineString", "coordinates": [[-80.1842582, 25.7782247], [-80.1842104999999, 25.7783058]]}, "properties": {"project": "PH7113", "date": "19751101", "kind": "Pier", "source": "TP00422"}}, {"type": "Feature", "geometry": {"type": "LineString", "coordinates": [[-80.1856325, 25.7782968], [-80.1856887, 25.778201]]}, "properties": {"project": "PH7113", "date": "19751101", "kind": "Pier", "source": "TP00422"}}, {"type": "Feature", "geometry": {"type": "LineString", "coordinates": [[-80.2075602, 25.7783361], [-80.2075587, 25.7783068], [-80.2075451, 25.7782005], [-80.2076654, 25.7782137], [-80.2077375, 25.7782071], [-80.2077709, 25.7782073], [-80.2077966, 25.7782121], [-80.207817, 25.7782378], [-80.2078192, 25.7782914], [-80.2078217, 25.7783053]]}, "properties": {"project": "PH7113", "date": "19751101", "kind": "Man-made", "source": "TP00422"}}, {"type": "Feature", "geometry": {"type": "LineString", "coordinates": [[-80.1855258, 25.7782158], [-80.1855638, 25.7781459]]}, "properties": {"project": "PH7113", "date": "19751101", "kind": "Pier", "source": "TP00422"}}, {"type": "Feature", "geometry": {"type": "LineString", "coordinates": [[-80.1855638, 25.7781459], [-80.1856887, 25.778201]]}, "properties": {"project": "PH7113", "date": "19751101", "kind": "Pier", "source": "TP00422"}}, {"type": "Feature", "geometry": {"type": "LineString", "coordinates": [[-80.1856887, 25.778201], [-80.1857309, 25.778129]]}, "properties": {"project": "PH7113", "date": "19751101", "kind": "Pier", "source": "TP00422"}}, {"type": "Feature", "geometry": {"type": "LineString", "coordinates": [[-80.2069967, 25.7781242], [-80.2071321, 25.778247]]}, "properties": {"project": "PH7113", "date": "19751101", "kind": "Undetermined.Approximate", "source": "TP00422"}}, {"type": "Feature", "geometry": {"type": "LineString", "coordinates": [[-80.1854307999999, 25.7781516], [-80.1854568, 25.7780987]]}, "properties": {"project": "PH7113", "date": "19751101", "kind": "Pier", "source": "TP00422"}}, {"type": "Feature", "geometry": {"type": "LineString", "coordinates": [[-80.1854568, 25.7780987], [-80.1855638, 25.7781459]]}, "properties": {"project": "PH7113", "date": "19751101", "kind": "Pier", "source": "TP00422"}}, {"type": "Feature", "geometry": {"type": "LineString", "coordinates": [[-80.1848519, 25.7792683], [-80.1848066, 25.7793469]]}, "properties": {"project": "PH7113", "date": "19751101", "kind": "Pier", "source": "TP00422"}}, {"type": "Feature", "geometry": {"type": "LineString", "coordinates": [[-80.1849671, 25.7793067], [-80.1849163, 25.7793936]]}, "properties": {"project": "PH7113", "date": "19751101", "kind": "Pier", "source": "TP00422"}}, {"type": "Feature", "geometry": {"type": "LineString", "coordinates": [[-80.1846695, 25.7792886], [-80.1846146, 25.7793816]]}, "properties": {"project": "PH7113", "date": "19751101", "kind": "Pier", "source": "TP00422"}}, {"type": "Feature", "geometry": {"type": "LineString", "coordinates": [[-80.1846695, 25.7792886], [-80.1848066, 25.7793469]]}, "properties": {"project": "PH7113", "date": "19751101", "kind": "Pier", "source": "TP00422"}}, {"type": "Feature", "geometry": {"type": "LineString", "coordinates": [[-80.1845718, 25.779247], [-80.184509, 25.7793583]]}, "properties": {"project": "PH7113", "date": "19751101", "kind": "Pier", "source": "TP00422"}}, {"type": "Feature", "geometry": {"type": "LineString", "coordinates": [[-80.1845718, 25.779247], [-80.1846695, 25.7792886]]}, "properties": {"project": "PH7113", "date": "19751101", "kind": "Pier", "source": "TP00422"}}, {"type": "Feature", "geometry": {"type": "LineString", "coordinates": [[-80.1847102999999, 25.7792196], [-80.1846695, 25.7792886]]}, "properties": {"project": "PH7113", "date": "19751101", "kind": "Pier", "source": "TP00422"}}, {"type": "Feature", "geometry": {"type": "LineString", "coordinates": [[-80.2081229, 25.7792137], [-80.2080512, 25.7793701], [-80.2080716, 25.779395], [-80.2081364, 25.7794185], [-80.2082316, 25.7792832], [-80.2084613, 25.7793963], [-80.2084022, 25.7795392], [-80.2084976, 25.7795846], [-80.2085906, 25.779464], [-80.2087958, 25.7795546], [-80.208849, 25.779594], [-80.2087363, 25.7798165], [-80.2088147, 25.7798509], [-80.2089538, 25.77963], [-80.2093639, 25.7798559], [-80.2096106, 25.7800797], [-80.2096542, 25.7801631]]}, "properties": {"project": "PH7113", "date": "19751101", "kind": "Man-made", "source": "TP00422"}}, {"type": "Feature", "geometry": {"type": "LineString", "coordinates": [[-80.1844542, 25.779197], [-80.184415, 25.7792696]]}, "properties": {"project": "PH7113", "date": "19751101", "kind": "Pier", "source": "TP00422"}}, {"type": "Feature", "geometry": {"type": "LineString", "coordinates": [[-80.1844542, 25.779197], [-80.1845718, 25.779247]]}, "properties": {"project": "PH7113", "date": "19751101", "kind": "Pier", "source": "TP00422"}}, {"type": "Feature", "geometry": {"type": "LineString", "coordinates": [[-80.1846245, 25.7791536], [-80.1845718, 25.779247]]}, "properties": {"project": "PH7113", "date": "19751101", "kind": "Pier", "source": "TP00422"}}, {"type": "Feature", "geometry": {"type": "LineString", "coordinates": [[-80.1843354, 25.7791464], [-80.184276, 25.7792398]]}, "properties": {"project": "PH7113", "date": "19751101", "kind": "Pier", "source": "TP00422"}}, {"type": "Feature", "geometry": {"type": "LineString", "coordinates": [[-80.188394, 25.7641187], [-80.1883886, 25.7642022]]}, "properties": {"project": "PH7113", "date": "19751101", "kind": "Pier", "source": "TP00422"}}, {"type": "Feature", "geometry": {"type": "LineString", "coordinates": [[-80.1884469, 25.764203], [-80.1883886, 25.7642022]]}, "properties": {"project": "PH7113", "date": "19751101", "kind": "Pier", "source": "TP00422"}}, {"type": "Feature", "geometry": {"type": "LineString", "coordinates": [[-80.1883158, 25.7642011], [-80.1883117, 25.7643125]]}, "properties": {"project": "PH7113", "date": "19751101", "kind": "Pier", "source": "TP00422"}}, {"type": "Feature", "geometry": {"type": "LineString", "coordinates": [[-80.1883886, 25.7642022], [-80.1883158, 25.7642011]]}, "properties": {"project": "PH7113", "date": "19751101", "kind": "Pier", "source": "TP00422"}}, {"type": "Feature", "geometry": {"type": "LineString", "coordinates": [[-80.1883196, 25.7640956], [-80.1883158, 25.7642011]]}, "properties": {"project": "PH7113", "date": "19751101", "kind": "Pier", "source": "TP00422"}}, {"type": "Feature", "geometry": {"type": "LineString", "coordinates": [[-80.1860005, 25.7656889], [-80.1859201, 25.7655677], [-80.185737, 25.7651658], [-80.1855838, 25.7648623], [-80.1854296, 25.7645444], [-80.1852719, 25.7642316], [-80.1851623, 25.7639897], [-80.1850307, 25.763901], [-80.1849141, 25.7638553], [-80.1848408, 25.7638498], [-80.1846962, 25.7638449], [-80.1845853, 25.763877], [-80.1844601, 25.7639428], [-80.1843918, 25.7640242], [-80.1843076, 25.7642722000001], [-80.1842567, 25.7644611], [-80.1841921, 25.7646633], [-80.1841026, 25.7649532], [-80.1840668, 25.7650665], [-80.1839554, 25.7654197], [-80.1838451, 25.7657831], [-80.1837381, 25.7661446], [-80.1836233, 25.766511], [-80.1835106, 25.7668796], [-80.1834026, 25.7672389], [-80.1832935, 25.7675819], [-80.1831844, 25.7679341], [-80.1830764, 25.7682853], [-80.1829649, 25.7686467], [-80.18285, 25.7690152], [-80.1828203, 25.769147], [-80.1828231, 25.7692298], [-80.1828665, 25.7693252], [-80.1829528, 25.769433], [-80.1830477, 25.769498], [-80.1831063, 25.7695178], [-80.1831751, 25.7695294], [-80.1832734, 25.7695269], [-80.1834626, 25.7695228], [-80.1835699, 25.7695224], [-80.1836061, 25.7695134000001], [-80.1837529, 25.7695173], [-80.1838857, 25.7695078], [-80.1840291, 25.7695086], [-80.1843528, 25.7694992], [-80.1846967, 25.7694858], [-80.1851243, 25.7694759], [-80.1855722, 25.7694651], [-80.1860359, 25.7694524], [-80.1865075, 25.7694356], [-80.1869983, 25.7694251], [-80.1873797, 25.7693996], [-80.1874693, 25.7693356], [-80.1875197, 25.7692408], [-80.1875226, 25.7691406], [-80.1874873, 25.7690208], [-80.1873436, 25.7686436], [-80.1872092, 25.7682277], [-80.187025, 25.7678227], [-80.1868318, 25.7674208], [-80.1866274, 25.7670044], [-80.1864241, 25.7665912000001], [-80.1862197, 25.7661779], [-80.1860717, 25.7658508]]}, "properties": {"project": "PH7113", "date": "19751101", "kind": "Man-made", "source": "TP00422"}}, {"type": "Feature", "geometry": {"type": "LineString", "coordinates": [[-80.1884862, 25.7637578], [-80.1884722, 25.7638232], [-80.1884619, 25.7640072], [-80.1884469, 25.764203]]}, "properties": {"project": "PH7113", "date": "19751101", "kind": "Man-made", "source": "TP00422"}}, {"type": "Feature", "geometry": {"type": "LineString", "coordinates": [[-80.1886125, 25.7631162], [-80.1886677, 25.7631358], [-80.1888589, 25.7631685], [-80.1889387, 25.7632249], [-80.1889613, 25.7633248], [-80.1889389, 25.76351], [-80.1887811, 25.7637067], [-80.1886325, 25.7637785], [-80.1884862, 25.7637578]]}, "properties": {"project": "PH7113", "date": "19751101", "kind": "Natural.Mean High Water", "source": "TP00422"}}, {"type": "Feature", "geometry": {"type": "LineString", "coordinates": [[-80.1889186, 25.7597397], [-80.1888843, 25.7601795], [-80.1888592, 25.7606956], [-80.1889557, 25.7607223], [-80.1890072, 25.7607225], [-80.1890259, 25.7606966], [-80.189065, 25.7606931], [-80.1891183, 25.7607213], [-80.1891264, 25.76074], [-80.1890715, 25.7609503], [-80.1889646, 25.760931], [-80.1889713, 25.7608565], [-80.1888578, 25.7608445], [-80.1888396, 25.7609534], [-80.1887923, 25.7614287], [-80.1887332, 25.7619776], [-80.1886718, 25.7625367], [-80.1886125, 25.7631162]]}, "properties": {"project": "PH7113", "date": "19751101", "kind": "Man-made", "source": "TP00422"}}, {"type": "Feature", "geometry": {"type": "LineString", "coordinates": [[-80.1748204, 25.7896771], [-80.1749467, 25.7896628], [-80.1753935999999, 25.7896148], [-80.1756512, 25.7895882], [-80.1756802, 25.7895753], [-80.1757797, 25.7895365], [-80.1758769, 25.7895296], [-80.1760351, 25.7895267], [-80.1761219, 25.7895328], [-80.1761818, 25.7895463], [-80.1763307, 25.7895378], [-80.1763681, 25.7895174], [-80.176521, 25.7895201], [-80.1767123, 25.7895137], [-80.1768076, 25.7894956], [-80.1768695, 25.7895109], [-80.1769108, 25.7895092], [-80.1769502, 25.7895039], [-80.1770305, 25.7895399], [-80.1771257, 25.7895385], [-80.1772695, 25.7895225], [-80.1773272, 25.7895378], [-80.1774799, 25.7895911], [-80.1775585, 25.7895897], [-80.1776578, 25.7895715], [-80.1776891, 25.7895724]]}, "properties": {"project": "PH7113", "date": "19751101", "kind": "Natural.Mean High Water", "source": "TP00422"}}, {"type": "Feature", "geometry": {"type": "LineString", "coordinates": [[-80.1716395, 25.7902351], [-80.1716286, 25.7900632], [-80.1716224, 25.7897618], [-80.1716541, 25.7896684], [-80.1716981, 25.7895807], [-80.171742, 25.7895154], [-80.1717972, 25.789454]]}, "properties": {"project": "PH7113", "date": "19751101", "kind": "Man-made", "source": "TP00422"}}, {"type": "Feature", "geometry": {"type": "LineString", "coordinates": [[-80.165838, 25.7904895], [-80.1658304, 25.7904398], [-80.1658487, 25.7902653], [-80.1659411, 25.7900278], [-80.16607, 25.7898685], [-80.1662112, 25.7897392], [-80.1663545, 25.7896398], [-80.1664352, 25.7896188], [-80.1664982, 25.7896069], [-80.1665791, 25.7895878], [-80.1667282, 25.7895562], [-80.1671482, 25.7895342], [-80.1673778, 25.7895269], [-80.1678815, 25.7895223], [-80.1680427, 25.7894971], [-80.1683668, 25.7894952], [-80.1695088, 25.7894382], [-80.1696863, 25.7894355], [-80.17012, 25.7894118], [-80.1703014, 25.7894465], [-80.17061, 25.789594], [-80.1708521, 25.7898159], [-80.1709537999999, 25.7900258], [-80.1710063, 25.7902055], [-80.1710145, 25.7902686]]}, "properties": {"project": "PH7113", "date": "19751101", "kind": "Man-made", "source": "TP00422"}}, {"type": "Feature", "geometry": {"type": "LineString", "coordinates": [[-80.1717972, 25.789454], [-80.1717809, 25.7894239], [-80.1718349, 25.7893793], [-80.1718637, 25.7893982000001]]}, "properties": {"project": "PH7113", "date": "19751101", "kind": "Man-made", "source": "TP00422"}}, {"type": "Feature", "geometry": {"type": "LineString", "coordinates": [[-80.1718637, 25.7893982000001], [-80.1719115, 25.7893666000001], [-80.1719634, 25.7893426], [-80.1720359, 25.7893168], [-80.1721043, 25.7892985], [-80.1721623, 25.7892857000001], [-80.1722719, 25.789277]]}, "properties": {"project": "PH7113", "date": "19751101", "kind": "Man-made", "source": "TP00422"}}, {"type": "Feature", "geometry": {"type": "LineString", "coordinates": [[-80.1723464, 25.7892699], [-80.1725666, 25.7892656]]}, "properties": {"project": "PH7113", "date": "19751101", "kind": "Man-made", "source": "TP00422"}}, {"type": "Feature", "geometry": {"type": "LineString", "coordinates": [[-80.1725666, 25.7892656], [-80.1725896, 25.7892282], [-80.1727323, 25.7892253], [-80.1727571, 25.7892273000001], [-80.1727691, 25.7892761]]}, "properties": {"project": "PH7113", "date": "19751101", "kind": "Man-made", "source": "TP00422"}}, {"type": "Feature", "geometry": {"type": "LineString", "coordinates": [[-80.1722719, 25.789277], [-80.1722742, 25.7892377], [-80.1723384, 25.7892249], [-80.1723464, 25.7892699]]}, "properties": {"project": "PH7113", "date": "19751101", "kind": "Man-made", "source": "TP00422"}}, {"type": "Feature", "geometry": {"type": "LineString", "coordinates": [[-80.1727691, 25.7892761], [-80.172949, 25.7892752], [-80.1731672, 25.7892671], [-80.1733244, 25.7892568], [-80.1734795, 25.7892502], [-80.1735922, 25.7892471], [-80.1736956, 25.789242], [-80.1739003, 25.7892395], [-80.1740182, 25.7892345], [-80.1741092, 25.7892238], [-80.1743957, 25.7892161], [-80.1747059, 25.7891972], [-80.1747918, 25.7891884], [-80.174804, 25.7895104], [-80.1748204, 25.7896771]]}, "properties": {"project": "PH7113", "date": "19751101", "kind": "Man-made", "source": "TP00422"}}, {"type": "Feature", "geometry": {"type": "LineString", "coordinates": [[-80.1854201, 25.8090166], [-80.1854163, 25.8085709], [-80.1854234, 25.8081585], [-80.1854166, 25.8077847], [-80.1854163, 25.8077362]]}, "properties": {"project": "PH7113", "date": "19751101", "kind": "Man-made", "source": "TP00422"}}, {"type": "Feature", "geometry": {"type": "LineString", "coordinates": [[-80.185346, 25.8077294], [-80.1853388, 25.8077773]]}, "properties": {"project": "PH7113", "date": "19751101", "kind": "Pier", "source": "TP00422"}}, {"type": "Feature", "geometry": {"type": "LineString", "coordinates": [[-80.1854163, 25.8077362], [-80.185346, 25.8077294]]}, "properties": {"project": "PH7113", "date": "19751101", "kind": "Pier", "source": "TP00422"}}, {"type": "Feature", "geometry": {"type": "LineString", "coordinates": [[-80.1853463, 25.807683], [-80.185346, 25.8077294]]}, "properties": {"project": "PH7113", "date": "19751101", "kind": "Pier", "source": "TP00422"}}, {"type": "Feature", "geometry": {"type": "LineString", "coordinates": [[-80.231481, 25.7889425], [-80.2314447, 25.7889148], [-80.2312583, 25.7888423]]}, "properties": {"project": "PH7113", "date": "19751101", "kind": "Pier", "source": "TP00422"}}, {"type": "Feature", "geometry": {"type": "LineString", "coordinates": [[-80.1908897, 25.7563892], [-80.1908891, 25.7564833], [-80.1908616, 25.7565404], [-80.1904708, 25.7566887], [-80.190147, 25.75683], [-80.1897749, 25.7570692], [-80.189576, 25.7572533], [-80.189444, 25.7573957], [-80.1893028, 25.7575688], [-80.1892228, 25.7577115], [-80.1891268, 25.7578726], [-80.1890545, 25.7580429], [-80.18899, 25.7582267], [-80.1889472, 25.7585476], [-80.1889462, 25.7586989], [-80.1889858, 25.7590295], [-80.1891212, 25.7593923], [-80.1891617, 25.7594808], [-80.1892024, 25.7595515], [-80.1892287, 25.7596206], [-80.1892367, 25.759643], [-80.1892282, 25.7596839], [-80.1892116, 25.7597137], [-80.1891681, 25.7597488], [-80.1891207, 25.759756], [-80.1890447, 25.7597425], [-80.1889706, 25.7597347], [-80.1889186, 25.7597397]]}, "properties": {"project": "PH7113", "date": "19751101", "kind": "Natural.Mean High Water", "source": "TP00422"}}, {"type": "Feature", "geometry": {"type": "LineString", "coordinates": [[-80.1854138, 25.8061985000001], [-80.1853231, 25.8062026]]}, "properties": {"project": "PH7113", "date": "19751101", "kind": "Pier", "source": "TP00422"}}, {"type": "Feature", "geometry": {"type": "LineString", "coordinates": [[-80.231481, 25.7889425], [-80.2315494, 25.7889471], [-80.2316224, 25.7891027], [-80.2320289, 25.789267], [-80.2320724, 25.7897996], [-80.2320832, 25.790038], [-80.2320946, 25.7900485], [-80.2321958, 25.7900403], [-80.2322015, 25.7900335], [-80.2322074, 25.7894238], [-80.2322285, 25.7894032], [-80.2322476, 25.7893964], [-80.2322875999999, 25.7894139], [-80.2328498, 25.7896459], [-80.2328802, 25.7900523], [-80.2330551, 25.7900588], [-80.2330479, 25.7896977], [-80.2334826, 25.789843], [-80.2335008, 25.7898916], [-80.2336201, 25.7899052], [-80.2336621, 25.7900153000001], [-80.2337153, 25.7901517], [-80.2337201, 25.7903605], [-80.23379, 25.7904373], [-80.2338356, 25.7904652], [-80.2338813, 25.7904827], [-80.2339194, 25.7904967], [-80.2339556, 25.7905038], [-80.2339823, 25.7905057], [-80.2339919, 25.7904971], [-80.2340303, 25.7904472], [-80.2340565, 25.7902281], [-80.2341142, 25.7902135], [-80.2342126, 25.7902699], [-80.2343385, 25.79029], [-80.2351992, 25.790386], [-80.2354823, 25.7904203000001]]}, "properties": {"project": "PH7113", "date": "19751101", "kind": "Man-made", "source": "TP00422"}}, {"type": "Feature", "geometry": {"type": "LineString", "coordinates": [[-80.2341595, 25.7889166000001], [-80.2341903, 25.7896549]]}, "properties": {"project": "PH7113", "date": "19751101", "kind": "Pier", "source": "TP00422"}}, {"type": "Feature", "geometry": {"type": "LineString", "coordinates": [[-80.2341595, 25.7889166000001], [-80.234254, 25.7889121], [-80.2343006, 25.7889113], [-80.2343061, 25.7889194], [-80.2343061, 25.7889285], [-80.2343323, 25.7895199], [-80.2343392, 25.7896567], [-80.2343507, 25.7898442], [-80.2343595, 25.7898604], [-80.2343794, 25.7898726], [-80.2344072, 25.7898767], [-80.2347227, 25.7898613], [-80.2348488, 25.7898624], [-80.2348643, 25.7898676], [-80.2348797, 25.7898857], [-80.2348907, 25.7899009], [-80.2349273, 25.7899081], [-80.2349518, 25.7899092], [-80.2349695, 25.7899114000001], [-80.2350062, 25.7899136], [-80.2350195, 25.7899146], [-80.2350328, 25.7899227], [-80.2350415, 25.7899439], [-80.2350425, 25.789962], [-80.2350524, 25.7899731], [-80.235078, 25.7899723], [-80.2354507, 25.7899616], [-80.2354979, 25.7899654], [-80.2355099, 25.7899906], [-80.2355087, 25.7900097], [-80.2355197, 25.7900279], [-80.2355586, 25.7900271], [-80.2355941, 25.7900273], [-80.2356174, 25.7900284], [-80.235643, 25.7900285], [-80.2356696, 25.7900297], [-80.2356985, 25.7900268], [-80.2357241, 25.7900259], [-80.2357418, 25.790026], [-80.2357563, 25.7900271], [-80.2357687, 25.7900264]]}, "properties": {"project": "PH7113", "date": "19751101", "kind": "Man-made", "source": "TP00422"}}, {"type": "Feature", "geometry": {"type": "LineString", "coordinates": [[-80.1855109, 25.7895629], [-80.1855198, 25.7891489], [-80.1855228, 25.788906]]}, "properties": {"project": "PH7113", "date": "19751101", "kind": "Man-made", "source": "TP00422"}}, {"type": "Feature", "geometry": {"type": "LineString", "coordinates": [[-80.1855228, 25.788906], [-80.1853537, 25.7889012], [-80.1851931, 25.7888966], [-80.18494, 25.7888939]]}, "properties": {"project": "PH7113", "date": "19751101", "kind": "Pier", "source": "TP00422"}}, {"type": "Feature", "geometry": {"type": "LineString", "coordinates": [[-80.2296227, 25.7886076], [-80.2296616, 25.7886643000001], [-80.2296882, 25.78868], [-80.2297397, 25.7886837], [-80.2297798, 25.7886822], [-80.2298560999999, 25.7886808], [-80.2298637, 25.7886757]]}, "properties": {"project": "PH7113", "date": "19751101", "kind": "Man-made", "source": "TP00422"}}, {"type": "Feature", "geometry": {"type": "LineString", "coordinates": [[-80.1741672, 25.8043995], [-80.1742301, 25.804479], [-80.1742999, 25.8045763], [-80.1743366, 25.8047679], [-80.1743768, 25.8048677], [-80.1743937, 25.804864], [-80.1744079, 25.8048526], [-80.1744208, 25.8048156], [-80.174506, 25.8045252], [-80.1745776, 25.8041645], [-80.1745953, 25.8040472], [-80.1745997, 25.8040255], [-80.1745884, 25.8040216], [-80.1745686, 25.8040317], [-80.174422, 25.8042402], [-80.1742663, 25.8043363], [-80.1741672, 25.8043995]]}, "properties": {"project": "PH7113", "date": "19751101", "kind": "Natural.Mean High Water", "source": "TP00422"}}, {"type": "Feature", "geometry": {"type": "LineString", "coordinates": [[-80.1854163, 25.8077362], [-80.1854162, 25.8077174], [-80.1854115, 25.8074079], [-80.1854118, 25.8069815], [-80.1854117, 25.8066217000001], [-80.1854138, 25.8061985000001]]}, "properties": {"project": "PH7113", "date": "19751101", "kind": "Man-made", "source": "TP00422"}}, {"type": "Feature", "geometry": {"type": "LineString", "coordinates": [[-80.1854134, 25.8060936], [-80.1853153, 25.8060973]]}, "properties": {"project": "PH7113", "date": "19751101", "kind": "Pier", "source": "TP00422"}}, {"type": "Feature", "geometry": {"type": "LineString", "coordinates": [[-80.1854138, 25.8061985000001], [-80.1854134, 25.8060936]]}, "properties": {"project": "PH7113", "date": "19751101", "kind": "Natural.Mean High Water", "source": "TP00422"}}, {"type": "Feature", "geometry": {"type": "LineString", "coordinates": [[-80.1979709, 25.7686645], [-80.1979721, 25.7687203]]}, "properties": {"project": "PH7113", "date": "19751101", "kind": "Pier", "source": "TP00422"}}, {"type": "Feature", "geometry": {"type": "LineString", "coordinates": [[-80.230107, 25.7888134], [-80.2302739, 25.7888142], [-80.2302881, 25.788531], [-80.2303477, 25.7885369], [-80.2304874, 25.7885917], [-80.2307828, 25.7887479], [-80.2308164, 25.7892755], [-80.230895, 25.7894031], [-80.2309662, 25.7894501], [-80.2309651, 25.7896193], [-80.2312435, 25.7897585], [-80.2312551, 25.7892424], [-80.2311455, 25.7891557], [-80.2311323, 25.7891401], [-80.231119, 25.7891331], [-80.2311307, 25.7890814], [-80.231091, 25.7890242], [-80.2310517, 25.7889082], [-80.2310634, 25.7888772], [-80.2310901, 25.7888791], [-80.2311187, 25.7888844], [-80.2312976, 25.788951], [-80.2313337, 25.7889667], [-80.2314065, 25.7889462], [-80.231481, 25.7889425]]}, "properties": {"project": "PH7113", "date": "19751101", "kind": "Man-made", "source": "TP00422"}}, {"type": "Feature", "geometry": {"type": "LineString", "coordinates": [[-80.2313041, 25.7885756], [-80.2312843, 25.7885742], [-80.2312055, 25.788549], [-80.2311177, 25.788488]]}, "properties": {"project": "PH7113", "date": "19751101", "kind": "Pier", "source": "TP00422"}}, {"type": "Feature", "geometry": {"type": "LineString", "coordinates": [[-80.1854134, 25.8060936], [-80.1854132, 25.8060344], [-80.1854136, 25.8059756], [-80.1854115, 25.8056591], [-80.1854166, 25.8052761], [-80.1854164, 25.8049442], [-80.1854071, 25.8045924], [-80.1854075, 25.8042309000001], [-80.18541, 25.8039993], [-80.1854071, 25.8039868], [-80.1854648, 25.8039826], [-80.1854802, 25.8039812], [-80.1854838, 25.8039626], [-80.1854873, 25.8039503], [-80.1855095, 25.8039504], [-80.1856224, 25.8039464], [-80.1856358, 25.8039743], [-80.1856631, 25.8039837], [-80.1858102, 25.8039815], [-80.1862591, 25.80396], [-80.1867199, 25.8039494], [-80.1867978, 25.8039429], [-80.1868098, 25.8039259], [-80.1868101, 25.8038842], [-80.1868104, 25.8038408], [-80.1868056, 25.8037944], [-80.1868077, 25.8037402], [-80.1868061, 25.803717], [-80.186808, 25.8036891], [-80.1868081, 25.8036783], [-80.1868091, 25.8033482], [-80.1868034, 25.8031969], [-80.1865904, 25.8031823], [-80.1862263, 25.8031896], [-80.185995, 25.8032055], [-80.1855132, 25.8032018], [-80.1854248, 25.8032023], [-80.1854187, 25.8024549], [-80.1854136, 25.8016843], [-80.1854108, 25.8016682]]}, "properties": {"project": "PH7113", "date": "19751101", "kind": "Man-made", "source": "TP00422"}}, {"type": "Feature", "geometry": {"type": "LineString", "coordinates": [[-80.1854108, 25.8016682], [-80.1853818, 25.8016666], [-80.1853752, 25.8016465], [-80.1853807, 25.8015249], [-80.1854198, 25.8015196]]}, "properties": {"project": "PH7113", "date": "19751101", "kind": "Man-made", "source": "TP00422"}}, {"type": "Feature", "geometry": {"type": "LineString", "coordinates": [[-80.188038, 25.7688771], [-80.1880345, 25.7690881], [-80.188164, 25.7694206], [-80.1882866, 25.7695443], [-80.1883356, 25.7696315], [-80.1884357, 25.7697109], [-80.1884667, 25.7697018], [-80.1884975, 25.7697113], [-80.1886375, 25.7697436], [-80.1891263, 25.7696277], [-80.1897703, 25.7695805], [-80.1900029, 25.7695762]]}, "properties": {"project": "PH7113", "date": "19751101", "kind": "Natural.Mean High Water", "source": "TP00422"}}, {"type": "Feature", "geometry": {"type": "LineString", "coordinates": [[-80.1935988, 25.7699587], [-80.1938508, 25.7697394], [-80.1939701, 25.7696081], [-80.1940577, 25.7695242], [-80.1941551, 25.7694204], [-80.1944028, 25.7693193], [-80.1944441, 25.7692949], [-80.1946311, 25.7692281], [-80.1947431, 25.7692019], [-80.1951143, 25.7690959], [-80.1951493, 25.7691016], [-80.1951698, 25.7691167], [-80.1951841, 25.7691298], [-80.1951943, 25.7691317], [-80.1952088, 25.7691262], [-80.1952315, 25.7691133], [-80.195245, 25.7691067], [-80.1953019, 25.7690522], [-80.1953555, 25.7690394], [-80.1953889, 25.7690444], [-80.1954077, 25.7690362], [-80.1954619, 25.7690312], [-80.1955417, 25.7689857], [-80.1955782, 25.7689792], [-80.1956462, 25.7689665], [-80.1956915, 25.7689556], [-80.1957865, 25.7689169], [-80.1958936, 25.7689008], [-80.1959431, 25.7688917], [-80.1960174, 25.768853], [-80.1960607, 25.7688476], [-80.1961451, 25.7688462], [-80.1961751, 25.7688382], [-80.1961933, 25.768838], [-80.1962985, 25.7688203], [-80.196364, 25.76882], [-80.1964906, 25.768878], [-80.1965489, 25.7688794], [-80.196854, 25.7689085], [-80.197143, 25.7689393], [-80.1972186, 25.7689621], [-80.1973456, 25.7690597], [-80.1973928, 25.7690749]]}, "properties": {"project": "PH7113", "date": "19751101", "kind": "Natural.Mean High Water", "source": "TP00422"}}, {"type": "Feature", "geometry": {"type": "LineString", "coordinates": [[-80.1979082, 25.7686657], [-80.1979103, 25.7687274]]}, "properties": {"project": "PH7113", "date": "19751101", "kind": "Pier", "source": "TP00422"}}, {"type": "Feature", "geometry": {"type": "LineString", "coordinates": [[-80.1854822, 25.7911007], [-80.1852059, 25.7911045], [-80.1851964, 25.7911825], [-80.1851296, 25.7911808], [-80.1851386, 25.7909441], [-80.185207, 25.7909432], [-80.1852093, 25.7910373], [-80.1854797, 25.7910321]]}, "properties": {"project": "PH7113", "date": "19751101", "kind": "Pier", "source": "TP00422"}}, {"type": "Feature", "geometry": {"type": "LineString", "coordinates": [[-80.1935491, 25.7692568000001], [-80.1936326, 25.7691934], [-80.1937979, 25.7690666], [-80.1939619, 25.7689244], [-80.1941259, 25.7687841], [-80.1942899, 25.7686451], [-80.1944503, 25.7685131], [-80.1947876999999, 25.7685169]]}, "properties": {"project": "PH7113", "date": "19751101", "kind": "Man-made", "source": "TP00422"}}, {"type": "Feature", "geometry": {"type": "LineString", "coordinates": [[-80.1979709, 25.7686645], [-80.1979907, 25.7686641], [-80.1980545, 25.7686669], [-80.1980828, 25.7688237], [-80.1981029, 25.7688589], [-80.1982564, 25.7689865], [-80.1983198, 25.7690446], [-80.1983767, 25.7690543000001], [-80.1984112, 25.7690641], [-80.1984187, 25.7691437], [-80.1984737, 25.7692717], [-80.198651, 25.7694221], [-80.1986749, 25.7694391], [-80.1987204, 25.7694008], [-80.1987391, 25.7693913], [-80.198755, 25.7693938], [-80.1987921, 25.7694277], [-80.1988052, 25.7694591], [-80.1987784, 25.7694807], [-80.1987436, 25.7695094], [-80.1988204, 25.7695701], [-80.1990127, 25.7697629], [-80.1991435, 25.7698917], [-80.1992654, 25.769999], [-80.1992995, 25.7700291]]}, "properties": {"project": "PH7113", "date": "19751101", "kind": "Man-made", "source": "TP00422"}}, {"type": "Feature", "geometry": {"type": "LineString", "coordinates": [[-80.1976031, 25.7685591], [-80.1977358, 25.7685615], [-80.1977703, 25.7685785], [-80.1977752, 25.7686533], [-80.1978203, 25.768668], [-80.1978922, 25.768666], [-80.1979082, 25.7686657]]}, "properties": {"project": "PH7113", "date": "19751101", "kind": "Man-made", "source": "TP00422"}}, {"type": "Feature", "geometry": {"type": "LineString", "coordinates": [[-80.1979082, 25.7686657], [-80.1979012, 25.7685503], [-80.197967, 25.7685488], [-80.1979709, 25.7686645]]}, "properties": {"project": "PH7113", "date": "19751101", "kind": "Man-made", "source": "TP00422"}}, {"type": "Feature", "geometry": {"type": "LineString", "coordinates": [[-80.1974573, 25.7684881], [-80.1974742, 25.7685862], [-80.197599, 25.7685905], [-80.1976031, 25.7685591]]}, "properties": {"project": "PH7113", "date": "19751101", "kind": "Man-made", "source": "TP00422"}}, {"type": "Feature", "geometry": {"type": "LineString", "coordinates": [[-80.1947876999999, 25.7685169], [-80.1948902, 25.7684969], [-80.1952755, 25.7684858], [-80.1955714, 25.7684042], [-80.1958016, 25.7683952], [-80.1958982, 25.768406], [-80.1959266, 25.7684113]]}, "properties": {"project": "PH7113", "date": "19751101", "kind": "Natural.Mean High Water", "source": "TP00422"}}, {"type": "Feature", "geometry": {"type": "LineString", "coordinates": [[-80.1967275, 25.7683303], [-80.1967399, 25.7683578], [-80.1967525, 25.7683621], [-80.1968077, 25.7683809], [-80.1971495, 25.7684306], [-80.1974046, 25.7684696], [-80.1974573, 25.7684881]]}, "properties": {"project": "PH7113", "date": "19751101", "kind": "Natural.Mean High Water", "source": "TP00422"}}, {"type": "Feature", "geometry": {"type": "LineString", "coordinates": [[-80.1964421, 25.7679183], [-80.1964391, 25.7683633], [-80.1964164, 25.7683725], [-80.1963774, 25.7683611], [-80.1963713, 25.7683462], [-80.196366, 25.7679175]]}, "properties": {"project": "PH7113", "date": "19751101", "kind": "Pier", "source": "TP00422"}}, {"type": "Feature", "geometry": {"type": "LineString", "coordinates": [[-80.196366, 25.7679175], [-80.1963937, 25.7679178], [-80.1964421, 25.7679183]]}, "properties": {"project": "PH7113", "date": "19751101", "kind": "Shoreline/Alongshore Feature Boundary", "source": "TP00422"}}, {"type": "Feature", "geometry": {"type": "LineString", "coordinates": [[-80.1959266, 25.7684113], [-80.1959607, 25.7684063], [-80.1959835, 25.7683885], [-80.1959812, 25.7683113000001], [-80.1959731, 25.7682443], [-80.1960045, 25.7682265], [-80.1960443, 25.7682241], [-80.1960695, 25.768286], [-80.1960746, 25.7683761], [-80.1960745, 25.768389], [-80.196258, 25.7683586], [-80.1962559, 25.7682446], [-80.1962608, 25.7680126], [-80.1962614, 25.7679163], [-80.196366, 25.7679175]]}, "properties": {"project": "PH7113", "date": "19751101", "kind": "Pier", "source": "TP00422"}}, {"type": "Feature", "geometry": {"type": "LineString", "coordinates": [[-80.1964421, 25.7679183], [-80.1965139, 25.7679191], [-80.1965371, 25.7682063], [-80.1965515, 25.7682985], [-80.1970597, 25.7679404], [-80.1971002, 25.7679041], [-80.1971776, 25.7679843], [-80.197142, 25.7680388], [-80.1967275, 25.7683303]]}, "properties": {"project": "PH7113", "date": "19751101", "kind": "Pier", "source": "TP00422"}}, {"type": "Feature", "geometry": {"type": "LineString", "coordinates": [[-80.1854014, 25.81128], [-80.1853958, 25.8115313]]}, "properties": {"project": "PH7113", "date": "19751101", "kind": "Undetermined.Approximate", "source": "TP00422"}}, {"type": "Feature", "geometry": {"type": "LineString", "coordinates": [[-80.1843385, 25.8152383], [-80.1844938, 25.8151124], [-80.1846718, 25.8149718], [-80.1848602, 25.8148238], [-80.1850486, 25.8146627], [-80.1852432, 25.8145147], [-80.1853611, 25.8144259], [-80.1853661, 25.8143048], [-80.1853688, 25.8142079], [-80.1853699, 25.8140458], [-80.1853729, 25.813958], [-80.1853804, 25.8136767], [-80.1853751, 25.8134854], [-80.1853841, 25.8134804], [-80.1854686, 25.8134705000001], [-80.1854731, 25.8134147], [-80.1854735, 25.8133513], [-80.1854844, 25.8131767], [-80.185469, 25.8129426], [-80.1854438, 25.8127154], [-80.1854242, 25.8124889], [-80.1853971, 25.8124539], [-80.1853871, 25.8122849], [-80.1853888, 25.812231]]}, "properties": {"project": "PH7113", "date": "19751101", "kind": "Man-made", "source": "TP00422"}}, {"type": "Feature", "geometry": {"type": "LineString", "coordinates": [[-80.1853888, 25.812231], [-80.1853933, 25.812101]]}, "properties": {"project": "PH7113", "date": "19751101", "kind": "Undetermined.Approximate", "source": "TP00422"}}, {"type": "Feature", "geometry": {"type": "LineString", "coordinates": [[-80.1851128, 25.8119838], [-80.1850884999999, 25.8121129]]}, "properties": {"project": "PH7113", "date": "19751101", "kind": "Undetermined.Approximate", "source": "TP00422"}}, {"type": "Feature", "geometry": {"type": "LineString", "coordinates": [[-80.1853933, 25.812101], [-80.1854013, 25.8118712], [-80.1853958, 25.8115313]]}, "properties": {"project": "PH7113", "date": "19751101", "kind": "Man-made", "source": "TP00422"}}, {"type": "Feature", "geometry": {"type": "LineString", "coordinates": [[-80.1851184, 25.8114802], [-80.1851128, 25.8117244], [-80.1851128, 25.8119838]]}, "properties": {"project": "PH7113", "date": "19751101", "kind": "Man-made", "source": "TP00422"}}, {"type": "Feature", "geometry": {"type": "LineString", "coordinates": [[-80.1851184, 25.8114802], [-80.1851045, 25.8112181]]}, "properties": {"project": "PH7113", "date": "19751101", "kind": "Undetermined.Approximate", "source": "TP00422"}}, {"type": "Feature", "geometry": {"type": "LineString", "coordinates": [[-80.1735131, 25.8108295], [-80.1734588, 25.8109198], [-80.1732965, 25.8110562], [-80.1730666, 25.811123], [-80.172826, 25.8111515000001], [-80.1723828, 25.8111569], [-80.17215, 25.8111597], [-80.1719149, 25.8111719], [-80.1716821, 25.8111672], [-80.1714479, 25.8111618], [-80.1712131, 25.8111583], [-80.1709712, 25.811156], [-80.1707315, 25.8111424], [-80.1704814, 25.8111363], [-80.1702892, 25.8111826], [-80.1700737, 25.811183], [-80.1698778, 25.8111565], [-80.1697048, 25.8111344], [-80.1694832, 25.8111134], [-80.1692561, 25.8110911], [-80.1690262, 25.8110713], [-80.1688203, 25.8110811], [-80.1685999, 25.811099], [-80.1683738999999, 25.811105], [-80.1681445, 25.8111072], [-80.1679806, 25.8110883], [-80.1677657, 25.8111006], [-80.1675454, 25.8110991], [-80.1673707, 25.8111085], [-80.1671776, 25.8110888000001], [-80.1669573, 25.8110816], [-80.166742, 25.8110569], [-80.1665275, 25.8110227], [-80.1664762, 25.8110003], [-80.1664351, 25.8110008]]}, "properties": {"project": "PH7113", "date": "19751101", "kind": "Natural.Mean High Water", "source": "TP00422"}}, {"type": "Feature", "geometry": {"type": "LineString", "coordinates": [[-80.1850884999999, 25.8121129], [-80.1850857, 25.8121279], [-80.1850646, 25.8121528], [-80.184972, 25.8121017], [-80.1849422, 25.8120933], [-80.1849277, 25.8120889], [-80.1847904, 25.8120212], [-80.1845521, 25.811909], [-80.1843249, 25.8118082], [-80.1841033, 25.8116967], [-80.1838691, 25.8115908], [-80.1836245, 25.8114836], [-80.1833736, 25.8113971], [-80.183133, 25.8113188], [-80.1828931, 25.8112456], [-80.1826489, 25.811188], [-80.1824046, 25.8111341], [-80.1822566, 25.8111217], [-80.1820746, 25.8111034], [-80.1818622, 25.8111009], [-80.1816988, 25.811101], [-80.1815354, 25.8110979], [-80.1813707, 25.8110941], [-80.1811975, 25.8110934], [-80.1809904, 25.8110926], [-80.1807847, 25.8110936], [-80.1805734, 25.8110915], [-80.1803621, 25.8110894], [-80.1801384, 25.8110865], [-80.1799139, 25.8110831], [-80.1798372, 25.8110804], [-80.1796635, 25.8109231], [-80.1796617, 25.8108266]]}, "properties": {"project": "PH7113", "date": "19751101", "kind": "Man-made", "source": "TP00422"}}, {"type": "Feature", "geometry": {"type": "LineString", "coordinates": [[-80.1796757, 25.8105843], [-80.1796617, 25.8108266]]}, "properties": {"project": "PH7113", "date": "19751101", "kind": "Undetermined.Approximate", "source": "TP00422"}}, {"type": "Feature", "geometry": {"type": "LineString", "coordinates": [[-80.1735235, 25.8105439], [-80.1735131, 25.8108295]]}, "properties": {"project": "PH7113", "date": "19751101", "kind": "Undetermined.Approximate", "source": "TP00422"}}, {"type": "Feature", "geometry": {"type": "LineString", "coordinates": [[-80.1710145, 25.7902686], [-80.171018, 25.7902953], [-80.1710116, 25.7903943]]}, "properties": {"project": "PH7113", "date": "19751101", "kind": "Undetermined.Approximate", "source": "TP00422"}}, {"type": "Feature", "geometry": {"type": "LineString", "coordinates": [[-80.1885058, 25.7657662], [-80.1885109, 25.766104], [-80.1884652, 25.7661856], [-80.1883658, 25.7661932], [-80.1883114, 25.7662093], [-80.188244, 25.7668307], [-80.1882385, 25.7669739], [-80.1882736, 25.7671214], [-80.1882549, 25.7672194], [-80.1882082, 25.7677585], [-80.1881602, 25.7681552], [-80.1881024, 25.7684941], [-80.1880596, 25.7687323], [-80.188038, 25.7688771]]}, "properties": {"project": "PH7113", "date": "19751101", "kind": "Man-made", "source": "TP00422"}}, {"type": "Feature", "geometry": {"type": "LineString", "coordinates": [[-80.1860717, 25.7658508], [-80.1860005, 25.7656889]]}, "properties": {"project": "PH7113", "date": "19751101", "kind": "Undetermined.Approximate", "source": "TP00422"}}, {"type": "Feature", "geometry": {"type": "LineString", "coordinates": [[-80.1883703, 25.7655224], [-80.1885058, 25.7657662]]}, "properties": {"project": "PH7113", "date": "19751101", "kind": "Undetermined.Approximate", "source": "TP00422"}}, {"type": "Feature", "geometry": {"type": "LineString", "coordinates": [[-80.1794027, 25.7905345], [-80.1794867, 25.7905317], [-80.1794826, 25.790425], [-80.1793999, 25.7904201]]}, "properties": {"project": "PH7113", "date": "19751101", "kind": "Man-made", "source": "TP00422"}}, {"type": "Feature", "geometry": {"type": "LineString", "coordinates": [[-80.1794027, 25.7905345], [-80.1794083, 25.7907615], [-80.1792604, 25.7908852], [-80.1788998, 25.7909217], [-80.1783163, 25.7909571], [-80.1774483, 25.7909994], [-80.1768317, 25.7910174], [-80.1757099, 25.7910711], [-80.1754347, 25.7910867000001], [-80.1752289, 25.7910944], [-80.1749391, 25.7911054], [-80.1741849, 25.7911354], [-80.1740188, 25.7911473], [-80.1732908, 25.7911733], [-80.1726267, 25.7911995], [-80.1721831999999, 25.7912228], [-80.1720554, 25.791192], [-80.1719373, 25.7911269], [-80.171824, 25.791049], [-80.1717535, 25.7909627], [-80.1716786, 25.7908206], [-80.1716695, 25.7907223], [-80.1716324, 25.7907146], [-80.1716306, 25.7906734], [-80.1716554, 25.7906679], [-80.1716498, 25.7905874], [-80.1716788, 25.7905782], [-80.1716728, 25.7905426], [-80.1716461, 25.7905256], [-80.1716443, 25.7903708]]}, "properties": {"project": "PH7113", "date": "19751101", "kind": "Man-made", "source": "TP00422"}}, {"type": "Feature", "geometry": {"type": "LineString", "coordinates": [[-80.1716443, 25.7903708], [-80.1716435, 25.7902991], [-80.1716395, 25.7902351]]}, "properties": {"project": "PH7113", "date": "19751101", "kind": "Undetermined.Approximate", "source": "TP00422"}}, {"type": "Feature", "geometry": {"type": "LineString", "coordinates": [[-80.2357687, 25.7900264], [-80.2354823, 25.7904203000001]]}, "properties": {"project": "PH7113", "date": "19751101", "kind": "User Added Line", "source": "TP00422"}}, {"type": "Feature", "geometry": {"type": "LineString", "coordinates": [[-80.1793894, 25.7899899], [-80.1793999, 25.7904201]]}, "properties": {"project": "PH7113", "date": "19751101", "kind": "Man-made", "source": "TP00422"}}, {"type": "Feature", "geometry": {"type": "LineString", "coordinates": [[-80.1793862, 25.7898530000001], [-80.1793894, 25.7899899]]}, "properties": {"project": "PH7113", "date": "19751101", "kind": "Undetermined.Approximate", "source": "TP00422"}}, {"type": "Feature", "geometry": {"type": "LineString", "coordinates": [[-80.1854797, 25.7910321], [-80.1854851, 25.7906731], [-80.1854896, 25.7901238], [-80.1854924, 25.7897083]]}, "properties": {"project": "PH7113", "date": "19751101", "kind": "Man-made", "source": "TP00422"}}, {"type": "Feature", "geometry": {"type": "LineString", "coordinates": [[-80.1855109, 25.7895629], [-80.1854924, 25.7897083]]}, "properties": {"project": "PH7113", "date": "19751101", "kind": "Undetermined.Approximate", "source": "TP00422"}}, {"type": "Feature", "geometry": {"type": "LineString", "coordinates": [[-80.1776891, 25.7895724], [-80.1777343, 25.7895738], [-80.1781365, 25.7895592], [-80.1783061, 25.7895508], [-80.1783433, 25.7895511], [-80.1789442, 25.7895226], [-80.1793362, 25.7895161], [-80.1793494, 25.7896751], [-80.1793917, 25.7897311], [-80.1793862, 25.7898530000001]]}, "properties": {"project": "PH7113", "date": "19751101", "kind": "Man-made", "source": "TP00422"}}, {"type": "Feature", "geometry": {"type": "LineString", "coordinates": [[-80.1984456, 25.7514236], [-80.1984064, 25.7513891]]}, "properties": {"project": "PH7113", "date": "19751101", "kind": "Pier", "source": "TP00422"}}, {"type": "Feature", "geometry": {"type": "LineString", "coordinates": [[-80.1851045, 25.8112181], [-80.185103, 25.8106934], [-80.1849819, 25.8105721], [-80.1847789, 25.8105567], [-80.184385, 25.8105278], [-80.1840075, 25.8104978], [-80.1837381, 25.8104684], [-80.1833844, 25.8104397], [-80.1830345, 25.8104098], [-80.1826834, 25.81038], [-80.1823284, 25.8103501000001], [-80.1819596, 25.8103293], [-80.1815253, 25.8103262], [-80.1810923, 25.8103232], [-80.1806529999999, 25.8103225], [-80.1802287, 25.8103218], [-80.1798592, 25.8103163], [-80.1797801, 25.8103847], [-80.1796895, 25.8104676], [-80.1796789, 25.8105141], [-80.1796757, 25.8105843]]}, "properties": {"project": "PH7113", "date": "19751101", "kind": "Man-made", "source": "TP00422"}}, {"type": "Feature", "geometry": {"type": "LineString", "coordinates": [[-80.1664351, 25.8101357], [-80.1671482, 25.8101953], [-80.1675207, 25.8102242000001], [-80.1679412, 25.8102385], [-80.1683465999999, 25.8102368], [-80.1686843, 25.8102199], [-80.1690697, 25.8102181], [-80.1694613, 25.810222], [-80.1698856, 25.810226], [-80.1703262, 25.8102302], [-80.1707921, 25.8102243], [-80.1712478, 25.8102251], [-80.1716998, 25.8102248], [-80.1721417, 25.810229], [-80.1725899, 25.8102355], [-80.173033, 25.8102419], [-80.1733303, 25.8102499], [-80.1734075, 25.8103429], [-80.1734614, 25.8104156], [-80.1734983, 25.8104975], [-80.1735235, 25.8105439]]}, "properties": {"project": "PH7113", "date": "19751101", "kind": "Natural.Mean High Water", "source": "TP00422"}}, {"type": "Feature", "geometry": {"type": "LineString", "coordinates": [[-80.1854201, 25.8090166], [-80.1852798, 25.8090298]]}, "properties": {"project": "PH7113", "date": "19751101", "kind": "Pier", "source": "TP00422"}}, {"type": "Feature", "geometry": {"type": "LineString", "coordinates": [[-80.1854014, 25.81128], [-80.1854015, 25.8106993], [-80.1854141, 25.8105508], [-80.1854072, 25.8104047], [-80.1854054, 25.8101049], [-80.185414, 25.8097857], [-80.1854111, 25.8094599], [-80.1854419, 25.8094555], [-80.1854746, 25.8094566], [-80.1854749, 25.809386], [-80.185473, 25.809157], [-80.1854707, 25.8091252], [-80.1854482, 25.8091135], [-80.1854193, 25.8091152], [-80.1854175, 25.8090761], [-80.1854157, 25.8090444], [-80.1854201, 25.8090166]]}, "properties": {"project": "PH7113", "date": "19751101", "kind": "Man-made", "source": "TP00422"}}, {"type": "Feature", "geometry": {"type": "LineString", "coordinates": [[-80.1806369, 25.7799131], [-80.1805785, 25.779889], [-80.1804402, 25.7798351], [-80.1803372, 25.7797885], [-80.1801772, 25.7800925], [-80.1800571, 25.7803714], [-80.1799127, 25.7806627000001], [-80.1797543, 25.7809595], [-80.1797173, 25.7810289], [-80.1797043, 25.7810272], [-80.1796133, 25.7810086], [-80.1794358, 25.7809235], [-80.1791613, 25.7808059], [-80.1788937, 25.7806916], [-80.1786148, 25.7805748], [-80.1783369, 25.7804454], [-80.1780398, 25.7803223], [-80.1777367, 25.7801967], [-80.1774484, 25.7800641], [-80.177154, 25.7799362], [-80.1768578, 25.7798107], [-80.1765617, 25.7796844], [-80.1762646, 25.7795557], [-80.1759668, 25.7794223], [-80.1756619, 25.7792944], [-80.1753597, 25.7791649], [-80.1750584, 25.7790346], [-80.174757, 25.7789043], [-80.1744548, 25.778774], [-80.1741526, 25.7786437], [-80.1738504, 25.7785126], [-80.1735482, 25.7783816], [-80.1732459999999, 25.7782505], [-80.1729438, 25.7781194], [-80.172639, 25.7779899], [-80.1723342, 25.7778604], [-80.1722045, 25.777806], [-80.17155, 25.7775333], [-80.1709026, 25.7772567], [-80.1702553, 25.77698], [-80.169599, 25.7767017], [-80.1689534, 25.7764218], [-80.1682988, 25.7761467], [-80.1676496, 25.7758716], [-80.1670058, 25.7755949], [-80.1665151, 25.7753861], [-80.1664352, 25.7753398], [-80.1663906, 25.7753122], [-80.1656769, 25.7750069000001], [-80.164961, 25.7746975], [-80.1642652, 25.7743902], [-80.1635649, 25.7740971], [-80.1628804, 25.7737817], [-80.1622226, 25.773497], [-80.1615145, 25.7731927], [-80.1614832, 25.7731742], [-80.1614655, 25.7731518000001], [-80.1614567, 25.7731234], [-80.1614503, 25.7730807], [-80.1614438, 25.7730442], [-80.1614665, 25.7730078], [-80.1616425, 25.772667], [-80.1620116, 25.7719540000001], [-80.1620865, 25.7718125]]}, "properties": {"project": "PH7113", "date": "19751101", "kind": "Man-made", "source": "TP00422"}}, {"type": "Feature", "geometry": {"type": "LineString", "coordinates": [[-80.1770015, 25.7721774], [-80.1768373, 25.7724549], [-80.1767413, 25.77251], [-80.176597, 25.7726314], [-80.1765164, 25.7726789], [-80.176489, 25.7726756], [-80.176472, 25.7726663], [-80.1763924, 25.7725668], [-80.1763892, 25.7725405], [-80.1764325, 25.7724526], [-80.1765208, 25.7722737], [-80.1766038, 25.7721349], [-80.1767587, 25.7719611], [-80.176891, 25.7718551], [-80.1769614, 25.7717983], [-80.1770677, 25.7717354], [-80.1771582, 25.7717421], [-80.1772312, 25.771806], [-80.1772409, 25.7718865000001], [-80.1772063, 25.7719636], [-80.1770707, 25.7720541], [-80.1770015, 25.7721774]]}, "properties": {"project": "PH7113", "date": "19751101", "kind": "Natural.Mean High Water", "source": "TP00422"}}, {"type": "Feature", "geometry": {"type": "LineString", "coordinates": [[-80.18565, 25.7956997], [-80.1856236, 25.7956334], [-80.1856205, 25.795429], [-80.1855917, 25.795293], [-80.1855842, 25.7949763], [-80.1855263, 25.7946736], [-80.1854626, 25.7943583], [-80.1854302, 25.7941531], [-80.1854284, 25.7938673], [-80.1854205, 25.7936138], [-80.1854509, 25.7933994], [-80.1854399, 25.7931553], [-80.1854646, 25.7929181], [-80.1855154, 25.7926535], [-80.1855136, 25.792318], [-80.1854807, 25.7923066], [-80.1854774, 25.7921288], [-80.1854885, 25.7919117], [-80.1854761, 25.7916662], [-80.1854815, 25.7914114], [-80.1854826, 25.7911511], [-80.1854822, 25.7911007]]}, "properties": {"project": "PH7113", "date": "19751101", "kind": "Natural.Mean High Water", "source": "TP00422"}}, {"type": "Feature", "geometry": {"type": "LineString", "coordinates": [[-80.1983312999999, 25.7515346], [-80.1983052, 25.7515054]]}, "properties": {"project": "PH7113", "date": "19751101", "kind": "Pier", "source": "TP00422"}}, {"type": "Feature", "geometry": {"type": "LineString", "coordinates": [[-80.1983889, 25.7514787], [-80.1983312999999, 25.7515346]]}, "properties": {"project": "PH7113", "date": "19751101", "kind": "Man-made", "source": "TP00422"}}, {"type": "Feature", "geometry": {"type": "LineString", "coordinates": [[-80.1983889, 25.7514787], [-80.1983553, 25.7514509]]}, "properties": {"project": "PH7113", "date": "19751101", "kind": "Pier", "source": "TP00422"}}, {"type": "Feature", "geometry": {"type": "LineString", "coordinates": [[-80.1984456, 25.7514236], [-80.1983889, 25.7514787]]}, "properties": {"project": "PH7113", "date": "19751101", "kind": "Man-made", "source": "TP00422"}}, {"type": "Feature", "geometry": {"type": "LineString", "coordinates": [[-80.1987721, 25.7516901], [-80.1985444, 25.7514223], [-80.1984925, 25.751378], [-80.1984456, 25.7514236]]}, "properties": {"project": "PH7113", "date": "19751101", "kind": "Man-made", "source": "TP00422"}}, {"type": "Feature", "geometry": {"type": "LineString", "coordinates": [[-80.2000545, 25.7708979], [-80.2002207, 25.7708295], [-80.2002348, 25.7708457], [-80.2002419, 25.7708554], [-80.2002471, 25.7708716], [-80.200247, 25.7708925], [-80.2002361999999, 25.7709022], [-80.2002076, 25.7709181], [-80.2001844, 25.7709261], [-80.2001594, 25.7709356], [-80.2001469, 25.7709436], [-80.2001147, 25.7709547]]}, "properties": {"project": "PH7113", "date": "19751101", "kind": "Man-made", "source": "TP00422"}}, {"type": "Feature", "geometry": {"type": "LineString", "coordinates": [[-80.199524, 25.7710583], [-80.1996847, 25.7713499], [-80.1997448, 25.7715258], [-80.1998332, 25.7718482], [-80.1998686, 25.7720481]]}, "properties": {"project": "PH7113", "date": "19751101", "kind": "Natural.Mean High Water", "source": "TP00422"}}, {"type": "Feature", "geometry": {"type": "LineString", "coordinates": [[-80.167074, 25.7719633], [-80.1671688, 25.7720098], [-80.1673617, 25.7720884], [-80.167496, 25.7721566], [-80.1675989, 25.7721931], [-80.1676763, 25.7722323], [-80.1677474, 25.7722614], [-80.1677964, 25.7722832], [-80.1678091, 25.7722833], [-80.1678218, 25.7722833], [-80.1679229, 25.7720973], [-80.1680757, 25.7717803], [-80.1682249, 25.771527], [-80.1684289, 25.7711299], [-80.1685113, 25.770972]]}, "properties": {"project": "PH7113", "date": "19751101", "kind": "Man-made", "source": "TP00422"}}, {"type": "Feature", "geometry": {"type": "LineString", "coordinates": [[-80.2001147, 25.7709547], [-80.2001746, 25.7710535000001], [-80.200271, 25.7712992], [-80.200315, 25.77151], [-80.2004385, 25.7716865], [-80.2004546, 25.7719528], [-80.2005904, 25.7723444], [-80.2006042, 25.7724925], [-80.2008407, 25.7728277000001], [-80.2008837, 25.7728712]]}, "properties": {"project": "PH7113", "date": "19751101", "kind": "Natural.Mean High Water", "source": "TP00422"}}, {"type": "Feature", "geometry": {"type": "LineString", "coordinates": [[-80.199107, 25.7705271], [-80.199524, 25.7710583]]}, "properties": {"project": "PH7113", "date": "19751101", "kind": "Undetermined.Approximate", "source": "TP00422"}}, {"type": "Feature", "geometry": {"type": "LineString", "coordinates": [[-80.1997669, 25.7704834], [-80.1999325, 25.7707553], [-80.2000545, 25.7708979]]}, "properties": {"project": "PH7113", "date": "19751101", "kind": "Natural.Mean High Water", "source": "TP00422"}}, {"type": "Feature", "geometry": {"type": "LineString", "coordinates": [[-80.1689408, 25.77048], [-80.1689883, 25.7705029], [-80.1691921, 25.7705574], [-80.1693139, 25.7706526], [-80.1694021, 25.7706942], [-80.1695051, 25.7707162], [-80.169875, 25.7708683], [-80.1700555, 25.77101], [-80.1701233, 25.7710474], [-80.1704423, 25.7711579], [-80.1706271, 25.7712659], [-80.1708439, 25.7713267], [-80.1710983, 25.7714411], [-80.1714178, 25.7715603], [-80.1716436, 25.7716475], [-80.1718921, 25.7717661], [-80.172089, 25.7718738], [-80.1723885, 25.7719879], [-80.1726544, 25.7721173], [-80.1729134, 25.7722083], [-80.1734449, 25.7723886], [-80.1735903, 25.7724519], [-80.1736267, 25.7724664], [-80.1736695, 25.772471], [-80.1737151, 25.7725258], [-80.1737815, 25.7725577], [-80.1738464, 25.7725667], [-80.1738718, 25.7725712], [-80.1739505, 25.7726545], [-80.1740794, 25.7727148], [-80.1741291, 25.772752], [-80.1745429, 25.7729351], [-80.1746018, 25.7729478], [-80.1747514, 25.7729789], [-80.174837, 25.7730518], [-80.1752012, 25.7731894], [-80.175398, 25.7732726], [-80.1755316, 25.7733042], [-80.1757619, 25.7734595], [-80.1758044, 25.7735378], [-80.1758109, 25.7735871], [-80.1758641, 25.7736143], [-80.1759064, 25.7736456], [-80.1762046, 25.7737451]]}, "properties": {"project": "PH7113", "date": "19751101", "kind": "Natural.Mean High Water", "source": "TP00422"}}, {"type": "Feature", "geometry": {"type": "LineString", "coordinates": [[-80.1685113, 25.770972], [-80.1686506, 25.7706948], [-80.1687982, 25.7704443]]}, "properties": {"project": "PH7113", "date": "19751101", "kind": "Natural.Mean High Water", "source": "TP00422"}}, {"type": "Feature", "geometry": {"type": "LineString", "coordinates": [[-80.1687982, 25.7704443], [-80.1688693, 25.7703194], [-80.1689755, 25.7703775], [-80.1689408, 25.77048]]}, "properties": {"project": "PH7113", "date": "19751101", "kind": "Man-made", "source": "TP00422"}}, {"type": "Feature", "geometry": {"type": "LineString", "coordinates": [[-80.1900393, 25.7701574], [-80.1902108, 25.7701553]]}, "properties": {"project": "PH7113", "date": "19751101", "kind": "Undetermined.Approximate", "source": "TP00422"}}, {"type": "Feature", "geometry": {"type": "LineString", "coordinates": [[-80.1902108, 25.7701553], [-80.1903773, 25.7701867], [-80.1906783, 25.7702341], [-80.1908505, 25.7702869], [-80.1912452, 25.7703665], [-80.191267, 25.7704125], [-80.1913307, 25.7704352], [-80.191567, 25.7704906], [-80.1916511, 25.7705377], [-80.1917085, 25.7705622], [-80.1918851, 25.7706284], [-80.1919815, 25.7706793], [-80.1921934, 25.7706804], [-80.1922656, 25.7706603], [-80.1923852, 25.7706349], [-80.1925355, 25.7706246], [-80.1926612, 25.7706029], [-80.1926962, 25.7705975], [-80.1928057, 25.7705292], [-80.1929917, 25.7704165], [-80.1934409, 25.7701592]]}, "properties": {"project": "PH7113", "date": "19751101", "kind": "Natural.Mean High Water", "source": "TP00422"}}, {"type": "Feature", "geometry": {"type": "LineString", "coordinates": [[-80.1850538, 25.7769685], [-80.1851852, 25.7768955], [-80.1851767, 25.7766195], [-80.1851657, 25.7764182], [-80.1852179, 25.7762241], [-80.1852435, 25.7761764], [-80.1853142, 25.776078], [-80.185344, 25.7759402], [-80.185349, 25.7758042], [-80.1853129, 25.7756661], [-80.1852375, 25.7755558], [-80.18515, 25.7754118], [-80.1851258, 25.7753408], [-80.1851229, 25.7751526], [-80.1851122, 25.7749084], [-80.1851005, 25.7742132], [-80.1851001, 25.7741947], [-80.1851113, 25.7741369], [-80.1851345, 25.7740532], [-80.1852408, 25.7738674], [-80.1852617, 25.7738116], [-80.1852793, 25.7736515], [-80.1852654, 25.7735843], [-80.1852169, 25.7734387], [-80.1851886, 25.7733733], [-80.1850704, 25.7731919], [-80.1850299, 25.7720645], [-80.1850392, 25.7717381000001], [-80.1850848, 25.7715985], [-80.1853535, 25.7714922], [-80.1860437, 25.7712429], [-80.1869567, 25.7709308], [-80.187423, 25.7707563], [-80.1876733, 25.770638], [-80.187914, 25.7705624], [-80.188314, 25.7704263], [-80.1885766, 25.7703318], [-80.1887734, 25.7702708], [-80.1889172, 25.7702151], [-80.1891484, 25.7701459], [-80.1892202, 25.770135], [-80.1900026, 25.7701591], [-80.1900393, 25.7701574]]}, "properties": {"project": "PH7113", "date": "19751101", "kind": "Natural.Mean High Water", "source": "TP00422"}}, {"type": "Feature", "geometry": {"type": "LineString", "coordinates": [[-80.1992995, 25.7700291], [-80.1997669, 25.7704834]]}, "properties": {"project": "PH7113", "date": "19751101", "kind": "Undetermined.Approximate", "source": "TP00422"}}, {"type": "Feature", "geometry": {"type": "LineString", "coordinates": [[-80.1935988, 25.7699587], [-80.1934409, 25.7701592]]}, "properties": {"project": "PH7113", "date": "19751101", "kind": "Undetermined.Approximate", "source": "TP00422"}}, {"type": "Feature", "geometry": {"type": "LineString", "coordinates": [[-80.1914378, 25.7699234], [-80.191422, 25.7699754]]}, "properties": {"project": "PH7113", "date": "19751101", "kind": "Man-made", "source": "TP00422"}}, {"type": "Feature", "geometry": {"type": "LineString", "coordinates": [[-80.1902176, 25.769599], [-80.1913611, 25.7699047], [-80.1914378, 25.7699234]]}, "properties": {"project": "PH7113", "date": "19751101", "kind": "Man-made", "source": "TP00422"}}, {"type": "Feature", "geometry": {"type": "LineString", "coordinates": [[-80.1900029, 25.7695762], [-80.1902176, 25.769599]]}, "properties": {"project": "PH7113", "date": "19751101", "kind": "Undetermined.Approximate", "source": "TP00422"}}, {"type": "Feature", "geometry": {"type": "LineString", "coordinates": [[-80.1869936, 25.7972084], [-80.1870115, 25.7971897], [-80.187088, 25.7970852], [-80.1871387, 25.7968488], [-80.1871551999999, 25.7967111], [-80.1871458, 25.7965644], [-80.1871484, 25.7962841], [-80.1871409, 25.7959741], [-80.1871426, 25.7958335], [-80.1870019, 25.7957776], [-80.1867352, 25.7956739], [-80.1865324, 25.7956594], [-80.1864171, 25.7956588], [-80.1862977, 25.7956735], [-80.1861555, 25.7956871], [-80.186062, 25.7957118], [-80.1859874, 25.7957571], [-80.1857793, 25.7957735], [-80.1857548999999, 25.7957661]]}, "properties": {"project": "PH7113", "date": "19751101", "kind": "Natural.Mean High Water", "source": "TP00422"}}, {"type": "Feature", "geometry": {"type": "LineString", "coordinates": [[-80.1857548999999, 25.7957661], [-80.1857442, 25.7958009]]}, "properties": {"project": "PH7113", "date": "19751101", "kind": "Pier", "source": "TP00422"}}, {"type": "Feature", "geometry": {"type": "LineString", "coordinates": [[-80.18565, 25.7956997], [-80.1855993, 25.795701]]}, "properties": {"project": "PH7113", "date": "19751101", "kind": "Pier", "source": "TP00422"}}, {"type": "Feature", "geometry": {"type": "LineString", "coordinates": [[-80.1857548999999, 25.7957661], [-80.1856956, 25.7957481], [-80.1856542, 25.7957102], [-80.18565, 25.7956997]]}, "properties": {"project": "PH7113", "date": "19751101", "kind": "Natural.Mean High Water", "source": "TP00422"}}, {"type": "Feature", "geometry": {"type": "LineString", "coordinates": [[-80.1973928, 25.7690749], [-80.1973922, 25.7690273], [-80.1974001, 25.7689949], [-80.1974073, 25.7689726], [-80.1974757, 25.7689717], [-80.1976013, 25.7689699], [-80.1976248, 25.7689694], [-80.1976335, 25.7691336]]}, "properties": {"project": "PH7113", "date": "19751101", "kind": "Man-made", "source": "TP00422"}}, {"type": "Feature", "geometry": {"type": "LineString", "coordinates": [[-80.1914378, 25.7699234], [-80.1918363, 25.7700206], [-80.1924952, 25.7698928], [-80.1928369, 25.7698111], [-80.1932936, 25.7694882], [-80.1933025, 25.7694855], [-80.1933937, 25.7694031]]}, "properties": {"project": "PH7113", "date": "19751101", "kind": "Man-made", "source": "TP00422"}}, {"type": "Feature", "geometry": {"type": "LineString", "coordinates": [[-80.1933937, 25.7694031], [-80.1935491, 25.7692568000001]]}, "properties": {"project": "PH7113", "date": "19751101", "kind": "Undetermined.Approximate", "source": "TP00422"}}, {"type": "Feature", "geometry": {"type": "LineString", "coordinates": [[-80.1976335, 25.7691336], [-80.1978826, 25.7693468000001], [-80.1980248, 25.7694685], [-80.1980289, 25.7694768], [-80.1979155, 25.7695733], [-80.1979591, 25.7696182], [-80.1980744, 25.7695217], [-80.1981113, 25.7695378], [-80.1982575, 25.7696601], [-80.1984264, 25.7698106], [-80.1985948, 25.769976], [-80.1985985, 25.7700405000001], [-80.1986774, 25.7700465], [-80.1988278, 25.7702196], [-80.1989974, 25.7704087], [-80.199107, 25.7705271]]}, "properties": {"project": "PH7113", "date": "19751101", "kind": "Man-made", "source": "TP00422"}}, {"type": "Feature", "geometry": {"type": "LineString", "coordinates": [[-80.2253758, 25.7864457], [-80.2254135, 25.7863472], [-80.2253026, 25.7863093], [-80.2252613, 25.786324], [-80.2252351, 25.7863921]]}, "properties": {"project": "PH7113", "date": "19751101", "kind": "Man-made", "source": "TP00422"}}, {"type": "Feature", "geometry": {"type": "LineString", "coordinates": [[-80.1724957, 25.7862731], [-80.1724963, 25.7863356]]}, "properties": {"project": "PH7113", "date": "19751101", "kind": "Pier", "source": "TP00422"}}, {"type": "Feature", "geometry": {"type": "LineString", "coordinates": [[-80.1729156, 25.7862554], [-80.1724957, 25.7862731]]}, "properties": {"project": "PH7113", "date": "19751101", "kind": "Pier", "source": "TP00422"}}, {"type": "Feature", "geometry": {"type": "LineString", "coordinates": [[-80.1793346, 25.7877007], [-80.1793342, 25.7877634], [-80.1792529, 25.7878223], [-80.1790721, 25.7877899], [-80.1784522, 25.7877375], [-80.1783173, 25.7877437], [-80.177762, 25.7878104], [-80.1775347, 25.787823], [-80.1774805, 25.7878541], [-80.1774226, 25.7878677], [-80.1773533, 25.7878604], [-80.1773111, 25.7878392], [-80.1771404, 25.7877301], [-80.1770446, 25.7876528], [-80.1768726, 25.7874635], [-80.1768037, 25.7873899000001], [-80.1766808, 25.7873438], [-80.1763421, 25.7872931], [-80.1761958, 25.7872853], [-80.175666, 25.7872997], [-80.1753306, 25.7873292], [-80.1751572, 25.7873352], [-80.1750609, 25.7873277], [-80.1746053, 25.787196], [-80.1743515, 25.7871248], [-80.1740788, 25.7870047], [-80.1739211, 25.7869689], [-80.1738266999999, 25.7869753], [-80.1737613, 25.786961], [-80.173742, 25.7869644], [-80.1736993, 25.787013], [-80.1734913, 25.7870083], [-80.1733104, 25.7869898], [-80.1731642, 25.7869576000001], [-80.1730799, 25.7868978], [-80.1729433, 25.7865832], [-80.1729628, 25.7865554], [-80.1730016, 25.7865137], [-80.1730137, 25.7864441], [-80.1729834, 25.7863671], [-80.1729156, 25.7862554]]}, "properties": {"project": "PH7113", "date": "19751101", "kind": "Natural.Mean High Water", "source": "TP00422"}}, {"type": "Feature", "geometry": {"type": "LineString", "coordinates": [[-80.1724948, 25.7862002], [-80.1724957, 25.7862731]]}, "properties": {"project": "PH7113", "date": "19751101", "kind": "Pier", "source": "TP00422"}}, {"type": "Feature", "geometry": {"type": "LineString", "coordinates": [[-80.193405, 25.7555533], [-80.1933784, 25.755529], [-80.1933797, 25.7553277]]}, "properties": {"project": "PH7113", "date": "19751101", "kind": "Pier", "source": "TP00422"}}, {"type": "Feature", "geometry": {"type": "LineString", "coordinates": [[-80.193301, 25.7556629], [-80.1931611, 25.7557212], [-80.1926871, 25.7558973], [-80.1921388, 25.7561041], [-80.1916596, 25.7562873], [-80.1914717, 25.7560644], [-80.1914171, 25.7560598], [-80.1912878, 25.756147], [-80.1909465, 25.7563486], [-80.1909079, 25.7563709], [-80.1908897, 25.7563892]]}, "properties": {"project": "PH7113", "date": "19751101", "kind": "Man-made", "source": "TP00422"}}, {"type": "Feature", "geometry": {"type": "LineString", "coordinates": [[-80.193405, 25.7555533], [-80.1933694, 25.7556344], [-80.193301, 25.7556629]]}, "properties": {"project": "PH7113", "date": "19751101", "kind": "Man-made", "source": "TP00422"}}, {"type": "Feature", "geometry": {"type": "LineString", "coordinates": [[-80.1936889999999, 25.7553707], [-80.1936758, 25.7553799], [-80.19362, 25.7554060000001], [-80.1935803, 25.7554082], [-80.1935379, 25.7554199], [-80.1935246, 25.7555037], [-80.193405, 25.7555533]]}, "properties": {"project": "PH7113", "date": "19751101", "kind": "Man-made", "source": "TP00422"}}, {"type": "Feature", "geometry": {"type": "LineString", "coordinates": [[-80.193301, 25.7556629], [-80.1932467, 25.7556049], [-80.19324, 25.7552883]]}, "properties": {"project": "PH7113", "date": "19751101", "kind": "Pier", "source": "TP00422"}}, {"type": "Feature", "geometry": {"type": "LineString", "coordinates": [[-80.1937684, 25.7553206], [-80.1936115, 25.7551408], [-80.1934297, 25.7552404], [-80.1934417, 25.7552945], [-80.193582, 25.7552301], [-80.1936889999999, 25.7553707]]}, "properties": {"project": "PH7113", "date": "19751101", "kind": "Pier", "source": "TP00422"}}, {"type": "Feature", "geometry": {"type": "LineString", "coordinates": [[-80.1941568, 25.7551401], [-80.1939708, 25.7552329], [-80.1937982, 25.7553039], [-80.1937684, 25.7553206]]}, "properties": {"project": "PH7113", "date": "19751101", "kind": "Natural.Mean High Water", "source": "TP00422"}}, {"type": "Feature", "geometry": {"type": "LineString", "coordinates": [[-80.1941568, 25.7551401], [-80.1940938, 25.7550537]]}, "properties": {"project": "PH7113", "date": "19751101", "kind": "Pier", "source": "TP00422"}}, {"type": "Feature", "geometry": {"type": "LineString", "coordinates": [[-80.1950031, 25.7545631], [-80.1949598, 25.7546438], [-80.1949078, 25.7547237], [-80.1946461, 25.7549154], [-80.1942064, 25.7551087000001], [-80.1941568, 25.7551401]]}, "properties": {"project": "PH7113", "date": "19751101", "kind": "Natural.Mean High Water", "source": "TP00422"}}, {"type": "Feature", "geometry": {"type": "LineString", "coordinates": [[-80.1729156, 25.7862554], [-80.1729619, 25.7860068], [-80.1729763, 25.7857857], [-80.1729344, 25.785551], [-80.1729329, 25.7855136], [-80.1729272, 25.7854891], [-80.1729047, 25.7854718], [-80.1728814, 25.7854585], [-80.1728632, 25.7854464], [-80.1727635, 25.7854449]]}, "properties": {"project": "PH7113", "date": "19751101", "kind": "Natural.Mean High Water", "source": "TP00422"}}, {"type": "Feature", "geometry": {"type": "LineString", "coordinates": [[-80.2230472, 25.7858929], [-80.2232544, 25.7859984], [-80.2233424, 25.7860864], [-80.2234179, 25.7861875], [-80.2234304, 25.7865379], [-80.2234384, 25.7869214], [-80.2234515, 25.7869663], [-80.223578, 25.786965]]}, "properties": {"project": "PH7113", "date": "19751101", "kind": "Man-made", "source": "TP00422"}}, {"type": "Feature", "geometry": {"type": "LineString", "coordinates": [[-80.2230472, 25.7858929], [-80.2230507, 25.7856793], [-80.2228891, 25.78567], [-80.2228833, 25.7857746]]}, "properties": {"project": "PH7113", "date": "19751101", "kind": "Man-made", "source": "TP00422"}}, {"type": "Feature", "geometry": {"type": "LineString", "coordinates": [[-80.1727635, 25.7854449], [-80.1726093, 25.7854632]]}, "properties": {"project": "PH7113", "date": "19751101", "kind": "Pier", "source": "TP00422"}}, {"type": "Feature", "geometry": {"type": "LineString", "coordinates": [[-80.1726444, 25.7852379], [-80.172453, 25.7852434], [-80.1724282, 25.7852446], [-80.1723004, 25.785347], [-80.172298, 25.785474]]}, "properties": {"project": "PH7113", "date": "19751101", "kind": "Pier", "source": "TP00422"}}, {"type": "Feature", "geometry": {"type": "LineString", "coordinates": [[-80.1727635, 25.7854449], [-80.1727084, 25.7853923], [-80.1726635, 25.7853326], [-80.172655, 25.7852875], [-80.1726444, 25.7852379]]}, "properties": {"project": "PH7113", "date": "19751101", "kind": "Natural.Mean High Water", "source": "TP00422"}}, {"type": "Feature", "geometry": {"type": "LineString", "coordinates": [[-80.2228579, 25.7849338], [-80.2228749, 25.7849638], [-80.2228861, 25.7852769], [-80.2230589, 25.7852795], [-80.2230487, 25.7849358]]}, "properties": {"project": "PH7113", "date": "19751101", "kind": "Man-made", "source": "TP00422"}}, {"type": "Feature", "geometry": {"type": "LineString", "coordinates": [[-80.2226129, 25.7849476], [-80.2226682, 25.7849001]]}, "properties": {"project": "PH7113", "date": "19751101", "kind": "Pier", "source": "TP00422"}}, {"type": "Feature", "geometry": {"type": "LineString", "coordinates": [[-80.2226682, 25.7849001], [-80.2227108, 25.7849167], [-80.2228128, 25.7849308], [-80.2228579, 25.7849338]]}, "properties": {"project": "PH7113", "date": "19751101", "kind": "Man-made", "source": "TP00422"}}, {"type": "Feature", "geometry": {"type": "LineString", "coordinates": [[-80.2311968, 25.7848795], [-80.2314664, 25.7848884]]}, "properties": {"project": "PH7113", "date": "19751101", "kind": "Undetermined.Approximate", "source": "TP00422"}}, {"type": "Feature", "geometry": {"type": "LineString", "coordinates": [[-80.2223728, 25.7848327], [-80.22242, 25.784859], [-80.2224459, 25.7848166]]}, "properties": {"project": "PH7113", "date": "19751101", "kind": "Pier", "source": "TP00422"}}, {"type": "Feature", "geometry": {"type": "LineString", "coordinates": [[-80.2224459, 25.7848166], [-80.2225655, 25.7848602], [-80.2226682, 25.7849001]]}, "properties": {"project": "PH7113", "date": "19751101", "kind": "Man-made", "source": "TP00422"}}, {"type": "Feature", "geometry": {"type": "LineString", "coordinates": [[-80.2222414, 25.7847872], [-80.2221859, 25.7847683], [-80.2222038, 25.7847285]]}, "properties": {"project": "PH7113", "date": "19751101", "kind": "Pier", "source": "TP00422"}}, {"type": "Feature", "geometry": {"type": "LineString", "coordinates": [[-80.2222038, 25.7847285], [-80.2224459, 25.7848166]]}, "properties": {"project": "PH7113", "date": "19751101", "kind": "Man-made", "source": "TP00422"}}, {"type": "Feature", "geometry": {"type": "LineString", "coordinates": [[-80.2314552, 25.7847057], [-80.2311937, 25.7847155]]}, "properties": {"project": "PH7113", "date": "19751101", "kind": "Undetermined.Approximate", "source": "TP00422"}}, {"type": "Feature", "geometry": {"type": "LineString", "coordinates": [[-80.2220668, 25.7847248], [-80.2220155, 25.7847078], [-80.2220351, 25.784667]]}, "properties": {"project": "PH7113", "date": "19751101", "kind": "Pier", "source": "TP00422"}}, {"type": "Feature", "geometry": {"type": "LineString", "coordinates": [[-80.2219031, 25.784619], [-80.2218825, 25.7846559]]}, "properties": {"project": "PH7113", "date": "19751101", "kind": "Pier", "source": "TP00422"}}, {"type": "Feature", "geometry": {"type": "LineString", "coordinates": [[-80.2220351, 25.784667], [-80.2222038, 25.7847285]]}, "properties": {"project": "PH7113", "date": "19751101", "kind": "Man-made", "source": "TP00422"}}, {"type": "Feature", "geometry": {"type": "LineString", "coordinates": [[-80.2219231, 25.7846719], [-80.2218825, 25.7846559]]}, "properties": {"project": "PH7113", "date": "19751101", "kind": "Pier", "source": "TP00422"}}, {"type": "Feature", "geometry": {"type": "LineString", "coordinates": [[-80.2218825, 25.7846559], [-80.2218368, 25.7846379]]}, "properties": {"project": "PH7113", "date": "19751101", "kind": "Pier", "source": "TP00422"}}, {"type": "Feature", "geometry": {"type": "LineString", "coordinates": [[-80.2219031, 25.784619], [-80.2220351, 25.784667]]}, "properties": {"project": "PH7113", "date": "19751101", "kind": "Man-made", "source": "TP00422"}}, {"type": "Feature", "geometry": {"type": "LineString", "coordinates": [[-80.2217041, 25.7845494], [-80.221693, 25.784598]]}, "properties": {"project": "PH7113", "date": "19751101", "kind": "Pier", "source": "TP00422"}}, {"type": "Feature", "geometry": {"type": "LineString", "coordinates": [[-80.2217041, 25.7845494], [-80.2218076, 25.7845842], [-80.2219031, 25.784619]]}, "properties": {"project": "PH7113", "date": "19751101", "kind": "Man-made", "source": "TP00422"}}, {"type": "Feature", "geometry": {"type": "LineString", "coordinates": [[-80.2314664, 25.7848884], [-80.231555, 25.7848665], [-80.2316826, 25.7848672], [-80.2318906, 25.7848627], [-80.2319482, 25.784863], [-80.2321521, 25.7848361], [-80.2322283, 25.7848328], [-80.2324094, 25.7848393], [-80.2325803, 25.7848327], [-80.2326877, 25.7847755], [-80.2328736, 25.7846759], [-80.2329334, 25.7846613], [-80.2330241, 25.7846469], [-80.2331682, 25.7846458], [-80.2332854, 25.7846613], [-80.2334107, 25.7846973], [-80.2335177, 25.7847035], [-80.233596, 25.784689], [-80.2336868, 25.7846559], [-80.2337959, 25.7846584], [-80.2339132, 25.7846646], [-80.2340201, 25.7846838], [-80.2341064, 25.784701], [-80.2341496, 25.7847068], [-80.2341845, 25.7847182], [-80.2343241, 25.784786], [-80.2343878, 25.7848013], [-80.2345272, 25.7848784], [-80.2345639, 25.7849419], [-80.2346338, 25.7849554], [-80.2347014, 25.7850004], [-80.2347879, 25.784999], [-80.2348744, 25.7849846], [-80.2351441, 25.7849841], [-80.2351833, 25.7849694], [-80.2352598, 25.7849121], [-80.2353052, 25.7848881], [-80.2354063, 25.7848625], [-80.2354845999999, 25.7848424], [-80.2355773, 25.7848373], [-80.2356967, 25.7848342], [-80.235748, 25.7848550000001], [-80.235855, 25.784863], [-80.2359309, 25.7849081], [-80.236013, 25.7849328], [-80.2361857, 25.7849765], [-80.2363194, 25.7849847], [-80.2364344, 25.7850207], [-80.2364631, 25.7850507], [-80.2365536, 25.7850549], [-80.2366049, 25.7850794], [-80.2366708, 25.785076], [-80.2366873, 25.7850649], [-80.2367593, 25.7850746], [-80.2367882, 25.785071], [-80.2368233, 25.7850488], [-80.2368295, 25.7850395], [-80.2368317, 25.7850302], [-80.2368276, 25.7850172], [-80.2368133, 25.7850041], [-80.2367948, 25.7849965], [-80.2367599, 25.7849907], [-80.2367105, 25.7849905], [-80.2366261, 25.7849919], [-80.2364204, 25.7849573], [-80.2362396, 25.7849041], [-80.2360648, 25.784879], [-80.2358677, 25.784809], [-80.2358101, 25.7848069], [-80.2357384, 25.7847562], [-80.2355597, 25.7846956], [-80.235344, 25.7846311], [-80.2351649, 25.7846283], [-80.2350042, 25.784648], [-80.2348622, 25.7846453], [-80.2347613, 25.7846541], [-80.2346788, 25.7846817], [-80.2345635, 25.7846848], [-80.2344361, 25.7846431], [-80.23436, 25.7846353], [-80.2342985, 25.7846032], [-80.2341382, 25.784554], [-80.2340067, 25.7845272], [-80.2338237, 25.7844983], [-80.2337168, 25.7844772], [-80.2335069, 25.7844649], [-80.2332311, 25.7844579], [-80.2331159, 25.7844554], [-80.2329902, 25.7844771], [-80.2328459, 25.7845117], [-80.2327197, 25.7846024], [-80.2325999, 25.784667], [-80.2324598, 25.7846923], [-80.2322498, 25.7847024], [-80.2320873, 25.7846792], [-80.2318797, 25.7846315], [-80.2317583, 25.7846309], [-80.2316017, 25.7846543], [-80.2314552, 25.7847057]]}, "properties": {"project": "PH7113", "date": "19751101", "kind": "Natural.Mean High Water", "source": "TP00422"}}, {"type": "Feature", "geometry": {"type": "LineString", "coordinates": [[-80.1981567, 25.7517103], [-80.1980952, 25.7517726]]}, "properties": {"project": "PH7113", "date": "19751101", "kind": "Man-made", "source": "TP00422"}}, {"type": "Feature", "geometry": {"type": "LineString", "coordinates": [[-80.1984373, 25.7522357], [-80.1983223, 25.7523342], [-80.1982288, 25.7524641], [-80.1980501, 25.7526302], [-80.1980075, 25.7526463], [-80.1977751, 25.7523463], [-80.1976841, 25.7522257], [-80.1975469, 25.7523532], [-80.1974069, 25.7524915], [-80.197287, 25.7526012], [-80.1971062, 25.7527105], [-80.1969718, 25.7527997], [-80.1968329, 25.7528775], [-80.1967907, 25.7528545], [-80.1967057, 25.7528972], [-80.1966961, 25.7529487], [-80.1965272, 25.7530545], [-80.196149, 25.7532712], [-80.1958066, 25.7534822], [-80.1954297, 25.7537025], [-80.1950568, 25.7539229], [-80.1946945, 25.7541421], [-80.194789, 25.7542745], [-80.1949098, 25.7544263], [-80.1950031, 25.7545631]]}, "properties": {"project": "PH7113", "date": "19751101", "kind": "Man-made", "source": "TP00422"}}, {"type": "Feature", "geometry": {"type": "LineString", "coordinates": [[-80.1980952, 25.7517726], [-80.1980748, 25.7518017], [-80.1983029, 25.7520862], [-80.1984373, 25.7522357]]}, "properties": {"project": "PH7113", "date": "19751101", "kind": "Man-made", "source": "TP00422"}}, {"type": "Feature", "geometry": {"type": "LineString", "coordinates": [[-80.1980952, 25.7517726], [-80.198048, 25.7517407]]}, "properties": {"project": "PH7113", "date": "19751101", "kind": "Pier", "source": "TP00422"}}, {"type": "Feature", "geometry": {"type": "LineString", "coordinates": [[-80.1981076, 25.7516688], [-80.1980826, 25.7516927]]}, "properties": {"project": "PH7113", "date": "19751101", "kind": "Pier", "source": "TP00422"}}, {"type": "Feature", "geometry": {"type": "LineString", "coordinates": [[-80.1981567, 25.7517103], [-80.1981076, 25.7516688]]}, "properties": {"project": "PH7113", "date": "19751101", "kind": "Pier", "source": "TP00422"}}, {"type": "Feature", "geometry": {"type": "LineString", "coordinates": [[-80.1982236, 25.7516427], [-80.1981567, 25.7517103]]}, "properties": {"project": "PH7113", "date": "19751101", "kind": "Man-made", "source": "TP00422"}}, {"type": "Feature", "geometry": {"type": "LineString", "coordinates": [[-80.1981418, 25.7516361], [-80.1981076, 25.7516688]]}, "properties": {"project": "PH7113", "date": "19751101", "kind": "Pier", "source": "TP00422"}}, {"type": "Feature", "geometry": {"type": "LineString", "coordinates": [[-80.1982236, 25.7516427], [-80.1981893, 25.7516157]]}, "properties": {"project": "PH7113", "date": "19751101", "kind": "Pier", "source": "TP00422"}}, {"type": "Feature", "geometry": {"type": "LineString", "coordinates": [[-80.1982718, 25.7515939], [-80.1982236, 25.7516427]]}, "properties": {"project": "PH7113", "date": "19751101", "kind": "Man-made", "source": "TP00422"}}, {"type": "Feature", "geometry": {"type": "LineString", "coordinates": [[-80.1982718, 25.7515939], [-80.1982394, 25.7515671]]}, "properties": {"project": "PH7113", "date": "19751101", "kind": "Pier", "source": "TP00422"}}, {"type": "Feature", "geometry": {"type": "LineString", "coordinates": [[-80.1983312999999, 25.7515346], [-80.1983083, 25.7515571], [-80.1982718, 25.7515939]]}, "properties": {"project": "PH7113", "date": "19751101", "kind": "Man-made", "source": "TP00422"}}, {"type": "Feature", "geometry": {"type": "LineString", "coordinates": [[-80.2288827, 25.7881738], [-80.2293094, 25.7883469], [-80.2293649, 25.7883677], [-80.2293999, 25.7883679]]}, "properties": {"project": "PH7113", "date": "19751101", "kind": "Man-made", "source": "TP00422"}}, {"type": "Feature", "geometry": {"type": "LineString", "coordinates": [[-80.2298637, 25.7886757], [-80.2298428, 25.7880763], [-80.2298814, 25.7880816], [-80.2300737, 25.7882559], [-80.230107, 25.7888134]]}, "properties": {"project": "PH7113", "date": "19751101", "kind": "Man-made", "source": "TP00422"}}, {"type": "Feature", "geometry": {"type": "LineString", "coordinates": [[-80.2284798, 25.7880369], [-80.2286333, 25.788082], [-80.2288827, 25.7881738]]}, "properties": {"project": "PH7113", "date": "19751101", "kind": "Man-made", "source": "TP00422"}}, {"type": "Feature", "geometry": {"type": "LineString", "coordinates": [[-80.1854198, 25.8015196], [-80.1854232, 25.8011572], [-80.185428, 25.8002361], [-80.1854269, 25.7993069], [-80.1854362, 25.7990636], [-80.1854341, 25.7990214]]}, "properties": {"project": "PH7113", "date": "19751101", "kind": "Man-made", "source": "TP00422"}}, {"type": "Feature", "geometry": {"type": "LineString", "coordinates": [[-80.1854341, 25.7990214], [-80.1854131, 25.7990156], [-80.1854001, 25.7990081], [-80.1853884, 25.7989982], [-80.1853884, 25.7989577], [-80.1853902, 25.7989439], [-80.1854153, 25.7989444], [-80.185431, 25.7989431]]}, "properties": {"project": "PH7113", "date": "19751101", "kind": "Man-made", "source": "TP00422"}}, {"type": "Feature", "geometry": {"type": "LineString", "coordinates": [[-80.1763924, 25.7982806], [-80.1765107, 25.7984699], [-80.1766435, 25.7987649], [-80.1766782, 25.7990648], [-80.1766488, 25.799331], [-80.1766387, 25.7994642], [-80.1766995, 25.7995311], [-80.1767393, 25.7995397], [-80.1767516, 25.7995398], [-80.1767670999999, 25.7995176], [-80.1767703, 25.799501], [-80.1767645, 25.799451], [-80.1767646, 25.7994344], [-80.176756, 25.7993887], [-80.1767251, 25.7992971], [-80.1767038, 25.7991853], [-80.1768382, 25.7988788], [-80.1770835, 25.7984613], [-80.1772965, 25.7982431], [-80.1775667, 25.7980491], [-80.1777439, 25.7979145], [-80.1778904, 25.7977518], [-80.1779797, 25.7975927], [-80.1779757, 25.7975248], [-80.1779275, 25.7974887], [-80.1776875, 25.7975107], [-80.1776114, 25.7975576], [-80.1774266, 25.7976787], [-80.1772297, 25.7977886], [-80.1769468, 25.7979146], [-80.1767379, 25.7979689], [-80.1765564, 25.7980678], [-80.1764391, 25.7981809], [-80.1763924, 25.7982806]]}, "properties": {"project": "PH7113", "date": "19751101", "kind": "Natural.Mean High Water", "source": "TP00422"}}, {"type": "Feature", "geometry": {"type": "LineString", "coordinates": [[-80.2282263, 25.7874572], [-80.2282295, 25.7879107], [-80.2282355, 25.7879462], [-80.2284798, 25.7880369]]}, "properties": {"project": "PH7113", "date": "19751101", "kind": "Man-made", "source": "TP00422"}}, {"type": "Feature", "geometry": {"type": "LineString", "coordinates": [[-80.2293999, 25.7883679], [-80.2294087, 25.7876449], [-80.2296258, 25.7878175], [-80.2296227, 25.7886076]]}, "properties": {"project": "PH7113", "date": "19751101", "kind": "Man-made", "source": "TP00422"}}, {"type": "Feature", "geometry": {"type": "LineString", "coordinates": [[-80.2313041, 25.7885756], [-80.2314256, 25.7885818], [-80.2315261, 25.788557], [-80.2315006, 25.7875349], [-80.2317407, 25.7875506], [-80.2317843, 25.7876306], [-80.2317777, 25.7886526], [-80.2318311, 25.7887489], [-80.2319709, 25.7887968], [-80.2319991, 25.7887643], [-80.2320788, 25.7882102], [-80.2322066999999, 25.7882363], [-80.2322266, 25.7888742], [-80.2333785, 25.789346], [-80.2334085, 25.7893589], [-80.2334109, 25.7888317], [-80.2334205, 25.7887222], [-80.2335551, 25.7886927], [-80.2336511, 25.7887038], [-80.2336462, 25.789111], [-80.2336403, 25.7894252], [-80.2336969, 25.7894919], [-80.2337734, 25.7895380000001], [-80.2338245, 25.7895453], [-80.2338434, 25.7893705], [-80.2338747, 25.7893415], [-80.2338913, 25.7893536], [-80.2339001, 25.7893627], [-80.2339118, 25.7896081], [-80.2340105, 25.7896388], [-80.2340255, 25.7896364], [-80.2340311, 25.7896244], [-80.2340346, 25.7895972], [-80.234037, 25.7895711], [-80.234018, 25.7892412], [-80.2340171, 25.7889551], [-80.2340194, 25.788944], [-80.2340295, 25.788931], [-80.234034, 25.788921], [-80.2340696, 25.7889101], [-80.2340896, 25.7889102], [-80.2341329, 25.7889145], [-80.2341595, 25.7889166000001]]}, "properties": {"project": "PH7113", "date": "19751101", "kind": "Man-made", "source": "TP00422"}}, {"type": "Feature", "geometry": {"type": "LineString", "coordinates": [[-80.2270195, 25.7874655], [-80.2272933, 25.7874595]]}, "properties": {"project": "PH7113", "date": "19751101", "kind": "Man-made", "source": "TP00422"}}, {"type": "Feature", "geometry": {"type": "LineString", "coordinates": [[-80.2272933, 25.7874595], [-80.2274011, 25.7874571], [-80.227446, 25.787447], [-80.2277392, 25.7874366]]}, "properties": {"project": "PH7113", "date": "19751101", "kind": "Man-made", "source": "TP00422"}}, {"type": "Feature", "geometry": {"type": "LineString", "coordinates": [[-80.2277392, 25.7874366], [-80.2278047, 25.7874343]]}, "properties": {"project": "PH7113", "date": "19751101", "kind": "Man-made", "source": "TP00422"}}, {"type": "Feature", "geometry": {"type": "LineString", "coordinates": [[-80.2288827, 25.7881738], [-80.2288806, 25.7874093]]}, "properties": {"project": "PH7113", "date": "19751101", "kind": "Pier", "source": "TP00422"}}, {"type": "Feature", "geometry": {"type": "LineString", "coordinates": [[-80.2278047, 25.7874343], [-80.2279975, 25.7874275], [-80.2281484, 25.787409]]}, "properties": {"project": "PH7113", "date": "19751101", "kind": "Man-made", "source": "TP00422"}}, {"type": "Feature", "geometry": {"type": "LineString", "coordinates": [[-80.1793486, 25.7873885], [-80.1793346, 25.7877007]]}, "properties": {"project": "PH7113", "date": "19751101", "kind": "Undetermined.Approximate", "source": "TP00422"}}, {"type": "Feature", "geometry": {"type": "LineString", "coordinates": [[-80.2277392, 25.7874366], [-80.2277187, 25.7873693]]}, "properties": {"project": "PH7113", "date": "19751101", "kind": "Pier", "source": "TP00422"}}, {"type": "Feature", "geometry": {"type": "LineString", "coordinates": [[-80.1855228, 25.788906], [-80.1855286, 25.7884291], [-80.1855355, 25.7879793], [-80.1855435, 25.7873564]]}, "properties": {"project": "PH7113", "date": "19751101", "kind": "Man-made", "source": "TP00422"}}, {"type": "Feature", "geometry": {"type": "LineString", "coordinates": [[-80.2270195, 25.7874655], [-80.2270274, 25.7873487]]}, "properties": {"project": "PH7113", "date": "19751101", "kind": "Pier", "source": "TP00422"}}, {"type": "Feature", "geometry": {"type": "LineString", "coordinates": [[-80.2278047, 25.7874343], [-80.2277961, 25.7873295]]}, "properties": {"project": "PH7113", "date": "19751101", "kind": "Pier", "source": "TP00422"}}, {"type": "Feature", "geometry": {"type": "LineString", "coordinates": [[-80.2267412, 25.7872897], [-80.2267639, 25.7873208], [-80.2269805, 25.7874566], [-80.2270195, 25.7874655]]}, "properties": {"project": "PH7113", "date": "19751101", "kind": "Man-made", "source": "TP00422"}}, {"type": "Feature", "geometry": {"type": "LineString", "coordinates": [[-80.2281484, 25.787409], [-80.2281693, 25.7873569], [-80.2281689, 25.7873144], [-80.2281768, 25.7872868], [-80.2282016, 25.7872783], [-80.2282252, 25.7873032], [-80.2282263, 25.7874572]]}, "properties": {"project": "PH7113", "date": "19751101", "kind": "Man-made", "source": "TP00422"}}, {"type": "Feature", "geometry": {"type": "LineString", "coordinates": [[-80.2284798, 25.7880369], [-80.2284797, 25.7872782]]}, "properties": {"project": "PH7113", "date": "19751101", "kind": "Pier", "source": "TP00422"}}, {"type": "Feature", "geometry": {"type": "LineString", "coordinates": [[-80.223578, 25.786965], [-80.2237445, 25.7869631]]}, "properties": {"project": "PH7113", "date": "19751101", "kind": "Man-made", "source": "TP00422"}}, {"type": "Feature", "geometry": {"type": "LineString", "coordinates": [[-80.2266309, 25.7871587], [-80.2267026, 25.7872187], [-80.2267412, 25.7872897]]}, "properties": {"project": "PH7113", "date": "19751101", "kind": "Man-made", "source": "TP00422"}}, {"type": "Feature", "geometry": {"type": "LineString", "coordinates": [[-80.2264441, 25.7870738], [-80.2266309, 25.7871587]]}, "properties": {"project": "PH7113", "date": "19751101", "kind": "Man-made", "source": "TP00422"}}, {"type": "Feature", "geometry": {"type": "LineString", "coordinates": [[-80.1855207999999, 25.7870454], [-80.1855435, 25.7873564]]}, "properties": {"project": "PH7113", "date": "19751101", "kind": "Undetermined.Approximate", "source": "TP00422"}}, {"type": "Feature", "geometry": {"type": "LineString", "coordinates": [[-80.2237445, 25.7869631], [-80.2238746, 25.7869617]]}, "properties": {"project": "PH7113", "date": "19751101", "kind": "Man-made", "source": "TP00422"}}, {"type": "Feature", "geometry": {"type": "LineString", "coordinates": [[-80.2260503, 25.7868556], [-80.2264441, 25.7870738]]}, "properties": {"project": "PH7113", "date": "19751101", "kind": "Man-made", "source": "TP00422"}}, {"type": "Feature", "geometry": {"type": "LineString", "coordinates": [[-80.2264441, 25.7870738], [-80.226477, 25.7865041]]}, "properties": {"project": "PH7113", "date": "19751101", "kind": "Pier", "source": "TP00422"}}, {"type": "Feature", "geometry": {"type": "LineString", "coordinates": [[-80.185431, 25.7989431], [-80.1854291, 25.798914], [-80.1854253, 25.7987858], [-80.1854350999999, 25.7983199], [-80.1854401, 25.7979212], [-80.1854421, 25.797513], [-80.1854428, 25.7972634], [-80.1858844, 25.7972432], [-80.186252, 25.7972363], [-80.1864167, 25.7972335], [-80.1866437, 25.7972192], [-80.1868326, 25.7972172], [-80.1869609, 25.7972136], [-80.1869936, 25.7972084]]}, "properties": {"project": "PH7113", "date": "19751101", "kind": "Man-made", "source": "TP00422"}}, {"type": "Feature", "geometry": {"type": "LineString", "coordinates": [[-80.2272933, 25.7874595], [-80.2271762, 25.7867405]]}, "properties": {"project": "PH7113", "date": "19751101", "kind": "Pier", "source": "TP00422"}}, {"type": "Feature", "geometry": {"type": "LineString", "coordinates": [[-80.2257836, 25.7866834], [-80.2260503, 25.7868556]]}, "properties": {"project": "PH7113", "date": "19751101", "kind": "Man-made", "source": "TP00422"}}, {"type": "Feature", "geometry": {"type": "LineString", "coordinates": [[-80.2267412, 25.7872897], [-80.2267898, 25.7872523], [-80.2268252, 25.7871912], [-80.2268522, 25.7866267]]}, "properties": {"project": "PH7113", "date": "19751101", "kind": "Pier", "source": "TP00422"}}, {"type": "Feature", "geometry": {"type": "LineString", "coordinates": [[-80.2266309, 25.7871587], [-80.2266565, 25.7865601]]}, "properties": {"project": "PH7113", "date": "19751101", "kind": "Pier", "source": "TP00422"}}, {"type": "Feature", "geometry": {"type": "LineString", "coordinates": [[-80.2238746, 25.7869617], [-80.223883, 25.7864686], [-80.2239347, 25.7864681], [-80.2239227, 25.7869689]]}, "properties": {"project": "PH7113", "date": "19751101", "kind": "Man-made", "source": "TP00422"}}, {"type": "Feature", "geometry": {"type": "LineString", "coordinates": [[-80.2237445, 25.7869631], [-80.2237449, 25.7864588]]}, "properties": {"project": "PH7113", "date": "19751101", "kind": "Pier", "source": "TP00422"}}, {"type": "Feature", "geometry": {"type": "LineString", "coordinates": [[-80.2253758, 25.7864457], [-80.2254534, 25.7865393], [-80.2254764, 25.7871134], [-80.2254759, 25.7871861], [-80.2257806, 25.7871803], [-80.2257835, 25.7867106], [-80.2257836, 25.7866834]]}, "properties": {"project": "PH7113", "date": "19751101", "kind": "Man-made", "source": "TP00422"}}, {"type": "Feature", "geometry": {"type": "LineString", "coordinates": [[-80.223578, 25.786965], [-80.2235829, 25.7864409]]}, "properties": {"project": "PH7113", "date": "19751101", "kind": "Pier", "source": "TP00422"}}, {"type": "Feature", "geometry": {"type": "LineString", "coordinates": [[-80.2239227, 25.7869689], [-80.223925, 25.7871917000001], [-80.2242512, 25.7871986], [-80.2242742, 25.7871918], [-80.2242782, 25.7871521], [-80.2242903, 25.7866116], [-80.224306, 25.7865426], [-80.2243463, 25.7865186], [-80.2243978, 25.7865085], [-80.2247801, 25.7864017], [-80.2251749, 25.7864159], [-80.2252351, 25.7863921]]}, "properties": {"project": "PH7113", "date": "19751101", "kind": "Man-made", "source": "TP00422"}}, {"type": "Feature", "geometry": {"type": "LineString", "coordinates": [[-80.2260503, 25.7868556], [-80.2260364, 25.7863643]]}, "properties": {"project": "PH7113", "date": "19751101", "kind": "Pier", "source": "TP00422"}}, {"type": "Feature", "geometry": {"type": "LineString", "coordinates": [[-80.1882454, 25.7649392], [-80.1882392, 25.7650443]]}, "properties": {"project": "PH7113", "date": "19751101", "kind": "Pier", "source": "TP00422"}}, {"type": "Feature", "geometry": {"type": "LineString", "coordinates": [[-80.2257836, 25.7866834], [-80.2257701, 25.7865857], [-80.2257636, 25.7863229]]}, "properties": {"project": "PH7113", "date": "19751101", "kind": "Pier", "source": "TP00422"}}, {"type": "Feature", "geometry": {"type": "LineString", "coordinates": [[-80.1883794, 25.7650482], [-80.1883582, 25.7653055], [-80.1883422, 25.7655007], [-80.1883703, 25.7655224]]}, "properties": {"project": "PH7113", "date": "19751101", "kind": "Man-made", "source": "TP00422"}}, {"type": "Feature", "geometry": {"type": "LineString", "coordinates": [[-80.1883301, 25.7650468000001], [-80.1883216, 25.7651068]]}, "properties": {"project": "PH7113", "date": "19751101", "kind": "Pier", "source": "TP00422"}}, {"type": "Feature", "geometry": {"type": "LineString", "coordinates": [[-80.1883794, 25.7650482], [-80.1883301, 25.7650468000001]]}, "properties": {"project": "PH7113", "date": "19751101", "kind": "Pier", "source": "TP00422"}}, {"type": "Feature", "geometry": {"type": "LineString", "coordinates": [[-80.1882392, 25.7650443], [-80.1882335, 25.7651397]]}, "properties": {"project": "PH7113", "date": "19751101", "kind": "Pier", "source": "TP00422"}}, {"type": "Feature", "geometry": {"type": "LineString", "coordinates": [[-80.1883301, 25.7650468000001], [-80.1882392, 25.7650443]]}, "properties": {"project": "PH7113", "date": "19751101", "kind": "Pier", "source": "TP00422"}}, {"type": "Feature", "geometry": {"type": "LineString", "coordinates": [[-80.1883364, 25.7650018000001], [-80.1883301, 25.7650468000001]]}, "properties": {"project": "PH7113", "date": "19751101", "kind": "Pier", "source": "TP00422"}}, {"type": "Feature", "geometry": {"type": "LineString", "coordinates": [[-80.1882778, 25.7646337], [-80.1882718, 25.7647274]]}, "properties": {"project": "PH7113", "date": "19751101", "kind": "Pier", "source": "TP00422"}}, {"type": "Feature", "geometry": {"type": "LineString", "coordinates": [[-80.1883697, 25.7646333], [-80.1882778, 25.7646337]]}, "properties": {"project": "PH7113", "date": "19751101", "kind": "Pier", "source": "TP00422"}}, {"type": "Feature", "geometry": {"type": "LineString", "coordinates": [[-80.1883697, 25.7646333], [-80.1883643, 25.7646949]]}, "properties": {"project": "PH7113", "date": "19751101", "kind": "Pier", "source": "TP00422"}}, {"type": "Feature", "geometry": {"type": "LineString", "coordinates": [[-80.1884134, 25.7646328], [-80.1883697, 25.7646333]]}, "properties": {"project": "PH7113", "date": "19751101", "kind": "Pier", "source": "TP00422"}}, {"type": "Feature", "geometry": {"type": "LineString", "coordinates": [[-80.1884134, 25.7646328], [-80.1883794, 25.7650482]]}, "properties": {"project": "PH7113", "date": "19751101", "kind": "Man-made", "source": "TP00422"}}, {"type": "Feature", "geometry": {"type": "LineString", "coordinates": [[-80.1883754, 25.7645669], [-80.1883697, 25.7646333]]}, "properties": {"project": "PH7113", "date": "19751101", "kind": "Pier", "source": "TP00422"}}, {"type": "Feature", "geometry": {"type": "LineString", "coordinates": [[-80.1882851, 25.7645192], [-80.1882778, 25.7646337]]}, "properties": {"project": "PH7113", "date": "19751101", "kind": "Pier", "source": "TP00422"}}, {"type": "Feature", "geometry": {"type": "LineString", "coordinates": [[-80.1884469, 25.764203], [-80.1884186, 25.7645705], [-80.1884134, 25.7646328]]}, "properties": {"project": "PH7113", "date": "19751101", "kind": "Man-made", "source": "TP00422"}}, {"type": "Feature", "geometry": {"type": "LineString", "coordinates": [[-80.1883886, 25.7642022], [-80.1883838, 25.7642771]]}, "properties": {"project": "PH7113", "date": "19751101", "kind": "Pier", "source": "TP00422"}}, {"type": "Feature", "geometry": {"type": "LineString", "coordinates": [[-80.18478038435221, 25.82], [-80.1847867, 25.8198344], [-80.1847817, 25.8196741], [-80.1847577, 25.8195528], [-80.1847039, 25.8194135], [-80.1846236, 25.8192949], [-80.1844803, 25.8191711], [-80.1843351, 25.8190286], [-80.184182, 25.818834], [-80.1839766, 25.818583], [-80.1838739, 25.8184353], [-80.1837844, 25.8182764], [-80.1836488, 25.8179937], [-80.183494, 25.8176896], [-80.1833519, 25.8173981], [-80.1832032, 25.8171148], [-80.1830622, 25.8168428], [-80.1829274, 25.8165654], [-80.1829054, 25.816491], [-80.1829034, 25.8164471], [-80.1829097, 25.8164192], [-80.1829161, 25.8163968], [-80.1829307, 25.8163727], [-80.182968, 25.8163375], [-80.1830155, 25.816295]]}, "properties": {"project": "PH7113", "date": "19751101", "kind": "Man-made", "source": "TP00422"}}, {"type": "Feature", "geometry": {"type": "LineString", "coordinates": [[-80.1830142, 25.8161612], [-80.1829415, 25.8162205], [-80.1829859, 25.8162641]]}, "properties": {"project": "PH7113", "date": "19751101", "kind": "Pier", "source": "TP00422"}}, {"type": "Feature", "geometry": {"type": "LineString", "coordinates": [[-80.1829859, 25.8162641], [-80.1830155, 25.816295]]}, "properties": {"project": "PH7113", "date": "19751101", "kind": "Man-made", "source": "TP00422"}}, {"type": "Feature", "geometry": {"type": "LineString", "coordinates": [[-80.1830155, 25.816295], [-80.1830547, 25.8162574]]}, "properties": {"project": "PH7113", "date": "19751101", "kind": "Natural.Mean High Water", "source": "TP00422"}}, {"type": "Feature", "geometry": {"type": "LineString", "coordinates": [[-80.1830547, 25.8162574], [-80.1830286, 25.8162335], [-80.1829859, 25.8162641]]}, "properties": {"project": "PH7113", "date": "19751101", "kind": "Man-made", "source": "TP00422"}}, {"type": "Feature", "geometry": {"type": "LineString", "coordinates": [[-80.1830547, 25.8162574], [-80.1831336, 25.8162005], [-80.1834028, 25.8159821], [-80.183558, 25.8158582]]}, "properties": {"project": "PH7113", "date": "19751101", "kind": "Man-made", "source": "TP00422"}}, {"type": "Feature", "geometry": {"type": "LineString", "coordinates": [[-80.183558, 25.8158582], [-80.1835143, 25.8158045], [-80.1835485, 25.8157739]]}, "properties": {"project": "PH7113", "date": "19751101", "kind": "Pier", "source": "TP00422"}}, {"type": "Feature", "geometry": {"type": "LineString", "coordinates": [[-80.183558, 25.8158582], [-80.1836222, 25.8158045], [-80.1838189, 25.8156472], [-80.1840715, 25.8154455], [-80.1843385, 25.8152383]]}, "properties": {"project": "PH7113", "date": "19751101", "kind": "Man-made", "source": "TP00422"}}, {"type": "Feature", "geometry": {"type": "LineString", "coordinates": [[-80.1843385, 25.8152383], [-80.1842871, 25.8152029]]}, "properties": {"project": "PH7113", "date": "19751101", "kind": "Pier", "source": "TP00422"}}, {"type": "Feature", "geometry": {"type": "LineString", "coordinates": [[-80.20366, 25.7757483], [-80.2034489, 25.7757667], [-80.2034199, 25.7757963], [-80.2034177, 25.7758261], [-80.2034339, 25.7758653], [-80.2034874, 25.7758619], [-80.2035328, 25.7758547], [-80.2035649, 25.7758482], [-80.2035922, 25.7758506], [-80.2036057, 25.7758532]]}, "properties": {"project": "PH7113", "date": "19751101", "kind": "Man-made", "source": "TP00422"}}, {"type": "Feature", "geometry": {"type": "LineString", "coordinates": [[-80.2039766, 25.7760812], [-80.2039829, 25.7761001], [-80.2039795, 25.7761277], [-80.2039823, 25.7761903], [-80.2040047, 25.7761918], [-80.204024, 25.7761919], [-80.2042119, 25.7762163], [-80.2043523, 25.7762295], [-80.2043522, 25.7762504], [-80.2043474, 25.7762712], [-80.204101, 25.776272], [-80.2040112, 25.7762715], [-80.2039398, 25.7762711], [-80.2038702, 25.7762689], [-80.2038508, 25.7762804], [-80.2038347, 25.7762919], [-80.2038313, 25.7763123], [-80.2038472, 25.7763356], [-80.2041220999999, 25.7766135], [-80.2041464, 25.7766365], [-80.2042233, 25.7766436], [-80.2042506, 25.7766438], [-80.2042748, 25.7767225], [-80.204282, 25.7767653], [-80.2042718, 25.7768034]]}, "properties": {"project": "PH7113", "date": "19751101", "kind": "Man-made", "source": "TP00422"}}, {"type": "Feature", "geometry": {"type": "LineString", "coordinates": [[-80.2039377, 25.7758957], [-80.2038778, 25.7758996], [-80.2036005, 25.7759047], [-80.2035859, 25.7759206], [-80.2035858, 25.7759337], [-80.2036009, 25.7760879000001], [-80.2036201, 25.776088], [-80.2036474, 25.7760925], [-80.203657, 25.7760925], [-80.2038176, 25.7760891], [-80.2038899, 25.7760836], [-80.2039766, 25.7760812]]}, "properties": {"project": "PH7113", "date": "19751101", "kind": "Man-made", "source": "TP00422"}}, {"type": "Feature", "geometry": {"type": "LineString", "coordinates": [[-80.2036057, 25.7758532], [-80.2039402, 25.7758603], [-80.2039377, 25.7758957]]}, "properties": {"project": "PH7113", "date": "19751101", "kind": "Man-made", "source": "TP00422"}}, {"type": "Feature", "geometry": {"type": "LineString", "coordinates": [[-80.2036603, 25.7757065], [-80.2034195, 25.7757082]]}, "properties": {"project": "PH7113", "date": "19751101", "kind": "Pier", "source": "TP00422"}}, {"type": "Feature", "geometry": {"type": "LineString", "coordinates": [[-80.2036603, 25.7757065], [-80.20366, 25.7757483]]}, "properties": {"project": "PH7113", "date": "19751101", "kind": "Man-made", "source": "TP00422"}}, {"type": "Feature", "geometry": {"type": "LineString", "coordinates": [[-80.2034514, 25.775522], [-80.2030783, 25.7755356], [-80.203172, 25.7756147]]}, "properties": {"project": "PH7113", "date": "19751101", "kind": "Pier", "source": "TP00422"}}, {"type": "Feature", "geometry": {"type": "LineString", "coordinates": [[-80.2034514, 25.775522], [-80.2034902, 25.7755901], [-80.203495, 25.7755974], [-80.2036588, 25.7755856], [-80.2036603, 25.7757065]]}, "properties": {"project": "PH7113", "date": "19751101", "kind": "Man-made", "source": "TP00422"}}, {"type": "Feature", "geometry": {"type": "LineString", "coordinates": [[-80.2010867, 25.7743128], [-80.2012918, 25.7745678], [-80.2012785, 25.7746143], [-80.2014213, 25.7747939], [-80.2016236, 25.7750187], [-80.2020175, 25.775324], [-80.202117, 25.7754034], [-80.2021169, 25.7754174], [-80.20211, 25.7754343], [-80.2021186, 25.7754817], [-80.2024174, 25.7757193], [-80.2028363, 25.7760915], [-80.2029917, 25.7762486], [-80.2030838, 25.7762816], [-80.2032263, 25.7764372], [-80.2035731, 25.7768477], [-80.2039115, 25.7772395], [-80.2039529, 25.7773125000001], [-80.2040261, 25.7773686], [-80.2041265, 25.7774233], [-80.2045617, 25.777531], [-80.204913, 25.7776232000001], [-80.2050011, 25.7776464], [-80.2052418, 25.7776987], [-80.2052378, 25.7777792], [-80.2053728, 25.7777892]]}, "properties": {"project": "PH7113", "date": "19751101", "kind": "Man-made", "source": "TP00422"}}, {"type": "Feature", "geometry": {"type": "LineString", "coordinates": [[-80.176274, 25.7737495], [-80.1765165, 25.7739139], [-80.1765877, 25.7739387], [-80.1766526, 25.7739463], [-80.1767334, 25.7739509]]}, "properties": {"project": "PH7113", "date": "19751101", "kind": "Natural.Mean High Water", "source": "TP00422"}}, {"type": "Feature", "geometry": {"type": "LineString", "coordinates": [[-80.2020032, 25.7741755], [-80.2020274, 25.7742821000001], [-80.2020361, 25.7743612], [-80.2020526, 25.7743632], [-80.2020896, 25.7743615], [-80.2021205, 25.7743636], [-80.2021441, 25.7744151], [-80.2022638, 25.7746383], [-80.2025066, 25.7748349], [-80.2026058, 25.7749193], [-80.2026621, 25.7750261], [-80.2028816, 25.7752403], [-80.20308, 25.7754091], [-80.2031035, 25.7754163], [-80.2033381, 25.7754157], [-80.2033644, 25.7754773], [-80.2034248, 25.7754754], [-80.2034514, 25.775522]]}, "properties": {"project": "PH7113", "date": "19751101", "kind": "Man-made", "source": "TP00422"}}, {"type": "Feature", "geometry": {"type": "LineString", "coordinates": [[-80.180215, 25.8185165], [-80.1801585, 25.8184802], [-80.1802272, 25.8183985]]}, "properties": {"project": "PH7113", "date": "19751101", "kind": "Pier", "source": "TP00422"}}, {"type": "Feature", "geometry": {"type": "MultiLineString", "coordinates": [[[-80.180215, 25.8185165], [-80.1802761, 25.818433], [-80.1802912, 25.8184348], [-80.1803157, 25.8184366], [-80.1806655, 25.8181648], [-80.181172, 25.8177613], [-80.1817431, 25.8173103], [-80.1822838, 25.8168763], [-80.1825223, 25.816692], [-80.1825658, 25.8166837], [-80.1826186, 25.8166926], [-80.1826825, 25.8167425], [-80.1828429, 25.8170599], [-80.1830059, 25.8173952], [-80.1833407, 25.8180462], [-80.1836325, 25.8186235], [-80.1838659, 25.8188993], [-80.1839109, 25.818956], [-80.1839632, 25.8190401], [-80.1840343, 25.8191449], [-80.1840621, 25.8192237], [-80.1840721, 25.8192811], [-80.1840411, 25.8193938], [-80.1839835, 25.8195235], [-80.1837327, 25.819712], [-80.1835622, 25.8199018], [-80.18351562160852, 25.82]], [[-80.17910335824418, 25.82], [-80.1792074, 25.8198641], [-80.1794793, 25.8195055], [-80.1797435, 25.8191622000001], [-80.1800116, 25.8188156000001], [-80.1802108, 25.8185695], [-80.1802128, 25.8185575], [-80.1802072, 25.8185438], [-80.1802054, 25.8185301], [-80.180215, 25.8185165]]]}, "properties": {"project": "PH7113", "date": "19751101", "kind": "Man-made", "source": "TP00422"}}, {"type": "Feature", "geometry": {"type": "LineString", "coordinates": [[-80.2010867, 25.7743128], [-80.2009659, 25.7740986]]}, "properties": {"project": "PH7113", "date": "19751101", "kind": "Undetermined.Approximate", "source": "TP00422"}}, {"type": "Feature", "geometry": {"type": "LineString", "coordinates": [[-80.2015943, 25.7740378], [-80.2020032, 25.7741755]]}, "properties": {"project": "PH7113", "date": "19751101", "kind": "Undetermined.Approximate", "source": "TP00422"}}, {"type": "Feature", "geometry": {"type": "LineString", "coordinates": [[-80.1767979, 25.7739876], [-80.1768408, 25.7740185], [-80.1769053, 25.7740496], [-80.1770409, 25.7741014], [-80.1771913, 25.7741601], [-80.1772653, 25.7741605000001], [-80.1773237, 25.774186], [-80.1774315, 25.7741949], [-80.177584, 25.7742359], [-80.1777877, 25.7743189], [-80.177825, 25.7743479], [-80.177859, 25.7743397], [-80.178097, 25.7742573], [-80.1783925, 25.7743204], [-80.1785124, 25.7743713], [-80.178669, 25.7744532], [-80.1788222, 25.774588], [-80.1788893, 25.7747056], [-80.1789124, 25.7749235], [-80.1789209, 25.7754902], [-80.1789373, 25.7757834], [-80.1790406, 25.7760101], [-80.1792474, 25.776416], [-80.1793238, 25.7765197], [-80.1793828, 25.7765873], [-80.179388, 25.7765954], [-80.1794055, 25.7767407], [-80.1793889, 25.7769192], [-80.1793414, 25.7771004], [-80.1794168, 25.7773409], [-80.1794773, 25.7775087], [-80.1795048, 25.7775479], [-80.1795573, 25.7775371], [-80.1796315, 25.777504], [-80.1797118, 25.7774849], [-80.1798133, 25.7775106], [-80.179967, 25.777584], [-80.1801481, 25.7776911], [-80.1803536, 25.777857], [-80.1806107, 25.7781208], [-80.1809231, 25.7784212], [-80.1809692, 25.7784399], [-80.1810337, 25.7784715], [-80.1811502, 25.7785208], [-80.1812685, 25.778566], [-80.1813758, 25.7786093], [-80.1814696, 25.7786955], [-80.1815121, 25.7788131], [-80.181541, 25.7788322]]}, "properties": {"project": "PH7113", "date": "19751101", "kind": "Natural.Mean High Water", "source": "TP00422"}}, {"type": "Feature", "geometry": {"type": "LineString", "coordinates": [[-80.1767334, 25.7739509], [-80.1767164, 25.773987], [-80.1767084, 25.774001], [-80.1767668, 25.7740209], [-80.1767979, 25.7739876]]}, "properties": {"project": "PH7113", "date": "19751101", "kind": "Man-made", "source": "TP00422"}}, {"type": "Feature", "geometry": {"type": "LineString", "coordinates": [[-80.1768195, 25.7739256], [-80.1767979, 25.7739876]]}, "properties": {"project": "PH7113", "date": "19751101", "kind": "Pier", "source": "TP00422"}}, {"type": "Feature", "geometry": {"type": "LineString", "coordinates": [[-80.1767567, 25.7739075], [-80.1767334, 25.7739509]]}, "properties": {"project": "PH7113", "date": "19751101", "kind": "Pier", "source": "TP00422"}}, {"type": "Feature", "geometry": {"type": "LineString", "coordinates": [[-80.1762046, 25.7737451], [-80.1761946, 25.7737617], [-80.1762458, 25.7737824], [-80.176274, 25.7737495]]}, "properties": {"project": "PH7113", "date": "19751101", "kind": "Man-made", "source": "TP00422"}}, {"type": "Feature", "geometry": {"type": "LineString", "coordinates": [[-80.1762993, 25.7737115], [-80.176274, 25.7737495]]}, "properties": {"project": "PH7113", "date": "19751101", "kind": "Pier", "source": "TP00422"}}, {"type": "Feature", "geometry": {"type": "LineString", "coordinates": [[-80.1762441, 25.7736857], [-80.1762046, 25.7737451]]}, "properties": {"project": "PH7113", "date": "19751101", "kind": "Pier", "source": "TP00422"}}, {"type": "Feature", "geometry": {"type": "LineString", "coordinates": [[-80.2003688, 25.7731636], [-80.2004722, 25.7732973], [-80.2007794, 25.7737447], [-80.2008607, 25.7739881], [-80.2009473, 25.7740799], [-80.2009659, 25.7740986]]}, "properties": {"project": "PH7113", "date": "19751101", "kind": "Natural.Mean High Water", "source": "TP00422"}}, {"type": "Feature", "geometry": {"type": "LineString", "coordinates": [[-80.2010362, 25.7730368], [-80.2011907, 25.7733741], [-80.2012265, 25.7734784], [-80.2012637, 25.7735092], [-80.2013029, 25.7735127], [-80.2013331, 25.7735338], [-80.2014385, 25.7737489], [-80.201458, 25.7737668], [-80.2014812, 25.7737669], [-80.2015104, 25.7739316], [-80.2015779, 25.773945], [-80.2015943, 25.7740378]]}, "properties": {"project": "PH7113", "date": "19751101", "kind": "Man-made", "source": "TP00422"}}, {"type": "Feature", "geometry": {"type": "LineString", "coordinates": [[-80.2002622, 25.7730052], [-80.2003688, 25.7731636]]}, "properties": {"project": "PH7113", "date": "19751101", "kind": "Undetermined.Approximate", "source": "TP00422"}}, {"type": "Feature", "geometry": {"type": "LineString", "coordinates": [[-80.2008837, 25.7728712], [-80.2010362, 25.7730368]]}, "properties": {"project": "PH7113", "date": "19751101", "kind": "Undetermined.Approximate", "source": "TP00422"}}, {"type": "Feature", "geometry": {"type": "LineString", "coordinates": [[-80.1999221, 25.7722217], [-80.1999517, 25.7723968], [-80.2001394, 25.7728373], [-80.2002622, 25.7730052]]}, "properties": {"project": "PH7113", "date": "19751101", "kind": "Natural.Mean High Water", "source": "TP00422"}}, {"type": "Feature", "geometry": {"type": "LineString", "coordinates": [[-80.1853577, 25.778055], [-80.1854568, 25.7780987]]}, "properties": {"project": "PH7113", "date": "19751101", "kind": "Pier", "source": "TP00422"}}, {"type": "Feature", "geometry": {"type": "LineString", "coordinates": [[-80.1711952, 25.8183208], [-80.1712041, 25.8181213], [-80.1712545, 25.8178577], [-80.1713015, 25.8175569], [-80.1713589, 25.8173813], [-80.171427, 25.8172633], [-80.1714426, 25.8171754], [-80.1714221, 25.8169047], [-80.1713822, 25.8167387], [-80.1713234, 25.8165997], [-80.1713012, 25.8165657], [-80.1712712, 25.8165859], [-80.171278, 25.8166705], [-80.1712882, 25.8168194], [-80.1712088, 25.8169373], [-80.1709681, 25.8171457], [-80.1708288, 25.8172904], [-80.1706588, 25.8175499], [-80.1705636, 25.8177963], [-80.1705355, 25.8180668], [-80.1706647, 25.8182806], [-80.170754, 25.8183352], [-80.1710977, 25.8183575], [-80.1711348, 25.8183983], [-80.1712141, 25.818808], [-80.1712129, 25.818967], [-80.1711327, 25.8192169], [-80.1711286, 25.8192574], [-80.1711548, 25.819261], [-80.1711811, 25.8192341], [-80.171272, 25.8190688], [-80.17128, 25.8189978], [-80.1712807, 25.8188963], [-80.171238, 25.818595], [-80.1712058, 25.8183987], [-80.1711952, 25.8183208]]}, "properties": {"project": "PH7113", "date": "19751101", "kind": "Natural.Mean High Water", "source": "TP00422"}}, {"type": "Feature", "geometry": {"type": "LineString", "coordinates": [[-80.1855638, 25.7781459], [-80.1856022, 25.7780751]]}, "properties": {"project": "PH7113", "date": "19751101", "kind": "Pier", "source": "TP00422"}}, {"type": "Feature", "geometry": {"type": "LineString", "coordinates": [[-80.1853339, 25.7781009], [-80.1853577, 25.778055]]}, "properties": {"project": "PH7113", "date": "19751101", "kind": "Pier", "source": "TP00422"}}, {"type": "Feature", "geometry": {"type": "LineString", "coordinates": [[-80.1854568, 25.7780987], [-80.1854919, 25.7780275]]}, "properties": {"project": "PH7113", "date": "19751101", "kind": "Pier", "source": "TP00422"}}, {"type": "Feature", "geometry": {"type": "LineString", "coordinates": [[-80.1852236, 25.7780548], [-80.1852504, 25.7780077]]}, "properties": {"project": "PH7113", "date": "19751101", "kind": "Pier", "source": "TP00422"}}, {"type": "Feature", "geometry": {"type": "LineString", "coordinates": [[-80.1852504, 25.7780077], [-80.1853577, 25.778055]]}, "properties": {"project": "PH7113", "date": "19751101", "kind": "Pier", "source": "TP00422"}}, {"type": "Feature", "geometry": {"type": "LineString", "coordinates": [[-80.1853577, 25.778055], [-80.1853934, 25.777986]]}, "properties": {"project": "PH7113", "date": "19751101", "kind": "Pier", "source": "TP00422"}}, {"type": "Feature", "geometry": {"type": "LineString", "coordinates": [[-80.1851183, 25.7780269], [-80.1851548, 25.7779656]]}, "properties": {"project": "PH7113", "date": "19751101", "kind": "Pier", "source": "TP00422"}}, {"type": "Feature", "geometry": {"type": "LineString", "coordinates": [[-80.1850587, 25.7779232], [-80.1851548, 25.7779656]]}, "properties": {"project": "PH7113", "date": "19751101", "kind": "Pier", "source": "TP00422"}}, {"type": "Feature", "geometry": {"type": "LineString", "coordinates": [[-80.1851548, 25.7779656], [-80.1852504, 25.7780077]]}, "properties": {"project": "PH7113", "date": "19751101", "kind": "Pier", "source": "TP00422"}}, {"type": "Feature", "geometry": {"type": "LineString", "coordinates": [[-80.1852504, 25.7780077], [-80.1852932, 25.7779323]]}, "properties": {"project": "PH7113", "date": "19751101", "kind": "Pier", "source": "TP00422"}}, {"type": "Feature", "geometry": {"type": "LineString", "coordinates": [[-80.1850247, 25.7779854], [-80.1850587, 25.7779232]]}, "properties": {"project": "PH7113", "date": "19751101", "kind": "Pier", "source": "TP00422"}}, {"type": "Feature", "geometry": {"type": "LineString", "coordinates": [[-80.1851548, 25.7779656], [-80.1851894, 25.7779074]]}, "properties": {"project": "PH7113", "date": "19751101", "kind": "Pier", "source": "TP00422"}}, {"type": "Feature", "geometry": {"type": "LineString", "coordinates": [[-80.2056554, 25.7778895], [-80.2059399, 25.7779904], [-80.2061994, 25.7781409], [-80.2064207, 25.7782912], [-80.2065378, 25.7783273], [-80.2066323, 25.7783539], [-80.2067043, 25.7783636]]}, "properties": {"project": "PH7113", "date": "19751101", "kind": "Natural.Mean High Water", "source": "TP00422"}}, {"type": "Feature", "geometry": {"type": "LineString", "coordinates": [[-80.1849278, 25.7779378], [-80.1849603, 25.7778799]]}, "properties": {"project": "PH7113", "date": "19751101", "kind": "Pier", "source": "TP00422"}}, {"type": "Feature", "geometry": {"type": "LineString", "coordinates": [[-80.1849603, 25.7778799], [-80.1850587, 25.7779232]]}, "properties": {"project": "PH7113", "date": "19751101", "kind": "Pier", "source": "TP00422"}}, {"type": "Feature", "geometry": {"type": "LineString", "coordinates": [[-80.1850587, 25.7779232], [-80.1850943, 25.7778584]]}, "properties": {"project": "PH7113", "date": "19751101", "kind": "Pier", "source": "TP00422"}}, {"type": "Feature", "geometry": {"type": "LineString", "coordinates": [[-80.1848342, 25.7779055], [-80.184872, 25.7778409]]}, "properties": {"project": "PH7113", "date": "19751101", "kind": "Pier", "source": "TP00422"}}, {"type": "Feature", "geometry": {"type": "LineString", "coordinates": [[-80.184872, 25.7778409], [-80.1849603, 25.7778799]]}, "properties": {"project": "PH7113", "date": "19751101", "kind": "Pier", "source": "TP00422"}}, {"type": "Feature", "geometry": {"type": "LineString", "coordinates": [[-80.2056554, 25.7778895], [-80.2056997, 25.7778304]]}, "properties": {"project": "PH7113", "date": "19751101", "kind": "Pier", "source": "TP00422"}}, {"type": "Feature", "geometry": {"type": "LineString", "coordinates": [[-80.2054861, 25.7778294], [-80.2056554, 25.7778895]]}, "properties": {"project": "PH7113", "date": "19751101", "kind": "Natural.Mean High Water", "source": "TP00422"}}, {"type": "Feature", "geometry": {"type": "LineString", "coordinates": [[-80.2054861, 25.7778294], [-80.2055103, 25.7777728]]}, "properties": {"project": "PH7113", "date": "19751101", "kind": "Pier", "source": "TP00422"}}, {"type": "Feature", "geometry": {"type": "LineString", "coordinates": [[-80.1998686, 25.7720481], [-80.1998018, 25.7720771], [-80.1995915, 25.7720837], [-80.1995739, 25.7721517], [-80.1995803, 25.772226], [-80.1999221, 25.7722217]]}, "properties": {"project": "PH7113", "date": "19751101", "kind": "Man-made", "source": "TP00422"}}, {"type": "Feature", "geometry": {"type": "LineString", "coordinates": [[-80.1847641, 25.7778595], [-80.1847948, 25.7778069]]}, "properties": {"project": "PH7113", "date": "19751101", "kind": "Pier", "source": "TP00422"}}, {"type": "Feature", "geometry": {"type": "LineString", "coordinates": [[-80.1847948, 25.7778069], [-80.184872, 25.7778409]]}, "properties": {"project": "PH7113", "date": "19751101", "kind": "Pier", "source": "TP00422"}}, {"type": "Feature", "geometry": {"type": "LineString", "coordinates": [[-80.1849603, 25.7778799], [-80.1850042, 25.7778017]]}, "properties": {"project": "PH7113", "date": "19751101", "kind": "Pier", "source": "TP00422"}}, {"type": "Feature", "geometry": {"type": "LineString", "coordinates": [[-80.2053728, 25.7777892], [-80.2054861, 25.7778294]]}, "properties": {"project": "PH7113", "date": "19751101", "kind": "Natural.Mean High Water", "source": "TP00422"}}, {"type": "Feature", "geometry": {"type": "LineString", "coordinates": [[-80.184872, 25.7778409], [-80.1849122, 25.7777724]]}, "properties": {"project": "PH7113", "date": "19751101", "kind": "Pier", "source": "TP00422"}}, {"type": "Feature", "geometry": {"type": "LineString", "coordinates": [[-80.1846622, 25.7778195], [-80.1847003, 25.7777652]]}, "properties": {"project": "PH7113", "date": "19751101", "kind": "Pier", "source": "TP00422"}}, {"type": "Feature", "geometry": {"type": "LineString", "coordinates": [[-80.1847003, 25.7777652], [-80.1847948, 25.7778069]]}, "properties": {"project": "PH7113", "date": "19751101", "kind": "Pier", "source": "TP00422"}}, {"type": "Feature", "geometry": {"type": "LineString", "coordinates": [[-80.1847948, 25.7778069], [-80.1848303, 25.7777461]]}, "properties": {"project": "PH7113", "date": "19751101", "kind": "Pier", "source": "TP00422"}}, {"type": "Feature", "geometry": {"type": "LineString", "coordinates": [[-80.1846107, 25.7777345], [-80.1845857, 25.7777734], [-80.1845097, 25.7777507], [-80.1844254, 25.777739], [-80.1843545999999, 25.7778653], [-80.1842692, 25.7780417], [-80.1841792, 25.7782081], [-80.1841431, 25.7782768]]}, "properties": {"project": "PH7113", "date": "19751101", "kind": "Man-made", "source": "TP00422"}}, {"type": "Feature", "geometry": {"type": "LineString", "coordinates": [[-80.1846107, 25.7777345], [-80.1847003, 25.7777652]]}, "properties": {"project": "PH7113", "date": "19751101", "kind": "Pier", "source": "TP00422"}}, {"type": "Feature", "geometry": {"type": "LineString", "coordinates": [[-80.2053728, 25.7777892], [-80.2053886, 25.7777274]]}, "properties": {"project": "PH7113", "date": "19751101", "kind": "Pier", "source": "TP00422"}}, {"type": "Feature", "geometry": {"type": "LineString", "coordinates": [[-80.1847003, 25.7777652], [-80.1847417, 25.7777062]]}, "properties": {"project": "PH7113", "date": "19751101", "kind": "Pier", "source": "TP00422"}}, {"type": "Feature", "geometry": {"type": "LineString", "coordinates": [[-80.1848583, 25.7772993], [-80.1847921, 25.7773926], [-80.1847935, 25.7774951], [-80.1847847, 25.7775808], [-80.1847473, 25.7776271], [-80.1846687, 25.7776826], [-80.1846418, 25.7777085], [-80.1846107, 25.7777345]]}, "properties": {"project": "PH7113", "date": "19751101", "kind": "Man-made", "source": "TP00422"}}, {"type": "Feature", "geometry": {"type": "LineString", "coordinates": [[-80.1863278, 25.7793736], [-80.186327, 25.7793219], [-80.1863031, 25.7788443], [-80.1862864, 25.7785614], [-80.1862773, 25.7783526], [-80.1862669, 25.7781294], [-80.1862498, 25.7779277], [-80.1861989, 25.7778533], [-80.1861347, 25.7777833], [-80.1859427, 25.7776823], [-80.1857271, 25.777614], [-80.1855095, 25.7775252], [-80.185296, 25.7774495], [-80.1850659999999, 25.7773662], [-80.184869, 25.7773032], [-80.1848583, 25.7772993]]}, "properties": {"project": "PH7113", "date": "19751101", "kind": "Natural.Mean High Water", "source": "TP00422"}}, {"type": "Feature", "geometry": {"type": "LineString", "coordinates": [[-80.1838147, 25.7789248], [-80.183749, 25.7790476], [-80.1837146, 25.7790977], [-80.1836975, 25.7790878], [-80.1835831, 25.7789754], [-80.1834552, 25.7788452], [-80.1833501999999, 25.7787376], [-80.1833332, 25.7787111], [-80.1833414, 25.7786988], [-80.1834267, 25.7785621], [-80.1835086, 25.7783928], [-80.1835904, 25.7782338], [-80.1836718, 25.7780747], [-80.1837595, 25.7779169], [-80.1838458, 25.7777554], [-80.1839259, 25.7775816], [-80.1840169, 25.7774103], [-80.1841097, 25.7772348], [-80.1842047, 25.7770598], [-80.184259, 25.7769496], [-80.1846293, 25.7769632], [-80.1847872, 25.7769742], [-80.1849612, 25.7769723], [-80.1850538, 25.7769685]]}, "properties": {"project": "PH7113", "date": "19751101", "kind": "Man-made", "source": "TP00422"}}, {"type": "Feature", "geometry": {"type": "LineString", "coordinates": [[-80.2042718, 25.7768034], [-80.2043902, 25.7769074], [-80.2044443, 25.7769863], [-80.2047562, 25.7770913], [-80.2049321, 25.7771333], [-80.2051142, 25.7771528], [-80.2055462, 25.7773], [-80.2060374, 25.7774835], [-80.2062055, 25.7775409], [-80.2063676, 25.7776392], [-80.2065021, 25.7777444], [-80.2066585, 25.7778173], [-80.2069967, 25.7781242]]}, "properties": {"project": "PH7113", "date": "19751101", "kind": "Natural.Mean High Water", "source": "TP00422"}}, {"type": "Feature", "geometry": {"type": "LineString", "coordinates": [[-80.1430614, 25.7791066], [-80.1430752, 25.779221], [-80.1430854, 25.7792414], [-80.1431259, 25.7792406], [-80.1431562, 25.7796324], [-80.1431334, 25.7796323], [-80.1430711, 25.7796404], [-80.1431166, 25.7802121]]}, "properties": {"project": "PH7113", "date": "19751101", "kind": "Man-made", "source": "TP00423"}}, {"type": "Feature", "geometry": {"type": "LineString", "coordinates": [[-80.1430614, 25.7791066], [-80.1432614, 25.7790911]]}, "properties": {"project": "PH7113", "date": "19751101", "kind": "Pier", "source": "TP00423"}}, {"type": "Feature", "geometry": {"type": "LineString", "coordinates": [[-80.1432663, 25.7791329], [-80.1432614, 25.7790911]]}, "properties": {"project": "PH7113", "date": "19751101", "kind": "Pier", "source": "TP00423"}}, {"type": "Feature", "geometry": {"type": "LineString", "coordinates": [[-80.1524262, 25.779057], [-80.1524525, 25.7792616], [-80.1525108, 25.7796374], [-80.1525241, 25.7797211]]}, "properties": {"project": "PH7113", "date": "19751101", "kind": "Man-made", "source": "TP00423"}}, {"type": "Feature", "geometry": {"type": "LineString", "coordinates": [[-80.1524262, 25.779057], [-80.1525167, 25.7790554], [-80.1525209, 25.7791494]]}, "properties": {"project": "PH7113", "date": "19751101", "kind": "Pier", "source": "TP00423"}}, {"type": "Feature", "geometry": {"type": "LineString", "coordinates": [[-80.1432614, 25.7790911], [-80.1432556, 25.7790422]]}, "properties": {"project": "PH7113", "date": "19751101", "kind": "Pier", "source": "TP00423"}}, {"type": "Feature", "geometry": {"type": "LineString", "coordinates": [[-80.1628455, 25.7790013], [-80.1627526, 25.7789623]]}, "properties": {"project": "PH7113", "date": "19751101", "kind": "Undetermined.Approximate", "source": "TP00423"}}, {"type": "Feature", "geometry": {"type": "LineString", "coordinates": [[-80.1523772, 25.7787327], [-80.1523917, 25.7789011], [-80.1524262, 25.779057]]}, "properties": {"project": "PH7113", "date": "19751101", "kind": "Man-made", "source": "TP00423"}}, {"type": "Feature", "geometry": {"type": "LineString", "coordinates": [[-80.143435, 25.782746], [-80.143466, 25.7829094], [-80.1435073, 25.7831463]]}, "properties": {"project": "PH7113", "date": "19751101", "kind": "Man-made", "source": "TP00423"}}, {"type": "Feature", "geometry": {"type": "LineString", "coordinates": [[-80.143435, 25.782746], [-80.1434672, 25.7827351], [-80.1434691, 25.7826848]]}, "properties": {"project": "PH7113", "date": "19751101", "kind": "Pier", "source": "TP00423"}}, {"type": "Feature", "geometry": {"type": "LineString", "coordinates": [[-80.1434691, 25.7826848], [-80.1435483, 25.7826737]]}, "properties": {"project": "PH7113", "date": "19751101", "kind": "Pier", "source": "TP00423"}}, {"type": "Feature", "geometry": {"type": "LineString", "coordinates": [[-80.1435524, 25.7827099], [-80.1435483, 25.7826737]]}, "properties": {"project": "PH7113", "date": "19751101", "kind": "Pier", "source": "TP00423"}}, {"type": "Feature", "geometry": {"type": "LineString", "coordinates": [[-80.1435483, 25.7826737], [-80.1436333, 25.7826618]]}, "properties": {"project": "PH7113", "date": "19751101", "kind": "Pier", "source": "TP00423"}}, {"type": "Feature", "geometry": {"type": "LineString", "coordinates": [[-80.1436333, 25.7826618], [-80.1436571, 25.782725]]}, "properties": {"project": "PH7113", "date": "19751101", "kind": "Pier", "source": "TP00423"}}, {"type": "Feature", "geometry": {"type": "LineString", "coordinates": [[-80.1434176, 25.7826546], [-80.1434245, 25.7826911], [-80.143435, 25.782746]]}, "properties": {"project": "PH7113", "date": "19751101", "kind": "Shoreline/Alongshore Feature Boundary", "source": "TP00423"}}, {"type": "Feature", "geometry": {"type": "LineString", "coordinates": [[-80.1434691, 25.7826848], [-80.1434701, 25.782658], [-80.1434176, 25.7826546]]}, "properties": {"project": "PH7113", "date": "19751101", "kind": "Pier", "source": "TP00423"}}, {"type": "Feature", "geometry": {"type": "LineString", "coordinates": [[-80.1436333, 25.7826618], [-80.1437199, 25.7826497]]}, "properties": {"project": "PH7113", "date": "19751101", "kind": "Pier", "source": "TP00423"}}, {"type": "Feature", "geometry": {"type": "LineString", "coordinates": [[-80.1437199, 25.7826497], [-80.1437428999999, 25.7827026000001]]}, "properties": {"project": "PH7113", "date": "19751101", "kind": "Pier", "source": "TP00423"}}, {"type": "Feature", "geometry": {"type": "LineString", "coordinates": [[-80.1437199, 25.7826497], [-80.1438076, 25.7826372]]}, "properties": {"project": "PH7113", "date": "19751101", "kind": "Pier", "source": "TP00423"}}, {"type": "Feature", "geometry": {"type": "LineString", "coordinates": [[-80.1433603999999, 25.7809282], [-80.1433945, 25.7809243]]}, "properties": {"project": "PH7113", "date": "19751101", "kind": "Pier", "source": "TP00423"}}, {"type": "Feature", "geometry": {"type": "LineString", "coordinates": [[-80.1433603999999, 25.7809282], [-80.1433659, 25.7809893]]}, "properties": {"project": "PH7113", "date": "19751101", "kind": "Pier", "source": "TP00423"}}, {"type": "Feature", "geometry": {"type": "LineString", "coordinates": [[-80.1433945, 25.7809243], [-80.1434689, 25.7809157]]}, "properties": {"project": "PH7113", "date": "19751101", "kind": "Pier", "source": "TP00423"}}, {"type": "Feature", "geometry": {"type": "LineString", "coordinates": [[-80.1434689, 25.7809157], [-80.1434715, 25.7809758]]}, "properties": {"project": "PH7113", "date": "19751101", "kind": "Pier", "source": "TP00423"}}, {"type": "Feature", "geometry": {"type": "LineString", "coordinates": [[-80.1434689, 25.7809157], [-80.1434926, 25.780913]]}, "properties": {"project": "PH7113", "date": "19751101", "kind": "Pier", "source": "TP00423"}}, {"type": "Feature", "geometry": {"type": "LineString", "coordinates": [[-80.1434926, 25.780913], [-80.1435664, 25.7809044]]}, "properties": {"project": "PH7113", "date": "19751101", "kind": "Pier", "source": "TP00423"}}, {"type": "Feature", "geometry": {"type": "LineString", "coordinates": [[-80.1435664, 25.7809044], [-80.1435704, 25.7809562]]}, "properties": {"project": "PH7113", "date": "19751101", "kind": "Pier", "source": "TP00423"}}, {"type": "Feature", "geometry": {"type": "LineString", "coordinates": [[-80.1432988, 25.7809353], [-80.1432976, 25.7808827]]}, "properties": {"project": "PH7113", "date": "19751101", "kind": "Pier", "source": "TP00423"}}, {"type": "Feature", "geometry": {"type": "LineString", "coordinates": [[-80.1433945, 25.7809243], [-80.1433907, 25.7808728]]}, "properties": {"project": "PH7113", "date": "19751101", "kind": "Pier", "source": "TP00423"}}, {"type": "Feature", "geometry": {"type": "LineString", "coordinates": [[-80.1434926, 25.780913], [-80.14349, 25.7808691]]}, "properties": {"project": "PH7113", "date": "19751101", "kind": "Pier", "source": "TP00423"}}, {"type": "Feature", "geometry": {"type": "LineString", "coordinates": [[-80.1435622, 25.78085], [-80.1435664, 25.7809044]]}, "properties": {"project": "PH7113", "date": "19751101", "kind": "Pier", "source": "TP00423"}}, {"type": "Feature", "geometry": {"type": "LineString", "coordinates": [[-80.1618963, 25.7807943], [-80.1620793, 25.7808757], [-80.1624366, 25.7810216], [-80.1627821, 25.7811794], [-80.1631541, 25.7813307], [-80.1634015, 25.7814429], [-80.1635231, 25.7814981], [-80.1638937, 25.7816641], [-80.164228, 25.7818056], [-80.1642863, 25.7818303], [-80.1644423, 25.7818968]]}, "properties": {"project": "PH7113", "date": "19751101", "kind": "Man-made", "source": "TP00423"}}, {"type": "Feature", "geometry": {"type": "LineString", "coordinates": [[-80.1617937, 25.7807486], [-80.1618963, 25.7807943]]}, "properties": {"project": "PH7113", "date": "19751101", "kind": "Undetermined.Approximate", "source": "TP00423"}}, {"type": "Feature", "geometry": {"type": "LineString", "coordinates": [[-80.1575021, 25.7828689], [-80.1572844, 25.782776], [-80.1570331, 25.7826737], [-80.156632, 25.7825111], [-80.1564459, 25.7824261], [-80.1562496, 25.7823402], [-80.1560516, 25.7822475], [-80.1558414, 25.7820964], [-80.1556773, 25.7818949], [-80.1555735, 25.7816555], [-80.1555344, 25.7814219], [-80.1555366, 25.7813044], [-80.155551, 25.781191], [-80.1555952, 25.781041], [-80.1556699, 25.7808996], [-80.1558062, 25.7807267], [-80.1559871, 25.7805947], [-80.1561873, 25.7804866], [-80.156224, 25.7804712]]}, "properties": {"project": "PH7113", "date": "19751101", "kind": "Man-made", "source": "TP00423"}}, {"type": "Feature", "geometry": {"type": "LineString", "coordinates": [[-80.1438076, 25.7826372], [-80.1438271, 25.7827184]]}, "properties": {"project": "PH7113", "date": "19751101", "kind": "Pier", "source": "TP00423"}}, {"type": "Feature", "geometry": {"type": "LineString", "coordinates": [[-80.1435414, 25.7826004], [-80.1435483, 25.7826737]]}, "properties": {"project": "PH7113", "date": "19751101", "kind": "Pier", "source": "TP00423"}}, {"type": "Feature", "geometry": {"type": "LineString", "coordinates": [[-80.1436034, 25.7825823], [-80.1436333, 25.7826618]]}, "properties": {"project": "PH7113", "date": "19751101", "kind": "Pier", "source": "TP00423"}}, {"type": "Feature", "geometry": {"type": "LineString", "coordinates": [[-80.1436884, 25.7825771], [-80.1437199, 25.7826497]]}, "properties": {"project": "PH7113", "date": "19751101", "kind": "Pier", "source": "TP00423"}}, {"type": "Feature", "geometry": {"type": "LineString", "coordinates": [[-80.1437916, 25.7825707], [-80.1438076, 25.7826372]]}, "properties": {"project": "PH7113", "date": "19751101", "kind": "Pier", "source": "TP00423"}}, {"type": "Feature", "geometry": {"type": "LineString", "coordinates": [[-80.1653414, 25.782363], [-80.1652923, 25.7823375]]}, "properties": {"project": "PH7113", "date": "19751101", "kind": "Pier", "source": "TP00423"}}, {"type": "Feature", "geometry": {"type": "LineString", "coordinates": [[-80.1652923, 25.7823375], [-80.1652252, 25.7823027]]}, "properties": {"project": "PH7113", "date": "19751101", "kind": "Pier", "source": "TP00423"}}, {"type": "Feature", "geometry": {"type": "LineString", "coordinates": [[-80.1653236, 25.7822887], [-80.1652923, 25.7823375]]}, "properties": {"project": "PH7113", "date": "19751101", "kind": "Pier", "source": "TP00423"}}, {"type": "Feature", "geometry": {"type": "LineString", "coordinates": [[-80.1611254, 25.7822782], [-80.1611716, 25.7822977], [-80.1614363, 25.7824093], [-80.1617053, 25.7825209], [-80.161975, 25.7826355], [-80.1622423, 25.7827517], [-80.162512, 25.7828671], [-80.1627809, 25.7829848], [-80.1630507, 25.783101], [-80.1633205, 25.7832179], [-80.1635919, 25.7833356], [-80.1638676, 25.7834588], [-80.1641441, 25.7835819], [-80.1644189, 25.7837042], [-80.1646937, 25.7838265], [-80.1649685, 25.7839489], [-80.1652407, 25.7840758], [-80.1653875, 25.7842189], [-80.1655147, 25.7843849], [-80.1656263, 25.7845829], [-80.1656487, 25.784738]]}, "properties": {"project": "PH7113", "date": "19751101", "kind": "Man-made", "source": "TP00423"}}, {"type": "Feature", "geometry": {"type": "LineString", "coordinates": [[-80.1610338999999, 25.7822395], [-80.1611254, 25.7822782]]}, "properties": {"project": "PH7113", "date": "19751101", "kind": "Undetermined.Approximate", "source": "TP00423"}}, {"type": "Feature", "geometry": {"type": "LineString", "coordinates": [[-80.1650025, 25.7821516], [-80.1649725, 25.7821979]]}, "properties": {"project": "PH7113", "date": "19751101", "kind": "Pier", "source": "TP00423"}}, {"type": "Feature", "geometry": {"type": "LineString", "coordinates": [[-80.1650025, 25.7821516], [-80.165042, 25.7821704], [-80.1653236, 25.7822887]]}, "properties": {"project": "PH7113", "date": "19751101", "kind": "Man-made", "source": "TP00423"}}, {"type": "Feature", "geometry": {"type": "LineString", "coordinates": [[-80.1647775, 25.7820447], [-80.1647476, 25.782098]]}, "properties": {"project": "PH7113", "date": "19751101", "kind": "Pier", "source": "TP00423"}}, {"type": "Feature", "geometry": {"type": "LineString", "coordinates": [[-80.1647775, 25.7820447], [-80.1650025, 25.7821516]]}, "properties": {"project": "PH7113", "date": "19751101", "kind": "Man-made", "source": "TP00423"}}, {"type": "Feature", "geometry": {"type": "LineString", "coordinates": [[-80.1432953, 25.781985], [-80.1433038, 25.7821135], [-80.1433591, 25.7823856], [-80.1434176, 25.7826546]]}, "properties": {"project": "PH7113", "date": "19751101", "kind": "Man-made", "source": "TP00423"}}, {"type": "Feature", "geometry": {"type": "LineString", "coordinates": [[-80.1433531, 25.7819714], [-80.1433336, 25.781975], [-80.1432953, 25.781985]]}, "properties": {"project": "PH7113", "date": "19751101", "kind": "Man-made", "source": "TP00423"}}, {"type": "Feature", "geometry": {"type": "LineString", "coordinates": [[-80.1433531, 25.7819714], [-80.1433784, 25.7820787]]}, "properties": {"project": "PH7113", "date": "19751101", "kind": "Pier", "source": "TP00423"}}, {"type": "Feature", "geometry": {"type": "LineString", "coordinates": [[-80.1644423, 25.7818968], [-80.1643756, 25.7820086]]}, "properties": {"project": "PH7113", "date": "19751101", "kind": "Pier", "source": "TP00423"}}, {"type": "Feature", "geometry": {"type": "LineString", "coordinates": [[-80.1644423, 25.7818968], [-80.164676, 25.7819964], [-80.1647775, 25.7820447]]}, "properties": {"project": "PH7113", "date": "19751101", "kind": "Man-made", "source": "TP00423"}}, {"type": "Feature", "geometry": {"type": "LineString", "coordinates": [[-80.143321, 25.7817708], [-80.1433419, 25.7817943], [-80.1433461, 25.7818543], [-80.1433594, 25.7819589], [-80.1433531, 25.7819714]]}, "properties": {"project": "PH7113", "date": "19751101", "kind": "Man-made", "source": "TP00423"}}, {"type": "Feature", "geometry": {"type": "LineString", "coordinates": [[-80.1432473, 25.7817515], [-80.143321, 25.7817708]]}, "properties": {"project": "PH7113", "date": "19751101", "kind": "Man-made", "source": "TP00423"}}, {"type": "Feature", "geometry": {"type": "LineString", "coordinates": [[-80.143321, 25.7817708], [-80.1433117, 25.7816667]]}, "properties": {"project": "PH7113", "date": "19751101", "kind": "Pier", "source": "TP00423"}}, {"type": "Feature", "geometry": {"type": "LineString", "coordinates": [[-80.156224, 25.7804712], [-80.1562876, 25.7804443], [-80.156513, 25.7804241], [-80.1567276, 25.7804257], [-80.1569336, 25.7804649], [-80.157151, 25.7805509], [-80.1573836, 25.7806592], [-80.1576745, 25.7807824], [-80.1579037, 25.7808822], [-80.1581354, 25.7809852], [-80.1583672, 25.7810858], [-80.1586124, 25.781195], [-80.1588577, 25.781301], [-80.1591056, 25.7814025], [-80.1591476, 25.781422], [-80.1593508, 25.7815163], [-80.1596011, 25.7816262], [-80.1598591, 25.7817362], [-80.1600507, 25.7818179], [-80.160117, 25.7818462], [-80.1603758, 25.7819577], [-80.1606346, 25.7820692], [-80.160906, 25.7821854], [-80.1610338999999, 25.7822395]]}, "properties": {"project": "PH7113", "date": "19751101", "kind": "Man-made", "source": "TP00423"}}, {"type": "Feature", "geometry": {"type": "LineString", "coordinates": [[-80.1563836, 25.7803713], [-80.1561927, 25.7804306], [-80.156224, 25.7804712]]}, "properties": {"project": "PH7113", "date": "19751101", "kind": "Pier", "source": "TP00423"}}, {"type": "Feature", "geometry": {"type": "LineString", "coordinates": [[-80.1431166, 25.7802121], [-80.1431338, 25.7804497], [-80.1431822, 25.7809487]]}, "properties": {"project": "PH7113", "date": "19751101", "kind": "Man-made", "source": "TP00423"}}, {"type": "Feature", "geometry": {"type": "LineString", "coordinates": [[-80.1431166, 25.7802121], [-80.1435161, 25.7801936]]}, "properties": {"project": "PH7113", "date": "19751101", "kind": "Pier", "source": "TP00423"}}, {"type": "Feature", "geometry": {"type": "LineString", "coordinates": [[-80.1435161, 25.7801936], [-80.1435172, 25.7802598]]}, "properties": {"project": "PH7113", "date": "19751101", "kind": "Pier", "source": "TP00423"}}, {"type": "Feature", "geometry": {"type": "LineString", "coordinates": [[-80.143515, 25.7801209], [-80.1435161, 25.7801936]]}, "properties": {"project": "PH7113", "date": "19751101", "kind": "Pier", "source": "TP00423"}}, {"type": "Feature", "geometry": {"type": "LineString", "coordinates": [[-80.1596456, 25.7798107], [-80.159617, 25.7798661]]}, "properties": {"project": "PH7113", "date": "19751101", "kind": "Pier", "source": "TP00423"}}, {"type": "Feature", "geometry": {"type": "LineString", "coordinates": [[-80.1596456, 25.7798107], [-80.1598518, 25.7798955], [-80.1602267, 25.7800629], [-80.1604469, 25.7801652], [-80.1604467, 25.7801946], [-80.1604496, 25.7802053], [-80.1604776, 25.7802108], [-80.1605028, 25.780203], [-80.1605161, 25.7802004], [-80.160634, 25.7802465], [-80.161034, 25.7804261], [-80.1614546, 25.7806072], [-80.1617937, 25.7807486]]}, "properties": {"project": "PH7113", "date": "19751101", "kind": "Man-made", "source": "TP00423"}}, {"type": "Feature", "geometry": {"type": "LineString", "coordinates": [[-80.1525241, 25.7797211], [-80.1525022, 25.7799112], [-80.1524101, 25.7802118], [-80.1524003, 25.7802281], [-80.1524256, 25.7802414], [-80.1524229, 25.7802775], [-80.1524107, 25.7802982], [-80.1523912, 25.7803188], [-80.1523574, 25.7803241], [-80.1523099, 25.7803817], [-80.1521507, 25.7806065], [-80.1519083, 25.7808243], [-80.1516791, 25.780948]]}, "properties": {"project": "PH7113", "date": "19751101", "kind": "Man-made", "source": "TP00423"}}, {"type": "Feature", "geometry": {"type": "LineString", "coordinates": [[-80.1525241, 25.7797211], [-80.152588, 25.7797281], [-80.1525894, 25.7798745]]}, "properties": {"project": "PH7113", "date": "19751101", "kind": "Pier", "source": "TP00423"}}, {"type": "Feature", "geometry": {"type": "LineString", "coordinates": [[-80.1519774, 25.7855055], [-80.1520104, 25.785574], [-80.1520492, 25.7856198], [-80.1521048, 25.7856606], [-80.1521269, 25.7857038], [-80.1521574, 25.7857368], [-80.1521881, 25.7857471], [-80.1522909, 25.7858313], [-80.1524051, 25.7858927], [-80.1525836, 25.7859544], [-80.1526394, 25.7859624], [-80.1526787, 25.7859499], [-80.1526899, 25.7859399], [-80.15278, 25.7858569], [-80.1528588, 25.7857713], [-80.1528819, 25.7856778], [-80.1529269, 25.78563], [-80.1529802, 25.785605], [-80.1530424, 25.7855117], [-80.1531548, 25.7854364], [-80.1533316, 25.7853311], [-80.1534527, 25.7852103], [-80.1535345, 25.7850995], [-80.1535605, 25.7849832], [-80.1535222, 25.7848741], [-80.1533969, 25.7847924], [-80.1533189, 25.7847591], [-80.153233, 25.7846523], [-80.1531305, 25.7845175], [-80.1530611, 25.7844513], [-80.1529914, 25.7844282], [-80.1529326, 25.7844405], [-80.1526856999999, 25.7845706], [-80.1524328, 25.7847514], [-80.1522471, 25.7849199], [-80.1521932, 25.7850284], [-80.1521702, 25.7851143], [-80.1521169, 25.7851494], [-80.1520237, 25.7852729], [-80.151992, 25.7854094], [-80.1519774, 25.7855055]]}, "properties": {"project": "PH7113", "date": "19751101", "kind": "Natural.Mean High Water", "source": "TP00423"}}, {"type": "Feature", "geometry": {"type": "LineString", "coordinates": [[-80.1653236, 25.7822887], [-80.1654539, 25.7823434], [-80.1658907, 25.7825325], [-80.1661052, 25.7826255], [-80.1660897, 25.7826518], [-80.1661351, 25.7826728], [-80.1661501, 25.7826449], [-80.1663305, 25.782723], [-80.1664352, 25.7827748], [-80.1666001, 25.7828418], [-80.1667542, 25.7828992], [-80.1669938, 25.7829393], [-80.1672273, 25.7829317], [-80.1674478, 25.7828913], [-80.1677216, 25.7827471], [-80.167857, 25.7826467], [-80.1679596, 25.7825461], [-80.168056, 25.7824008], [-80.1681261, 25.7822375], [-80.1681497, 25.7821603], [-80.1681722, 25.7819938], [-80.168173, 25.7818748], [-80.1681411, 25.7817317], [-80.1680603, 25.7815408], [-80.1679693, 25.7814004], [-80.1678224, 25.7812538], [-80.1678102, 25.7812444]]}, "properties": {"project": "PH7113", "date": "19751101", "kind": "Man-made", "source": "TP00423"}}, {"type": "Feature", "geometry": {"type": "LineString", "coordinates": [[-80.1431822, 25.7809487], [-80.1432091, 25.7813503], [-80.1432514, 25.7816921], [-80.1432473, 25.7817515]]}, "properties": {"project": "PH7113", "date": "19751101", "kind": "Man-made", "source": "TP00423"}}, {"type": "Feature", "geometry": {"type": "LineString", "coordinates": [[-80.1517421, 25.780988], [-80.1516882, 25.7810136], [-80.1516791, 25.780948]]}, "properties": {"project": "PH7113", "date": "19751101", "kind": "Pier", "source": "TP00423"}}, {"type": "Feature", "geometry": {"type": "LineString", "coordinates": [[-80.1431822, 25.7809487], [-80.1432352, 25.7809426]]}, "properties": {"project": "PH7113", "date": "19751101", "kind": "Pier", "source": "TP00423"}}, {"type": "Feature", "geometry": {"type": "LineString", "coordinates": [[-80.1432352, 25.7809426], [-80.1432448, 25.7810041]]}, "properties": {"project": "PH7113", "date": "19751101", "kind": "Pier", "source": "TP00423"}}, {"type": "Feature", "geometry": {"type": "LineString", "coordinates": [[-80.1432352, 25.7809426], [-80.1432988, 25.7809353]]}, "properties": {"project": "PH7113", "date": "19751101", "kind": "Pier", "source": "TP00423"}}, {"type": "Feature", "geometry": {"type": "LineString", "coordinates": [[-80.1432988, 25.7809353], [-80.1433603999999, 25.7809282]]}, "properties": {"project": "PH7113", "date": "19751101", "kind": "Pier", "source": "TP00423"}}, {"type": "Feature", "geometry": {"type": "LineString", "coordinates": [[-80.1588476, 25.7794718], [-80.1588054, 25.7795339]]}, "properties": {"project": "PH7113", "date": "19751101", "kind": "Pier", "source": "TP00423"}}, {"type": "Feature", "geometry": {"type": "LineString", "coordinates": [[-80.1588476, 25.7794718], [-80.1590974, 25.7795794], [-80.1594709, 25.7797388], [-80.1596456, 25.7798107]]}, "properties": {"project": "PH7113", "date": "19751101", "kind": "Man-made", "source": "TP00423"}}, {"type": "Feature", "geometry": {"type": "LineString", "coordinates": [[-80.1435073, 25.7831463], [-80.1435106, 25.7831649], [-80.1435544, 25.7834140000001], [-80.1436263, 25.7836626], [-80.1437339, 25.7839389], [-80.1438368, 25.7842095], [-80.1439686, 25.7844747], [-80.1440215, 25.7845504], [-80.1441496, 25.7847338], [-80.1443657, 25.7849966], [-80.1444771, 25.7851166], [-80.1448041, 25.7855078], [-80.1449861, 25.7857403]]}, "properties": {"project": "PH7113", "date": "19751101", "kind": "Man-made", "source": "TP00423"}}, {"type": "Feature", "geometry": {"type": "LineString", "coordinates": [[-80.1435073, 25.7831463], [-80.1436741, 25.7831382], [-80.1436946, 25.7832888], [-80.143803, 25.7832809]]}, "properties": {"project": "PH7113", "date": "19751101", "kind": "Pier", "source": "TP00423"}}, {"type": "Feature", "geometry": {"type": "LineString", "coordinates": [[-80.1578677, 25.7830374], [-80.1578438, 25.7830802], [-80.1579558, 25.7831335]]}, "properties": {"project": "PH7113", "date": "19751101", "kind": "Pier", "source": "TP00423"}}, {"type": "Feature", "geometry": {"type": "LineString", "coordinates": [[-80.1627632, 25.7851433], [-80.1626155, 25.7850809], [-80.1624065, 25.7849873], [-80.1620586, 25.7848481], [-80.1619272, 25.7847933], [-80.1617824, 25.7847315], [-80.1615473, 25.7846216], [-80.1613524, 25.7845367], [-80.1613308, 25.7845272], [-80.1611125, 25.784429], [-80.1608875, 25.7843368], [-80.1606667, 25.7842462], [-80.160601, 25.7842194], [-80.160445, 25.7841556], [-80.1602284, 25.7840604], [-80.1600093, 25.7839652], [-80.1597902, 25.7838701], [-80.1595814, 25.7837793], [-80.1595421, 25.7838494], [-80.1593789, 25.7837822], [-80.159394, 25.7837542], [-80.1594385, 25.7837646], [-80.1594621, 25.7837132], [-80.1593015, 25.7836456], [-80.1590358, 25.7835402], [-80.1587804, 25.7834287], [-80.1585242, 25.7833172], [-80.1582697, 25.7832042], [-80.1580116, 25.7831042], [-80.1578677, 25.7830374]]}, "properties": {"project": "PH7113", "date": "19751101", "kind": "Man-made", "source": "TP00423"}}, {"type": "Feature", "geometry": {"type": "LineString", "coordinates": [[-80.1575021, 25.7828689], [-80.1574774, 25.7829211], [-80.1575653, 25.7829566]]}, "properties": {"project": "PH7113", "date": "19751101", "kind": "Pier", "source": "TP00423"}}, {"type": "Feature", "geometry": {"type": "LineString", "coordinates": [[-80.1578677, 25.7830374], [-80.1577715, 25.7829927], [-80.1575313, 25.7828813], [-80.1575021, 25.7828689]]}, "properties": {"project": "PH7113", "date": "19751101", "kind": "Man-made", "source": "TP00423"}}, {"type": "Feature", "geometry": {"type": "LineString", "coordinates": [[-80.1523772, 25.7787327], [-80.1524448, 25.7787276], [-80.1524603, 25.7787627]]}, "properties": {"project": "PH7113", "date": "19751101", "kind": "Pier", "source": "TP00423"}}, {"type": "Feature", "geometry": {"type": "LineString", "coordinates": [[-80.1429776, 25.7783655], [-80.1429942, 25.7785482], [-80.1430614, 25.7791066]]}, "properties": {"project": "PH7113", "date": "19751101", "kind": "Man-made", "source": "TP00423"}}, {"type": "Feature", "geometry": {"type": "LineString", "coordinates": [[-80.1429776, 25.7783655], [-80.143051, 25.7783459]]}, "properties": {"project": "PH7113", "date": "19751101", "kind": "Pier", "source": "TP00423"}}, {"type": "Feature", "geometry": {"type": "LineString", "coordinates": [[-80.1429708, 25.7782897], [-80.1429776, 25.7783655]]}, "properties": {"project": "PH7113", "date": "19751101", "kind": "Man-made", "source": "TP00423"}}, {"type": "Feature", "geometry": {"type": "LineString", "coordinates": [[-80.1429708, 25.7782897], [-80.1430479, 25.7782849]]}, "properties": {"project": "PH7113", "date": "19751101", "kind": "Pier", "source": "TP00423"}}, {"type": "Feature", "geometry": {"type": "LineString", "coordinates": [[-80.1429622, 25.7781945], [-80.1429708, 25.7782897]]}, "properties": {"project": "PH7113", "date": "19751101", "kind": "Man-made", "source": "TP00423"}}, {"type": "Feature", "geometry": {"type": "LineString", "coordinates": [[-80.1429622, 25.7781945], [-80.1430929, 25.7781794]]}, "properties": {"project": "PH7113", "date": "19751101", "kind": "Pier", "source": "TP00423"}}, {"type": "Feature", "geometry": {"type": "LineString", "coordinates": [[-80.1386297, 25.7644191], [-80.1388246, 25.7642546], [-80.139051, 25.7641878], [-80.1392077, 25.7640864], [-80.1393479, 25.7640434], [-80.13952, 25.7640395], [-80.1397833, 25.7640801], [-80.1401213, 25.7642087], [-80.1403525, 25.7642198], [-80.1406803, 25.7642753], [-80.1410244, 25.7642871], [-80.1411535, 25.7642878], [-80.1412235, 25.764291], [-80.1412384, 25.7642884], [-80.1412519, 25.7642817], [-80.1412565, 25.7642723], [-80.1412544, 25.7642554], [-80.1411992, 25.7642339]]}, "properties": {"project": "PH7113", "date": "19751101", "kind": "Natural.Mean High Water", "source": "TP00423"}}, {"type": "Feature", "geometry": {"type": "LineString", "coordinates": [[-80.1316504, 25.7683679], [-80.1317308, 25.7681208], [-80.1317707, 25.7678213], [-80.1318353, 25.76752], [-80.1318646, 25.767198], [-80.1318508, 25.7668747], [-80.1318247, 25.7666197], [-80.1318051, 25.766352], [-80.1317844, 25.7660852], [-80.1317713, 25.7658156], [-80.1317399, 25.7655449], [-80.1317225, 25.7652685], [-80.1317106, 25.7649833], [-80.1316487, 25.7647641], [-80.1315287, 25.7646829], [-80.1313827, 25.7646343], [-80.1312833, 25.7645372], [-80.1308545, 25.7642831], [-80.1305904, 25.7641768], [-80.1303213, 25.7640314], [-80.1301832, 25.7639199]]}, "properties": {"project": "PH7113", "date": "19751101", "kind": "Natural.Mean High Water", "source": "TP00423"}}, {"type": "Feature", "geometry": {"type": "LineString", "coordinates": [[-80.1338803, 25.7653925], [-80.133788, 25.765353], [-80.1332329, 25.7651139], [-80.1326797, 25.7648785], [-80.1321224, 25.7646431], [-80.1315322, 25.7644056], [-80.1309422, 25.7641513], [-80.1303438, 25.7639101], [-80.1302319, 25.7638637], [-80.1297618, 25.7636689], [-80.1291778, 25.7634314], [-80.1285918, 25.7631921], [-80.1280057, 25.7629509], [-80.1274094, 25.7627059], [-80.1268131, 25.7624609], [-80.1262107, 25.7622121], [-80.1256, 25.7619633], [-80.1250708, 25.7617263], [-80.1249857, 25.761708], [-80.1249581, 25.7617158], [-80.1249634, 25.7617395], [-80.1249695, 25.761754], [-80.1249832, 25.7617615], [-80.1250347, 25.7617886], [-80.1253311, 25.7619018], [-80.1257357, 25.7620704], [-80.1261424, 25.7622381], [-80.1269453, 25.7625626], [-80.127338, 25.7627351], [-80.1277319, 25.7629076], [-80.1281236, 25.7630771], [-80.1285196, 25.7632437], [-80.1288695, 25.7633828], [-80.1291897999999, 25.7635039], [-80.1292216, 25.763516], [-80.1295565, 25.7636569], [-80.1298903, 25.7637919], [-80.1301832, 25.7639199]]}, "properties": {"project": "PH7113", "date": "19751101", "kind": "Man-made", "source": "TP00423"}}, {"type": "Feature", "geometry": {"type": "LineString", "coordinates": [[-80.1614547, 25.7562774], [-80.1613843, 25.7562234], [-80.1612812, 25.7561658], [-80.161195, 25.7561611], [-80.1610983, 25.7562271], [-80.1610512, 25.7562387], [-80.1609989, 25.7562502], [-80.1609825, 25.7562607], [-80.1609676, 25.7562787], [-80.1610081, 25.7563753], [-80.1610208, 25.7564315], [-80.1610313, 25.7565091], [-80.1611104, 25.7566328], [-80.1612504, 25.7567368], [-80.1612993, 25.7567554], [-80.16133, 25.7567996], [-80.161329, 25.7568392], [-80.1613046, 25.7568716], [-80.1613297, 25.7569226], [-80.1613916, 25.7569448], [-80.1613957, 25.7569688], [-80.1613849, 25.7570243], [-80.1614009, 25.757064], [-80.161436, 25.7570849], [-80.1614944, 25.7570873], [-80.1616155, 25.757049], [-80.1616501, 25.7570439], [-80.1616762, 25.7570499], [-80.1617176, 25.7571087], [-80.1617644, 25.7571309], [-80.161848, 25.7571367], [-80.1619207, 25.7571427], [-80.1620035, 25.7571645], [-80.1621361, 25.7572057], [-80.1621768, 25.7572222], [-80.1622016, 25.757223], [-80.1622218, 25.7572249], [-80.1622316, 25.7572237], [-80.1622441, 25.7572197], [-80.1622638, 25.7571955], [-80.1622675, 25.7571335], [-80.1622627, 25.7570708], [-80.1622149, 25.7569502], [-80.1621734, 25.7569085], [-80.1621436, 25.7568306], [-80.1620982, 25.7567949], [-80.1619848, 25.7567570000001], [-80.1619389, 25.7566476], [-80.1619176, 25.7566114], [-80.16186, 25.7565425], [-80.1617363, 25.7564457], [-80.161596, 25.7563908], [-80.1615598, 25.7563755], [-80.1614755, 25.7563005], [-80.1614547, 25.7562774]]}, "properties": {"project": "PH7113", "date": "19751101", "kind": "Natural.Mean High Water", "source": "TP00423"}}, {"type": "Feature", "geometry": {"type": "LineString", "coordinates": [[-80.1508888, 25.7561848], [-80.1509253, 25.7561777], [-80.1509315, 25.7561713], [-80.1509275, 25.7561566], [-80.1509174, 25.7561474], [-80.1509053, 25.7561436], [-80.1508931, 25.7561472], [-80.1508788, 25.75616], [-80.1508747, 25.7561728], [-80.1508797, 25.756182], [-80.1508888, 25.7561848]]}, "properties": {"project": "PH7113", "date": "19751101", "kind": "Natural.Apparent.Mangrove Or Cypress", "source": "TP00423"}}, {"type": "Feature", "geometry": {"type": "LineString", "coordinates": [[-80.1508051, 25.7561091], [-80.1508336, 25.7561037], [-80.1508478, 25.7560946], [-80.1508499, 25.7560864], [-80.15085, 25.7560772], [-80.150845, 25.7560652], [-80.150837, 25.7560523], [-80.15083, 25.7560422], [-80.1508118, 25.7560356], [-80.1507955, 25.7560383], [-80.1507853, 25.756041], [-80.1507772, 25.7560474], [-80.150769, 25.7560565], [-80.1507669, 25.7560684], [-80.1507749, 25.7560795], [-80.1507819, 25.7560915], [-80.150791, 25.7561044], [-80.1508051, 25.7561091]]}, "properties": {"project": "PH7113", "date": "19751101", "kind": "Natural.Apparent.Mangrove Or Cypress", "source": "TP00423"}}, {"type": "Feature", "geometry": {"type": "LineString", "coordinates": [[-80.1467452, 25.7895196], [-80.1467028, 25.7894671]]}, "properties": {"project": "PH7113", "date": "19751101", "kind": "Pier", "source": "TP00423"}}, {"type": "Feature", "geometry": {"type": "LineString", "coordinates": [[-80.1467452, 25.7895196], [-80.1467867, 25.7894864], [-80.1467811, 25.7894732], [-80.1467862, 25.7894454], [-80.146801, 25.7894096], [-80.1468156, 25.7894009], [-80.1469716, 25.7892935], [-80.1471116, 25.7892222], [-80.1471263, 25.7892153]]}, "properties": {"project": "PH7113", "date": "19751101", "kind": "Man-made", "source": "TP00423"}}, {"type": "Feature", "geometry": {"type": "LineString", "coordinates": [[-80.1471263, 25.7892153], [-80.147093, 25.7891714]]}, "properties": {"project": "PH7113", "date": "19751101", "kind": "Pier", "source": "TP00423"}}, {"type": "Feature", "geometry": {"type": "LineString", "coordinates": [[-80.1471263, 25.7892153], [-80.1472426, 25.7891609]]}, "properties": {"project": "PH7113", "date": "19751101", "kind": "Man-made", "source": "TP00423"}}, {"type": "Feature", "geometry": {"type": "LineString", "coordinates": [[-80.1479758, 25.7891226], [-80.1481142, 25.7891458], [-80.14823, 25.789171], [-80.1484117, 25.7892609], [-80.1485845, 25.7893472], [-80.1487758, 25.789438], [-80.1489704, 25.7895295], [-80.149165, 25.7896225], [-80.1493306, 25.7897014], [-80.1495009, 25.7897913], [-80.1496338, 25.7899162000001], [-80.1497399, 25.7900584], [-80.149862, 25.7902308], [-80.1500222, 25.790497], [-80.1502283, 25.790784], [-80.1502576, 25.7908241], [-80.1502705, 25.790822], [-80.1502819, 25.7908132], [-80.1502965, 25.7908067], [-80.1503167, 25.7908017], [-80.1503264, 25.7907996], [-80.1503377, 25.7908085], [-80.1503489, 25.7908224], [-80.1503609, 25.7908386], [-80.150381, 25.7908636], [-80.15038, 25.790879], [-80.1503767, 25.7908928], [-80.1503247, 25.7909335], [-80.1503117, 25.7909408], [-80.1503259, 25.7909906], [-80.1504225, 25.791225], [-80.1504085, 25.7912315]]}, "properties": {"project": "PH7113", "date": "19751101", "kind": "Man-made", "source": "TP00423"}}, {"type": "Feature", "geometry": {"type": "LineString", "coordinates": [[-80.1472426, 25.7891609], [-80.1472653, 25.7891503], [-80.1474591, 25.7891247], [-80.1475679, 25.789108]]}, "properties": {"project": "PH7113", "date": "19751101", "kind": "Man-made", "source": "TP00423"}}, {"type": "Feature", "geometry": {"type": "LineString", "coordinates": [[-80.1475679, 25.789108], [-80.1476675, 25.7890926], [-80.1478893, 25.7891082], [-80.1479758, 25.7891226]]}, "properties": {"project": "PH7113", "date": "19751101", "kind": "Man-made", "source": "TP00423"}}, {"type": "Feature", "geometry": {"type": "LineString", "coordinates": [[-80.1472426, 25.7891609], [-80.1471918, 25.7890713]]}, "properties": {"project": "PH7113", "date": "19751101", "kind": "Pier", "source": "TP00423"}}, {"type": "Feature", "geometry": {"type": "LineString", "coordinates": [[-80.1479758, 25.7891226], [-80.1479826, 25.7890487]]}, "properties": {"project": "PH7113", "date": "19751101", "kind": "Pier", "source": "TP00423"}}, {"type": "Feature", "geometry": {"type": "LineString", "coordinates": [[-80.1479826, 25.7890487], [-80.148053, 25.7890546]]}, "properties": {"project": "PH7113", "date": "19751101", "kind": "Pier", "source": "TP00423"}}, {"type": "Feature", "geometry": {"type": "LineString", "coordinates": [[-80.1479267, 25.789044], [-80.1479826, 25.7890487]]}, "properties": {"project": "PH7113", "date": "19751101", "kind": "Pier", "source": "TP00423"}}, {"type": "Feature", "geometry": {"type": "LineString", "coordinates": [[-80.1474732, 25.7890453], [-80.1475495, 25.7890349]]}, "properties": {"project": "PH7113", "date": "19751101", "kind": "Pier", "source": "TP00423"}}, {"type": "Feature", "geometry": {"type": "LineString", "coordinates": [[-80.1475679, 25.789108], [-80.1475495, 25.7890349]]}, "properties": {"project": "PH7113", "date": "19751101", "kind": "Pier", "source": "TP00423"}}, {"type": "Feature", "geometry": {"type": "LineString", "coordinates": [[-80.1283059, 25.7900595], [-80.1283458, 25.7898872], [-80.1283826, 25.7897757], [-80.1284106, 25.7896699], [-80.1284294, 25.7895576], [-80.1284521, 25.7894518], [-80.128476, 25.7893381], [-80.1285056, 25.7892258], [-80.1285316, 25.789114], [-80.1285483, 25.7890014], [-80.1285389, 25.788973], [-80.1285182, 25.7889731], [-80.1284787, 25.7889724], [-80.1284622, 25.7889723], [-80.1284448, 25.7889713], [-80.1284238, 25.7889697]]}, "properties": {"project": "PH7113", "date": "19751101", "kind": "Natural.Mean High Water", "source": "TP00423"}}, {"type": "Feature", "geometry": {"type": "LineString", "coordinates": [[-80.1225086, 25.8082091], [-80.1225123, 25.8081863], [-80.122583, 25.8080013]]}, "properties": {"project": "PH7113", "date": "19751101", "kind": "Natural.Mean High Water", "source": "TP00423"}}, {"type": "Feature", "geometry": {"type": "LineString", "coordinates": [[-80.122583, 25.8080013], [-80.1225941, 25.8079725], [-80.1226801, 25.8076356], [-80.1227325, 25.8073297]]}, "properties": {"project": "PH7113", "date": "19751101", "kind": "Man-made", "source": "TP00423"}}, {"type": "Feature", "geometry": {"type": "LineString", "coordinates": [[-80.1227325, 25.8073297], [-80.1224241, 25.8072366]]}, "properties": {"project": "PH7113", "date": "19751101", "kind": "Undetermined Alongshore Feature", "source": "TP00423"}}, {"type": "Feature", "geometry": {"type": "LineString", "coordinates": [[-80.1227325, 25.8073297], [-80.1227446, 25.8072593], [-80.122833, 25.8069642], [-80.1228967, 25.8068119]]}, "properties": {"project": "PH7113", "date": "19751101", "kind": "Natural.Mean High Water", "source": "TP00423"}}, {"type": "Feature", "geometry": {"type": "LineString", "coordinates": [[-80.1228967, 25.8068119], [-80.1223992, 25.8066713]]}, "properties": {"project": "PH7113", "date": "19751101", "kind": "Undetermined Alongshore Feature", "source": "TP00423"}}, {"type": "Feature", "geometry": {"type": "LineString", "coordinates": [[-80.1479826, 25.7890487], [-80.14799, 25.7889687]]}, "properties": {"project": "PH7113", "date": "19751101", "kind": "Pier", "source": "TP00423"}}, {"type": "Feature", "geometry": {"type": "LineString", "coordinates": [[-80.14799, 25.7889687], [-80.1480623, 25.7889738]]}, "properties": {"project": "PH7113", "date": "19751101", "kind": "Pier", "source": "TP00423"}}, {"type": "Feature", "geometry": {"type": "LineString", "coordinates": [[-80.1284238, 25.7889697], [-80.1282466, 25.7889687]]}, "properties": {"project": "PH7113", "date": "19751101", "kind": "Undetermined Alongshore Feature", "source": "TP00423"}}, {"type": "Feature", "geometry": {"type": "LineString", "coordinates": [[-80.1479381, 25.7889651], [-80.14799, 25.7889687]]}, "properties": {"project": "PH7113", "date": "19751101", "kind": "Pier", "source": "TP00423"}}, {"type": "Feature", "geometry": {"type": "LineString", "coordinates": [[-80.1474781, 25.7889703], [-80.1475317, 25.7889645]]}, "properties": {"project": "PH7113", "date": "19751101", "kind": "Pier", "source": "TP00423"}}, {"type": "Feature", "geometry": {"type": "LineString", "coordinates": [[-80.1475495, 25.7890349], [-80.1475317, 25.7889645]]}, "properties": {"project": "PH7113", "date": "19751101", "kind": "Pier", "source": "TP00423"}}, {"type": "Feature", "geometry": {"type": "LineString", "coordinates": [[-80.1475317, 25.7889645], [-80.1475981, 25.7889572]]}, "properties": {"project": "PH7113", "date": "19751101", "kind": "Pier", "source": "TP00423"}}, {"type": "Feature", "geometry": {"type": "LineString", "coordinates": [[-80.14799, 25.7889687], [-80.1479974, 25.7888895]]}, "properties": {"project": "PH7113", "date": "19751101", "kind": "Pier", "source": "TP00423"}}, {"type": "Feature", "geometry": {"type": "LineString", "coordinates": [[-80.1479974, 25.7888895], [-80.1480847, 25.7888969]]}, "properties": {"project": "PH7113", "date": "19751101", "kind": "Pier", "source": "TP00423"}}, {"type": "Feature", "geometry": {"type": "LineString", "coordinates": [[-80.1474569, 25.7888932], [-80.1475116, 25.7888846]]}, "properties": {"project": "PH7113", "date": "19751101", "kind": "Pier", "source": "TP00423"}}, {"type": "Feature", "geometry": {"type": "LineString", "coordinates": [[-80.1475317, 25.7889645], [-80.1475116, 25.7888846]]}, "properties": {"project": "PH7113", "date": "19751101", "kind": "Pier", "source": "TP00423"}}, {"type": "Feature", "geometry": {"type": "LineString", "coordinates": [[-80.1479343, 25.7888842], [-80.1479974, 25.7888895]]}, "properties": {"project": "PH7113", "date": "19751101", "kind": "Pier", "source": "TP00423"}}, {"type": "Feature", "geometry": {"type": "LineString", "coordinates": [[-80.1475116, 25.7888846], [-80.1475769, 25.7888742]]}, "properties": {"project": "PH7113", "date": "19751101", "kind": "Pier", "source": "TP00423"}}, {"type": "Feature", "geometry": {"type": "LineString", "coordinates": [[-80.1473681, 25.7888], [-80.1474858, 25.7887822]]}, "properties": {"project": "PH7113", "date": "19751101", "kind": "Pier", "source": "TP00423"}}, {"type": "Feature", "geometry": {"type": "LineString", "coordinates": [[-80.1475116, 25.7888846], [-80.1474858, 25.7887822]]}, "properties": {"project": "PH7113", "date": "19751101", "kind": "Pier", "source": "TP00423"}}, {"type": "Feature", "geometry": {"type": "LineString", "coordinates": [[-80.1479974, 25.7888895], [-80.1480079, 25.7887792]]}, "properties": {"project": "PH7113", "date": "19751101", "kind": "Pier", "source": "TP00423"}}, {"type": "Feature", "geometry": {"type": "LineString", "coordinates": [[-80.1480079, 25.7887792], [-80.1480745, 25.7887883]]}, "properties": {"project": "PH7113", "date": "19751101", "kind": "Pier", "source": "TP00423"}}, {"type": "Feature", "geometry": {"type": "LineString", "coordinates": [[-80.1474858, 25.7887822], [-80.1475951, 25.7887658]]}, "properties": {"project": "PH7113", "date": "19751101", "kind": "Pier", "source": "TP00423"}}, {"type": "Feature", "geometry": {"type": "LineString", "coordinates": [[-80.147909, 25.7887656], [-80.1480079, 25.7887792]]}, "properties": {"project": "PH7113", "date": "19751101", "kind": "Pier", "source": "TP00423"}}, {"type": "Feature", "geometry": {"type": "LineString", "coordinates": [[-80.1228967, 25.8068119], [-80.1230493, 25.8064548], [-80.1231604, 25.8062041], [-80.1231496, 25.8061942], [-80.1231294, 25.8061744], [-80.1231251, 25.8061655]]}, "properties": {"project": "PH7113", "date": "19751101", "kind": "Natural.Mean High Water", "source": "TP00423"}}, {"type": "Feature", "geometry": {"type": "LineString", "coordinates": [[-80.1231251, 25.8061655], [-80.1227279, 25.8060274]]}, "properties": {"project": "PH7113", "date": "19751101", "kind": "Undetermined Alongshore Feature", "source": "TP00423"}}, {"type": "Feature", "geometry": {"type": "LineString", "coordinates": [[-80.1231251, 25.8061655], [-80.1232015, 25.805977], [-80.1233527, 25.8056344], [-80.1233919, 25.8055314]]}, "properties": {"project": "PH7113", "date": "19751101", "kind": "Natural.Mean High Water", "source": "TP00423"}}, {"type": "Feature", "geometry": {"type": "LineString", "coordinates": [[-80.1233919, 25.8055314], [-80.1229917, 25.80538]]}, "properties": {"project": "PH7113", "date": "19751101", "kind": "Undetermined Alongshore Feature", "source": "TP00423"}}, {"type": "Feature", "geometry": {"type": "LineString", "coordinates": [[-80.1409982, 25.8053614], [-80.1410102, 25.8055801], [-80.1410087, 25.8057907], [-80.1409977, 25.805886], [-80.1409334, 25.8060145], [-80.1408202, 25.8061356], [-80.1406289, 25.8063193], [-80.1405477, 25.8063905], [-80.1401944, 25.8067602], [-80.140103, 25.8068538], [-80.1400636, 25.8068941], [-80.1400254, 25.8069312], [-80.1397057, 25.8072495], [-80.1395479, 25.8074047], [-80.1392622, 25.8076956], [-80.1391596, 25.8078], [-80.138799, 25.8081589]]}, "properties": {"project": "PH7113", "date": "19751101", "kind": "Man-made", "source": "TP00423"}}, {"type": "Feature", "geometry": {"type": "LineString", "coordinates": [[-80.1410077, 25.8052187], [-80.1409962, 25.805325], [-80.1409982, 25.8053614]]}, "properties": {"project": "PH7113", "date": "19751101", "kind": "Undetermined.Approximate", "source": "TP00423"}}, {"type": "Feature", "geometry": {"type": "LineString", "coordinates": [[-80.1233919, 25.8055314], [-80.123496, 25.8052585], [-80.1235498, 25.8050673]]}, "properties": {"project": "PH7113", "date": "19751101", "kind": "Natural.Mean High Water", "source": "TP00423"}}, {"type": "Feature", "geometry": {"type": "LineString", "coordinates": [[-80.1235498, 25.8050673], [-80.1232401, 25.8050145]]}, "properties": {"project": "PH7113", "date": "19751101", "kind": "Undetermined Alongshore Feature", "source": "TP00423"}}, {"type": "Feature", "geometry": {"type": "LineString", "coordinates": [[-80.1235498, 25.8050673], [-80.1236138, 25.8048395], [-80.1237079, 25.8046895], [-80.1237589999999, 25.8045322], [-80.1237649, 25.804514], [-80.1237177, 25.8044744]]}, "properties": {"project": "PH7113", "date": "19751101", "kind": "Natural.Mean High Water", "source": "TP00423"}}, {"type": "Feature", "geometry": {"type": "LineString", "coordinates": [[-80.1237177, 25.8044744], [-80.1236038, 25.8044496], [-80.1234056, 25.8043716]]}, "properties": {"project": "PH7113", "date": "19751101", "kind": "Undetermined Alongshore Feature", "source": "TP00423"}}, {"type": "Feature", "geometry": {"type": "LineString", "coordinates": [[-80.1237177, 25.8044744], [-80.1237404, 25.8043381], [-80.1238744, 25.8041195], [-80.1239447, 25.8039328]]}, "properties": {"project": "PH7113", "date": "19751101", "kind": "Natural.Mean High Water", "source": "TP00423"}}, {"type": "Feature", "geometry": {"type": "LineString", "coordinates": [[-80.1239447, 25.8039328], [-80.1237221, 25.8038539]]}, "properties": {"project": "PH7113", "date": "19751101", "kind": "Undetermined Alongshore Feature", "source": "TP00423"}}, {"type": "Feature", "geometry": {"type": "LineString", "coordinates": [[-80.1242548, 25.8033575], [-80.1238787, 25.803215]]}, "properties": {"project": "PH7113", "date": "19751101", "kind": "Undetermined Alongshore Feature", "source": "TP00423"}}, {"type": "Feature", "geometry": {"type": "LineString", "coordinates": [[-80.1614547, 25.7562774], [-80.1616522, 25.7560103]]}, "properties": {"project": "PH7113", "date": "19751101", "kind": "Pier", "source": "TP00423"}}, {"type": "Feature", "geometry": {"type": "LineString", "coordinates": [[-80.1512343, 25.7559417000001], [-80.1512465, 25.7559335], [-80.1512506, 25.7559252], [-80.1512537, 25.755917], [-80.1512558, 25.7559078], [-80.1512489, 25.7558885], [-80.1512418, 25.7558792], [-80.1512328, 25.7558709], [-80.1512196, 25.7558653], [-80.1512044, 25.7558671], [-80.1511942, 25.7558735], [-80.1511891, 25.7558863], [-80.151189, 25.7558964], [-80.1511899, 25.7559093], [-80.1511939, 25.7559194], [-80.1512009, 25.7559295], [-80.1512069, 25.7559378], [-80.151218, 25.7559452], [-80.1512343, 25.7559417000001]]}, "properties": {"project": "PH7113", "date": "19751101", "kind": "Natural.Apparent.Mangrove Or Cypress", "source": "TP00423"}}, {"type": "Feature", "geometry": {"type": "LineString", "coordinates": [[-80.1451733, 25.8037664], [-80.1451423, 25.8037877], [-80.1451276, 25.8037938000001], [-80.1451183, 25.803786], [-80.1451046, 25.8037727], [-80.1450677, 25.8037681]]}, "properties": {"project": "PH7113", "date": "19751101", "kind": "Undetermined.Approximate", "source": "TP00423"}}, {"type": "Feature", "geometry": {"type": "LineString", "coordinates": [[-80.1450677, 25.8037681], [-80.144959, 25.8037548], [-80.1447759, 25.8037642], [-80.144592, 25.8037743], [-80.1443866, 25.8037789], [-80.1441573, 25.8037803], [-80.143921, 25.8037909], [-80.1436779, 25.8037961], [-80.1434349, 25.8037982], [-80.1431926, 25.8038057], [-80.1429504, 25.8038101], [-80.142709, 25.8038277], [-80.1424658, 25.8038476], [-80.1422226, 25.8038651], [-80.141976, 25.803892], [-80.1417556, 25.8039602], [-80.1415595, 25.8041053], [-80.1414411, 25.8042904], [-80.1413973, 25.8044838], [-80.1413953, 25.8046976], [-80.1414044, 25.8049308], [-80.1414219, 25.8051734], [-80.1414222, 25.8052122], [-80.1414233, 25.8053625], [-80.1414238999999, 25.8054361], [-80.1414621, 25.8056071], [-80.1415716, 25.8057559], [-80.1416423, 25.8058146], [-80.1417525, 25.8058695], [-80.1418888, 25.8059429], [-80.1421184, 25.8060238], [-80.1423206, 25.806096], [-80.142552, 25.8061637], [-80.1427673, 25.8062158], [-80.1429886, 25.8062532], [-80.1432323, 25.8062876], [-80.1434813, 25.8062894], [-80.1437234, 25.8062959], [-80.1439913, 25.8063002], [-80.1442465, 25.8062765], [-80.1445044, 25.8062458], [-80.1447795, 25.8061958], [-80.1450478, 25.8061373], [-80.1453334, 25.8060703], [-80.145602, 25.8059682], [-80.1458657, 25.8058421], [-80.1461774, 25.8056515], [-80.1463795, 25.805501], [-80.1466534, 25.8052578], [-80.1468441, 25.805028], [-80.147004, 25.8047833], [-80.1471403, 25.8044889], [-80.1471587, 25.8042511], [-80.1470537, 25.8040072], [-80.1468711, 25.803835], [-80.1466587, 25.8037473], [-80.1464184, 25.8037238], [-80.1461624, 25.8037265], [-80.1459064, 25.8037425], [-80.1456531, 25.803746], [-80.1453989, 25.8037473], [-80.1451901, 25.803755], [-80.1451733, 25.8037664]]}, "properties": {"project": "PH7113", "date": "19751101", "kind": "Man-made", "source": "TP00423"}}, {"type": "Feature", "geometry": {"type": "LineString", "coordinates": [[-80.1239447, 25.8039328], [-80.1239679, 25.8038712], [-80.1241764, 25.8034822], [-80.1242141, 25.8034042], [-80.1242548, 25.8033575]]}, "properties": {"project": "PH7113", "date": "19751101", "kind": "Natural.Mean High Water", "source": "TP00423"}}, {"type": "Feature", "geometry": {"type": "LineString", "coordinates": [[-80.1450705, 25.8031111], [-80.145169, 25.8031066]]}, "properties": {"project": "PH7113", "date": "19751101", "kind": "Undetermined.Approximate", "source": "TP00423"}}, {"type": "Feature", "geometry": {"type": "LineString", "coordinates": [[-80.1242548, 25.8033575], [-80.1243777, 25.803162], [-80.1245048, 25.8027738], [-80.1245597, 25.8026095]]}, "properties": {"project": "PH7113", "date": "19751101", "kind": "Natural.Mean High Water", "source": "TP00423"}}, {"type": "Feature", "geometry": {"type": "LineString", "coordinates": [[-80.1245597, 25.8026095], [-80.1242836, 25.8025169]]}, "properties": {"project": "PH7113", "date": "19751101", "kind": "Undetermined Alongshore Feature", "source": "TP00423"}}, {"type": "Feature", "geometry": {"type": "LineString", "coordinates": [[-80.1245597, 25.8026095], [-80.1246282, 25.8024045]]}, "properties": {"project": "PH7113", "date": "19751101", "kind": "Natural.Mean High Water", "source": "TP00423"}}, {"type": "Feature", "geometry": {"type": "LineString", "coordinates": [[-80.1246282, 25.8024045], [-80.124379, 25.8023092]]}, "properties": {"project": "PH7113", "date": "19751101", "kind": "Undetermined Alongshore Feature", "source": "TP00423"}}, {"type": "Feature", "geometry": {"type": "LineString", "coordinates": [[-80.1246282, 25.8024045], [-80.1246735, 25.802269], [-80.1247937, 25.8018918], [-80.1248506, 25.8016919]]}, "properties": {"project": "PH7113", "date": "19751101", "kind": "Natural.Mean High Water", "source": "TP00423"}}, {"type": "Feature", "geometry": {"type": "LineString", "coordinates": [[-80.1284238, 25.7889697], [-80.1284288, 25.7887766], [-80.1284457, 25.7887647], [-80.1286519, 25.7887616], [-80.1286615, 25.7887595], [-80.1286652, 25.7887465], [-80.1287075, 25.7885438], [-80.1287312, 25.7884099], [-80.12874, 25.7883541]]}, "properties": {"project": "PH7113", "date": "19751101", "kind": "Man-made", "source": "TP00423"}}, {"type": "Feature", "geometry": {"type": "LineString", "coordinates": [[-80.1248506, 25.8016919], [-80.1246385, 25.8016325]]}, "properties": {"project": "PH7113", "date": "19751101", "kind": "Undetermined Alongshore Feature", "source": "TP00423"}}, {"type": "Feature", "geometry": {"type": "LineString", "coordinates": [[-80.1248506, 25.8016919], [-80.1248962, 25.8015317], [-80.125079, 25.8011278], [-80.1251337, 25.8008785]]}, "properties": {"project": "PH7113", "date": "19751101", "kind": "Natural.Mean High Water", "source": "TP00423"}}, {"type": "Feature", "geometry": {"type": "LineString", "coordinates": [[-80.1251337, 25.8008785], [-80.1249103, 25.8008123]]}, "properties": {"project": "PH7113", "date": "19751101", "kind": "Undetermined Alongshore Feature", "source": "TP00423"}}, {"type": "Feature", "geometry": {"type": "LineString", "coordinates": [[-80.145878, 25.8005966], [-80.1456706, 25.8006019], [-80.1452184, 25.8006136], [-80.1447662, 25.8006209], [-80.1443287, 25.8006305], [-80.1436937, 25.8006411], [-80.1430758, 25.800654], [-80.142431, 25.8006711], [-80.1418228, 25.8006907], [-80.1416125, 25.8007805], [-80.141519, 25.8008654], [-80.1414682, 25.800919], [-80.1414233, 25.8009925], [-80.141383, 25.8010738], [-80.1413631, 25.8011463], [-80.1413661, 25.8012226], [-80.141367, 25.8013295], [-80.1413621, 25.8014396], [-80.1413624, 25.8015429], [-80.1413611, 25.8017175], [-80.1413614, 25.8017677], [-80.1413697999999, 25.801807], [-80.1413695, 25.8018815], [-80.141367, 25.8019983], [-80.1413685, 25.8021068], [-80.1413676, 25.8022172], [-80.1413663, 25.8023299], [-80.1413697, 25.8024321], [-80.1413718, 25.8025376000001], [-80.1413736, 25.8026436], [-80.1414054, 25.8027432], [-80.1414575, 25.8028498], [-80.1415352, 25.8029483], [-80.1416341, 25.8030271], [-80.1417164, 25.8030796], [-80.1418086, 25.8031238], [-80.141907, 25.8031483], [-80.1420076, 25.803157], [-80.1421025, 25.8031599], [-80.1421965, 25.8031609], [-80.1422969, 25.8031597], [-80.1423973, 25.8031587], [-80.1424976, 25.8031578], [-80.1426008, 25.8031566], [-80.1427637, 25.8031481], [-80.1428176, 25.8031467], [-80.1428621, 25.8031484], [-80.1429601, 25.8031372], [-80.1431255, 25.8031401], [-80.1432928, 25.8031425], [-80.1434784, 25.8031301], [-80.1436578, 25.8031303], [-80.143844, 25.8031256], [-80.1440216, 25.8031269], [-80.1442084, 25.8031189], [-80.1443958, 25.8031192], [-80.1445875, 25.8031140000001], [-80.1447779, 25.8031104], [-80.144905, 25.8031054], [-80.1450503, 25.803112], [-80.1450705, 25.8031111]]}, "properties": {"project": "PH7113", "date": "19751101", "kind": "Man-made", "source": "TP00423"}}, {"type": "Feature", "geometry": {"type": "LineString", "coordinates": [[-80.145169, 25.8031066], [-80.1454967, 25.8030918], [-80.1459528, 25.8030839], [-80.1462097, 25.8030794], [-80.1468679, 25.8030684], [-80.1469422, 25.8030671], [-80.1473921, 25.8030378], [-80.1476073, 25.8029354], [-80.1477645, 25.8027708], [-80.1478256, 25.8025803], [-80.1478734, 25.8022], [-80.1478676999999, 25.8017952], [-80.1478403, 25.8013791], [-80.1477738, 25.8009651], [-80.147628, 25.8007248], [-80.1473695, 25.800581], [-80.1473085, 25.8005781]]}, "properties": {"project": "PH7113", "date": "19751101", "kind": "Man-made", "source": "TP00423"}}, {"type": "Feature", "geometry": {"type": "LineString", "coordinates": [[-80.1473085, 25.8005781], [-80.146976, 25.8005622], [-80.1465628, 25.8005763], [-80.1461228, 25.8005903], [-80.145878, 25.8005966]]}, "properties": {"project": "PH7113", "date": "19751101", "kind": "Man-made", "source": "TP00423"}}, {"type": "Feature", "geometry": {"type": "LineString", "coordinates": [[-80.1458171, 25.8005463], [-80.1458798, 25.8005436]]}, "properties": {"project": "PH7113", "date": "19751101", "kind": "Pier", "source": "TP00423"}}, {"type": "Feature", "geometry": {"type": "LineString", "coordinates": [[-80.145878, 25.8005966], [-80.1458798, 25.8005436]]}, "properties": {"project": "PH7113", "date": "19751101", "kind": "Pier", "source": "TP00423"}}, {"type": "Feature", "geometry": {"type": "LineString", "coordinates": [[-80.1458798, 25.8005436], [-80.1459489, 25.8005406]]}, "properties": {"project": "PH7113", "date": "19751101", "kind": "Pier", "source": "TP00423"}}, {"type": "Feature", "geometry": {"type": "LineString", "coordinates": [[-80.1473085, 25.8005781], [-80.1473003999999, 25.8004623]]}, "properties": {"project": "PH7113", "date": "19751101", "kind": "Pier", "source": "TP00423"}}, {"type": "Feature", "geometry": {"type": "LineString", "coordinates": [[-80.1251337, 25.8008785], [-80.1251753, 25.8006889], [-80.1253227, 25.8002394]]}, "properties": {"project": "PH7113", "date": "19751101", "kind": "Natural.Mean High Water", "source": "TP00423"}}, {"type": "Feature", "geometry": {"type": "LineString", "coordinates": [[-80.1253227, 25.8002394], [-80.1248889, 25.8000833]]}, "properties": {"project": "PH7113", "date": "19751101", "kind": "Undetermined Alongshore Feature", "source": "TP00423"}}, {"type": "Feature", "geometry": {"type": "LineString", "coordinates": [[-80.1253227, 25.8002394], [-80.125278, 25.8001918000001], [-80.125419, 25.7998509], [-80.1255998, 25.7995417], [-80.1256553, 25.7994224]]}, "properties": {"project": "PH7113", "date": "19751101", "kind": "Natural.Mean High Water", "source": "TP00423"}}, {"type": "Feature", "geometry": {"type": "LineString", "coordinates": [[-80.1256553, 25.7994224], [-80.1252096, 25.7992938]]}, "properties": {"project": "PH7113", "date": "19751101", "kind": "Undetermined Alongshore Feature", "source": "TP00423"}}, {"type": "Feature", "geometry": {"type": "LineString", "coordinates": [[-80.1459889, 25.7910169], [-80.1460344, 25.7910884]]}, "properties": {"project": "PH7113", "date": "19751101", "kind": "Pier", "source": "TP00423"}}, {"type": "Feature", "geometry": {"type": "LineString", "coordinates": [[-80.1461615, 25.791015], [-80.1460344, 25.7910884]]}, "properties": {"project": "PH7113", "date": "19751101", "kind": "Pier", "source": "TP00423"}}, {"type": "Feature", "geometry": {"type": "LineString", "coordinates": [[-80.146437, 25.7914126], [-80.1464387, 25.7913964], [-80.1462585, 25.7911597], [-80.1461615, 25.791015]]}, "properties": {"project": "PH7113", "date": "19751101", "kind": "Man-made", "source": "TP00423"}}, {"type": "Feature", "geometry": {"type": "LineString", "coordinates": [[-80.1535488, 25.7910696], [-80.1534811, 25.7909963], [-80.1534263, 25.7909744], [-80.1532533, 25.7909827], [-80.1531042, 25.7909808], [-80.1529517, 25.7909929], [-80.152805, 25.7910043], [-80.1527149, 25.7910339], [-80.1526554, 25.7911306]]}, "properties": {"project": "PH7113", "date": "19751101", "kind": "Natural.Mean High Water", "source": "TP00423"}}, {"type": "Feature", "geometry": {"type": "LineString", "coordinates": [[-80.1561864, 25.7911104], [-80.1561561, 25.7909587]]}, "properties": {"project": "PH7113", "date": "19751101", "kind": "Undetermined.Approximate", "source": "TP00423"}}, {"type": "Feature", "geometry": {"type": "LineString", "coordinates": [[-80.1566317, 25.7909373], [-80.1566279, 25.7910959]]}, "properties": {"project": "PH7113", "date": "19751101", "kind": "Undetermined.Approximate", "source": "TP00423"}}, {"type": "Feature", "geometry": {"type": "LineString", "coordinates": [[-80.1601234, 25.7909138], [-80.1601459, 25.7910721], [-80.1601647, 25.7913137], [-80.1601685, 25.7914348], [-80.160195, 25.7918083], [-80.160201, 25.7919729], [-80.1602098, 25.7922191], [-80.160233, 25.7924468000001], [-80.1602504, 25.7927151], [-80.1602639, 25.7929848], [-80.1602845, 25.7932403], [-80.1602979, 25.7935093], [-80.1603209, 25.7937741], [-80.1603406, 25.7940432], [-80.1603563, 25.7943236], [-80.1603713, 25.7946019], [-80.1603667, 25.7947468], [-80.1603264, 25.7948819], [-80.1602821, 25.7949727], [-80.1602182, 25.7951032], [-80.1600702, 25.7952851], [-80.1598823, 25.7954325], [-80.1596794, 25.7955305], [-80.1596687, 25.7955357], [-80.1594295, 25.7955866], [-80.1591796, 25.7955905], [-80.1589419, 25.7955489], [-80.1586943, 25.795441], [-80.1584873, 25.7952913], [-80.1583089, 25.7950833], [-80.1582009, 25.7948258], [-80.1581655, 25.7946579], [-80.1581622, 25.7944124], [-80.1581409, 25.7941377], [-80.1581219, 25.7938708], [-80.1581116999999, 25.793589], [-80.1580889, 25.7933121], [-80.1580709, 25.7930174], [-80.1580605, 25.7927634], [-80.1580559, 25.7926601]]}, "properties": {"project": "PH7113", "date": "19751101", "kind": "Man-made", "source": "TP00423"}}, {"type": "Feature", "geometry": {"type": "LineString", "coordinates": [[-80.1574568, 25.7908961], [-80.1575017, 25.7910432]]}, "properties": {"project": "PH7113", "date": "19751101", "kind": "Undetermined.Approximate", "source": "TP00423"}}, {"type": "Feature", "geometry": {"type": "LineString", "coordinates": [[-80.1579693, 25.7910308], [-80.1579549, 25.7908712]]}, "properties": {"project": "PH7113", "date": "19751101", "kind": "Undetermined.Approximate", "source": "TP00423"}}, {"type": "Feature", "geometry": {"type": "LineString", "coordinates": [[-80.165707, 25.7688844], [-80.1657546, 25.7687885], [-80.1656739, 25.7687293], [-80.1654651, 25.7686486], [-80.1653679, 25.7687474]]}, "properties": {"project": "PH7113", "date": "19751101", "kind": "Man-made", "source": "TP00423"}}, {"type": "Feature", "geometry": {"type": "LineString", "coordinates": [[-80.1316375, 25.7685121], [-80.1311637, 25.7685278], [-80.1307987, 25.7685378]]}, "properties": {"project": "PH7113", "date": "19751101", "kind": "Pier", "source": "TP00423"}}, {"type": "Feature", "geometry": {"type": "LineString", "coordinates": [[-80.1291691, 25.786726], [-80.1291632, 25.7863846], [-80.129202, 25.7861602], [-80.1292339, 25.7857246], [-80.129246, 25.7855538], [-80.1293151, 25.7852807], [-80.1293556, 25.7851577], [-80.1293779, 25.7848833], [-80.1293911, 25.7845562], [-80.1294509, 25.7842521], [-80.1294734, 25.7839597], [-80.129454, 25.7836671], [-80.1294563, 25.7833475], [-80.1295129, 25.7829848], [-80.1296055, 25.7826191], [-80.1296526, 25.7822368], [-80.129696, 25.7818805], [-80.1297155, 25.7815057], [-80.1297481, 25.7811374], [-80.1297269, 25.7807601], [-80.1297429, 25.7803787], [-80.1297506, 25.7799821], [-80.1297327, 25.7798121], [-80.1297565, 25.7794981], [-80.1297468, 25.7793805], [-80.1297816, 25.7791786], [-80.1298492, 25.7787856], [-80.1299157, 25.7783839], [-80.1299893, 25.7779931], [-80.1299922, 25.7777603], [-80.1300694, 25.7773597], [-80.1301815, 25.7769529], [-80.1302648, 25.7765447], [-80.1303792, 25.776139], [-80.1304959, 25.7757473], [-80.1305732, 25.7753413], [-80.1306886, 25.7749703], [-80.1307718, 25.7745785], [-80.1308311, 25.774168], [-80.1309119, 25.7737773], [-80.1309573, 25.773459], [-80.1310513, 25.7732289], [-80.1311012, 25.7729682], [-80.1311573, 25.7726706], [-80.1311979, 25.7723643], [-80.1312998, 25.7720322], [-80.1313421999999, 25.7717943], [-80.1313463, 25.7714019], [-80.1313245, 25.7712656], [-80.1313449, 25.7710991], [-80.1314478, 25.7707942], [-80.1315114, 25.7704652], [-80.1315818, 25.7701797], [-80.1316381, 25.7698452], [-80.1316705, 25.7696864], [-80.1316461, 25.7694051], [-80.1316496, 25.7690877], [-80.1316662999999, 25.7689467], [-80.1316711, 25.7686098], [-80.1316645, 25.7685283], [-80.1316375, 25.7685121]]}, "properties": {"project": "PH7113", "date": "19751101", "kind": "Natural.Mean High Water", "source": "TP00423"}}, {"type": "Feature", "geometry": {"type": "LineString", "coordinates": [[-80.13059, 25.7683684], [-80.1305841, 25.7683011], [-80.1309427, 25.7682857], [-80.131018, 25.7682852], [-80.131029, 25.7683993], [-80.1314113, 25.7683933], [-80.1316504, 25.7683679]]}, "properties": {"project": "PH7113", "date": "19751101", "kind": "Pier", "source": "TP00423"}}, {"type": "Feature", "geometry": {"type": "LineString", "coordinates": [[-80.1653679, 25.7687474], [-80.1651665, 25.7686912], [-80.1647577, 25.7685164], [-80.1644629, 25.7683922000001], [-80.1641845, 25.7682672], [-80.1641307, 25.7682391], [-80.1640108, 25.7682445], [-80.1639147, 25.7682932], [-80.1638035, 25.7685055], [-80.1635922, 25.7689242], [-80.1634819, 25.7691498], [-80.1634774, 25.7691579]]}, "properties": {"project": "PH7113", "date": "19751101", "kind": "Man-made", "source": "TP00423"}}, {"type": "Feature", "geometry": {"type": "LineString", "coordinates": [[-80.1497801, 25.7673418], [-80.149774, 25.7674746]]}, "properties": {"project": "PH7113", "date": "19751101", "kind": "Pier", "source": "TP00423"}}, {"type": "Feature", "geometry": {"type": "LineString", "coordinates": [[-80.1495012, 25.7670306], [-80.1493048, 25.7670442]]}, "properties": {"project": "PH7113", "date": "19751101", "kind": "Pier", "source": "TP00423"}}, {"type": "Feature", "geometry": {"type": "LineString", "coordinates": [[-80.1497801, 25.7673418], [-80.1497556, 25.7673344], [-80.1495065, 25.7670413], [-80.1495012, 25.7670306]]}, "properties": {"project": "PH7113", "date": "19751101", "kind": "Natural.Mean High Water", "source": "TP00423"}}, {"type": "Feature", "geometry": {"type": "LineString", "coordinates": [[-80.1461665, 25.7669083], [-80.1460929, 25.7669403], [-80.1460603, 25.7669493]]}, "properties": {"project": "PH7113", "date": "19751101", "kind": "Man-made", "source": "TP00423"}}, {"type": "Feature", "geometry": {"type": "LineString", "coordinates": [[-80.1462509999999, 25.7668715], [-80.1461665, 25.7669083]]}, "properties": {"project": "PH7113", "date": "19751101", "kind": "Man-made", "source": "TP00423"}}, {"type": "Feature", "geometry": {"type": "LineString", "coordinates": [[-80.1463201, 25.7668414], [-80.1462509999999, 25.7668715]]}, "properties": {"project": "PH7113", "date": "19751101", "kind": "Man-made", "source": "TP00423"}}, {"type": "Feature", "geometry": {"type": "LineString", "coordinates": [[-80.1601234, 25.7909138], [-80.1601312, 25.7907683]]}, "properties": {"project": "PH7113", "date": "19751101", "kind": "Undetermined.Approximate", "source": "TP00423"}}, {"type": "Feature", "geometry": {"type": "LineString", "coordinates": [[-80.1460603, 25.7669493], [-80.1459803, 25.766992], [-80.1459267, 25.7669969], [-80.1459125, 25.7669715], [-80.1458398, 25.7668616], [-80.1458126, 25.7668333]]}, "properties": {"project": "PH7113", "date": "19751101", "kind": "Man-made", "source": "TP00423"}}, {"type": "Feature", "geometry": {"type": "LineString", "coordinates": [[-80.1605843, 25.790891], [-80.1606629, 25.7909186], [-80.1607697, 25.7909328], [-80.1609215, 25.7909456], [-80.1611053, 25.7909399], [-80.1611578, 25.7909402], [-80.1613323, 25.7909076], [-80.1614131, 25.7908633]]}, "properties": {"project": "PH7113", "date": "19751101", "kind": "Natural.Mean High Water", "source": "TP00423"}}, {"type": "Feature", "geometry": {"type": "LineString", "coordinates": [[-80.1574568, 25.7908961], [-80.1574058, 25.7908551], [-80.1573054, 25.7908479], [-80.1572088, 25.7908346], [-80.1570696, 25.7908394], [-80.1568672, 25.7908425], [-80.1567431, 25.7908622], [-80.1566654, 25.7908977], [-80.1566317, 25.7909373]]}, "properties": {"project": "PH7113", "date": "19751101", "kind": "Natural.Mean High Water", "source": "TP00423"}}, {"type": "Feature", "geometry": {"type": "LineString", "coordinates": [[-80.1448062, 25.7908191], [-80.1448154, 25.791083], [-80.1447739, 25.7911479], [-80.144126, 25.7915199], [-80.1435039, 25.7918799], [-80.1434136, 25.7919444], [-80.1433584, 25.7919741], [-80.1433515, 25.7919828], [-80.1433435, 25.7919920000001], [-80.1433429, 25.7920019], [-80.1433568, 25.7920012], [-80.1433712, 25.7919991], [-80.14341, 25.7919927], [-80.1436482, 25.7919268], [-80.1437574, 25.7918517], [-80.1439709, 25.7917365], [-80.1442195, 25.7916235], [-80.1444737, 25.7915177], [-80.1445382, 25.7914936], [-80.1447362, 25.7914911], [-80.1449007, 25.7914738], [-80.1449603, 25.7914713], [-80.1450052, 25.7914768], [-80.145056, 25.7915047], [-80.1450667, 25.7916805]]}, "properties": {"project": "PH7113", "date": "19751101", "kind": "Man-made", "source": "TP00423"}}, {"type": "Feature", "geometry": {"type": "LineString", "coordinates": [[-80.1448062, 25.7908191], [-80.1448577, 25.7908214]]}, "properties": {"project": "PH7113", "date": "19751101", "kind": "Pier", "source": "TP00423"}}, {"type": "Feature", "geometry": {"type": "LineString", "coordinates": [[-80.1281218, 25.7907632], [-80.1275991, 25.7907803]]}, "properties": {"project": "PH7113", "date": "19751101", "kind": "Undetermined Alongshore Feature", "source": "TP00423"}}, {"type": "Feature", "geometry": {"type": "LineString", "coordinates": [[-80.1280433, 25.7912985], [-80.128054, 25.7912128], [-80.1280666, 25.7911095], [-80.1280852, 25.791007], [-80.1281016, 25.7909008], [-80.1281178999999, 25.7907943], [-80.1281218, 25.7907632]]}, "properties": {"project": "PH7113", "date": "19751101", "kind": "Man-made", "source": "TP00423"}}, {"type": "Feature", "geometry": {"type": "LineString", "coordinates": [[-80.1605843, 25.790891], [-80.1606176, 25.7907439]]}, "properties": {"project": "PH7113", "date": "19751101", "kind": "Undetermined.Approximate", "source": "TP00423"}}, {"type": "Feature", "geometry": {"type": "LineString", "coordinates": [[-80.1640671, 25.7907226], [-80.1640704, 25.7909896], [-80.1640715, 25.7912169], [-80.1640996, 25.7913714], [-80.164106, 25.7915593], [-80.1641358, 25.7919959], [-80.164151, 25.7922019], [-80.1641577, 25.7924237], [-80.1641632, 25.7926454], [-80.1641203, 25.7928452], [-80.1640237, 25.7930052], [-80.1639029, 25.793175], [-80.1637099, 25.7933161], [-80.1635171, 25.7934093], [-80.1633266, 25.7934602], [-80.1631331, 25.7934861], [-80.1629442, 25.7934697], [-80.1627474, 25.7934366], [-80.1625817, 25.7933602], [-80.1624345, 25.7932706], [-80.162267, 25.7931036], [-80.1621261, 25.7929077], [-80.1620649, 25.7927335], [-80.1620316, 25.7925316], [-80.1620309, 25.7923249], [-80.1620093, 25.7921192], [-80.1620002, 25.7918824], [-80.1619781, 25.7916639], [-80.161961, 25.7914304], [-80.1619495, 25.7911935], [-80.1619375, 25.7910085], [-80.1619276, 25.7908611]]}, "properties": {"project": "PH7113", "date": "19751101", "kind": "Man-made", "source": "TP00423"}}, {"type": "Feature", "geometry": {"type": "LineString", "coordinates": [[-80.1613964, 25.7907086], [-80.1614131, 25.7908633]]}, "properties": {"project": "PH7113", "date": "19751101", "kind": "Undetermined.Approximate", "source": "TP00423"}}, {"type": "Feature", "geometry": {"type": "LineString", "coordinates": [[-80.1455451, 25.7906931], [-80.1455797, 25.7907335], [-80.1456137, 25.7907897]]}, "properties": {"project": "PH7113", "date": "19751101", "kind": "Pier", "source": "TP00423"}}, {"type": "Feature", "geometry": {"type": "LineString", "coordinates": [[-80.1619276, 25.7908611], [-80.1619173, 25.7906841]]}, "properties": {"project": "PH7113", "date": "19751101", "kind": "Undetermined.Approximate", "source": "TP00423"}}, {"type": "Feature", "geometry": {"type": "LineString", "coordinates": [[-80.1654029, 25.7906643], [-80.1653115, 25.7907004], [-80.1651104, 25.790709], [-80.1650094, 25.7907364], [-80.1649173, 25.7907753], [-80.1647871, 25.7907405], [-80.1646224, 25.7907359], [-80.1645285, 25.7907182]]}, "properties": {"project": "PH7113", "date": "19751101", "kind": "Natural.Mean High Water", "source": "TP00423"}}, {"type": "Feature", "geometry": {"type": "LineString", "coordinates": [[-80.1613964, 25.7907086], [-80.1613536999999, 25.7906793], [-80.1613003, 25.7906616], [-80.1611568, 25.7906665], [-80.1608784, 25.7906611], [-80.1606994, 25.7906843], [-80.1606543, 25.7907015], [-80.1606392, 25.7907169], [-80.1606176, 25.7907439]]}, "properties": {"project": "PH7113", "date": "19751101", "kind": "Natural.Mean High Water", "source": "TP00423"}}, {"type": "Feature", "geometry": {"type": "LineString", "coordinates": [[-80.1456562, 25.7906311], [-80.1455451, 25.7906931]]}, "properties": {"project": "PH7113", "date": "19751101", "kind": "Pier", "source": "TP00423"}}, {"type": "Feature", "geometry": {"type": "LineString", "coordinates": [[-80.1456562, 25.7906311], [-80.1457078, 25.7906969]]}, "properties": {"project": "PH7113", "date": "19751101", "kind": "Pier", "source": "TP00423"}}, {"type": "Feature", "geometry": {"type": "LineString", "coordinates": [[-80.1454652, 25.7905996], [-80.1455451, 25.7906931]]}, "properties": {"project": "PH7113", "date": "19751101", "kind": "Pier", "source": "TP00423"}}, {"type": "Feature", "geometry": {"type": "LineString", "coordinates": [[-80.1645195, 25.7905638], [-80.1645285, 25.7907182]]}, "properties": {"project": "PH7113", "date": "19751101", "kind": "Undetermined.Approximate", "source": "TP00423"}}, {"type": "Feature", "geometry": {"type": "LineString", "coordinates": [[-80.1640407, 25.7905936], [-80.1640671, 25.7907226]]}, "properties": {"project": "PH7113", "date": "19751101", "kind": "Undetermined.Approximate", "source": "TP00423"}}, {"type": "Feature", "geometry": {"type": "LineString", "coordinates": [[-80.1457435, 25.7905824], [-80.1456562, 25.7906311]]}, "properties": {"project": "PH7113", "date": "19751101", "kind": "Pier", "source": "TP00423"}}, {"type": "Feature", "geometry": {"type": "LineString", "coordinates": [[-80.1457435, 25.7905824], [-80.1457948, 25.7906476]]}, "properties": {"project": "PH7113", "date": "19751101", "kind": "Pier", "source": "TP00423"}}, {"type": "Feature", "geometry": {"type": "LineString", "coordinates": [[-80.1456029, 25.7905631], [-80.1456562, 25.7906311]]}, "properties": {"project": "PH7113", "date": "19751101", "kind": "Pier", "source": "TP00423"}}, {"type": "Feature", "geometry": {"type": "LineString", "coordinates": [[-80.1456994, 25.7905263], [-80.1457435, 25.7905824]]}, "properties": {"project": "PH7113", "date": "19751101", "kind": "Pier", "source": "TP00423"}}, {"type": "Feature", "geometry": {"type": "LineString", "coordinates": [[-80.1458461, 25.790525], [-80.1457435, 25.7905824]]}, "properties": {"project": "PH7113", "date": "19751101", "kind": "Pier", "source": "TP00423"}}, {"type": "Feature", "geometry": {"type": "LineString", "coordinates": [[-80.1461615, 25.791015], [-80.1461133, 25.7909433], [-80.1459738, 25.7907313], [-80.1458461, 25.790525]]}, "properties": {"project": "PH7113", "date": "19751101", "kind": "Man-made", "source": "TP00423"}}, {"type": "Feature", "geometry": {"type": "LineString", "coordinates": [[-80.1653814, 25.7905247], [-80.1654029, 25.7906643]]}, "properties": {"project": "PH7113", "date": "19751101", "kind": "Undetermined.Approximate", "source": "TP00423"}}, {"type": "Feature", "geometry": {"type": "LineString", "coordinates": [[-80.165838, 25.7904895], [-80.1658629, 25.7906518]]}, "properties": {"project": "PH7113", "date": "19751101", "kind": "Undetermined.Approximate", "source": "TP00423"}}, {"type": "Feature", "geometry": {"type": "LineString", "coordinates": [[-80.1653814, 25.7905247], [-80.1651465, 25.7904954], [-80.1650058, 25.7904777], [-80.1648697, 25.790485], [-80.1647288, 25.7904903], [-80.1646083, 25.790511], [-80.1645354, 25.7905362], [-80.1645311, 25.7905634], [-80.1645195, 25.7905638]]}, "properties": {"project": "PH7113", "date": "19751101", "kind": "Natural.Mean High Water", "source": "TP00423"}}, {"type": "Feature", "geometry": {"type": "LineString", "coordinates": [[-80.1220406, 25.8123071], [-80.1221485, 25.8119588], [-80.1221987, 25.8118749], [-80.1222009, 25.8117557], [-80.1222165, 25.8116385]]}, "properties": {"project": "PH7113", "date": "19751101", "kind": "Natural.Mean High Water", "source": "TP00423"}}, {"type": "Feature", "geometry": {"type": "LineString", "coordinates": [[-80.1222165, 25.8116385], [-80.1219675, 25.8116109]]}, "properties": {"project": "PH7113", "date": "19751101", "kind": "Undetermined Alongshore Feature", "source": "TP00423"}}, {"type": "Feature", "geometry": {"type": "LineString", "coordinates": [[-80.1222165, 25.8116385], [-80.1222182, 25.8116255], [-80.1222387, 25.8115672]]}, "properties": {"project": "PH7113", "date": "19751101", "kind": "Natural.Mean High Water", "source": "TP00423"}}, {"type": "Feature", "geometry": {"type": "LineString", "coordinates": [[-80.1222387, 25.8115672], [-80.1222445, 25.8115507], [-80.1222313, 25.8115039], [-80.1222704, 25.81127], [-80.1222985, 25.8110459], [-80.1223205, 25.8109699]]}, "properties": {"project": "PH7113", "date": "19751101", "kind": "Man-made", "source": "TP00423"}}, {"type": "Feature", "geometry": {"type": "LineString", "coordinates": [[-80.1223205, 25.8109699], [-80.1220374, 25.8109148]]}, "properties": {"project": "PH7113", "date": "19751101", "kind": "Undetermined Alongshore Feature", "source": "TP00423"}}, {"type": "Feature", "geometry": {"type": "LineString", "coordinates": [[-80.1502989, 25.8105489], [-80.1503063, 25.8106464], [-80.1503702, 25.8107345], [-80.1505093, 25.8108693], [-80.1506863, 25.8109556], [-80.1509419, 25.8109668], [-80.151265, 25.8109565], [-80.1518599, 25.8109490000001], [-80.1522851, 25.8109564], [-80.1524656, 25.8109379], [-80.1526194, 25.8108865], [-80.1528912, 25.810888], [-80.1531713, 25.8108702], [-80.1534594, 25.8108463], [-80.153672, 25.8108548], [-80.1539357, 25.810871], [-80.1541833, 25.8108651], [-80.1547675, 25.8108502], [-80.1551658, 25.8108623], [-80.1557741, 25.8108646], [-80.1563497, 25.8109155], [-80.1565937, 25.8110497], [-80.1569915, 25.8111336], [-80.1571127, 25.8111234], [-80.1572532, 25.8110462], [-80.1574395, 25.8109645], [-80.1575958, 25.81093], [-80.1577602, 25.8109066], [-80.1580804, 25.8109158], [-80.1584678, 25.8109498], [-80.1588014, 25.8109664], [-80.1591192, 25.8109439], [-80.1592996, 25.810934], [-80.1597302, 25.8109462], [-80.1601365, 25.8109559], [-80.1611378, 25.8109533], [-80.1620528, 25.8109696], [-80.1629383, 25.8109761], [-80.1638884, 25.8109804], [-80.1647305, 25.8110353], [-80.1655675, 25.811056], [-80.1659014, 25.8110275], [-80.1661033, 25.8110311], [-80.1664351, 25.8110008]]}, "properties": {"project": "PH7113", "date": "19751101", "kind": "Natural.Mean High Water", "source": "TP00423"}}, {"type": "Feature", "geometry": {"type": "LineString", "coordinates": [[-80.1462509999999, 25.7668715], [-80.1461571, 25.7667728]]}, "properties": {"project": "PH7113", "date": "19751101", "kind": "Pier", "source": "TP00423"}}, {"type": "Feature", "geometry": {"type": "LineString", "coordinates": [[-80.1461665, 25.7669083], [-80.1460872, 25.7668056]]}, "properties": {"project": "PH7113", "date": "19751101", "kind": "Pier", "source": "TP00423"}}, {"type": "Feature", "geometry": {"type": "LineString", "coordinates": [[-80.1463201, 25.7668414], [-80.1462703, 25.766792]]}, "properties": {"project": "PH7113", "date": "19751101", "kind": "Man-made", "source": "TP00423"}}, {"type": "Feature", "geometry": {"type": "LineString", "coordinates": [[-80.1464347, 25.7667894000001], [-80.1463866, 25.7668125], [-80.1463201, 25.7668414]]}, "properties": {"project": "PH7113", "date": "19751101", "kind": "Man-made", "source": "TP00423"}}, {"type": "Feature", "geometry": {"type": "LineString", "coordinates": [[-80.1460603, 25.7669493], [-80.1459921, 25.7667652]]}, "properties": {"project": "PH7113", "date": "19751101", "kind": "Pier", "source": "TP00423"}}, {"type": "Feature", "geometry": {"type": "LineString", "coordinates": [[-80.1458126, 25.7668333], [-80.1458813, 25.7667447]]}, "properties": {"project": "PH7113", "date": "19751101", "kind": "Pier", "source": "TP00423"}}, {"type": "Feature", "geometry": {"type": "LineString", "coordinates": [[-80.1462703, 25.766792], [-80.1462178, 25.76674]]}, "properties": {"project": "PH7113", "date": "19751101", "kind": "Pier", "source": "TP00423"}}, {"type": "Feature", "geometry": {"type": "LineString", "coordinates": [[-80.1462703, 25.766792], [-80.1463537, 25.7667175]]}, "properties": {"project": "PH7113", "date": "19751101", "kind": "Man-made", "source": "TP00423"}}, {"type": "Feature", "geometry": {"type": "LineString", "coordinates": [[-80.1464347, 25.7667894000001], [-80.1463537, 25.7667175]]}, "properties": {"project": "PH7113", "date": "19751101", "kind": "Man-made", "source": "TP00423"}}, {"type": "Feature", "geometry": {"type": "LineString", "coordinates": [[-80.1458126, 25.7668333], [-80.1458045, 25.7668249], [-80.1457595, 25.7668139], [-80.1457121, 25.7668115], [-80.1456741, 25.7668177], [-80.1455883, 25.7668837000001], [-80.1455158, 25.7669144], [-80.1455015, 25.7669208], [-80.1454731, 25.7669206], [-80.1454589, 25.7669162], [-80.1454281, 25.7669053], [-80.1454139, 25.7669117], [-80.1453758, 25.7669308], [-80.145375, 25.767004], [-80.1453957, 25.7670509], [-80.1454563, 25.7671257], [-80.1455177, 25.7672421], [-80.1456358, 25.7672982], [-80.1457136, 25.7673869], [-80.1457649, 25.7674236], [-80.1458031, 25.7674394], [-80.1458145, 25.7674481], [-80.1458182, 25.7674637], [-80.1458162, 25.7674793], [-80.1458161, 25.7674879], [-80.1458276, 25.7674915], [-80.145841, 25.7674898], [-80.1458716, 25.7674831], [-80.1459022, 25.767485], [-80.1459308, 25.7674938], [-80.1460263, 25.7675117], [-80.1461314, 25.7675227], [-80.1462117, 25.7675145], [-80.1463485, 25.7675153], [-80.1465875, 25.7675063], [-80.1467312, 25.7674743], [-80.1468363, 25.7674766], [-80.1468709, 25.767456], [-80.1469782, 25.7674307], [-80.1472621, 25.7672973], [-80.1475866, 25.7671122], [-80.1476158, 25.7670345], [-80.1476162, 25.7669894], [-80.1476007, 25.7669506], [-80.1475821, 25.7669425], [-80.1475478, 25.766925], [-80.1475057, 25.7669265], [-80.147458, 25.7669158], [-80.1473858, 25.7668513], [-80.1473002, 25.7667902], [-80.147157, 25.7667582], [-80.1470672, 25.7667473], [-80.1469527, 25.7667103], [-80.1468649, 25.7666907], [-80.1467424, 25.7667021], [-80.1465949, 25.7667411], [-80.1464849, 25.7667666], [-80.1464754, 25.7667699], [-80.1464347, 25.7667894000001]]}, "properties": {"project": "PH7113", "date": "19751101", "kind": "Natural.Mean High Water", "source": "TP00423"}}, {"type": "Feature", "geometry": {"type": "LineString", "coordinates": [[-80.1495012, 25.7670306], [-80.1494307, 25.7668884], [-80.149431, 25.7668357], [-80.1497109, 25.766717], [-80.1497818, 25.7666856]]}, "properties": {"project": "PH7113", "date": "19751101", "kind": "Natural.Mean High Water", "source": "TP00423"}}, {"type": "Feature", "geometry": {"type": "LineString", "coordinates": [[-80.1463537, 25.7667175], [-80.1462922, 25.7666628], [-80.1463089, 25.7666289]]}, "properties": {"project": "PH7113", "date": "19751101", "kind": "Pier", "source": "TP00423"}}, {"type": "Feature", "geometry": {"type": "LineString", "coordinates": [[-80.1497754, 25.7665958], [-80.1497818, 25.7666856]]}, "properties": {"project": "PH7113", "date": "19751101", "kind": "Pier", "source": "TP00423"}}, {"type": "Feature", "geometry": {"type": "LineString", "coordinates": [[-80.1497818, 25.7666856], [-80.1502814, 25.7664645], [-80.1504787, 25.766365], [-80.1506, 25.7663736], [-80.150833, 25.7663781], [-80.1509356, 25.7663563], [-80.1511051, 25.7663669], [-80.1512355, 25.7664029], [-80.1515144, 25.7664301], [-80.1518186, 25.7663615], [-80.1523142, 25.7662076], [-80.15247, 25.7661574], [-80.1526784, 25.766165], [-80.1528198, 25.7661434], [-80.1531842, 25.7660656], [-80.1534204, 25.7661213], [-80.1537415, 25.7661648], [-80.1541084999999, 25.7662181], [-80.1542343, 25.7662348], [-80.1543191, 25.7662565], [-80.1545702, 25.7662667], [-80.1549175, 25.7663402], [-80.1550518, 25.7663636], [-80.1551775, 25.7663468], [-80.1552515, 25.7663516], [-80.1553941, 25.7664559], [-80.1555376, 25.7665377], [-80.1557351, 25.7665677], [-80.1559699, 25.7667246], [-80.1560613, 25.7667891], [-80.1563785, 25.7668869], [-80.1565054, 25.7669164], [-80.1568234, 25.7669119], [-80.1569894, 25.7669096], [-80.1572863, 25.766889], [-80.1576181, 25.7669069], [-80.1578402, 25.7669785000001], [-80.1580271, 25.7670148], [-80.158522, 25.7669601], [-80.1586665, 25.7669993], [-80.1588813, 25.7670006], [-80.158991, 25.7670684], [-80.159452, 25.7673077], [-80.1597158, 25.7674755], [-80.1598274, 25.7676777], [-80.1598271, 25.7677192], [-80.1598198, 25.7677576], [-80.1598019, 25.7677895], [-80.1597876, 25.7678118], [-80.1597768, 25.7678405], [-80.1597801, 25.7678757], [-80.1597905, 25.7678981], [-80.1598116, 25.7679111], [-80.1598539, 25.7679209], [-80.1600804, 25.7678678], [-80.1601806, 25.7678775], [-80.1603794, 25.7680391], [-80.1604772, 25.7681964], [-80.1604733, 25.7682507], [-80.1604583, 25.7683722], [-80.1601036, 25.7690833], [-80.1601136, 25.7691634], [-80.1599929, 25.7692554], [-80.1599324, 25.769319], [-80.1599315, 25.769447], [-80.1599587, 25.7696038], [-80.1599146, 25.7698403], [-80.1599594, 25.7700068], [-80.1601025, 25.7702475], [-80.1601437, 25.7704173], [-80.1600969, 25.770608], [-80.1600208, 25.7706685], [-80.1597665, 25.7706612], [-80.1597554, 25.7706619000001], [-80.1596935, 25.7706482], [-80.1595734, 25.7706379], [-80.1594602, 25.7706596], [-80.1593399, 25.7706909], [-80.1593035, 25.7707041], [-80.1591089, 25.7706905], [-80.1587183, 25.7706084], [-80.1586227, 25.7705766], [-80.1584888, 25.7705237], [-80.1580981, 25.7704555], [-80.157872, 25.7704299], [-80.1575408, 25.7704354], [-80.157435, 25.7703926], [-80.156892, 25.7701707], [-80.1566506, 25.7701415], [-80.1563984, 25.7700116], [-80.1562185, 25.7699549], [-80.1560743, 25.7699225], [-80.1560292, 25.769874], [-80.1559339, 25.769797], [-80.1557504, 25.7697057], [-80.1553193, 25.7693906], [-80.1549375, 25.7691419], [-80.1548611, 25.7691067], [-80.1546541, 25.7690881], [-80.1545086, 25.7690491], [-80.1543436, 25.769069], [-80.1540912, 25.7689668], [-80.153917, 25.7689276], [-80.1538023, 25.7688644], [-80.1537684, 25.7688579], [-80.1537086, 25.7688256], [-80.1533737, 25.7687245], [-80.1530354, 25.7686074], [-80.1525743, 25.7683808], [-80.152089, 25.768087], [-80.1518566, 25.7679769], [-80.1516733, 25.7679214], [-80.1514369, 25.7678881000001], [-80.1511051, 25.7678638], [-80.1508967, 25.7678625], [-80.1507094, 25.767871], [-80.1506176, 25.7678609], [-80.1504482, 25.7678503], [-80.1502999, 25.7678452], [-80.1501486, 25.7677653], [-80.1500814, 25.7676997], [-80.1500751, 25.7676627], [-80.1500753, 25.7676275], [-80.1500934, 25.7675732], [-80.1499563, 25.7675529], [-80.149856, 25.7673648], [-80.1497801, 25.7673418]]}, "properties": {"project": "PH7113", "date": "19751101", "kind": "Natural.Mean High Water", "source": "TP00423"}}, {"type": "Feature", "geometry": {"type": "LineString", "coordinates": [[-80.1457792, 25.7940253], [-80.1458322, 25.794025]]}, "properties": {"project": "PH7113", "date": "19751101", "kind": "Pier", "source": "TP00423"}}, {"type": "Feature", "geometry": {"type": "LineString", "coordinates": [[-80.1458322, 25.794025], [-80.1458431, 25.7941459]]}, "properties": {"project": "PH7113", "date": "19751101", "kind": "Pier", "source": "TP00423"}}, {"type": "Feature", "geometry": {"type": "LineString", "coordinates": [[-80.1462178, 25.7940244], [-80.146312, 25.7940255]]}, "properties": {"project": "PH7113", "date": "19751101", "kind": "Pier", "source": "TP00423"}}, {"type": "Feature", "geometry": {"type": "LineString", "coordinates": [[-80.1458322, 25.794025], [-80.1459137, 25.7940245]]}, "properties": {"project": "PH7113", "date": "19751101", "kind": "Pier", "source": "TP00423"}}, {"type": "Feature", "geometry": {"type": "LineString", "coordinates": [[-80.1459137, 25.7940245], [-80.1459211, 25.7941434]]}, "properties": {"project": "PH7113", "date": "19751101", "kind": "Pier", "source": "TP00423"}}, {"type": "Feature", "geometry": {"type": "LineString", "coordinates": [[-80.1462178, 25.7940244], [-80.1462328, 25.7941571]]}, "properties": {"project": "PH7113", "date": "19751101", "kind": "Pier", "source": "TP00423"}}, {"type": "Feature", "geometry": {"type": "LineString", "coordinates": [[-80.1459137, 25.7940245], [-80.1459855, 25.7940242]]}, "properties": {"project": "PH7113", "date": "19751101", "kind": "Pier", "source": "TP00423"}}, {"type": "Feature", "geometry": {"type": "LineString", "coordinates": [[-80.1459855, 25.7940242], [-80.1459902, 25.7941547]]}, "properties": {"project": "PH7113", "date": "19751101", "kind": "Pier", "source": "TP00423"}}, {"type": "Feature", "geometry": {"type": "LineString", "coordinates": [[-80.1459855, 25.7940242], [-80.1460565, 25.7940238]]}, "properties": {"project": "PH7113", "date": "19751101", "kind": "Pier", "source": "TP00423"}}, {"type": "Feature", "geometry": {"type": "LineString", "coordinates": [[-80.1460565, 25.7940238], [-80.1460669, 25.7941661]]}, "properties": {"project": "PH7113", "date": "19751101", "kind": "Pier", "source": "TP00423"}}, {"type": "Feature", "geometry": {"type": "LineString", "coordinates": [[-80.1460565, 25.7940238], [-80.1461322, 25.7940234]]}, "properties": {"project": "PH7113", "date": "19751101", "kind": "Pier", "source": "TP00423"}}, {"type": "Feature", "geometry": {"type": "LineString", "coordinates": [[-80.1461322, 25.7940234], [-80.1461417, 25.7941556]]}, "properties": {"project": "PH7113", "date": "19751101", "kind": "Pier", "source": "TP00423"}}, {"type": "Feature", "geometry": {"type": "LineString", "coordinates": [[-80.1658629, 25.7906518], [-80.1658833, 25.7907855], [-80.1659602, 25.79096], [-80.1661038, 25.7911457], [-80.1661604, 25.7912152], [-80.1662347, 25.7912709], [-80.1663233, 25.791324], [-80.1663722, 25.7913501], [-80.1664352, 25.7913863], [-80.166642, 25.7914463], [-80.1668589, 25.7914686], [-80.1670534, 25.7914651], [-80.1673443, 25.7914519], [-80.1676409, 25.7914346], [-80.1679295, 25.7914265], [-80.1682215, 25.7914102], [-80.168509, 25.7913959], [-80.1687999, 25.7913858], [-80.1689366, 25.7913717], [-80.1692274, 25.7913626], [-80.1695149, 25.7913555], [-80.1697219, 25.7913397], [-80.1699209, 25.7913311], [-80.170196, 25.7913065], [-80.1703011, 25.7912742], [-80.1705371, 25.7911747], [-80.1707238, 25.7910412], [-80.1708528, 25.7908961], [-80.1709784, 25.7906502], [-80.1710042, 25.7905083], [-80.1710116, 25.7903943]]}, "properties": {"project": "PH7113", "date": "19751101", "kind": "Man-made", "source": "TP00423"}}, {"type": "Feature", "geometry": {"type": "LineString", "coordinates": [[-80.1282188, 25.7900654], [-80.1278454, 25.7900813]]}, "properties": {"project": "PH7113", "date": "19751101", "kind": "Undetermined Alongshore Feature", "source": "TP00423"}}, {"type": "Feature", "geometry": {"type": "LineString", "coordinates": [[-80.1281218, 25.7907632], [-80.1281311, 25.7906872], [-80.1281397, 25.7905887], [-80.128157, 25.7904785], [-80.1281737, 25.7903696], [-80.12819, 25.7902607], [-80.1282064, 25.7901518], [-80.1282188, 25.7900654]]}, "properties": {"project": "PH7113", "date": "19751101", "kind": "Man-made", "source": "TP00423"}}, {"type": "Feature", "geometry": {"type": "LineString", "coordinates": [[-80.1282188, 25.7900654], [-80.1283059, 25.7900595]]}, "properties": {"project": "PH7113", "date": "19751101", "kind": "Man-made", "source": "TP00423"}}, {"type": "Feature", "geometry": {"type": "LineString", "coordinates": [[-80.1458461, 25.790525], [-80.1458367, 25.7905099], [-80.145798, 25.7904485], [-80.1458047, 25.7902949], [-80.1458306, 25.7902324], [-80.1460609, 25.7900296], [-80.14619, 25.7898894], [-80.1463233, 25.7897878], [-80.1465138, 25.7896699], [-80.1467082, 25.7895492], [-80.1467452, 25.7895196]]}, "properties": {"project": "PH7113", "date": "19751101", "kind": "Man-made", "source": "TP00423"}}, {"type": "Feature", "geometry": {"type": "LineString", "coordinates": [[-80.1471529, 25.8105353], [-80.1471413, 25.8106536], [-80.1470539, 25.8107256], [-80.1469732, 25.8107451], [-80.1468757, 25.8107447], [-80.1467869, 25.8107502], [-80.1467187, 25.8108], [-80.1466029, 25.8108252], [-80.1464841, 25.8108367], [-80.146366, 25.8108492], [-80.146248, 25.8108607], [-80.1461276, 25.8108671], [-80.1459985, 25.8108811], [-80.145915, 25.8109006], [-80.1457984, 25.8109334], [-80.145681, 25.810967], [-80.1455584, 25.8110034], [-80.1454401, 25.8110515], [-80.1453197, 25.811113], [-80.1452121, 25.8111738], [-80.1451162, 25.8112724], [-80.1450059, 25.8113843], [-80.1448967, 25.8114948], [-80.1447868, 25.8116031], [-80.1446761, 25.811714], [-80.1445641, 25.8118251], [-80.1444522, 25.8119349], [-80.144341, 25.8120432], [-80.1442271, 25.812154], [-80.1440966, 25.8122745], [-80.1439653, 25.8124102], [-80.1438304, 25.8125405], [-80.143701, 25.8126719], [-80.1435709, 25.8128026], [-80.14344, 25.8129289], [-80.1433091, 25.8130555], [-80.1431786, 25.8131862], [-80.1430481, 25.8133154], [-80.1429176, 25.8134446], [-80.1427871, 25.8135731], [-80.1425306, 25.8137901], [-80.1422742, 25.8139885000001], [-80.1421451, 25.814089], [-80.1420107, 25.8141961], [-80.1418836, 25.8142985], [-80.1417549, 25.8143994], [-80.1416262, 25.8145004], [-80.1414975, 25.8146013], [-80.1413687, 25.8147023], [-80.1412392, 25.8148043], [-80.1411097, 25.8149063], [-80.1409798, 25.8150119], [-80.1409047, 25.8150729], [-80.1407625, 25.8151824], [-80.1406097, 25.8153014], [-80.1405978, 25.8153106], [-80.1404966, 25.8153689], [-80.1404207, 25.815416], [-80.1400766, 25.8156629], [-80.1398212, 25.8158477], [-80.1397398, 25.8159069], [-80.1397073, 25.8159306], [-80.1396983, 25.8159425], [-80.1396833, 25.8159533], [-80.1395813, 25.8160491], [-80.1395222, 25.8160798], [-80.1394667, 25.8160926], [-80.1392417, 25.8161464], [-80.1389725, 25.8161999], [-80.1389483, 25.8162163], [-80.1389014, 25.8162285], [-80.1388137, 25.8163105], [-80.1387738, 25.8163753], [-80.1387548, 25.8164039], [-80.1387504, 25.8164248], [-80.138754, 25.8165103], [-80.1387589, 25.816708], [-80.1387727, 25.8168297], [-80.1387677, 25.8169342], [-80.1387646, 25.8170729], [-80.1387557, 25.8171451], [-80.13874, 25.8172223], [-80.138732, 25.8172324], [-80.1386535, 25.8173402], [-80.1386168, 25.8174768], [-80.1386204, 25.8175643], [-80.1386758, 25.8177394000001], [-80.1386644, 25.8178591], [-80.138592, 25.8180012], [-80.1385409, 25.8181016], [-80.1385027, 25.8181603], [-80.1384665, 25.8182342], [-80.138446, 25.8182757], [-80.1383333, 25.8183608000001], [-80.1381794, 25.8184397], [-80.1379771, 25.8185354], [-80.1378801, 25.8186013], [-80.1377913, 25.8186825], [-80.1377191, 25.8187942], [-80.1376529, 25.8189478], [-80.1376345, 25.8190046], [-80.1375595, 25.8190898], [-80.1374264, 25.8191954], [-80.1373166, 25.8192784], [-80.1372448, 25.8193407], [-80.1372062, 25.8194526], [-80.1371563, 25.8196651], [-80.1371974, 25.8197889], [-80.1372516, 25.8198538], [-80.1373098, 25.8199283], [-80.13738075012067, 25.82]]}, "properties": {"project": "PH7113", "date": "19751101", "kind": "Man-made", "source": "TP00423"}}, {"type": "Feature", "geometry": {"type": "LineString", "coordinates": [[-80.1503005, 25.8103272], [-80.1502989, 25.8105489]]}, "properties": {"project": "PH7113", "date": "19751101", "kind": "Undetermined.Approximate", "source": "TP00423"}}, {"type": "Feature", "geometry": {"type": "LineString", "coordinates": [[-80.1223205, 25.8109699], [-80.1223577, 25.8108416], [-80.1224704, 25.8103783], [-80.1224802, 25.8103034]]}, "properties": {"project": "PH7113", "date": "19751101", "kind": "Natural.Mean High Water", "source": "TP00423"}}, {"type": "Feature", "geometry": {"type": "LineString", "coordinates": [[-80.1471736, 25.8102834], [-80.1471529, 25.8105353]]}, "properties": {"project": "PH7113", "date": "19751101", "kind": "Undetermined.Approximate", "source": "TP00423"}}, {"type": "Feature", "geometry": {"type": "LineString", "coordinates": [[-80.1224802, 25.8103034], [-80.1221674, 25.8102423]]}, "properties": {"project": "PH7113", "date": "19751101", "kind": "Undetermined Alongshore Feature", "source": "TP00423"}}, {"type": "Feature", "geometry": {"type": "LineString", "coordinates": [[-80.1664351, 25.8101357], [-80.1658487, 25.8101074], [-80.1651085, 25.8101006], [-80.1648907, 25.8100799], [-80.1645759, 25.8100585], [-80.1639864, 25.8100673], [-80.1637093, 25.8100376], [-80.1635828, 25.8100466], [-80.1634643, 25.8100508], [-80.1632225, 25.8099933], [-80.1631606, 25.8099954], [-80.1627807, 25.8100419], [-80.162175, 25.8100566], [-80.1614915, 25.8100392], [-80.1610313, 25.8100304], [-80.1607432, 25.8100433], [-80.1600166, 25.8100232], [-80.1593088, 25.810013], [-80.1585445, 25.81], [-80.1577881, 25.8099992], [-80.1570532, 25.8100206], [-80.156488, 25.8100136], [-80.1561949, 25.8099705], [-80.1559794, 25.8099961], [-80.1555893, 25.8099731], [-80.1552958, 25.8099957], [-80.1548652, 25.8099823], [-80.1547089, 25.8100033], [-80.1541115, 25.8099901000001], [-80.1537025, 25.8099694], [-80.1534763, 25.8099925], [-80.1529379999999, 25.8099808], [-80.1524188, 25.8099424], [-80.1521364, 25.8099177], [-80.1520179, 25.8099267], [-80.1518374, 25.8099403000001], [-80.1514283, 25.8099367], [-80.1511726, 25.8099486], [-80.1509332, 25.8099167], [-80.1507098, 25.8099264], [-80.1504668, 25.8100334], [-80.1503339, 25.8101678], [-80.1503009, 25.8102736], [-80.1503005, 25.8103272]]}, "properties": {"project": "PH7113", "date": "19751101", "kind": "Natural.Mean High Water", "source": "TP00423"}}, {"type": "Feature", "geometry": {"type": "LineString", "coordinates": [[-80.1224802, 25.8103034], [-80.1225244, 25.809965], [-80.1225561, 25.8096315], [-80.1225493, 25.8096253000001], [-80.1225412, 25.8096204], [-80.1225223, 25.809608]]}, "properties": {"project": "PH7113", "date": "19751101", "kind": "Natural.Mean High Water", "source": "TP00423"}}, {"type": "Feature", "geometry": {"type": "LineString", "coordinates": [[-80.1225223, 25.809608], [-80.1221592, 25.8095408]]}, "properties": {"project": "PH7113", "date": "19751101", "kind": "Undetermined Alongshore Feature", "source": "TP00423"}}, {"type": "Feature", "geometry": {"type": "LineString", "coordinates": [[-80.1363132, 25.8095258], [-80.1363509, 25.8095494], [-80.1366816, 25.8096129], [-80.1369221, 25.809673], [-80.137184, 25.8097448], [-80.1374522, 25.8098319], [-80.137691, 25.8099018], [-80.137926, 25.809926], [-80.1381422, 25.809933], [-80.1384036, 25.8099295], [-80.1386689, 25.8099439], [-80.1389446, 25.8099436], [-80.1392348, 25.8099504], [-80.1395165, 25.8099555], [-80.1397173, 25.809961], [-80.1397639, 25.8099426], [-80.139811, 25.8099191], [-80.1399976, 25.8099241], [-80.1401869, 25.8099616], [-80.1403903, 25.8099755], [-80.1406479, 25.8099852], [-80.1409193, 25.8099903], [-80.1411975, 25.8099931], [-80.1413324, 25.8099967], [-80.1414775, 25.8100006], [-80.1417652, 25.8100042], [-80.141916, 25.8100188], [-80.1421478, 25.8100236], [-80.1423848, 25.8100176], [-80.1426572, 25.8100056], [-80.1429294, 25.8100115], [-80.1431912, 25.8100298], [-80.1432766, 25.8100351000001], [-80.1434049, 25.8100431], [-80.1435173, 25.81002], [-80.1437396, 25.810028], [-80.1439791, 25.8100368], [-80.1440553, 25.8100382], [-80.1440698, 25.8100385], [-80.1442494, 25.8100127], [-80.1444682, 25.8100284], [-80.1447067, 25.8100535], [-80.1449473, 25.8100366], [-80.14521, 25.810044], [-80.1454675, 25.8100607], [-80.1457311, 25.810072], [-80.1459268999999, 25.8100502], [-80.1461269, 25.8100595], [-80.1462633, 25.810042], [-80.1464571, 25.8100731], [-80.1466165, 25.8100916], [-80.1468286, 25.8100854], [-80.1470234, 25.8100839], [-80.1471411, 25.8101753], [-80.1471736, 25.8102834]]}, "properties": {"project": "PH7113", "date": "19751101", "kind": "Man-made", "source": "TP00423"}}, {"type": "Feature", "geometry": {"type": "LineString", "coordinates": [[-80.1363132, 25.8095258], [-80.1358733, 25.8095158], [-80.1356423, 25.8095213], [-80.1354485, 25.80954], [-80.1352489, 25.8095658], [-80.1350262, 25.8095915], [-80.1348029, 25.8096255], [-80.1345951, 25.8096894], [-80.1343917, 25.8097674], [-80.1342105, 25.80987], [-80.1340081, 25.8100099], [-80.1338231, 25.8101843], [-80.1336641, 25.8103879], [-80.1335477, 25.810596], [-80.1334288, 25.8108059], [-80.1333148, 25.8110401], [-80.1332239, 25.8112697], [-80.1331356, 25.8115059], [-80.1330577, 25.811748], [-80.1329976, 25.8119873], [-80.1329505, 25.8122279], [-80.1329117, 25.8124281], [-80.1328887, 25.8124322], [-80.1328716, 25.8124386], [-80.1328454, 25.8126989], [-80.1328502, 25.8129368], [-80.1328419, 25.8131788], [-80.1328579, 25.8134096], [-80.1328864, 25.8136423], [-80.1328878, 25.8137302]]}, "properties": {"project": "PH7113", "date": "19751101", "kind": "Man-made", "source": "TP00423"}}, {"type": "Feature", "geometry": {"type": "LineString", "coordinates": [[-80.1375762, 25.8093987], [-80.1375665, 25.8094337], [-80.1375525, 25.8094396], [-80.1375227, 25.8094503], [-80.1375124, 25.8094287]]}, "properties": {"project": "PH7113", "date": "19751101", "kind": "Man-made", "source": "TP00423"}}, {"type": "Feature", "geometry": {"type": "LineString", "coordinates": [[-80.146312, 25.7940255], [-80.146388, 25.7940264], [-80.146404, 25.7947866], [-80.1464551, 25.7947869], [-80.1464362, 25.7939773], [-80.1461293999999, 25.7939756], [-80.1456393, 25.7939861], [-80.1451392, 25.7939925]]}, "properties": {"project": "PH7113", "date": "19751101", "kind": "Pier", "source": "TP00423"}}, {"type": "Feature", "geometry": {"type": "LineString", "coordinates": [[-80.1461322, 25.7940234], [-80.1462178, 25.7940244]]}, "properties": {"project": "PH7113", "date": "19751101", "kind": "Pier", "source": "TP00423"}}, {"type": "Feature", "geometry": {"type": "LineString", "coordinates": [[-80.1543741, 25.7940224], [-80.1542727, 25.7940828]]}, "properties": {"project": "PH7113", "date": "19751101", "kind": "Pier", "source": "TP00423"}}, {"type": "Feature", "geometry": {"type": "LineString", "coordinates": [[-80.1451392, 25.7939925], [-80.1451403, 25.794005], [-80.1451409, 25.7940169], [-80.1451423, 25.79405]]}, "properties": {"project": "PH7113", "date": "19751101", "kind": "Shoreline/Alongshore Feature Boundary", "source": "TP00423"}}, {"type": "Feature", "geometry": {"type": "LineString", "coordinates": [[-80.1543169, 25.7939615], [-80.1542242, 25.7940195]]}, "properties": {"project": "PH7113", "date": "19751101", "kind": "Pier", "source": "TP00423"}}, {"type": "Feature", "geometry": {"type": "LineString", "coordinates": [[-80.1543169, 25.7939615], [-80.1543741, 25.7940224]]}, "properties": {"project": "PH7113", "date": "19751101", "kind": "Man-made", "source": "TP00423"}}, {"type": "Feature", "geometry": {"type": "LineString", "coordinates": [[-80.149609, 25.7928023], [-80.1496426, 25.7928467]]}, "properties": {"project": "PH7113", "date": "19751101", "kind": "Pier", "source": "TP00423"}}, {"type": "Feature", "geometry": {"type": "LineString", "coordinates": [[-80.1272673, 25.7940354], [-80.1272612, 25.7940218], [-80.1272654, 25.793985], [-80.1274082, 25.793598], [-80.1275237, 25.7933067], [-80.1276349, 25.7930608], [-80.1276597, 25.7929813], [-80.1277082, 25.7927742], [-80.1277278, 25.7927158]]}, "properties": {"project": "PH7113", "date": "19751101", "kind": "Natural.Mean High Water", "source": "TP00423"}}, {"type": "Feature", "geometry": {"type": "LineString", "coordinates": [[-80.1277278, 25.7927158], [-80.1276118, 25.7927092]]}, "properties": {"project": "PH7113", "date": "19751101", "kind": "Undetermined Alongshore Feature", "source": "TP00423"}}, {"type": "Feature", "geometry": {"type": "LineString", "coordinates": [[-80.149683, 25.7926872], [-80.1496002, 25.7927529], [-80.149609, 25.7928023]]}, "properties": {"project": "PH7113", "date": "19751101", "kind": "Man-made", "source": "TP00423"}}, {"type": "Feature", "geometry": {"type": "LineString", "coordinates": [[-80.149683, 25.7926872], [-80.1497522, 25.7927813]]}, "properties": {"project": "PH7113", "date": "19751101", "kind": "Pier", "source": "TP00423"}}, {"type": "Feature", "geometry": {"type": "LineString", "coordinates": [[-80.1497653, 25.7926223], [-80.149683, 25.7926872]]}, "properties": {"project": "PH7113", "date": "19751101", "kind": "Man-made", "source": "TP00423"}}, {"type": "Feature", "geometry": {"type": "LineString", "coordinates": [[-80.1497653, 25.7926223], [-80.1498546, 25.7927051]]}, "properties": {"project": "PH7113", "date": "19751101", "kind": "Pier", "source": "TP00423"}}, {"type": "Feature", "geometry": {"type": "LineString", "coordinates": [[-80.1580559, 25.7926601], [-80.1580044, 25.7926584000001], [-80.1579962, 25.7925902]]}, "properties": {"project": "PH7113", "date": "19751101", "kind": "Pier", "source": "TP00423"}}, {"type": "Feature", "geometry": {"type": "LineString", "coordinates": [[-80.1279079, 25.7919835], [-80.12757, 25.7920124]]}, "properties": {"project": "PH7113", "date": "19751101", "kind": "Undetermined Alongshore Feature", "source": "TP00423"}}, {"type": "Feature", "geometry": {"type": "LineString", "coordinates": [[-80.1277278, 25.7927158], [-80.1277913, 25.7925273], [-80.1278609, 25.7923052], [-80.1278775, 25.7921811000001], [-80.127895, 25.792024], [-80.1278968, 25.7919938], [-80.1279079, 25.7919835]]}, "properties": {"project": "PH7113", "date": "19751101", "kind": "Natural.Mean High Water", "source": "TP00423"}}, {"type": "Feature", "geometry": {"type": "LineString", "coordinates": [[-80.1503188, 25.7916629], [-80.1502882, 25.7917525]]}, "properties": {"project": "PH7113", "date": "19751101", "kind": "Man-made", "source": "TP00423"}}, {"type": "Feature", "geometry": {"type": "LineString", "coordinates": [[-80.1502882, 25.7917525], [-80.1502513, 25.7918607], [-80.1500854, 25.7921995], [-80.1499479, 25.7923823], [-80.1499448, 25.7923933], [-80.1499591, 25.7924358], [-80.149967, 25.7924417], [-80.1499764, 25.7924473], [-80.1499824, 25.7924554], [-80.1499785, 25.7924729], [-80.1499747, 25.7924818], [-80.1499683, 25.7924894], [-80.1499682, 25.792503], [-80.1498554, 25.7926202], [-80.1498312, 25.79262], [-80.1497653, 25.7926223]]}, "properties": {"project": "PH7113", "date": "19751101", "kind": "Man-made", "source": "TP00423"}}, {"type": "Feature", "geometry": {"type": "LineString", "coordinates": [[-80.1502882, 25.7917525], [-80.1503621, 25.7917823]]}, "properties": {"project": "PH7113", "date": "19751101", "kind": "Pier", "source": "TP00423"}}, {"type": "Feature", "geometry": {"type": "LineString", "coordinates": [[-80.1450667, 25.7916805], [-80.1450993, 25.7927331], [-80.1451253, 25.793846], [-80.1451392, 25.7939925]]}, "properties": {"project": "PH7113", "date": "19751101", "kind": "Man-made", "source": "TP00423"}}, {"type": "Feature", "geometry": {"type": "LineString", "coordinates": [[-80.1503188, 25.7916629], [-80.1504341, 25.7917099]]}, "properties": {"project": "PH7113", "date": "19751101", "kind": "Pier", "source": "TP00423"}}, {"type": "Feature", "geometry": {"type": "LineString", "coordinates": [[-80.149609, 25.7928023], [-80.1494267, 25.7928944], [-80.1492797, 25.7929153], [-80.1491876, 25.7929136], [-80.1491703, 25.7929014], [-80.1491597999999, 25.7928808], [-80.1491572, 25.7928687], [-80.1491386, 25.7928565], [-80.1491266, 25.7928552], [-80.1491118, 25.7928648], [-80.1491011, 25.7928768], [-80.1490782, 25.7928996], [-80.148946, 25.7929049], [-80.1489167, 25.7928878], [-80.1488645, 25.7929032], [-80.1487415, 25.7929339], [-80.1486207, 25.7929314], [-80.1484886, 25.7929161], [-80.1483391, 25.7929068], [-80.1482042, 25.7928541], [-80.1480735, 25.7928031], [-80.1478417, 25.7926416], [-80.1476613, 25.7925227], [-80.1474171, 25.7923617], [-80.1471096, 25.7921345], [-80.1468068, 25.7918215], [-80.1466364, 25.791664], [-80.1466005, 25.7916335], [-80.1465308, 25.7915567]]}, "properties": {"project": "PH7113", "date": "19751101", "kind": "Man-made", "source": "TP00423"}}, {"type": "Feature", "geometry": {"type": "LineString", "coordinates": [[-80.1279079, 25.7919835], [-80.1279243, 25.7919805], [-80.1279629, 25.7919701], [-80.1279711, 25.7919571], [-80.1279725, 25.7919214], [-80.1280093, 25.7917828], [-80.1280381, 25.7916484], [-80.1280684, 25.7915196], [-80.1280192, 25.7915162]]}, "properties": {"project": "PH7113", "date": "19751101", "kind": "Natural.Mean High Water", "source": "TP00423"}}, {"type": "Feature", "geometry": {"type": "LineString", "coordinates": [[-80.1465308, 25.7915567], [-80.146437, 25.7914126]]}, "properties": {"project": "PH7113", "date": "19751101", "kind": "Undetermined.Approximate", "source": "TP00423"}}, {"type": "Feature", "geometry": {"type": "LineString", "coordinates": [[-80.1503267, 25.7913749000001], [-80.1504089, 25.7913986], [-80.1503188, 25.7916629]]}, "properties": {"project": "PH7113", "date": "19751101", "kind": "Man-made", "source": "TP00423"}}, {"type": "Feature", "geometry": {"type": "LineString", "coordinates": [[-80.1517528, 25.7913041], [-80.1516224, 25.7914115], [-80.1515307, 25.7914523], [-80.1514722, 25.7914566], [-80.1513147, 25.7914442], [-80.1511623, 25.7914318], [-80.1510052, 25.7913757], [-80.1509266, 25.7913545]]}, "properties": {"project": "PH7113", "date": "19751101", "kind": "Man-made", "source": "TP00423"}}, {"type": "Feature", "geometry": {"type": "LineString", "coordinates": [[-80.1280192, 25.7915162], [-80.12804, 25.7913251], [-80.1280433, 25.7912985]]}, "properties": {"project": "PH7113", "date": "19751101", "kind": "Man-made", "source": "TP00423"}}, {"type": "Feature", "geometry": {"type": "LineString", "coordinates": [[-80.1280433, 25.7912985], [-80.1276892, 25.7912863]]}, "properties": {"project": "PH7113", "date": "19751101", "kind": "Undetermined Alongshore Feature", "source": "TP00423"}}, {"type": "Feature", "geometry": {"type": "LineString", "coordinates": [[-80.1375124, 25.8094287], [-80.1373471, 25.8094119], [-80.1372233, 25.8093823], [-80.1370652, 25.8093446], [-80.136872, 25.8093021], [-80.1366678, 25.8092549], [-80.1364599, 25.8092248], [-80.1363783, 25.8092117]]}, "properties": {"project": "PH7113", "date": "19751101", "kind": "Man-made", "source": "TP00423"}}, {"type": "Feature", "geometry": {"type": "LineString", "coordinates": [[-80.1363783, 25.8092117], [-80.1361536, 25.8091683]]}, "properties": {"project": "PH7113", "date": "19751101", "kind": "Undetermined.Approximate", "source": "TP00423"}}, {"type": "Feature", "geometry": {"type": "LineString", "coordinates": [[-80.1324692, 25.8137286], [-80.1324555, 25.8136456], [-80.1324437, 25.8134996], [-80.1324112, 25.8133133], [-80.1324061, 25.8131247], [-80.1324177, 25.8129162], [-80.1324375, 25.8127112], [-80.1324793, 25.8125021], [-80.1325368, 25.8122806], [-80.132587, 25.8120559], [-80.1326446, 25.8118187], [-80.1327105, 25.8115733], [-80.1327874, 25.8113279], [-80.1328826, 25.811086], [-80.1329631999999, 25.810839], [-80.1330683, 25.8106187], [-80.1331936, 25.8103852], [-80.1333455, 25.8101610000001], [-80.1335136, 25.8099618], [-80.1336871, 25.80979], [-80.1338759, 25.8096456], [-80.1340739, 25.8094922], [-80.134257, 25.8093776], [-80.1344186, 25.8093218], [-80.1346012, 25.809286], [-80.1348388, 25.8092314], [-80.135091, 25.8091828], [-80.1353697, 25.8091591], [-80.135696, 25.8091258], [-80.1360247, 25.809139], [-80.1361536, 25.8091683]]}, "properties": {"project": "PH7113", "date": "19751101", "kind": "Man-made", "source": "TP00423"}}, {"type": "Feature", "geometry": {"type": "LineString", "coordinates": [[-80.1225223, 25.809608], [-80.1225288, 25.8094667], [-80.1226247, 25.8090696], [-80.1226182, 25.8089362], [-80.1226047, 25.8089251], [-80.1225862, 25.8089059]]}, "properties": {"project": "PH7113", "date": "19751101", "kind": "Natural.Mean High Water", "source": "TP00423"}}, {"type": "Feature", "geometry": {"type": "LineString", "coordinates": [[-80.1225862, 25.8089059], [-80.1222244, 25.8088831]]}, "properties": {"project": "PH7113", "date": "19751101", "kind": "Undetermined Alongshore Feature", "source": "TP00423"}}, {"type": "Feature", "geometry": {"type": "LineString", "coordinates": [[-80.1225862, 25.8089059], [-80.1225737, 25.8088929], [-80.1226325, 25.8086524], [-80.1226579, 25.8082488], [-80.1225086, 25.8082091]]}, "properties": {"project": "PH7113", "date": "19751101", "kind": "Natural.Mean High Water", "source": "TP00423"}}, {"type": "Feature", "geometry": {"type": "LineString", "coordinates": [[-80.1225086, 25.8082091], [-80.1222988, 25.808181]]}, "properties": {"project": "PH7113", "date": "19751101", "kind": "Undetermined Alongshore Feature", "source": "TP00423"}}, {"type": "Feature", "geometry": {"type": "LineString", "coordinates": [[-80.138799, 25.8081589], [-80.1387538, 25.8082038], [-80.1385863, 25.8083791], [-80.1381662, 25.8087971], [-80.1378576, 25.8091212], [-80.1376144, 25.8093641], [-80.1375762, 25.8093987]]}, "properties": {"project": "PH7113", "date": "19751101", "kind": "Man-made", "source": "TP00423"}}, {"type": "Feature", "geometry": {"type": "LineString", "coordinates": [[-80.138799, 25.8081589], [-80.1388396, 25.8082102], [-80.1387781, 25.8082655]]}, "properties": {"project": "PH7113", "date": "19751101", "kind": "Pier", "source": "TP00423"}}, {"type": "Feature", "geometry": {"type": "LineString", "coordinates": [[-80.146694, 25.7720902], [-80.1466347, 25.7719868]]}, "properties": {"project": "PH7113", "date": "19751101", "kind": "Pier", "source": "TP00423"}}, {"type": "Feature", "geometry": {"type": "LineString", "coordinates": [[-80.1469147, 25.7720089], [-80.1470187, 25.7719776]]}, "properties": {"project": "PH7113", "date": "19751101", "kind": "Pier", "source": "TP00423"}}, {"type": "Feature", "geometry": {"type": "LineString", "coordinates": [[-80.1468005999999, 25.7720474], [-80.1467493, 25.771949]]}, "properties": {"project": "PH7113", "date": "19751101", "kind": "Pier", "source": "TP00423"}}, {"type": "Feature", "geometry": {"type": "LineString", "coordinates": [[-80.1474965, 25.7719382], [-80.1475042, 25.7719554], [-80.1475048, 25.7719679], [-80.1474909, 25.771985], [-80.1474625, 25.7720233], [-80.1475282, 25.7721712], [-80.1475512, 25.7722113]]}, "properties": {"project": "PH7113", "date": "19751101", "kind": "Man-made", "source": "TP00423"}}, {"type": "Feature", "geometry": {"type": "LineString", "coordinates": [[-80.1469147, 25.7720089], [-80.146866, 25.7719233]]}, "properties": {"project": "PH7113", "date": "19751101", "kind": "Pier", "source": "TP00423"}}, {"type": "Feature", "geometry": {"type": "LineString", "coordinates": [[-80.1470187, 25.7719776], [-80.1469714999999, 25.7718874]]}, "properties": {"project": "PH7113", "date": "19751101", "kind": "Pier", "source": "TP00423"}}, {"type": "Feature", "geometry": {"type": "LineString", "coordinates": [[-80.147394, 25.7716893], [-80.1473579, 25.7717517], [-80.1473844, 25.7718066], [-80.1473417, 25.7718226], [-80.1473616, 25.7718552], [-80.1473909, 25.7718432], [-80.1474139, 25.7718771], [-80.147133, 25.7719744], [-80.1470671, 25.7719886], [-80.1470542, 25.7719807], [-80.1470424, 25.7719719], [-80.1470187, 25.7719776]]}, "properties": {"project": "PH7113", "date": "19751101", "kind": "Pier", "source": "TP00423"}}, {"type": "Feature", "geometry": {"type": "LineString", "coordinates": [[-80.147394, 25.7716893], [-80.1474394, 25.7717594], [-80.1474881, 25.7718532], [-80.1474965, 25.7719382]]}, "properties": {"project": "PH7113", "date": "19751101", "kind": "Shoreline/Alongshore Feature Boundary", "source": "TP00423"}}, {"type": "Feature", "geometry": {"type": "LineString", "coordinates": [[-80.1622116, 25.7715474], [-80.1621223, 25.7715084], [-80.161968, 25.7717773], [-80.1620865, 25.7718125]]}, "properties": {"project": "PH7113", "date": "19751101", "kind": "Man-made", "source": "TP00423"}}, {"type": "Feature", "geometry": {"type": "LineString", "coordinates": [[-80.1443803, 25.7711868], [-80.1442796, 25.7712563]]}, "properties": {"project": "PH7113", "date": "19751101", "kind": "Pier", "source": "TP00423"}}, {"type": "Feature", "geometry": {"type": "LineString", "coordinates": [[-80.127, 25.79593], [-80.1268359, 25.7958908]]}, "properties": {"project": "PH7113", "date": "19751101", "kind": "Undetermined Alongshore Feature", "source": "TP00423"}}, {"type": "Feature", "geometry": {"type": "LineString", "coordinates": [[-80.1462481, 25.7960326], [-80.1462491, 25.7958905]]}, "properties": {"project": "PH7113", "date": "19751101", "kind": "Pier", "source": "TP00423"}}, {"type": "Feature", "geometry": {"type": "LineString", "coordinates": [[-80.1504085, 25.7912315], [-80.1503099, 25.7912775], [-80.1503186, 25.7913241], [-80.1503184, 25.791357], [-80.1503267, 25.7913749000001]]}, "properties": {"project": "PH7113", "date": "19751101", "kind": "Undetermined.Approximate", "source": "TP00423"}}, {"type": "Feature", "geometry": {"type": "LineString", "coordinates": [[-80.1509266, 25.7913545], [-80.1508627, 25.7912219]]}, "properties": {"project": "PH7113", "date": "19751101", "kind": "Undetermined.Approximate", "source": "TP00423"}}, {"type": "Feature", "geometry": {"type": "LineString", "coordinates": [[-80.1526512, 25.7912712], [-80.1527422, 25.7913398], [-80.1528514, 25.7913439], [-80.1529549, 25.7913738], [-80.153061, 25.7914067], [-80.1531735, 25.7914033], [-80.1532852, 25.7913943], [-80.1533781, 25.7913507], [-80.1534892, 25.791284], [-80.1535844, 25.7912211]]}, "properties": {"project": "PH7113", "date": "19751101", "kind": "Natural.Mean High Water", "source": "TP00423"}}, {"type": "Feature", "geometry": {"type": "LineString", "coordinates": [[-80.1540015, 25.791207], [-80.1540076, 25.7913224], [-80.1540208, 25.7915776], [-80.1540356, 25.7918349], [-80.1540496, 25.7920888], [-80.1540636, 25.7923426], [-80.1540775, 25.7926012], [-80.1540923, 25.7928627], [-80.154107, 25.7931242], [-80.1541201, 25.7933899], [-80.1541372, 25.7936416], [-80.1542614, 25.7939023], [-80.1543169, 25.7939615]]}, "properties": {"project": "PH7113", "date": "19751101", "kind": "Man-made", "source": "TP00423"}}, {"type": "Feature", "geometry": {"type": "LineString", "coordinates": [[-80.1458542, 25.7911923], [-80.1458718, 25.791221], [-80.1459092, 25.7912558]]}, "properties": {"project": "PH7113", "date": "19751101", "kind": "Pier", "source": "TP00423"}}, {"type": "Feature", "geometry": {"type": "LineString", "coordinates": [[-80.1517528, 25.7913041], [-80.1516953, 25.791168]]}, "properties": {"project": "PH7113", "date": "19751101", "kind": "Undetermined.Approximate", "source": "TP00423"}}, {"type": "Feature", "geometry": {"type": "LineString", "coordinates": [[-80.1526512, 25.7912712], [-80.1526554, 25.7911306]]}, "properties": {"project": "PH7113", "date": "19751101", "kind": "Undetermined.Approximate", "source": "TP00423"}}, {"type": "Feature", "geometry": {"type": "LineString", "coordinates": [[-80.14581, 25.7911205], [-80.1458542, 25.7911923]]}, "properties": {"project": "PH7113", "date": "19751101", "kind": "Pier", "source": "TP00423"}}, {"type": "Feature", "geometry": {"type": "LineString", "coordinates": [[-80.1543741, 25.7940224], [-80.1544639, 25.7941182], [-80.1547099, 25.7942672], [-80.1549558, 25.7943381], [-80.1551818, 25.7943719], [-80.1554244, 25.7943611], [-80.1556512, 25.7942915], [-80.1558758, 25.7941968], [-80.1560649, 25.7940119], [-80.1562446, 25.7937264], [-80.1563039, 25.7934696], [-80.1562944, 25.793236], [-80.1562811, 25.7929892], [-80.1562624, 25.7927396], [-80.156243, 25.7924864], [-80.1562329, 25.7922243], [-80.156222, 25.7919607], [-80.1562065, 25.7917006], [-80.1561903, 25.7914391], [-80.1561732, 25.7911818], [-80.1561864, 25.7911104]]}, "properties": {"project": "PH7113", "date": "19751101", "kind": "Man-made", "source": "TP00423"}}, {"type": "Feature", "geometry": {"type": "LineString", "coordinates": [[-80.1508627, 25.7912219], [-80.1509192, 25.7911348], [-80.1510236, 25.791117], [-80.1513044, 25.7911037], [-80.151462, 25.7910977], [-80.1516017, 25.7911031], [-80.151655, 25.7911218], [-80.1516777, 25.7911449], [-80.1516953, 25.791168]]}, "properties": {"project": "PH7113", "date": "19751101", "kind": "Man-made", "source": "TP00423"}}, {"type": "Feature", "geometry": {"type": "LineString", "coordinates": [[-80.1460344, 25.7910884], [-80.1458542, 25.7911923]]}, "properties": {"project": "PH7113", "date": "19751101", "kind": "Pier", "source": "TP00423"}}, {"type": "Feature", "geometry": {"type": "LineString", "coordinates": [[-80.1539944, 25.7910718], [-80.1540015, 25.791207]]}, "properties": {"project": "PH7113", "date": "19751101", "kind": "Undetermined.Approximate", "source": "TP00423"}}, {"type": "Feature", "geometry": {"type": "LineString", "coordinates": [[-80.1535488, 25.7910696], [-80.1535844, 25.7912211]]}, "properties": {"project": "PH7113", "date": "19751101", "kind": "Undetermined.Approximate", "source": "TP00423"}}, {"type": "Feature", "geometry": {"type": "LineString", "coordinates": [[-80.1566279, 25.7910959], [-80.1567531, 25.7911402], [-80.1568848, 25.7911637], [-80.1569892, 25.7911889], [-80.1571253, 25.791167], [-80.1572615, 25.7911431], [-80.1573622, 25.7911058], [-80.1575017, 25.7910432]]}, "properties": {"project": "PH7113", "date": "19751101", "kind": "Natural.Mean High Water", "source": "TP00423"}}, {"type": "Feature", "geometry": {"type": "LineString", "coordinates": [[-80.1580559, 25.7926601], [-80.1580486, 25.7924972], [-80.1580328, 25.7922325], [-80.1580193, 25.7919649], [-80.1580059, 25.7916966], [-80.1579916, 25.7914283], [-80.1579806, 25.7911551], [-80.1579693, 25.7910308]]}, "properties": {"project": "PH7113", "date": "19751101", "kind": "Man-made", "source": "TP00423"}}, {"type": "Feature", "geometry": {"type": "LineString", "coordinates": [[-80.1443424, 25.7711316], [-80.1443803, 25.7711868]]}, "properties": {"project": "PH7113", "date": "19751101", "kind": "Pier", "source": "TP00423"}}, {"type": "Feature", "geometry": {"type": "LineString", "coordinates": [[-80.146694, 25.7720902], [-80.1466647, 25.7721019], [-80.1466561, 25.7721058], [-80.146642, 25.7721116], [-80.1466312, 25.7721125], [-80.1465186, 25.7719522], [-80.1462534, 25.7715753], [-80.1459894, 25.7711897], [-80.1457221, 25.7707942], [-80.1454558, 25.7704212], [-80.1454228, 25.7703703], [-80.1453033, 25.7701958], [-80.1451564, 25.770011], [-80.1449401, 25.7698008], [-80.1446829, 25.7695351], [-80.1444207, 25.7696822], [-80.1442318, 25.7697946], [-80.1440396, 25.7699034], [-80.1438369, 25.7700192], [-80.1436461, 25.770115], [-80.1436486, 25.7701257], [-80.1437601, 25.7702756], [-80.1438735999999, 25.770462], [-80.1440139, 25.7706605], [-80.1441735, 25.7708886], [-80.1443306, 25.7711144], [-80.1443424, 25.7711316]]}, "properties": {"project": "PH7113", "date": "19751101", "kind": "Pier", "source": "TP00423"}}, {"type": "Feature", "geometry": {"type": "LineString", "coordinates": [[-80.1452089, 25.795897], [-80.1455304999999, 25.7958801]]}, "properties": {"project": "PH7113", "date": "19751101", "kind": "Pier", "source": "TP00423"}}, {"type": "Feature", "geometry": {"type": "LineString", "coordinates": [[-80.1452089, 25.795897], [-80.1452023, 25.7957614]]}, "properties": {"project": "PH7113", "date": "19751101", "kind": "Man-made", "source": "TP00423"}}, {"type": "Feature", "geometry": {"type": "LineString", "coordinates": [[-80.1452023, 25.7957614], [-80.1455544, 25.7957551]]}, "properties": {"project": "PH7113", "date": "19751101", "kind": "Pier", "source": "TP00423"}}, {"type": "Feature", "geometry": {"type": "LineString", "coordinates": [[-80.1452023, 25.7957614], [-80.1451969, 25.7956508]]}, "properties": {"project": "PH7113", "date": "19751101", "kind": "Man-made", "source": "TP00423"}}, {"type": "Feature", "geometry": {"type": "LineString", "coordinates": [[-80.1451969, 25.7956508], [-80.1453617, 25.7956497]]}, "properties": {"project": "PH7113", "date": "19751101", "kind": "Pier", "source": "TP00423"}}, {"type": "Feature", "geometry": {"type": "LineString", "coordinates": [[-80.1451969, 25.7956508], [-80.1451912, 25.7955319]]}, "properties": {"project": "PH7113", "date": "19751101", "kind": "Man-made", "source": "TP00423"}}, {"type": "Feature", "geometry": {"type": "LineString", "coordinates": [[-80.1451912, 25.7955319], [-80.1453625, 25.7955371]]}, "properties": {"project": "PH7113", "date": "19751101", "kind": "Pier", "source": "TP00423"}}, {"type": "Feature", "geometry": {"type": "LineString", "coordinates": [[-80.1463406, 25.7960296], [-80.1464232, 25.7960269], [-80.1464108, 25.7955186], [-80.1464407, 25.7955217], [-80.1464667, 25.7955244], [-80.1464748, 25.7960652], [-80.1464447, 25.7960813], [-80.1459592, 25.7960929], [-80.1452437, 25.7961177], [-80.1452136, 25.796141], [-80.1451834, 25.7961248]]}, "properties": {"project": "PH7113", "date": "19751101", "kind": "Pier", "source": "TP00423"}}, {"type": "Feature", "geometry": {"type": "LineString", "coordinates": [[-80.1451912, 25.7955319], [-80.1451847, 25.7953991]]}, "properties": {"project": "PH7113", "date": "19751101", "kind": "Man-made", "source": "TP00423"}}, {"type": "Feature", "geometry": {"type": "LineString", "coordinates": [[-80.1459348, 25.7953169], [-80.1458935, 25.7952204]]}, "properties": {"project": "PH7113", "date": "19751101", "kind": "Pier", "source": "TP00423"}}, {"type": "Feature", "geometry": {"type": "LineString", "coordinates": [[-80.1458509, 25.7953064], [-80.1458058, 25.7952197]]}, "properties": {"project": "PH7113", "date": "19751101", "kind": "Pier", "source": "TP00423"}}, {"type": "Feature", "geometry": {"type": "LineString", "coordinates": [[-80.1457061999999, 25.7952866], [-80.1456798, 25.7952187]]}, "properties": {"project": "PH7113", "date": "19751101", "kind": "Pier", "source": "TP00423"}}, {"type": "Feature", "geometry": {"type": "LineString", "coordinates": [[-80.1443803, 25.7711868], [-80.1444805, 25.771333], [-80.1446395, 25.7715606], [-80.1447913, 25.7717929], [-80.1449523, 25.772021], [-80.1451178, 25.7722581], [-80.1452807, 25.7724934], [-80.145331, 25.7725527], [-80.1454556, 25.7726038], [-80.1455689, 25.7726296], [-80.1457596, 25.7725576], [-80.1459705, 25.7724761], [-80.1461802, 25.7723929], [-80.1463919, 25.7723044], [-80.1465969, 25.7722301], [-80.1467797, 25.7721562], [-80.1469736, 25.7720788], [-80.1471825, 25.7720146], [-80.1473972, 25.7719557], [-80.1474717, 25.7719315000001], [-80.1474965, 25.7719382]]}, "properties": {"project": "PH7113", "date": "19751101", "kind": "Pier", "source": "TP00423"}}, {"type": "Feature", "geometry": {"type": "LineString", "coordinates": [[-80.1443424, 25.7711316], [-80.1442166, 25.7712207]]}, "properties": {"project": "PH7113", "date": "19751101", "kind": "Pier", "source": "TP00423"}}, {"type": "Feature", "geometry": {"type": "LineString", "coordinates": [[-80.1458058, 25.7952197], [-80.1458935, 25.7952204]]}, "properties": {"project": "PH7113", "date": "19751101", "kind": "Pier", "source": "TP00423"}}, {"type": "Feature", "geometry": {"type": "LineString", "coordinates": [[-80.1457868, 25.7953278], [-80.1457444, 25.7952192]]}, "properties": {"project": "PH7113", "date": "19751101", "kind": "Pier", "source": "TP00423"}}, {"type": "Feature", "geometry": {"type": "LineString", "coordinates": [[-80.1457444, 25.7952192], [-80.1458058, 25.7952197]]}, "properties": {"project": "PH7113", "date": "19751101", "kind": "Pier", "source": "TP00423"}}, {"type": "Feature", "geometry": {"type": "LineString", "coordinates": [[-80.1456798, 25.7952187], [-80.1457444, 25.7952192]]}, "properties": {"project": "PH7113", "date": "19751101", "kind": "Pier", "source": "TP00423"}}, {"type": "Feature", "geometry": {"type": "LineString", "coordinates": [[-80.1451847, 25.7953991], [-80.1452531, 25.7953967], [-80.1455468, 25.7953909], [-80.1456331, 25.7953138], [-80.1456316, 25.7952869], [-80.1456155, 25.795236], [-80.1456169, 25.7952182], [-80.1456798, 25.7952187]]}, "properties": {"project": "PH7113", "date": "19751101", "kind": "Pier", "source": "TP00423"}}, {"type": "Feature", "geometry": {"type": "LineString", "coordinates": [[-80.1460918, 25.7951415], [-80.1458338, 25.7951364]]}, "properties": {"project": "PH7113", "date": "19751101", "kind": "Pier", "source": "TP00423"}}, {"type": "Feature", "geometry": {"type": "LineString", "coordinates": [[-80.1460918, 25.7951415], [-80.1461292, 25.7950829]]}, "properties": {"project": "PH7113", "date": "19751101", "kind": "Pier", "source": "TP00423"}}, {"type": "Feature", "geometry": {"type": "LineString", "coordinates": [[-80.1458997, 25.7950526], [-80.1458338, 25.7951364]]}, "properties": {"project": "PH7113", "date": "19751101", "kind": "Pier", "source": "TP00423"}}, {"type": "Feature", "geometry": {"type": "LineString", "coordinates": [[-80.1451844, 25.7950451], [-80.1451847, 25.7953991]]}, "properties": {"project": "PH7113", "date": "19751101", "kind": "Shoreline/Alongshore Feature Boundary", "source": "TP00423"}}, {"type": "Feature", "geometry": {"type": "LineString", "coordinates": [[-80.1451844, 25.7950451], [-80.1456706, 25.7950425], [-80.1456378, 25.7951122], [-80.1456316, 25.7951324], [-80.1458338, 25.7951364]]}, "properties": {"project": "PH7113", "date": "19751101", "kind": "Pier", "source": "TP00423"}}, {"type": "Feature", "geometry": {"type": "LineString", "coordinates": [[-80.1458935, 25.7952204], [-80.1459566, 25.7952209], [-80.1461073, 25.795222], [-80.1461711, 25.79522], [-80.1462039, 25.7952338], [-80.1462436, 25.7952936], [-80.1462405, 25.7953254], [-80.1461974, 25.7953536], [-80.1461014, 25.7953615], [-80.14609, 25.7953562], [-80.1460708, 25.7953393], [-80.1460629, 25.7953457], [-80.1460863, 25.795373], [-80.146107, 25.7953835], [-80.1462681, 25.7953754], [-80.1462653, 25.795067], [-80.1462556, 25.7950157], [-80.1461848, 25.7950114], [-80.1461588, 25.7950385], [-80.1461644, 25.7950554], [-80.1461866, 25.7950561], [-80.1462147, 25.7950356], [-80.1462367, 25.79505], [-80.1462414, 25.7951051], [-80.1462379, 25.7951906], [-80.1462263, 25.7952073], [-80.1462156, 25.7952105], [-80.1462005, 25.7952085], [-80.1461892, 25.7951961], [-80.1461771, 25.7951818], [-80.1461621, 25.7951726], [-80.1461522, 25.7951687], [-80.1461393, 25.795166], [-80.1461286, 25.7951614], [-80.1460918, 25.7951415]]}, "properties": {"project": "PH7113", "date": "19751101", "kind": "Pier", "source": "TP00423"}}, {"type": "Feature", "geometry": {"type": "LineString", "coordinates": [[-80.127, 25.79593], [-80.1269822, 25.7958337], [-80.127041, 25.7955923], [-80.1271233, 25.7953448], [-80.1271963, 25.7951], [-80.1272377, 25.7949836]]}, "properties": {"project": "PH7113", "date": "19751101", "kind": "Natural.Mean High Water", "source": "TP00423"}}, {"type": "Feature", "geometry": {"type": "LineString", "coordinates": [[-80.1451806, 25.7949541], [-80.1451844, 25.7950451]]}, "properties": {"project": "PH7113", "date": "19751101", "kind": "Man-made", "source": "TP00423"}}, {"type": "Feature", "geometry": {"type": "LineString", "coordinates": [[-80.1773442, 25.7829634], [-80.1772291, 25.7829514], [-80.1766299, 25.7827001], [-80.1762336, 25.7825281], [-80.1761032, 25.7824701], [-80.1753871, 25.7821719], [-80.1746711, 25.7818719], [-80.1739486, 25.7815718], [-80.1732197, 25.7812678], [-80.1724843, 25.7809676], [-80.1718046, 25.7806774], [-80.1711056, 25.780391], [-80.1703682, 25.7800831], [-80.1696286, 25.7797693], [-80.1690259, 25.7795145], [-80.168406, 25.7792479], [-80.1683269, 25.7792184], [-80.1678181, 25.778999], [-80.1672367, 25.7787473], [-80.1666361, 25.7784915], [-80.1664352, 25.7783967], [-80.1662637, 25.7783163], [-80.1659268, 25.7781684], [-80.1655876, 25.7780293], [-80.1652614, 25.7778844], [-80.1649535, 25.7777494], [-80.1646013, 25.777621], [-80.1639596, 25.7773362], [-80.1636432, 25.7771806], [-80.1633138, 25.7770377000001], [-80.162993, 25.7768958], [-80.1626882, 25.7767725], [-80.1624115, 25.7766474], [-80.1621173, 25.7765418], [-80.1619537, 25.7764349], [-80.1616209, 25.7763036], [-80.1612946, 25.7761734], [-80.1609931, 25.7760511], [-80.1607261, 25.7759271], [-80.1604127, 25.775794], [-80.1601154, 25.7756834], [-80.1599574, 25.7755908], [-80.1599313, 25.7755755], [-80.1595963, 25.7754491], [-80.1592571, 25.7753207], [-80.1590246, 25.7751959], [-80.1587661, 25.7750865], [-80.1584614, 25.7749506], [-80.1582791, 25.7748895], [-80.1581085, 25.7748177], [-80.1579507, 25.7747514], [-80.1576407, 25.7746008], [-80.1573047, 25.7744792], [-80.1569753, 25.7743314], [-80.1566514, 25.7741748], [-80.1563832, 25.7740615], [-80.1561509, 25.773983], [-80.1560622, 25.7739361], [-80.1557856, 25.7738072], [-80.1555794, 25.7737596], [-80.1553942, 25.7736594], [-80.1550757, 25.773496], [-80.1547203, 25.7733598], [-80.1544082, 25.7732081], [-80.1540625, 25.7730787], [-80.1538084, 25.7729655], [-80.1534964, 25.7727963], [-80.1531757, 25.7726426], [-80.1528516, 25.7725055], [-80.1525135, 25.7723781], [-80.1522121, 25.7722392], [-80.1518879, 25.7721168], [-80.1515963, 25.7719653], [-80.1512721, 25.7718389], [-80.1509602, 25.771658], [-80.1508066, 25.7715887], [-80.1507958, 25.7715945], [-80.1507903, 25.7716062], [-80.1507773, 25.7716188], [-80.1507718, 25.7716325], [-80.1507642, 25.7716383], [-80.150749, 25.771645], [-80.1507297, 25.77164], [-80.1507071, 25.7716301], [-80.1506974, 25.7716223], [-80.1507195, 25.771556], [-80.1507142, 25.7715355], [-80.1506944, 25.7715232], [-80.1503628, 25.7713773], [-80.1500173, 25.7712332], [-80.149689, 25.7710873], [-80.1493617, 25.7709424], [-80.1490323, 25.7708004], [-80.1487049999999, 25.7706643], [-80.1483756, 25.7705194], [-80.1480387, 25.7703763], [-80.1477125, 25.7702324], [-80.1473702, 25.7700893], [-80.1470322, 25.7699434], [-80.1466909, 25.7697984], [-80.1463637, 25.7696515], [-80.1460768, 25.7695259], [-80.1460455, 25.7695315], [-80.1460301, 25.7695617], [-80.146003, 25.7695859], [-80.1459931, 25.769623], [-80.1459941, 25.7696337], [-80.1460361, 25.7697018], [-80.1462875, 25.7700591], [-80.1465195, 25.7703997], [-80.1467473, 25.7707324], [-80.1470348, 25.7711572], [-80.1472626, 25.7714861], [-80.147394, 25.7716893]]}, "properties": {"project": "PH7113", "date": "19751101", "kind": "Man-made", "source": "TP00423"}}, {"type": "Feature", "geometry": {"type": "LineString", "coordinates": [[-80.1633164, 25.7694308], [-80.1631415, 25.7697706], [-80.1631182, 25.7698137], [-80.1630269, 25.769982], [-80.1627658, 25.7704775], [-80.162735, 25.770537], [-80.1624467, 25.7710954], [-80.1622207, 25.7715292], [-80.1622116, 25.7715474]]}, "properties": {"project": "PH7113", "date": "19751101", "kind": "Man-made", "source": "TP00423"}}, {"type": "Feature", "geometry": {"type": "LineString", "coordinates": [[-80.1634774, 25.7691579], [-80.163464, 25.7691558], [-80.1634215, 25.7691393], [-80.1633701, 25.7691268], [-80.1633431, 25.7691389], [-80.1632272, 25.7693776], [-80.1632315, 25.769406], [-80.1632627, 25.7694183], [-80.1633164, 25.7694308]]}, "properties": {"project": "PH7113", "date": "19751101", "kind": "Man-made", "source": "TP00423"}}, {"type": "Feature", "geometry": {"type": "LineString", "coordinates": [[-80.167074, 25.7719633], [-80.167053, 25.77196], [-80.1669935, 25.7719865], [-80.1669437, 25.7719718], [-80.1668601, 25.7719323], [-80.1668308, 25.7718993], [-80.1667886, 25.7717676], [-80.1668142, 25.7716753], [-80.1668739, 25.771573], [-80.1669515, 25.7715036], [-80.1670197, 25.7714814], [-80.16709, 25.7714777], [-80.1671668, 25.7714643], [-80.1672198, 25.7713943], [-80.1673282, 25.7711403], [-80.1673488, 25.7711055], [-80.1675188, 25.7707963], [-80.167581, 25.7706488], [-80.1677309, 25.7702883], [-80.1678199999999, 25.7700466], [-80.1678143, 25.7700218], [-80.1677873, 25.7700011], [-80.1676788, 25.7699389], [-80.1676135, 25.7698769], [-80.1674993, 25.7698251], [-80.1672482, 25.7697171], [-80.1670711, 25.7696496], [-80.166966, 25.7695724], [-80.1669036, 25.7695122], [-80.1667297, 25.7694671], [-80.1665763, 25.769443], [-80.1664352, 25.7693884], [-80.1662607, 25.7693], [-80.1661366, 25.7692253], [-80.1658865, 25.7691383], [-80.1658518, 25.76906], [-80.1658563, 25.768999], [-80.1657282, 25.7689215], [-80.165707, 25.7688844]]}, "properties": {"project": "PH7113", "date": "19751101", "kind": "Natural.Mean High Water", "source": "TP00423"}}, {"type": "Feature", "geometry": {"type": "LineString", "coordinates": [[-80.1451759, 25.794845], [-80.1454625, 25.7948467000001]]}, "properties": {"project": "PH7113", "date": "19751101", "kind": "Pier", "source": "TP00423"}}, {"type": "Feature", "geometry": {"type": "LineString", "coordinates": [[-80.1451806, 25.7949541], [-80.145345, 25.7949551]]}, "properties": {"project": "PH7113", "date": "19751101", "kind": "Pier", "source": "TP00423"}}, {"type": "Feature", "geometry": {"type": "LineString", "coordinates": [[-80.1272377, 25.7949836], [-80.1269592, 25.794908]]}, "properties": {"project": "PH7113", "date": "19751101", "kind": "Undetermined Alongshore Feature", "source": "TP00423"}}, {"type": "Feature", "geometry": {"type": "LineString", "coordinates": [[-80.1451759, 25.794845], [-80.1451806, 25.7949541]]}, "properties": {"project": "PH7113", "date": "19751101", "kind": "Man-made", "source": "TP00423"}}, {"type": "Feature", "geometry": {"type": "LineString", "coordinates": [[-80.1451724, 25.7947610000001], [-80.1451759, 25.794845]]}, "properties": {"project": "PH7113", "date": "19751101", "kind": "Man-made", "source": "TP00423"}}, {"type": "Feature", "geometry": {"type": "LineString", "coordinates": [[-80.1451724, 25.7947610000001], [-80.1454632, 25.7947594]]}, "properties": {"project": "PH7113", "date": "19751101", "kind": "Pier", "source": "TP00423"}}, {"type": "Feature", "geometry": {"type": "LineString", "coordinates": [[-80.1451691, 25.7946837], [-80.1451724, 25.7947610000001]]}, "properties": {"project": "PH7113", "date": "19751101", "kind": "Man-made", "source": "TP00423"}}, {"type": "Feature", "geometry": {"type": "LineString", "coordinates": [[-80.1451691, 25.7946837], [-80.1453395, 25.7946899]]}, "properties": {"project": "PH7113", "date": "19751101", "kind": "Pier", "source": "TP00423"}}, {"type": "Feature", "geometry": {"type": "LineString", "coordinates": [[-80.1451663, 25.7946167], [-80.1451691, 25.7946837]]}, "properties": {"project": "PH7113", "date": "19751101", "kind": "Man-made", "source": "TP00423"}}, {"type": "Feature", "geometry": {"type": "LineString", "coordinates": [[-80.1451663, 25.7946167], [-80.1455347, 25.7946071]]}, "properties": {"project": "PH7113", "date": "19751101", "kind": "Pier", "source": "TP00423"}}, {"type": "Feature", "geometry": {"type": "LineString", "coordinates": [[-80.1451629, 25.7945378], [-80.1451663, 25.7946167]]}, "properties": {"project": "PH7113", "date": "19751101", "kind": "Man-made", "source": "TP00423"}}, {"type": "Feature", "geometry": {"type": "LineString", "coordinates": [[-80.1451629, 25.7945378], [-80.1453535, 25.7945372]]}, "properties": {"project": "PH7113", "date": "19751101", "kind": "Pier", "source": "TP00423"}}, {"type": "Feature", "geometry": {"type": "LineString", "coordinates": [[-80.1451596, 25.7944589], [-80.1451629, 25.7945378]]}, "properties": {"project": "PH7113", "date": "19751101", "kind": "Man-made", "source": "TP00423"}}, {"type": "Feature", "geometry": {"type": "LineString", "coordinates": [[-80.1451522999999, 25.794286], [-80.1451562, 25.7943801]]}, "properties": {"project": "PH7113", "date": "19751101", "kind": "Man-made", "source": "TP00423"}}, {"type": "Feature", "geometry": {"type": "LineString", "coordinates": [[-80.1451596, 25.7944589], [-80.1453392, 25.79446]]}, "properties": {"project": "PH7113", "date": "19751101", "kind": "Pier", "source": "TP00423"}}, {"type": "Feature", "geometry": {"type": "LineString", "coordinates": [[-80.1451562, 25.7943801], [-80.1451596, 25.7944589]]}, "properties": {"project": "PH7113", "date": "19751101", "kind": "Man-made", "source": "TP00423"}}, {"type": "Feature", "geometry": {"type": "LineString", "coordinates": [[-80.1451562, 25.7943801], [-80.1453249, 25.7943877]]}, "properties": {"project": "PH7113", "date": "19751101", "kind": "Pier", "source": "TP00423"}}, {"type": "Feature", "geometry": {"type": "LineString", "coordinates": [[-80.1451522999999, 25.794286], [-80.1453293, 25.7942887]]}, "properties": {"project": "PH7113", "date": "19751101", "kind": "Pier", "source": "TP00423"}}, {"type": "Feature", "geometry": {"type": "LineString", "coordinates": [[-80.1451473, 25.7941693], [-80.1451522999999, 25.794286]]}, "properties": {"project": "PH7113", "date": "19751101", "kind": "Man-made", "source": "TP00423"}}, {"type": "Feature", "geometry": {"type": "LineString", "coordinates": [[-80.1451473, 25.7941693], [-80.1453218, 25.7941737]]}, "properties": {"project": "PH7113", "date": "19751101", "kind": "Pier", "source": "TP00423"}}, {"type": "Feature", "geometry": {"type": "LineString", "coordinates": [[-80.1451423, 25.79405], [-80.1451473, 25.7941693]]}, "properties": {"project": "PH7113", "date": "19751101", "kind": "Man-made", "source": "TP00423"}}, {"type": "Feature", "geometry": {"type": "LineString", "coordinates": [[-80.1272673, 25.7940354], [-80.1271285, 25.7940548]]}, "properties": {"project": "PH7113", "date": "19751101", "kind": "Undetermined Alongshore Feature", "source": "TP00423"}}, {"type": "Feature", "geometry": {"type": "LineString", "coordinates": [[-80.1272377, 25.7949836], [-80.1272841, 25.7948531], [-80.1274035, 25.7945555], [-80.1274835, 25.7943044], [-80.1274892, 25.7940642], [-80.1274753, 25.7940432], [-80.1274377, 25.7940458], [-80.1272767, 25.7940473], [-80.1272673, 25.7940354]]}, "properties": {"project": "PH7113", "date": "19751101", "kind": "Natural.Mean High Water", "source": "TP00423"}}, {"type": "Feature", "geometry": {"type": "LineString", "coordinates": [[-80.1451423, 25.79405], [-80.1452365, 25.7940315], [-80.1457038, 25.7940259]]}, "properties": {"project": "PH7113", "date": "19751101", "kind": "Pier", "source": "TP00423"}}, {"type": "Feature", "geometry": {"type": "LineString", "coordinates": [[-80.1457038, 25.7940259], [-80.1457148, 25.7941342]]}, "properties": {"project": "PH7113", "date": "19751101", "kind": "Pier", "source": "TP00423"}}, {"type": "Feature", "geometry": {"type": "LineString", "coordinates": [[-80.146312, 25.7940255], [-80.1463129, 25.7941596]]}, "properties": {"project": "PH7113", "date": "19751101", "kind": "Pier", "source": "TP00423"}}, {"type": "Feature", "geometry": {"type": "LineString", "coordinates": [[-80.1457038, 25.7940259], [-80.1457331, 25.7940255], [-80.1457792, 25.7940253]]}, "properties": {"project": "PH7113", "date": "19751101", "kind": "Pier", "source": "TP00423"}}, {"type": "Feature", "geometry": {"type": "LineString", "coordinates": [[-80.1457792, 25.7940253], [-80.1457783, 25.7941495]]}, "properties": {"project": "PH7113", "date": "19751101", "kind": "Pier", "source": "TP00423"}}, {"type": "Feature", "geometry": {"type": "LineString", "coordinates": [[-80.1454556, 25.7863134], [-80.145491, 25.786375]]}, "properties": {"project": "PH7113", "date": "19751101", "kind": "Pier", "source": "TP00423"}}, {"type": "Feature", "geometry": {"type": "LineString", "coordinates": [[-80.1454556, 25.7863134], [-80.1455337, 25.7862737]]}, "properties": {"project": "PH7113", "date": "19751101", "kind": "Pier", "source": "TP00423"}}, {"type": "Feature", "geometry": {"type": "LineString", "coordinates": [[-80.1455337, 25.7862737], [-80.1455754999999, 25.7863336]]}, "properties": {"project": "PH7113", "date": "19751101", "kind": "Pier", "source": "TP00423"}}, {"type": "Feature", "geometry": {"type": "LineString", "coordinates": [[-80.1583353, 25.7862482], [-80.158208, 25.7863145]]}, "properties": {"project": "PH7113", "date": "19751101", "kind": "Undetermined Alongshore Feature", "source": "TP00423"}}, {"type": "Feature", "geometry": {"type": "LineString", "coordinates": [[-80.1454176, 25.7862475], [-80.1454556, 25.7863134]]}, "properties": {"project": "PH7113", "date": "19751101", "kind": "Pier", "source": "TP00423"}}, {"type": "Feature", "geometry": {"type": "LineString", "coordinates": [[-80.1455337, 25.7862737], [-80.1456148, 25.7862323]]}, "properties": {"project": "PH7113", "date": "19751101", "kind": "Pier", "source": "TP00423"}}, {"type": "Feature", "geometry": {"type": "LineString", "coordinates": [[-80.1456148, 25.7862323], [-80.1456583, 25.7863012]]}, "properties": {"project": "PH7113", "date": "19751101", "kind": "Pier", "source": "TP00423"}}, {"type": "Feature", "geometry": {"type": "LineString", "coordinates": [[-80.1456148, 25.7862323], [-80.1456776, 25.7862003]]}, "properties": {"project": "PH7113", "date": "19751101", "kind": "Pier", "source": "TP00423"}}, {"type": "Feature", "geometry": {"type": "LineString", "coordinates": [[-80.1456776, 25.7862003], [-80.1457033, 25.7862447], [-80.1457786, 25.7863378]]}, "properties": {"project": "PH7113", "date": "19751101", "kind": "Pier", "source": "TP00423"}}, {"type": "Feature", "geometry": {"type": "LineString", "coordinates": [[-80.1454791, 25.7861955], [-80.1455337, 25.7862737]]}, "properties": {"project": "PH7113", "date": "19751101", "kind": "Pier", "source": "TP00423"}}, {"type": "Feature", "geometry": {"type": "LineString", "coordinates": [[-80.1411992, 25.7642339], [-80.1411885, 25.7641197], [-80.1411893, 25.764021], [-80.1411843, 25.7639094], [-80.1411631, 25.7636679], [-80.1411638, 25.7635744], [-80.1411451, 25.7633822], [-80.141141, 25.7631642], [-80.1411247, 25.7630395], [-80.1416293, 25.7630139], [-80.141647, 25.763393], [-80.1416661, 25.7637491], [-80.1416804, 25.7641417], [-80.1416947, 25.764333], [-80.1416976, 25.7643451], [-80.1417169, 25.7643507], [-80.1417393, 25.7643575], [-80.1417586, 25.7643617], [-80.1421034, 25.7643516], [-80.1425369, 25.7643399], [-80.1428182, 25.7643328], [-80.1431248, 25.7643218], [-80.1435748, 25.7643035], [-80.1440591, 25.7642908], [-80.1440985999999, 25.7642863], [-80.1441166, 25.7642729], [-80.1441228, 25.7642486], [-80.144126, 25.7642176], [-80.1441262, 25.7641865000001], [-80.1441594, 25.7641326], [-80.1442146, 25.7641276], [-80.1443741, 25.7641528], [-80.1446357, 25.7641834], [-80.1450602, 25.7641906], [-80.1455114, 25.7642007], [-80.1455643, 25.7642057], [-80.1457443, 25.7641885], [-80.1459381, 25.7642034], [-80.1459981, 25.7641947], [-80.1464512, 25.7641636], [-80.1466921, 25.764152], [-80.1469846, 25.7641381], [-80.1472798, 25.7641399], [-80.1482719, 25.7641093], [-80.1487736, 25.7640993], [-80.1489629, 25.7640848], [-80.1489973, 25.7640772], [-80.1490153, 25.764054], [-80.1490763, 25.7639453], [-80.1490851, 25.7639116], [-80.1490852, 25.7638908], [-80.1490512, 25.7638387], [-80.148977, 25.763789], [-80.1488426, 25.7637545], [-80.1487082, 25.7637069], [-80.1486826, 25.7636756], [-80.1486948, 25.7635771], [-80.1487181, 25.7635149], [-80.14877, 25.7634711], [-80.1489629, 25.7633632], [-80.1489688, 25.7633321], [-80.1489725, 25.7632179], [-80.1489303, 25.7631138], [-80.1489022, 25.763028], [-80.1488693, 25.7628176], [-80.1488046, 25.7626511], [-80.1487052, 25.7625155], [-80.1484890999999, 25.7622702], [-80.1483098, 25.7620849], [-80.1479447, 25.7618336], [-80.147842, 25.7617603], [-80.1474828, 25.7614831], [-80.1473147, 25.7613471], [-80.1471465, 25.7612111], [-80.1469243, 25.7610204], [-80.1467162, 25.7608556], [-80.1466622, 25.760793], [-80.1465566, 25.7607327], [-80.146454, 25.7606464], [-80.1463771, 25.7605837], [-80.1462686, 25.7605233], [-80.1460799, 25.7604495], [-80.1459204, 25.760311], [-80.1458462, 25.7602587], [-80.1456779, 25.7601487], [-80.1455467, 25.7600519], [-80.1453814, 25.7599237], [-80.1453072, 25.7598817000001], [-80.145156, 25.7597822], [-80.1448764, 25.7595937], [-80.1447594, 25.7595177], [-80.144654, 25.7594263], [-80.1445143, 25.759319], [-80.1443258, 25.7592297], [-80.1441545, 25.7591274], [-80.1439977, 25.7590097], [-80.1439495, 25.7589393], [-80.1439096, 25.7589028], [-80.1438611, 25.7588687000001], [-80.1437610999999, 25.7588266], [-80.1436642, 25.7587534], [-80.1435417, 25.7586488], [-80.1433988, 25.7585883], [-80.1431533, 25.7584441], [-80.1429876, 25.758373], [-80.1428164, 25.7582552], [-80.1427623, 25.7582107], [-80.1426001, 25.7580411], [-80.1425404, 25.7579784], [-80.1424576, 25.7579364], [-80.1423631, 25.7579125], [-80.1421283, 25.75788], [-80.1420826, 25.7578563], [-80.1420257, 25.7578015], [-80.1419691, 25.7576999], [-80.1418926, 25.7575827], [-80.1418444, 25.7575019], [-80.1418279, 25.7574032], [-80.1418683, 25.7573645], [-80.1419773, 25.7573521], [-80.1420163, 25.7573466], [-80.1420293, 25.7573057], [-80.1420065, 25.7572822], [-80.141787, 25.75712], [-80.141402, 25.7568452], [-80.1413764, 25.7568165], [-80.1413478, 25.7567981], [-80.1413001, 25.7567823], [-80.1411925, 25.7568916], [-80.1411534, 25.7569199], [-80.1411315, 25.7569264], [-80.1411025, 25.7569108], [-80.1410663, 25.7568754], [-80.1410253, 25.7568334], [-80.1410866, 25.7567612], [-80.1411566, 25.7568166], [-80.1412347999999, 25.7567423], [-80.141119, 25.7566426], [-80.1408511, 25.7564553], [-80.1406418, 25.7563088], [-80.1403942, 25.7561128], [-80.1403276, 25.7560959], [-80.1403204, 25.756087], [-80.140327, 25.7558342], [-80.1403223, 25.7558143], [-80.1403151, 25.7558077], [-80.1403005, 25.7558076], [-80.1402859, 25.7558185], [-80.1402736, 25.7558361], [-80.1402662, 25.7558536], [-80.1402563, 25.7558711], [-80.1402464, 25.7559019], [-80.1402366, 25.755915], [-80.1401463, 25.755976], [-80.1400662, 25.7559756], [-80.1399004, 25.7560582], [-80.139427, 25.7562038], [-80.139214, 25.7562784], [-80.1390546, 25.7563314], [-80.1387132, 25.7563502], [-80.1384178, 25.756398], [-80.1382587, 25.7564091], [-80.1381149, 25.7564699], [-80.1379495, 25.7565107], [-80.1376446, 25.7565342], [-80.1375162, 25.7566488000001], [-80.1373377, 25.756992], [-80.1371385, 25.7575065], [-80.1370179, 25.7578939], [-80.136938, 25.7580221], [-80.1368732, 25.7582592], [-80.1367862, 25.758527], [-80.1366468, 25.758833], [-80.1365536, 25.75896], [-80.1364674, 25.7591244], [-80.1362424, 25.7595134], [-80.1360028, 25.7598936], [-80.1356881, 25.7602579], [-80.135366, 25.7606309], [-80.135, 25.7610433], [-80.1346122, 25.761438], [-80.1344497, 25.7615766], [-80.1342178, 25.7617292], [-80.1340057, 25.7618489], [-80.1338765, 25.7619119], [-80.1336041, 25.7620728], [-80.1334794, 25.7621631], [-80.1334255, 25.7621969], [-80.1333658, 25.7621907], [-80.1330288, 25.7620488], [-80.1322618, 25.7617265], [-80.1311385, 25.7612563], [-80.1310306, 25.7612101], [-80.1302753, 25.7608868], [-80.1302636, 25.7608823], [-80.1294503, 25.76057], [-80.1289497, 25.7603542], [-80.1287089, 25.7602595], [-80.1279516, 25.7599343], [-80.1279062, 25.7599865], [-80.1280795, 25.7600604], [-80.1296456, 25.7607082], [-80.1303742, 25.7610069], [-80.1314429, 25.7614505], [-80.1320559, 25.7617136], [-80.1334392, 25.7622786], [-80.1334645, 25.7622796], [-80.1334931, 25.7622946], [-80.133611, 25.762348], [-80.1337782, 25.762421], [-80.1339515, 25.7624968], [-80.1341289, 25.7625715], [-80.1343178, 25.7626474], [-80.1345067, 25.7627227], [-80.1346931, 25.7627997], [-80.1348784, 25.762875], [-80.135063, 25.7629519], [-80.1352362, 25.7630358], [-80.1354262, 25.7631199], [-80.1356253, 25.7631963], [-80.1358177, 25.7632766], [-80.1360065, 25.763359], [-80.1361971, 25.7634408], [-80.1363872, 25.7635221], [-80.1365808, 25.763604], [-80.1367744, 25.7636864], [-80.1369698, 25.7637678], [-80.1371647, 25.7638491], [-80.1373553, 25.763932], [-80.1375495, 25.7640052], [-80.137739, 25.7640806], [-80.1379254, 25.7641629], [-80.1381149, 25.7642448], [-80.1383055, 25.764325], [-80.1384902, 25.7643744]]}, "properties": {"project": "PH7113", "date": "19751101", "kind": "Man-made", "source": "TP00423"}}, {"type": "Feature", "geometry": {"type": "LineString", "coordinates": [[-80.1510206, 25.7558348], [-80.1510409, 25.7558285], [-80.151048, 25.7558212], [-80.1510482, 25.7558065], [-80.1510472, 25.7557973], [-80.1510412, 25.755789], [-80.151026, 25.7557816], [-80.1510118, 25.7557796], [-80.1510027, 25.7557833], [-80.1509894, 25.7557951], [-80.1509904, 25.7558043], [-80.1509984, 25.7558135], [-80.1510055, 25.7558209], [-80.1510206, 25.7558348]]}, "properties": {"project": "PH7113", "date": "19751101", "kind": "Natural.Apparent.Mangrove Or Cypress", "source": "TP00423"}}, {"type": "Feature", "geometry": {"type": "LineString", "coordinates": [[-80.1513222, 25.7555574], [-80.1513457, 25.7555410000001], [-80.1513498, 25.7555281], [-80.1513478, 25.7555189], [-80.1513388, 25.7555051000001], [-80.1513298, 25.7554885], [-80.1513187, 25.7554765], [-80.151296, 25.7554635], [-80.1512696, 25.7554726], [-80.1512491, 25.7555037], [-80.1512246, 25.7555201], [-80.1512073, 25.7555273], [-80.1511971, 25.7555346], [-80.1511909, 25.7555502], [-80.1511878, 25.7555639], [-80.1511877, 25.7555786], [-80.1511896, 25.7555979], [-80.1512027, 25.7556063], [-80.1512159, 25.7556063], [-80.1512271, 25.7556027], [-80.1512383, 25.7555927], [-80.1512496, 25.755579], [-80.1512557, 25.7555698], [-80.1512628999999, 25.755557], [-80.1512751, 25.7555497], [-80.1512883, 25.7555498], [-80.1513025, 25.7555554], [-80.1513222, 25.7555574]]}, "properties": {"project": "PH7113", "date": "19751101", "kind": "Natural.Apparent.Mangrove Or Cypress", "source": "TP00423"}}, {"type": "Feature", "geometry": {"type": "LineString", "coordinates": [[-80.158242, 25.786343], [-80.1584081, 25.7862677], [-80.1586213, 25.7862023], [-80.1588409, 25.7861875], [-80.1590462, 25.7861938], [-80.1591396, 25.7862174], [-80.1592377, 25.7862421], [-80.159435, 25.7863318], [-80.1596192, 25.786467], [-80.1596788, 25.7865434], [-80.1597761, 25.7866684], [-80.1598819, 25.7868714], [-80.1599248, 25.787119], [-80.1599335, 25.7873639], [-80.1599409, 25.7876034], [-80.1599644, 25.7878485], [-80.1599805, 25.7880899], [-80.1599993, 25.7883379], [-80.1600052, 25.7885841], [-80.160022, 25.7888279], [-80.160032, 25.7890741000001], [-80.1600759, 25.789665], [-80.1600829, 25.7898734], [-80.1601005, 25.7900856], [-80.1601073, 25.790319], [-80.1601275, 25.7905555], [-80.1601312, 25.7907683]]}, "properties": {"project": "PH7113", "date": "19751101", "kind": "Man-made", "source": "TP00423"}}, {"type": "Feature", "geometry": {"type": "LineString", "coordinates": [[-80.158208, 25.7863145], [-80.1581578, 25.7862725], [-80.1582924, 25.78616]]}, "properties": {"project": "PH7113", "date": "19751101", "kind": "Undetermined Alongshore Feature", "source": "TP00423"}}, {"type": "Feature", "geometry": {"type": "LineString", "coordinates": [[-80.1455587, 25.7861437], [-80.1456148, 25.7862323]]}, "properties": {"project": "PH7113", "date": "19751101", "kind": "Pier", "source": "TP00423"}}, {"type": "Feature", "geometry": {"type": "LineString", "coordinates": [[-80.1455826, 25.7860362], [-80.1456776, 25.7862003]]}, "properties": {"project": "PH7113", "date": "19751101", "kind": "Pier", "source": "TP00423"}}, {"type": "Feature", "geometry": {"type": "LineString", "coordinates": [[-80.1449861, 25.7857403], [-80.145085, 25.7858666], [-80.1452578, 25.7861299], [-80.1453867, 25.7863486]]}, "properties": {"project": "PH7113", "date": "19751101", "kind": "Man-made", "source": "TP00423"}}, {"type": "Feature", "geometry": {"type": "LineString", "coordinates": [[-80.1449861, 25.7857403], [-80.1452623, 25.7855784]]}, "properties": {"project": "PH7113", "date": "19751101", "kind": "Pier", "source": "TP00423"}}, {"type": "Feature", "geometry": {"type": "LineString", "coordinates": [[-80.1631637999999, 25.7853107], [-80.1631187999999, 25.785369], [-80.1630165, 25.7853278]]}, "properties": {"project": "PH7113", "date": "19751101", "kind": "Pier", "source": "TP00423"}}, {"type": "Feature", "geometry": {"type": "LineString", "coordinates": [[-80.1631637999999, 25.7853107], [-80.1629912, 25.7852357], [-80.1628557, 25.7851824], [-80.1627632, 25.7851433]]}, "properties": {"project": "PH7113", "date": "19751101", "kind": "Man-made", "source": "TP00423"}}, {"type": "Feature", "geometry": {"type": "LineString", "coordinates": [[-80.1627632, 25.7851433], [-80.1627068, 25.7851834000001], [-80.1625252, 25.7851039]]}, "properties": {"project": "PH7113", "date": "19751101", "kind": "Pier", "source": "TP00423"}}, {"type": "Feature", "geometry": {"type": "LineString", "coordinates": [[-80.1656487, 25.784738], [-80.1656574, 25.784799], [-80.1656482, 25.784971], [-80.1655946, 25.7851774], [-80.165481, 25.7853795], [-80.1653398, 25.7855325], [-80.1651572, 25.7856644], [-80.1649342, 25.7857548], [-80.1647014, 25.7858113], [-80.1644993, 25.7858198], [-80.1642587, 25.7857781], [-80.1640343, 25.7857044], [-80.1638525, 25.7856125], [-80.163652, 25.7855189], [-80.1634362, 25.7854261], [-80.163212, 25.7853316], [-80.1631637999999, 25.7853107]]}, "properties": {"project": "PH7113", "date": "19751101", "kind": "Man-made", "source": "TP00423"}}, {"type": "Feature", "geometry": {"type": "LineString", "coordinates": [[-80.1656487, 25.784738], [-80.1657207, 25.7847379]]}, "properties": {"project": "PH7113", "date": "19751101", "kind": "Pier", "source": "TP00423"}}, {"type": "Feature", "geometry": {"type": "LineString", "coordinates": [[-80.1657207, 25.7847379], [-80.1657255, 25.784785]]}, "properties": {"project": "PH7113", "date": "19751101", "kind": "Pier", "source": "TP00423"}}, {"type": "Feature", "geometry": {"type": "LineString", "coordinates": [[-80.1657159, 25.7846896], [-80.1657207, 25.7847379]]}, "properties": {"project": "PH7113", "date": "19751101", "kind": "Pier", "source": "TP00423"}}, {"type": "Feature", "geometry": {"type": "LineString", "coordinates": [[-80.1568114, 25.7538835], [-80.1568313, 25.7538729], [-80.156837, 25.7538626], [-80.1568366, 25.7538503], [-80.156831, 25.7538354], [-80.1568203, 25.7538277], [-80.1568084, 25.7538256], [-80.1567948, 25.7538296], [-80.1567857, 25.7538357], [-80.1567806, 25.7538428], [-80.1567771, 25.7538515], [-80.1567764, 25.7538659000001], [-80.1567809, 25.7538803], [-80.1567995, 25.753886], [-80.1568114, 25.7538835]]}, "properties": {"project": "PH7113", "date": "19751101", "kind": "Natural.Apparent.Mangrove Or Cypress", "source": "TP00423"}}, {"type": "Feature", "geometry": {"type": "LineString", "coordinates": [[-80.1588719, 25.7545689], [-80.1588897, 25.7545576], [-80.1588915, 25.7545439], [-80.158889, 25.7545332], [-80.1588824, 25.754524], [-80.1588732, 25.7545163], [-80.1588546, 25.7545154], [-80.1588402, 25.7545299], [-80.158841, 25.754539], [-80.1588435, 25.7545497], [-80.1588468, 25.7545581], [-80.1588585, 25.7545658], [-80.1588719, 25.7545689]]}, "properties": {"project": "PH7113", "date": "19751101", "kind": "Natural.Apparent.Mangrove Or Cypress", "source": "TP00423"}}, {"type": "Feature", "geometry": {"type": "LineString", "coordinates": [[-80.1589155, 25.7544876], [-80.1589324, 25.7544747], [-80.1589342, 25.7544587], [-80.158925, 25.7544488], [-80.1589031, 25.7544425], [-80.158888, 25.7544485], [-80.158882, 25.7544554], [-80.1588803, 25.7544645], [-80.158886, 25.7544813], [-80.158902, 25.7544875], [-80.1589155, 25.7544876]]}, "properties": {"project": "PH7113", "date": "19751101", "kind": "Natural.Apparent.Mangrove Or Cypress", "source": "TP00423"}}, {"type": "Feature", "geometry": {"type": "LineString", "coordinates": [[-80.1586592, 25.754294], [-80.1586787, 25.7542758], [-80.158683, 25.7542613], [-80.1586763, 25.7542483], [-80.1586519, 25.7542474], [-80.158646, 25.7542542], [-80.1586383, 25.7542626], [-80.1586315, 25.754274], [-80.1586331, 25.7542831], [-80.1586449, 25.7542946], [-80.1586592, 25.754294]]}, "properties": {"project": "PH7113", "date": "19751101", "kind": "Natural.Apparent.Mangrove Or Cypress", "source": "TP00423"}}, {"type": "Feature", "geometry": {"type": "LineString", "coordinates": [[-80.1600093, 25.7543872], [-80.1598649, 25.7541739], [-80.1598405, 25.7540359], [-80.1597462, 25.7539262], [-80.1597269, 25.7538141], [-80.1593795, 25.7534598], [-80.1593054, 25.7534642], [-80.1591915, 25.7534348], [-80.1590978999999, 25.7532103], [-80.1590106, 25.7530087], [-80.1589412, 25.7529509], [-80.1589924, 25.752888], [-80.1589553, 25.7528326], [-80.1589, 25.752842], [-80.1588725, 25.7528344], [-80.1588616, 25.7528243], [-80.1588507, 25.7528044], [-80.1588536, 25.752782], [-80.1588676, 25.7527571], [-80.1588814999999, 25.7527373], [-80.1588954, 25.752705], [-80.1588983, 25.7526826], [-80.158893, 25.7526626], [-80.1588737, 25.75266], [-80.1588351, 25.7526722], [-80.1588103, 25.752687], [-80.1587495, 25.7527216], [-80.1587302, 25.7527364], [-80.1587136, 25.7527413], [-80.1586724, 25.7527386], [-80.1586257, 25.7527233], [-80.1585983, 25.7527132], [-80.1585627, 25.7526931], [-80.158549, 25.7526781], [-80.1585409, 25.7526581], [-80.1585136, 25.752638], [-80.1584779, 25.7526253], [-80.1584532, 25.7526152], [-80.1584093, 25.7525975], [-80.1583793, 25.7525725], [-80.1583656, 25.752555], [-80.15833, 25.7525323], [-80.1582531, 25.7525144], [-80.1579264, 25.7524328], [-80.1577227, 25.7524516], [-80.1575109, 25.7524504], [-80.1573263, 25.7524991], [-80.1570558, 25.7526321], [-80.1569472, 25.7528158], [-80.1568396, 25.75286], [-80.1567978, 25.7529419], [-80.1567603, 25.7531883], [-80.1567623, 25.7533495], [-80.1567658, 25.7533834], [-80.1568404, 25.7536021], [-80.1571048, 25.7538851], [-80.1573324, 25.7539898], [-80.157579, 25.7540889], [-80.1578896, 25.7541251], [-80.158111, 25.7542011], [-80.1584408, 25.7542087], [-80.1586956, 25.7540494], [-80.1588744, 25.7538781], [-80.1589865, 25.7537481], [-80.1590355, 25.7537262], [-80.1591505, 25.7537313], [-80.1592334, 25.7537717], [-80.1592917, 25.753834], [-80.1592886, 25.7539271], [-80.1590838, 25.7541719], [-80.1589879, 25.7542312], [-80.1589439, 25.7542376], [-80.1589366, 25.754222], [-80.1589368, 25.7542021], [-80.1589344, 25.7541865], [-80.1589002, 25.7541819], [-80.158834, 25.7541992], [-80.1587578, 25.7542498], [-80.1587253, 25.7543404], [-80.1587615, 25.754416], [-80.1588055, 25.7544251], [-80.1588349, 25.7544186], [-80.1588448, 25.7543988], [-80.1588646, 25.7543745], [-80.1588965, 25.7543569], [-80.1589284, 25.7543438], [-80.1589407, 25.7543373], [-80.1589674, 25.7543662], [-80.1589892, 25.754404], [-80.1590329, 25.7544442], [-80.1590768, 25.7544644], [-80.1591184, 25.7544757], [-80.1591427, 25.7545002], [-80.1591961, 25.7545537], [-80.1592523, 25.7545673], [-80.1595232, 25.7546708], [-80.1596596, 25.7547602], [-80.1597426, 25.7547962], [-80.1598576, 25.7547858], [-80.159946, 25.7547464], [-80.1599706, 25.7547354], [-80.1599902, 25.7547267], [-80.1600196, 25.7547269], [-80.1600317, 25.7547402], [-80.1600536, 25.7547514], [-80.1600782, 25.7547449], [-80.1600881, 25.7547228], [-80.1601004, 25.7547074], [-80.1601152, 25.754703], [-80.1601275, 25.7546876], [-80.1600959, 25.7546542], [-80.1600643, 25.7546252], [-80.160045, 25.7545896], [-80.1600452, 25.7545652], [-80.1600479, 25.7545231], [-80.1600481, 25.7544921], [-80.1600459, 25.7544611], [-80.1600363, 25.7544344], [-80.1600093, 25.7543872]]}, "properties": {"project": "PH7113", "date": "19751101", "kind": "Natural.Mean High Water", "source": "TP00423"}}, {"type": "Feature", "geometry": {"type": "LineString", "coordinates": [[-80.1587361, 25.7526818], [-80.1587459, 25.7526783], [-80.1587517, 25.7526632], [-80.1587421, 25.7526444], [-80.1587341, 25.7526381], [-80.1587192, 25.7526307], [-80.1587036, 25.7526317], [-80.1586938, 25.752642], [-80.1586925, 25.7526561], [-80.1587017, 25.7526697], [-80.1587148, 25.7526765], [-80.1587252, 25.7526802], [-80.1587361, 25.7526818]]}, "properties": {"project": "PH7113", "date": "19751101", "kind": "Natural.Apparent.Mangrove Or Cypress", "source": "TP00423"}}, {"type": "Feature", "geometry": {"type": "LineString", "coordinates": [[-80.1587974, 25.7525541], [-80.1588089, 25.7525505], [-80.1588153, 25.7525396], [-80.1588188, 25.7525287], [-80.1588167, 25.7525084], [-80.1588076, 25.7524942], [-80.1587904, 25.7524874], [-80.1587789, 25.7524857], [-80.1587645, 25.7524888], [-80.1587586, 25.7525018], [-80.158758, 25.7525122], [-80.1587619, 25.7525226], [-80.1587699, 25.7525362], [-80.1587779, 25.7525456], [-80.1587882, 25.7525514], [-80.1587974, 25.7525541]]}, "properties": {"project": "PH7113", "date": "19751101", "kind": "Natural.Apparent.Mangrove Or Cypress", "source": "TP00423"}}, {"type": "Feature", "geometry": {"type": "LineString", "coordinates": [[-80.1586783, 25.7525523], [-80.1586917, 25.7525326], [-80.1586935, 25.7525217], [-80.1586936, 25.7525061], [-80.1586908, 25.752492], [-80.1586834, 25.7524795], [-80.1586755, 25.7524695], [-80.1586669, 25.7524627], [-80.1586514, 25.7524584], [-80.1586387, 25.7524599], [-80.1586289, 25.7524661], [-80.1586225, 25.7524755], [-80.1586201, 25.7524848], [-80.15862, 25.7524978], [-80.1586251, 25.7525161], [-80.1586325, 25.7525271], [-80.1586427, 25.7525428], [-80.1586508, 25.752547], [-80.1586622, 25.7525502], [-80.1586783, 25.7525523]]}, "properties": {"project": "PH7113", "date": "19751101", "kind": "Natural.Apparent.Mangrove Or Cypress", "source": "TP00423"}}, {"type": "Feature", "geometry": {"type": "LineString", "coordinates": [[-80.1584242, 25.7524504], [-80.1584357, 25.7524384], [-80.1584391, 25.7524221], [-80.1584392, 25.7524074], [-80.1584346, 25.7523924], [-80.1584328, 25.7523829], [-80.1584333, 25.7523708], [-80.1584363, 25.7523588], [-80.1584392, 25.7523498], [-80.158434, 25.7523386], [-80.1584279, 25.7523316], [-80.1584175, 25.7523277], [-80.1584084, 25.7523311], [-80.1584022, 25.7523427], [-80.1583992, 25.7523547], [-80.1583944, 25.752368], [-80.1583872, 25.752383], [-80.1583799, 25.7524006], [-80.1583773999999, 25.7524122], [-80.1583788, 25.752426], [-80.1583863, 25.7524347], [-80.158392, 25.752442], [-80.158399, 25.7524476], [-80.1584123, 25.7524507], [-80.1584242, 25.7524504]]}, "properties": {"project": "PH7113", "date": "19751101", "kind": "Natural.Apparent.Mangrove Or Cypress", "source": "TP00423"}}, {"type": "Feature", "geometry": {"type": "LineString", "coordinates": [[-80.1583414, 25.7523376], [-80.1583614, 25.75233], [-80.1583648, 25.7523154], [-80.1583654, 25.7523025], [-80.1583631, 25.7522913], [-80.158358, 25.7522745], [-80.1583523, 25.7522662], [-80.1583376, 25.7522649], [-80.1583238, 25.7522751], [-80.1583175, 25.7522927], [-80.1583179, 25.752303], [-80.1583207, 25.752313], [-80.1583249, 25.7523229], [-80.1583323999999, 25.7523302], [-80.1583414, 25.7523376]]}, "properties": {"project": "PH7113", "date": "19751101", "kind": "Natural.Apparent.Mangrove Or Cypress", "source": "TP00423"}}, {"type": "Feature", "geometry": {"type": "LineString", "coordinates": [[-80.1579038, 25.7522994], [-80.1579234, 25.7522898], [-80.1579239, 25.7522785], [-80.1579228, 25.75227], [-80.1579149, 25.7522559], [-80.157899, 25.7522502], [-80.1578902, 25.7522547], [-80.1578791, 25.7522663], [-80.1578778, 25.7522827], [-80.1578848, 25.7522944], [-80.1579038, 25.7522994]]}, "properties": {"project": "PH7113", "date": "19751101", "kind": "Natural.Apparent.Mangrove Or Cypress", "source": "TP00423"}}, {"type": "Feature", "geometry": {"type": "LineString", "coordinates": [[-80.1577863, 25.7522979], [-80.1577984, 25.7522829], [-80.1577981, 25.7522666], [-80.15779, 25.7522514], [-80.1577805, 25.7522463], [-80.1577689, 25.7522478], [-80.1577609, 25.7522577], [-80.1577594, 25.7522673], [-80.1577593, 25.7522803], [-80.1577653, 25.7522903], [-80.1577765, 25.7522967], [-80.1577863, 25.7522979]]}, "properties": {"project": "PH7113", "date": "19751101", "kind": "Natural.Apparent.Mangrove Or Cypress", "source": "TP00423"}}, {"type": "Feature", "geometry": {"type": "LineString", "coordinates": [[-80.1581492, 25.752294], [-80.1581693, 25.7522705], [-80.1581639, 25.7522569], [-80.1581502, 25.7522482], [-80.158143, 25.7522416], [-80.1581255, 25.7522436], [-80.158112, 25.7522505], [-80.1581064, 25.7522584], [-80.1581051, 25.7522672], [-80.1581125, 25.7522811], [-80.1581222, 25.7522893], [-80.1581369, 25.7522937], [-80.1581492, 25.752294]]}, "properties": {"project": "PH7113", "date": "19751101", "kind": "Natural.Apparent.Mangrove Or Cypress", "source": "TP00423"}}, {"type": "Feature", "geometry": {"type": "LineString", "coordinates": [[-80.1576495, 25.7522902], [-80.1576763, 25.7522772], [-80.1576803, 25.7522608], [-80.1576789, 25.7522513], [-80.1576699, 25.7522381], [-80.1576526, 25.7522342], [-80.1576358, 25.7522405], [-80.1576251, 25.7522532], [-80.157624, 25.7522651], [-80.1576274, 25.7522821], [-80.1576388, 25.7522885], [-80.1576495, 25.7522902]]}, "properties": {"project": "PH7113", "date": "19751101", "kind": "Natural.Apparent.Mangrove Or Cypress", "source": "TP00423"}}, {"type": "Feature", "geometry": {"type": "LineString", "coordinates": [[-80.1287449, 25.7882063], [-80.1284105, 25.7882266]]}, "properties": {"project": "PH7113", "date": "19751101", "kind": "Undetermined Alongshore Feature", "source": "TP00423"}}, {"type": "Feature", "geometry": {"type": "LineString", "coordinates": [[-80.12874, 25.7883541], [-80.1287449, 25.7882063]]}, "properties": {"project": "PH7113", "date": "19751101", "kind": "Natural.Mean High Water", "source": "TP00423"}}, {"type": "Feature", "geometry": {"type": "LineString", "coordinates": [[-80.1619173, 25.7906841], [-80.1619161, 25.7906633], [-80.1619038, 25.790519], [-80.1618997, 25.7903913], [-80.1618874, 25.7902642], [-80.161884, 25.7901331], [-80.1618302, 25.7901273], [-80.1618237, 25.7900236], [-80.16188, 25.7900159], [-80.1618796, 25.7900039], [-80.1618696, 25.7898793], [-80.1618631, 25.7897491], [-80.1618584, 25.7896177], [-80.1618487, 25.7893511], [-80.1618439, 25.7892186], [-80.1618244, 25.7890393], [-80.1618205, 25.7889316], [-80.1618167, 25.7888111], [-80.1618257, 25.7887278], [-80.1618553, 25.7886065], [-80.161908, 25.7884857], [-80.1619834, 25.7883659], [-80.1620881, 25.7882361], [-80.1622043, 25.7881471], [-80.1623197, 25.7880597], [-80.1624294, 25.7880078], [-80.1625428, 25.7879634], [-80.1626592, 25.787939], [-80.1627745, 25.7879214], [-80.1628894, 25.787916], [-80.1629855, 25.7879295], [-80.1630961, 25.7879453], [-80.1632012, 25.7879697], [-80.163304, 25.7880072], [-80.1634054, 25.7880566], [-80.163515, 25.788121], [-80.1636023, 25.788174], [-80.1636873, 25.788247], [-80.163748, 25.7883173], [-80.1638221, 25.7884251], [-80.163879, 25.7885375], [-80.1639487, 25.788758], [-80.1639686, 25.7888437], [-80.1639787, 25.7889471], [-80.1639823, 25.7890561], [-80.1639886, 25.7891651], [-80.1640186, 25.7893222], [-80.1640393, 25.7894723], [-80.1640367, 25.7896896], [-80.1640383, 25.7899037], [-80.1640406, 25.7901217], [-80.1640407, 25.7905936]]}, "properties": {"project": "PH7113", "date": "19751101", "kind": "Man-made", "source": "TP00423"}}, {"type": "Feature", "geometry": {"type": "LineString", "coordinates": [[-80.1249965, 25.8133826], [-80.1250149, 25.8133389], [-80.1250289, 25.8132938], [-80.1250322, 25.8132582], [-80.1250157, 25.8132348], [-80.1250144, 25.8132006], [-80.1250407, 25.813135], [-80.1250771, 25.8131188], [-80.1251123, 25.8128602], [-80.1251586, 25.8125216], [-80.125205, 25.8121802], [-80.125241, 25.8118168], [-80.1252679, 25.8114397000001], [-80.1252919, 25.8110612], [-80.1252997, 25.8109209], [-80.1253128, 25.8106827], [-80.1252989, 25.8103095], [-80.1252809, 25.8098869], [-80.125281, 25.8095978], [-80.1252811, 25.8094467], [-80.1252685, 25.8090981], [-80.1252869, 25.808862], [-80.1253323, 25.8086541], [-80.1253742, 25.8085024], [-80.1255072, 25.8081067], [-80.1256702, 25.8077524], [-80.1258608, 25.8073461], [-80.1260873, 25.8069908], [-80.126288, 25.8066421], [-80.1264877, 25.8062304], [-80.1266965, 25.8058092], [-80.1268709, 25.8053399], [-80.1269653, 25.8050577], [-80.1270543, 25.8046823], [-80.1270968, 25.8044491], [-80.1271387, 25.8040981], [-80.1271651, 25.8037977], [-80.1271723, 25.8034328], [-80.1271799, 25.8030172], [-80.1271831, 25.8025838], [-80.1271646, 25.8024269], [-80.1271463, 25.802242], [-80.1271418, 25.8020228], [-80.1271663, 25.8015649], [-80.1272464, 25.8011703], [-80.1273789, 25.8008377], [-80.1275247, 25.8005572], [-80.1276636, 25.8003875], [-80.1278761, 25.800284], [-80.1281615, 25.800144], [-80.1285002, 25.7999701], [-80.1288569, 25.7998072], [-80.1292319, 25.7996211], [-80.1296297, 25.7994215000001], [-80.1300278, 25.7992293], [-80.1299952, 25.7991758], [-80.1299514, 25.7991253], [-80.1293902, 25.7994133], [-80.1287899, 25.7997133], [-80.128188, 25.799994], [-80.1279322, 25.8001138], [-80.1278782, 25.8001063], [-80.1278408, 25.8000876], [-80.1278121, 25.8000566], [-80.1278022, 25.8000211], [-80.1278042, 25.7999811], [-80.1278466, 25.7997687], [-80.1278602, 25.79953], [-80.1278433, 25.799516], [-80.1277227, 25.7994845], [-80.1276571, 25.7996089], [-80.1274703, 25.8000176], [-80.1274881, 25.8001456], [-80.127491, 25.8002119], [-80.1274771, 25.8002534], [-80.1273846, 25.8003376], [-80.1272664, 25.8004308], [-80.1270087, 25.8005325], [-80.1268206, 25.8006531], [-80.1266584, 25.800825], [-80.126549, 25.8010213], [-80.1264929, 25.8011908], [-80.1264477, 25.8013291], [-80.1264068, 25.8015883], [-80.1263963, 25.8018125], [-80.1264055, 25.8022538], [-80.1264808, 25.8023592], [-80.1266079, 25.8024048], [-80.126797, 25.8024818], [-80.1269053, 25.8025687], [-80.1269337, 25.8026367000001], [-80.1269476, 25.8030605], [-80.126957, 25.8035378], [-80.126966, 25.8040063], [-80.1268783, 25.8043814], [-80.1266957, 25.8049186], [-80.1264951, 25.8054795], [-80.126263, 25.8059979], [-80.1261313, 25.8062156], [-80.1259766, 25.8064303], [-80.1257198, 25.8068005], [-80.1256137, 25.8069535], [-80.1251733, 25.8073985], [-80.124928, 25.8076867], [-80.1247858999999, 25.8078535], [-80.1246979, 25.8080332], [-80.1246152, 25.808234], [-80.1245732, 25.8084002], [-80.1245367, 25.8087235], [-80.1245273, 25.8090809], [-80.1245795, 25.8093863], [-80.1246867, 25.8096242], [-80.1246074, 25.8102215], [-80.1245879, 25.8105603], [-80.1246468, 25.8108935], [-80.1246203, 25.8112446], [-80.1245143, 25.8117801], [-80.1245414, 25.8117988], [-80.1245693, 25.8118094], [-80.124617, 25.8118193], [-80.1246399, 25.8118386], [-80.1244448, 25.8124299], [-80.1242914, 25.8129251], [-80.1242013, 25.813195]]}, "properties": {"project": "PH7113", "date": "19751101", "kind": "Man-made", "source": "TP00423"}}, {"type": "Feature", "geometry": {"type": "LineString", "coordinates": [[-80.1256553, 25.7994224], [-80.1257882, 25.7991366], [-80.1259596, 25.7988051], [-80.1260089, 25.7986215]]}, "properties": {"project": "PH7113", "date": "19751101", "kind": "Natural.Mean High Water", "source": "TP00423"}}, {"type": "Feature", "geometry": {"type": "LineString", "coordinates": [[-80.1439261, 25.7985733], [-80.1437914, 25.798577]]}, "properties": {"project": "PH7113", "date": "19751101", "kind": "Undetermined.Approximate", "source": "TP00423"}}, {"type": "Feature", "geometry": {"type": "LineString", "coordinates": [[-80.1437914, 25.798577], [-80.143614, 25.7985819], [-80.1432732, 25.7985901], [-80.1429325, 25.798595], [-80.1425906, 25.7986], [-80.1422403, 25.7986071], [-80.1419185, 25.7986207], [-80.1417215, 25.7986657], [-80.1415782, 25.7987308], [-80.1414409, 25.7988759], [-80.1413514, 25.7990497], [-80.1413381, 25.7993323], [-80.1413441, 25.799734], [-80.1413612, 25.7999009], [-80.1415374, 25.8001144], [-80.1416819, 25.8002177], [-80.1419285, 25.8002862], [-80.1422633, 25.800278], [-80.1426812, 25.8002563], [-80.1430006, 25.8002533], [-80.1433567, 25.8002538], [-80.1437259, 25.8002437], [-80.1440939, 25.8002303], [-80.1444477, 25.8002297], [-80.1448145, 25.8002238], [-80.1451908, 25.8002115], [-80.145566, 25.800196], [-80.1459387, 25.800188], [-80.1463186, 25.8001758], [-80.1467009, 25.80017], [-80.1469113, 25.800161], [-80.1470555, 25.8001205], [-80.1472001, 25.8000425], [-80.1473139, 25.7999483], [-80.1473972, 25.7998238], [-80.1474377, 25.7997087], [-80.1474546, 25.7995828], [-80.1474395, 25.7994491], [-80.1473713, 25.7992959], [-80.1472691, 25.7990898], [-80.1471554, 25.7988355], [-80.1470438, 25.7986921], [-80.1469271, 25.7986035], [-80.1467581, 25.7985392000001], [-80.1466338, 25.7985288], [-80.1463785, 25.7985236], [-80.1461029, 25.7985311], [-80.1457989, 25.7985373], [-80.1454972, 25.7985458], [-80.1451956, 25.798552], [-80.1448916, 25.798554], [-80.1445865, 25.7985581], [-80.1442718, 25.7985632], [-80.1439524, 25.7985726], [-80.1439261, 25.7985733]]}, "properties": {"project": "PH7113", "date": "19751101", "kind": "Man-made", "source": "TP00423"}}, {"type": "Feature", "geometry": {"type": "LineString", "coordinates": [[-80.1260089, 25.7986215], [-80.1256042, 25.7984824]]}, "properties": {"project": "PH7113", "date": "19751101", "kind": "Undetermined Alongshore Feature", "source": "TP00423"}}, {"type": "Feature", "geometry": {"type": "LineString", "coordinates": [[-80.1436798, 25.7983301], [-80.1435231, 25.7983339]]}, "properties": {"project": "PH7113", "date": "19751101", "kind": "Undetermined.Approximate", "source": "TP00423"}}, {"type": "Feature", "geometry": {"type": "LineString", "coordinates": [[-80.1260089, 25.7986215], [-80.1260497, 25.7984695], [-80.1262051, 25.7981085], [-80.1263247, 25.7978124]]}, "properties": {"project": "PH7113", "date": "19751101", "kind": "Natural.Mean High Water", "source": "TP00423"}}, {"type": "Feature", "geometry": {"type": "LineString", "coordinates": [[-80.1263247, 25.7978124], [-80.1264116, 25.7978346], [-80.1264281, 25.7978311], [-80.1264414, 25.7978227], [-80.1264573, 25.797798], [-80.1264676, 25.7977736]]}, "properties": {"project": "PH7113", "date": "19751101", "kind": "Natural.Mean High Water", "source": "TP00423"}}, {"type": "Feature", "geometry": {"type": "LineString", "coordinates": [[-80.1263247, 25.7978124], [-80.1258645, 25.7976945]]}, "properties": {"project": "PH7113", "date": "19751101", "kind": "Undetermined Alongshore Feature", "source": "TP00423"}}, {"type": "Feature", "geometry": {"type": "LineString", "coordinates": [[-80.1264676, 25.7977736], [-80.1259944, 25.7976568]]}, "properties": {"project": "PH7113", "date": "19751101", "kind": "Undetermined Alongshore Feature", "source": "TP00423"}}, {"type": "Feature", "geometry": {"type": "LineString", "coordinates": [[-80.1543352, 25.7879145], [-80.1541987, 25.7880168], [-80.1540862, 25.7881215], [-80.1539729, 25.7882817], [-80.1539275, 25.788368], [-80.153871, 25.7885642], [-80.1538547, 25.7887445], [-80.1538733, 25.7890109000001], [-80.1538834, 25.7892633], [-80.1538997, 25.7895199], [-80.1539145, 25.7897772], [-80.1539331, 25.7900262], [-80.1539494, 25.7902919], [-80.1539656, 25.7905548], [-80.1539818, 25.7908197], [-80.1539944, 25.7910718]]}, "properties": {"project": "PH7113", "date": "19751101", "kind": "Man-made", "source": "TP00423"}}, {"type": "Feature", "geometry": {"type": "LineString", "coordinates": [[-80.1543799, 25.7878118], [-80.1542938, 25.7878638], [-80.1543352, 25.7879145]]}, "properties": {"project": "PH7113", "date": "19751101", "kind": "Pier", "source": "TP00423"}}, {"type": "Feature", "geometry": {"type": "LineString", "coordinates": [[-80.1561561, 25.7909587], [-80.1561438, 25.7906484], [-80.1561403, 25.7904948], [-80.1561241, 25.7903303000001], [-80.1561187, 25.7902193], [-80.1561029, 25.7899976], [-80.1560927, 25.7897557], [-80.1560723, 25.7895283], [-80.1560605, 25.7892948000001], [-80.1560455, 25.7890738], [-80.1560227, 25.7888604], [-80.1560055, 25.7886282], [-80.1559859, 25.7885007], [-80.1559444, 25.7883727], [-80.1558413, 25.7881868], [-80.1557651, 25.7880948], [-80.1556891, 25.7880128], [-80.1555517, 25.7879199], [-80.1554008, 25.7878482], [-80.1552387999999, 25.7877966], [-80.1550783, 25.7877633], [-80.154913, 25.7877501], [-80.1547174, 25.7877716], [-80.1545347, 25.7878191], [-80.1543534, 25.7879009], [-80.1543352, 25.7879145]]}, "properties": {"project": "PH7113", "date": "19751101", "kind": "Man-made", "source": "TP00423"}}, {"type": "Feature", "geometry": {"type": "LineString", "coordinates": [[-80.1287449, 25.787519], [-80.1287036, 25.787542], [-80.1283775, 25.7875481]]}, "properties": {"project": "PH7113", "date": "19751101", "kind": "Undetermined Alongshore Feature", "source": "TP00423"}}, {"type": "Feature", "geometry": {"type": "LineString", "coordinates": [[-80.1287449, 25.7882063], [-80.1287615, 25.7877052], [-80.1287639, 25.7875419], [-80.1287544, 25.7875353], [-80.1287449, 25.787519]]}, "properties": {"project": "PH7113", "date": "19751101", "kind": "Natural.Mean High Water", "source": "TP00423"}}, {"type": "Feature", "geometry": {"type": "LineString", "coordinates": [[-80.1460382, 25.7972215], [-80.1460651, 25.7972494], [-80.1462165, 25.7974548], [-80.1462741, 25.7976512], [-80.1462617, 25.7978471], [-80.1461628, 25.7980359], [-80.1460067, 25.7981923], [-80.1458116, 25.7982709], [-80.1456023, 25.7982815], [-80.1453095, 25.7982907], [-80.1450001, 25.798295], [-80.1446854, 25.7982993], [-80.1443624, 25.7983073], [-80.1440509, 25.7983229], [-80.143755, 25.7983283], [-80.1436798, 25.7983301]]}, "properties": {"project": "PH7113", "date": "19751101", "kind": "Man-made", "source": "TP00423"}}, {"type": "Feature", "geometry": {"type": "LineString", "coordinates": [[-80.1266857, 25.7970681], [-80.1265471, 25.7974815]]}, "properties": {"project": "PH7113", "date": "19751101", "kind": "Man-made", "source": "TP00423"}}, {"type": "Feature", "geometry": {"type": "LineString", "coordinates": [[-80.1460382, 25.7972215], [-80.1461088, 25.7971537], [-80.1459971, 25.79703]]}, "properties": {"project": "PH7113", "date": "19751101", "kind": "Pier", "source": "TP00423"}}, {"type": "Feature", "geometry": {"type": "LineString", "coordinates": [[-80.1266857, 25.7970681], [-80.1262767, 25.7969256]]}, "properties": {"project": "PH7113", "date": "19751101", "kind": "Undetermined Alongshore Feature", "source": "TP00423"}}, {"type": "Feature", "geometry": {"type": "LineString", "coordinates": [[-80.1267422, 25.7969044], [-80.1266857, 25.7970681]]}, "properties": {"project": "PH7113", "date": "19751101", "kind": "Man-made", "source": "TP00423"}}, {"type": "Feature", "geometry": {"type": "LineString", "coordinates": [[-80.1267422, 25.7969044], [-80.1263089, 25.7967884]]}, "properties": {"project": "PH7113", "date": "19751101", "kind": "Undetermined Alongshore Feature", "source": "TP00423"}}, {"type": "Feature", "geometry": {"type": "LineString", "coordinates": [[-80.1435231, 25.7983339], [-80.1434581, 25.7983355], [-80.1431497, 25.7983446], [-80.1428402, 25.7983508], [-80.1425172, 25.7983588], [-80.1421932, 25.7983621], [-80.1418806, 25.7983701], [-80.1416427, 25.7982993], [-80.1414473, 25.7981173], [-80.1413384, 25.797949], [-80.1413028, 25.7977565], [-80.1413041, 25.7975067], [-80.1412938, 25.7972672], [-80.1414025, 25.7970227], [-80.1415026, 25.7968806], [-80.1416787, 25.7967017], [-80.1417797, 25.7966408]]}, "properties": {"project": "PH7113", "date": "19751101", "kind": "Man-made", "source": "TP00423"}}, {"type": "Feature", "geometry": {"type": "LineString", "coordinates": [[-80.1417797, 25.7966408], [-80.1418532, 25.7965965], [-80.1418809, 25.7965883]]}, "properties": {"project": "PH7113", "date": "19751101", "kind": "Undetermined.Approximate", "source": "TP00423"}}, {"type": "Feature", "geometry": {"type": "LineString", "coordinates": [[-80.1418809, 25.7965883], [-80.1420294, 25.7965442], [-80.1423222, 25.7965237], [-80.1426066, 25.796523], [-80.1429014, 25.7965167], [-80.1431983, 25.7965123], [-80.1435047, 25.7964967], [-80.1438099, 25.7964914], [-80.1441151, 25.796488], [-80.1444162, 25.7964836], [-80.1447173, 25.7964802], [-80.1450183, 25.7964758], [-80.1451639, 25.7964771], [-80.1454021, 25.7965824], [-80.1455157, 25.7966771], [-80.145658, 25.7968333], [-80.1458336, 25.7970086], [-80.1460382, 25.7972215]]}, "properties": {"project": "PH7113", "date": "19751101", "kind": "Man-made", "source": "TP00423"}}, {"type": "Feature", "geometry": {"type": "LineString", "coordinates": [[-80.1416359, 25.7963308], [-80.1414526, 25.7964486], [-80.141263, 25.7966252000001], [-80.1411318, 25.7968293], [-80.1410625, 25.7969994], [-80.1410140999999, 25.7972391], [-80.1410117, 25.7975729], [-80.1410295, 25.7980623], [-80.1410344, 25.7983668], [-80.1410056, 25.7984197], [-80.1409403, 25.7984694], [-80.1408817, 25.798482], [-80.1405825, 25.7984874], [-80.1402729, 25.7985078], [-80.1401186, 25.7986057], [-80.1400597, 25.7986541], [-80.1399647, 25.7987717], [-80.1399036, 25.7989003], [-80.139879, 25.7990306], [-80.139895, 25.7992212], [-80.1398976, 25.7996217], [-80.1399018, 25.7997077], [-80.1399237, 25.7997437], [-80.1399346, 25.799758], [-80.1399423, 25.7997882], [-80.1399421, 25.7998168], [-80.1399283, 25.7998762], [-80.1399452, 25.8003764], [-80.1399521, 25.8008514], [-80.139967, 25.8013107], [-80.1399801, 25.8017972], [-80.139993, 25.8023109], [-80.1400105, 25.8028505], [-80.1400232, 25.8033957], [-80.1400375, 25.8039324], [-80.1400527, 25.8041238], [-80.1401057, 25.8042373], [-80.1402204, 25.8043669], [-80.1403306, 25.8044478], [-80.1404601, 25.8044887], [-80.1407629, 25.8045241], [-80.1408609, 25.8045505], [-80.1409491, 25.8046098], [-80.1410016, 25.8046824], [-80.1410023, 25.8048014], [-80.1410115, 25.8050622], [-80.1410106, 25.8051926], [-80.1410077, 25.8052187]]}, "properties": {"project": "PH7113", "date": "19751101", "kind": "Man-made", "source": "TP00423"}}, {"type": "Feature", "geometry": {"type": "LineString", "coordinates": [[-80.1417461, 25.7962755], [-80.1417142, 25.7962804], [-80.1416359, 25.7963308]]}, "properties": {"project": "PH7113", "date": "19751101", "kind": "Undetermined.Approximate", "source": "TP00423"}}, {"type": "Feature", "geometry": {"type": "LineString", "coordinates": [[-80.1451834, 25.7961248], [-80.1451749, 25.7961324], [-80.1445711, 25.7961615], [-80.1444699, 25.7961675], [-80.1443501, 25.7961678], [-80.1442866, 25.7961719], [-80.144222, 25.796171], [-80.1441697, 25.7961612], [-80.144016, 25.7961684], [-80.1438581, 25.79617], [-80.1436848, 25.7961703], [-80.1435096, 25.7961701], [-80.1433301, 25.7961766], [-80.1431503, 25.7961728], [-80.1431492, 25.7961588], [-80.1431369, 25.7961565], [-80.143095, 25.7961613], [-80.1429784, 25.7961929], [-80.1428043, 25.7962044], [-80.1426248, 25.796212], [-80.1422651, 25.7962194], [-80.1420844, 25.7962264], [-80.1419053, 25.7962513], [-80.1417461, 25.7962755]]}, "properties": {"project": "PH7113", "date": "19751101", "kind": "Man-made", "source": "TP00423"}}, {"type": "Feature", "geometry": {"type": "LineString", "coordinates": [[-80.1452165, 25.7960525], [-80.1452185, 25.7960934], [-80.1451834, 25.7961248]]}, "properties": {"project": "PH7113", "date": "19751101", "kind": "Shoreline/Alongshore Feature Boundary", "source": "TP00423"}}, {"type": "Feature", "geometry": {"type": "LineString", "coordinates": [[-80.1452165, 25.7960525], [-80.1455159, 25.796056], [-80.1457128, 25.7960497]]}, "properties": {"project": "PH7113", "date": "19751101", "kind": "Pier", "source": "TP00423"}}, {"type": "Feature", "geometry": {"type": "LineString", "coordinates": [[-80.1457128, 25.7960497], [-80.1457866, 25.7960474]]}, "properties": {"project": "PH7113", "date": "19751101", "kind": "Pier", "source": "TP00423"}}, {"type": "Feature", "geometry": {"type": "LineString", "coordinates": [[-80.1457866, 25.7960474], [-80.1458518, 25.7960453]]}, "properties": {"project": "PH7113", "date": "19751101", "kind": "Pier", "source": "TP00423"}}, {"type": "Feature", "geometry": {"type": "LineString", "coordinates": [[-80.1458518, 25.7960453], [-80.145939, 25.7960426]]}, "properties": {"project": "PH7113", "date": "19751101", "kind": "Pier", "source": "TP00423"}}, {"type": "Feature", "geometry": {"type": "LineString", "coordinates": [[-80.145939, 25.7960426], [-80.1459495, 25.7960422], [-80.1460025, 25.7960405]]}, "properties": {"project": "PH7113", "date": "19751101", "kind": "Pier", "source": "TP00423"}}, {"type": "Feature", "geometry": {"type": "LineString", "coordinates": [[-80.1460025, 25.7960405], [-80.1460865, 25.7960378]]}, "properties": {"project": "PH7113", "date": "19751101", "kind": "Pier", "source": "TP00423"}}, {"type": "Feature", "geometry": {"type": "LineString", "coordinates": [[-80.1460865, 25.7960378], [-80.1461672, 25.7960352]]}, "properties": {"project": "PH7113", "date": "19751101", "kind": "Pier", "source": "TP00423"}}, {"type": "Feature", "geometry": {"type": "LineString", "coordinates": [[-80.1461672, 25.7960352], [-80.1462481, 25.7960326]]}, "properties": {"project": "PH7113", "date": "19751101", "kind": "Pier", "source": "TP00423"}}, {"type": "Feature", "geometry": {"type": "LineString", "coordinates": [[-80.1462481, 25.7960326], [-80.1463406, 25.7960296]]}, "properties": {"project": "PH7113", "date": "19751101", "kind": "Pier", "source": "TP00423"}}, {"type": "Feature", "geometry": {"type": "LineString", "coordinates": [[-80.1457128, 25.7960497], [-80.1457212, 25.7959438]]}, "properties": {"project": "PH7113", "date": "19751101", "kind": "Pier", "source": "TP00423"}}, {"type": "Feature", "geometry": {"type": "LineString", "coordinates": [[-80.1287449, 25.787519], [-80.1287671, 25.7872684], [-80.1287878, 25.7869066], [-80.1287953, 25.7867286]]}, "properties": {"project": "PH7113", "date": "19751101", "kind": "Man-made", "source": "TP00423"}}, {"type": "Feature", "geometry": {"type": "LineString", "coordinates": [[-80.128805, 25.7867291], [-80.1287953, 25.7867286]]}, "properties": {"project": "PH7113", "date": "19751101", "kind": "Undetermined Alongshore Feature", "source": "TP00423"}}, {"type": "Feature", "geometry": {"type": "LineString", "coordinates": [[-80.128805, 25.7867291], [-80.1288286, 25.7867305], [-80.1288526, 25.7867306], [-80.1291691, 25.786726]]}, "properties": {"project": "PH7113", "date": "19751101", "kind": "Man-made", "source": "TP00423"}}, {"type": "Feature", "geometry": {"type": "LineString", "coordinates": [[-80.1287953, 25.7867286], [-80.1283658, 25.78671]]}, "properties": {"project": "PH7113", "date": "19751101", "kind": "Undetermined Alongshore Feature", "source": "TP00423"}}, {"type": "Feature", "geometry": {"type": "LineString", "coordinates": [[-80.1453867, 25.7863486], [-80.1456181, 25.7867413], [-80.145696, 25.7869101], [-80.1457301, 25.7870293], [-80.1457601, 25.7874369], [-80.145768, 25.7876258], [-80.1457423, 25.7877688], [-80.1456076, 25.7879262], [-80.145381, 25.7881616], [-80.1450579, 25.7888524], [-80.145012, 25.7889502], [-80.1450287, 25.7889887], [-80.1450328, 25.7890018], [-80.1450305, 25.7890315], [-80.1450157, 25.7890891], [-80.1450052, 25.7891225], [-80.1449658, 25.7891725], [-80.1449491, 25.7892003], [-80.1449162, 25.7892057], [-80.1448186, 25.7894884], [-80.1447902, 25.789664], [-80.1447814, 25.7899581], [-80.1448055, 25.7900584], [-80.1448075, 25.7901808], [-80.1447824, 25.7902383], [-80.1448062, 25.7908191]]}, "properties": {"project": "PH7113", "date": "19751101", "kind": "Man-made", "source": "TP00423"}}, {"type": "Feature", "geometry": {"type": "LineString", "coordinates": [[-80.1579549, 25.7908712], [-80.1579449, 25.7907608], [-80.1579361, 25.7905304], [-80.157918, 25.7902866], [-80.1579019, 25.7900367], [-80.157886, 25.7897728], [-80.1578787, 25.7895169], [-80.1578641, 25.789256], [-80.1578521, 25.7889958], [-80.1578354, 25.7887441], [-80.1578208, 25.7884875], [-80.1578041, 25.7882291], [-80.1577915, 25.7879707], [-80.1577789, 25.7877124], [-80.1577622, 25.7874546], [-80.1577429, 25.7871919], [-80.1577485, 25.7870157], [-80.1578162, 25.7868095], [-80.1579152, 25.7866394], [-80.1580611, 25.7864787], [-80.1582257, 25.7863503], [-80.158242, 25.786343]]}, "properties": {"project": "PH7113", "date": "19751101", "kind": "Man-made", "source": "TP00423"}}, {"type": "Feature", "geometry": {"type": "LineString", "coordinates": [[-80.158242, 25.786343], [-80.158208, 25.7863145]]}, "properties": {"project": "PH7113", "date": "19751101", "kind": "Undetermined Alongshore Feature", "source": "TP00423"}}, {"type": "Feature", "geometry": {"type": "LineString", "coordinates": [[-80.1453867, 25.7863486], [-80.1454556, 25.7863134]]}, "properties": {"project": "PH7113", "date": "19751101", "kind": "Pier", "source": "TP00423"}}, {"type": "Feature", "geometry": {"type": "LineString", "coordinates": [[-80.1458518, 25.7960453], [-80.1458526, 25.7959320000001]]}, "properties": {"project": "PH7113", "date": "19751101", "kind": "Pier", "source": "TP00423"}}, {"type": "Feature", "geometry": {"type": "LineString", "coordinates": [[-80.1267422, 25.7969044], [-80.1267711, 25.7968464], [-80.1268135, 25.7967616], [-80.1268907, 25.7965755], [-80.1269437, 25.7963837], [-80.1269929, 25.7961784], [-80.1270077, 25.7959715], [-80.127, 25.79593]]}, "properties": {"project": "PH7113", "date": "19751101", "kind": "Natural.Mean High Water", "source": "TP00423"}}, {"type": "Feature", "geometry": {"type": "LineString", "coordinates": [[-80.1457866, 25.7960474], [-80.1457973, 25.7959296]]}, "properties": {"project": "PH7113", "date": "19751101", "kind": "Pier", "source": "TP00423"}}, {"type": "Feature", "geometry": {"type": "LineString", "coordinates": [[-80.1460025, 25.7960405], [-80.1460092, 25.7959288]]}, "properties": {"project": "PH7113", "date": "19751101", "kind": "Pier", "source": "TP00423"}}, {"type": "Feature", "geometry": {"type": "LineString", "coordinates": [[-80.145939, 25.7960426], [-80.1459379, 25.7959242]]}, "properties": {"project": "PH7113", "date": "19751101", "kind": "Pier", "source": "TP00423"}}, {"type": "Feature", "geometry": {"type": "LineString", "coordinates": [[-80.1460865, 25.7960378], [-80.1460854, 25.7959104]]}, "properties": {"project": "PH7113", "date": "19751101", "kind": "Pier", "source": "TP00423"}}, {"type": "Feature", "geometry": {"type": "LineString", "coordinates": [[-80.1452165, 25.7960525], [-80.1452089, 25.795897]]}, "properties": {"project": "PH7113", "date": "19751101", "kind": "Man-made", "source": "TP00423"}}, {"type": "Feature", "geometry": {"type": "LineString", "coordinates": [[-80.1463406, 25.7960296], [-80.1463457999999, 25.7958953]]}, "properties": {"project": "PH7113", "date": "19751101", "kind": "Pier", "source": "TP00423"}}, {"type": "Feature", "geometry": {"type": "LineString", "coordinates": [[-80.1461672, 25.7960352], [-80.1461661, 25.7958942]]}, "properties": {"project": "PH7113", "date": "19751101", "kind": "Pier", "source": "TP00423"}}, {"type": "Feature", "geometry": {"type": "LineString", "coordinates": [[-80.14181, 25.7741078], [-80.1417471, 25.7740141], [-80.141734, 25.7739712], [-80.1415836, 25.7736888], [-80.1413438, 25.7732512], [-80.1413202, 25.7731995], [-80.1412693, 25.7731812], [-80.1412411, 25.7731528], [-80.1411962, 25.7730858], [-80.1411795, 25.7730497], [-80.1411825, 25.7730292], [-80.1411854, 25.7730164], [-80.1411742, 25.7729983], [-80.1411488, 25.7729828], [-80.1411261, 25.7729852000001], [-80.1411005, 25.7729902], [-80.1410722, 25.7729746], [-80.1410582, 25.772954], [-80.1410584, 25.7729335], [-80.1410642, 25.7729129], [-80.1410785, 25.7728976], [-80.141117, 25.7728648], [-80.140844, 25.772468], [-80.1404638, 25.7719391], [-80.1401023, 25.7713916], [-80.1400278, 25.7712933], [-80.1400010999999, 25.7712969], [-80.1399373, 25.7712909], [-80.1395744, 25.7707929], [-80.1393859, 25.7705205], [-80.1390477, 25.7700282], [-80.1386802, 25.7694434], [-80.1385325, 25.7692328], [-80.1385891, 25.7691939], [-80.138547, 25.7691375], [-80.138511, 25.769078], [-80.1382316, 25.7687072], [-80.137976, 25.7683188], [-80.1378897, 25.7682848], [-80.1377628, 25.7680519], [-80.1377056, 25.7679807], [-80.1376541, 25.7679879], [-80.1375923, 25.7679894], [-80.1375676, 25.7679855], [-80.1375513, 25.7679723], [-80.1374438, 25.7677387], [-80.1374583, 25.7677257], [-80.1374831, 25.7677221], [-80.1374976, 25.7677092], [-80.1371247, 25.7671663], [-80.1370826, 25.7671483], [-80.1370517, 25.76715], [-80.137027, 25.7671573], [-80.1369899, 25.7671571], [-80.1369735, 25.7671477], [-80.1369469, 25.7671252], [-80.1369388, 25.7671139], [-80.1369327, 25.7671009], [-80.1369266, 25.7670859], [-80.1369104, 25.7670522], [-80.136987, 25.7669986], [-80.1367649, 25.766665], [-80.1367527, 25.7666468], [-80.1364614, 25.7665052], [-80.1359391, 25.7662644], [-80.1357735, 25.7661892], [-80.1354087, 25.7660236], [-80.1348759, 25.7658088], [-80.1343433, 25.7655903], [-80.1341841, 25.7655223]]}, "properties": {"project": "PH7113", "date": "19751101", "kind": "Man-made", "source": "TP00423"}}, {"type": "Feature", "geometry": {"type": "LineString", "coordinates": [[-80.1341841, 25.7655223], [-80.1338803, 25.7653925]]}, "properties": {"project": "PH7113", "date": "19751101", "kind": "Man-made", "source": "TP00423"}}, {"type": "Feature", "geometry": {"type": "LineString", "coordinates": [[-80.1384902, 25.7643744], [-80.1385005, 25.7644427], [-80.1385326, 25.7644672], [-80.1385916999999, 25.7644773], [-80.1386297, 25.7644191]]}, "properties": {"project": "PH7113", "date": "19751101", "kind": "Man-made", "source": "TP00423"}}, {"type": "Feature", "geometry": {"type": "LineString", "coordinates": [[-80.1212499, 25.8168612], [-80.1212591, 25.8168275], [-80.1213729, 25.8165817], [-80.1214014, 25.8164123], [-80.1213955, 25.8162857], [-80.1213845, 25.8162604]]}, "properties": {"project": "PH7113", "date": "19751101", "kind": "Natural.Mean High Water", "source": "TP00423"}}, {"type": "Feature", "geometry": {"type": "LineString", "coordinates": [[-80.1213845, 25.8162604], [-80.1209194, 25.8162212]]}, "properties": {"project": "PH7113", "date": "19751101", "kind": "Undetermined Alongshore Feature", "source": "TP00423"}}, {"type": "Feature", "geometry": {"type": "LineString", "coordinates": [[-80.1213845, 25.8162604], [-80.1213648, 25.8162154], [-80.1214164, 25.816035], [-80.1215106, 25.8158703], [-80.1215508, 25.8157096]]}, "properties": {"project": "PH7113", "date": "19751101", "kind": "Natural.Mean High Water", "source": "TP00423"}}, {"type": "Feature", "geometry": {"type": "LineString", "coordinates": [[-80.1215508, 25.8157096], [-80.1212762, 25.8156896]]}, "properties": {"project": "PH7113", "date": "19751101", "kind": "Undetermined Alongshore Feature", "source": "TP00423"}}, {"type": "Feature", "geometry": {"type": "LineString", "coordinates": [[-80.1215508, 25.8157096], [-80.1215701, 25.8156328], [-80.1216149, 25.8153584], [-80.1216355, 25.8151813]]}, "properties": {"project": "PH7113", "date": "19751101", "kind": "Natural.Mean High Water", "source": "TP00423"}}, {"type": "Feature", "geometry": {"type": "LineString", "coordinates": [[-80.1216355, 25.8151813], [-80.1214454, 25.8151599]]}, "properties": {"project": "PH7113", "date": "19751101", "kind": "Undetermined Alongshore Feature", "source": "TP00423"}}, {"type": "Feature", "geometry": {"type": "LineString", "coordinates": [[-80.1216355, 25.8151813], [-80.1216421, 25.8151249]]}, "properties": {"project": "PH7113", "date": "19751101", "kind": "Natural.Mean High Water", "source": "TP00423"}}, {"type": "Feature", "geometry": {"type": "LineString", "coordinates": [[-80.1216421, 25.8151249], [-80.1216446, 25.8151035], [-80.1216675, 25.8149107]]}, "properties": {"project": "PH7113", "date": "19751101", "kind": "Man-made", "source": "TP00423"}}, {"type": "Feature", "geometry": {"type": "LineString", "coordinates": [[-80.1216675, 25.8149107], [-80.1213916, 25.8148846]]}, "properties": {"project": "PH7113", "date": "19751101", "kind": "Undetermined Alongshore Feature", "source": "TP00423"}}, {"type": "Feature", "geometry": {"type": "LineString", "coordinates": [[-80.1242375, 25.8192797], [-80.1242174, 25.8192091], [-80.12416, 25.8189817], [-80.1241165, 25.8187506], [-80.1240976, 25.8185205], [-80.1241289, 25.8182906], [-80.1241618, 25.8180593], [-80.1242013, 25.8178265], [-80.1242482, 25.817593], [-80.1243254, 25.8173664], [-80.1244075, 25.8171406], [-80.1244668, 25.8169659], [-80.1245054, 25.8167992], [-80.1245762, 25.8164205], [-80.124618, 25.8161112], [-80.124663, 25.8158119], [-80.1246927, 25.8155026], [-80.1247225, 25.8151932], [-80.1247398, 25.8149226], [-80.124752, 25.8147592], [-80.1247767999999, 25.8146699], [-80.1247926, 25.8146094], [-80.1247928, 25.8145806], [-80.1247546, 25.8145696], [-80.1247548, 25.8145601]]}, "properties": {"project": "PH7113", "date": "19751101", "kind": "Man-made", "source": "TP00423"}}, {"type": "Feature", "geometry": {"type": "LineString", "coordinates": [[-80.1247548, 25.8145601], [-80.1246618, 25.814548]]}, "properties": {"project": "PH7113", "date": "19751101", "kind": "Pier", "source": "TP00423"}}, {"type": "Feature", "geometry": {"type": "LineString", "coordinates": [[-80.1247548, 25.8145601], [-80.1247572, 25.8144767], [-80.1247589, 25.8144641]]}, "properties": {"project": "PH7113", "date": "19751101", "kind": "Man-made", "source": "TP00423"}}, {"type": "Feature", "geometry": {"type": "LineString", "coordinates": [[-80.1247589, 25.8144641], [-80.1246877, 25.8144535]]}, "properties": {"project": "PH7113", "date": "19751101", "kind": "Pier", "source": "TP00423"}}, {"type": "Feature", "geometry": {"type": "LineString", "coordinates": [[-80.1216675, 25.8149107], [-80.1216772, 25.814829], [-80.1217278, 25.8145067], [-80.121745, 25.8143681]]}, "properties": {"project": "PH7113", "date": "19751101", "kind": "Man-made", "source": "TP00423"}}, {"type": "Feature", "geometry": {"type": "LineString", "coordinates": [[-80.1247589, 25.8144641], [-80.1247741, 25.814356]]}, "properties": {"project": "PH7113", "date": "19751101", "kind": "Man-made", "source": "TP00423"}}, {"type": "Feature", "geometry": {"type": "LineString", "coordinates": [[-80.1328703, 25.8139725], [-80.1328267, 25.8143162], [-80.1327686, 25.8146014], [-80.1326966, 25.8148925], [-80.1325956, 25.8152071], [-80.1324628, 25.81555], [-80.1323259, 25.8158724], [-80.1321803, 25.8161883], [-80.1320224, 25.8165042], [-80.1318785, 25.8168249], [-80.1317337, 25.8171455], [-80.1315784, 25.8174662], [-80.1314441, 25.8177806], [-80.1313221, 25.8181006], [-80.1312148, 25.8184215], [-80.1311085, 25.8187472], [-80.1310073, 25.8190832], [-80.1309069, 25.8194176], [-80.13077647734579, 25.82]]}, "properties": {"project": "PH7113", "date": "19751101", "kind": "Man-made", "source": "TP00423"}}, {"type": "Feature", "geometry": {"type": "LineString", "coordinates": [[-80.1264676, 25.7977736], [-80.1265742, 25.7975227], [-80.1265782, 25.7975086], [-80.126572, 25.7974958], [-80.1265588, 25.7974872], [-80.1265471, 25.7974815]]}, "properties": {"project": "PH7113", "date": "19751101", "kind": "Natural.Mean High Water", "source": "TP00423"}}, {"type": "Feature", "geometry": {"type": "LineString", "coordinates": [[-80.1247741, 25.814356], [-80.1246903, 25.8143537]]}, "properties": {"project": "PH7113", "date": "19751101", "kind": "Pier", "source": "TP00423"}}, {"type": "Feature", "geometry": {"type": "LineString", "coordinates": [[-80.121745, 25.8143681], [-80.1214939, 25.8143485]]}, "properties": {"project": "PH7113", "date": "19751101", "kind": "Undetermined Alongshore Feature", "source": "TP00423"}}, {"type": "Feature", "geometry": {"type": "LineString", "coordinates": [[-80.1247741, 25.814356], [-80.1247756, 25.8143454], [-80.1248122, 25.8142789]]}, "properties": {"project": "PH7113", "date": "19751101", "kind": "Man-made", "source": "TP00423"}}, {"type": "Feature", "geometry": {"type": "LineString", "coordinates": [[-80.1248122, 25.8142789], [-80.1247143, 25.8142504]]}, "properties": {"project": "PH7113", "date": "19751101", "kind": "Pier", "source": "TP00423"}}, {"type": "Feature", "geometry": {"type": "LineString", "coordinates": [[-80.1248122, 25.8142789], [-80.1248227, 25.8142598], [-80.1248465, 25.8141852]]}, "properties": {"project": "PH7113", "date": "19751101", "kind": "Man-made", "source": "TP00423"}}, {"type": "Feature", "geometry": {"type": "LineString", "coordinates": [[-80.1248465, 25.8141852], [-80.1247576, 25.8141596]]}, "properties": {"project": "PH7113", "date": "19751101", "kind": "Pier", "source": "TP00423"}}, {"type": "Feature", "geometry": {"type": "LineString", "coordinates": [[-80.1324843, 25.813967], [-80.1324808, 25.8139858], [-80.132434, 25.8142334], [-80.1323805, 25.8144829], [-80.1323214, 25.8147304], [-80.1322454, 25.8149706], [-80.1321683, 25.8152149], [-80.1320912, 25.815449], [-80.1319895, 25.815684], [-80.1318899, 25.815919], [-80.1317792, 25.8161489], [-80.1316718, 25.8163798], [-80.1315577, 25.8166117], [-80.1314379, 25.8168415], [-80.131317, 25.8170774], [-80.1312073, 25.8173204], [-80.1310941999999, 25.8175625], [-80.13098, 25.8178076], [-80.1308825999999, 25.8180457], [-80.1307886, 25.8183011], [-80.1307001, 25.8185636], [-80.130625, 25.8188303], [-80.130559, 25.8190981], [-80.1304885, 25.8193597], [-80.1304269, 25.8196306], [-80.1303744, 25.8198984], [-80.1303488095952, 25.82]]}, "properties": {"project": "PH7113", "date": "19751101", "kind": "Man-made", "source": "TP00423"}}, {"type": "Feature", "geometry": {"type": "LineString", "coordinates": [[-80.1248465, 25.8141852], [-80.1248583, 25.8141479], [-80.1248276, 25.8141214], [-80.124818, 25.8141003], [-80.1248496, 25.8140182], [-80.1248827, 25.8139921], [-80.1248889, 25.8139624]]}, "properties": {"project": "PH7113", "date": "19751101", "kind": "Man-made", "source": "TP00423"}}, {"type": "Feature", "geometry": {"type": "LineString", "coordinates": [[-80.1248889, 25.8139624], [-80.1247881, 25.81396]]}, "properties": {"project": "PH7113", "date": "19751101", "kind": "Pier", "source": "TP00423"}}, {"type": "Feature", "geometry": {"type": "LineString", "coordinates": [[-80.1248889, 25.8139624], [-80.1249076, 25.8138727]]}, "properties": {"project": "PH7113", "date": "19751101", "kind": "Man-made", "source": "TP00423"}}, {"type": "Feature", "geometry": {"type": "LineString", "coordinates": [[-80.1249076, 25.8138727], [-80.1248121, 25.8138602]]}, "properties": {"project": "PH7113", "date": "19751101", "kind": "Pier", "source": "TP00423"}}, {"type": "Feature", "geometry": {"type": "LineString", "coordinates": [[-80.1249076, 25.8138727], [-80.124929, 25.8137695]]}, "properties": {"project": "PH7113", "date": "19751101", "kind": "Man-made", "source": "TP00423"}}, {"type": "Feature", "geometry": {"type": "LineString", "coordinates": [[-80.124929, 25.8137695], [-80.1248438, 25.8137535]]}, "properties": {"project": "PH7113", "date": "19751101", "kind": "Pier", "source": "TP00423"}}, {"type": "Feature", "geometry": {"type": "LineString", "coordinates": [[-80.1328878, 25.8137302], [-80.1328703, 25.8139725]]}, "properties": {"project": "PH7113", "date": "19751101", "kind": "Undetermined.Approximate", "source": "TP00423"}}, {"type": "Feature", "geometry": {"type": "LineString", "coordinates": [[-80.1324843, 25.813967], [-80.1324888, 25.8138473], [-80.1324692, 25.8137286]]}, "properties": {"project": "PH7113", "date": "19751101", "kind": "Undetermined.Approximate", "source": "TP00423"}}, {"type": "Feature", "geometry": {"type": "LineString", "coordinates": [[-80.121745, 25.8143681], [-80.1217703, 25.8141634], [-80.1218186, 25.8137845], [-80.1218311, 25.8136805]]}, "properties": {"project": "PH7113", "date": "19751101", "kind": "Man-made", "source": "TP00423"}}, {"type": "Feature", "geometry": {"type": "LineString", "coordinates": [[-80.124929, 25.8137695], [-80.1249498, 25.8136696]]}, "properties": {"project": "PH7113", "date": "19751101", "kind": "Man-made", "source": "TP00423"}}, {"type": "Feature", "geometry": {"type": "LineString", "coordinates": [[-80.1218311, 25.8136805], [-80.1216441, 25.813661]]}, "properties": {"project": "PH7113", "date": "19751101", "kind": "Undetermined Alongshore Feature", "source": "TP00423"}}, {"type": "Feature", "geometry": {"type": "LineString", "coordinates": [[-80.1249498, 25.8136696], [-80.1248445, 25.8136537]]}, "properties": {"project": "PH7113", "date": "19751101", "kind": "Pier", "source": "TP00423"}}, {"type": "Feature", "geometry": {"type": "LineString", "coordinates": [[-80.1249498, 25.8136696], [-80.124961, 25.8136158]]}, "properties": {"project": "PH7113", "date": "19751101", "kind": "Man-made", "source": "TP00423"}}, {"type": "Feature", "geometry": {"type": "LineString", "coordinates": [[-80.1241245, 25.8134468], [-80.1240892, 25.8135679], [-80.1240263, 25.8137924], [-80.1239742, 25.8139339], [-80.1239489, 25.8141082], [-80.1239363, 25.8143884], [-80.1238849, 25.8148743], [-80.1238389, 25.8153553], [-80.1237927, 25.8158588], [-80.1237589999999, 25.8161141], [-80.1237061, 25.8163268], [-80.1236784, 25.8164836], [-80.1236421, 25.8166568]]}, "properties": {"project": "PH7113", "date": "19751101", "kind": "Man-made", "source": "TP00423"}}, {"type": "Feature", "geometry": {"type": "LineString", "coordinates": [[-80.124961, 25.8136158], [-80.1249965, 25.8133826]]}, "properties": {"project": "PH7113", "date": "19751101", "kind": "Undetermined.Approximate", "source": "TP00423"}}, {"type": "Feature", "geometry": {"type": "LineString", "coordinates": [[-80.1242013, 25.813195], [-80.1241245, 25.8134468]]}, "properties": {"project": "PH7113", "date": "19751101", "kind": "Undetermined.Approximate", "source": "TP00423"}}, {"type": "Feature", "geometry": {"type": "LineString", "coordinates": [[-80.1218311, 25.8136805], [-80.1218685, 25.8133688], [-80.1219083, 25.8130427], [-80.1219213, 25.8130089]]}, "properties": {"project": "PH7113", "date": "19751101", "kind": "Man-made", "source": "TP00423"}}, {"type": "Feature", "geometry": {"type": "LineString", "coordinates": [[-80.1219213, 25.8130089], [-80.1214506, 25.8129471]]}, "properties": {"project": "PH7113", "date": "19751101", "kind": "Undetermined Alongshore Feature", "source": "TP00423"}}, {"type": "Feature", "geometry": {"type": "LineString", "coordinates": [[-80.1219213, 25.8130089], [-80.1219253, 25.8129986], [-80.1219851, 25.8128434], [-80.1220329, 25.812537], [-80.1220157, 25.8123876], [-80.1220406, 25.8123071]]}, "properties": {"project": "PH7113", "date": "19751101", "kind": "Natural.Mean High Water", "source": "TP00423"}}, {"type": "Feature", "geometry": {"type": "LineString", "coordinates": [[-80.1220406, 25.8123071], [-80.1218018, 25.812275]]}, "properties": {"project": "PH7113", "date": "19751101", "kind": "Undetermined Alongshore Feature", "source": "TP00423"}}, {"type": "Feature", "geometry": {"type": "LineString", "coordinates": [[-80.1425576, 25.776289], [-80.1425698, 25.7763361], [-80.1427367, 25.7769858], [-80.1428858, 25.7776179]]}, "properties": {"project": "PH7113", "date": "19751101", "kind": "Man-made", "source": "TP00423"}}, {"type": "Feature", "geometry": {"type": "LineString", "coordinates": [[-80.1425576, 25.776289], [-80.1427156, 25.7762574]]}, "properties": {"project": "PH7113", "date": "19751101", "kind": "Pier", "source": "TP00423"}}, {"type": "Feature", "geometry": {"type": "LineString", "coordinates": [[-80.1519996, 25.7762246], [-80.1520155, 25.7763657], [-80.1520644, 25.7767097], [-80.1521213, 25.7771052000001], [-80.1521762, 25.7774569], [-80.1522335, 25.7778032000001], [-80.1522835, 25.7781528], [-80.1523372, 25.7785001], [-80.1523772, 25.7787327]]}, "properties": {"project": "PH7113", "date": "19751101", "kind": "Man-made", "source": "TP00423"}}, {"type": "Feature", "geometry": {"type": "LineString", "coordinates": [[-80.1519996, 25.7762246], [-80.1520818, 25.7762196]]}, "properties": {"project": "PH7113", "date": "19751101", "kind": "Pier", "source": "TP00423"}}, {"type": "Feature", "geometry": {"type": "LineString", "coordinates": [[-80.1423146, 25.7753563], [-80.1423229, 25.7753819], [-80.1425576, 25.776289]]}, "properties": {"project": "PH7113", "date": "19751101", "kind": "Man-made", "source": "TP00423"}}, {"type": "Feature", "geometry": {"type": "LineString", "coordinates": [[-80.1423146, 25.7753563], [-80.1424199, 25.775325]]}, "properties": {"project": "PH7113", "date": "19751101", "kind": "Pier", "source": "TP00423"}}, {"type": "Feature", "geometry": {"type": "LineString", "coordinates": [[-80.142112, 25.7746379], [-80.1421955, 25.774861], [-80.1421602, 25.7748789], [-80.1423146, 25.7753563]]}, "properties": {"project": "PH7113", "date": "19751101", "kind": "Man-made", "source": "TP00423"}}, {"type": "Feature", "geometry": {"type": "LineString", "coordinates": [[-80.1421546, 25.7746187], [-80.142112, 25.7746379]]}, "properties": {"project": "PH7113", "date": "19751101", "kind": "Pier", "source": "TP00423"}}, {"type": "Feature", "geometry": {"type": "LineString", "coordinates": [[-80.1421733, 25.7746576], [-80.1421546, 25.7746187]]}, "properties": {"project": "PH7113", "date": "19751101", "kind": "Pier", "source": "TP00423"}}, {"type": "Feature", "geometry": {"type": "LineString", "coordinates": [[-80.1421005, 25.7745994], [-80.1422309, 25.7745423], [-80.1422519, 25.7745746000001], [-80.1421546, 25.7746187]]}, "properties": {"project": "PH7113", "date": "19751101", "kind": "Pier", "source": "TP00423"}}, {"type": "Feature", "geometry": {"type": "LineString", "coordinates": [[-80.1420258, 25.7745198], [-80.1420677999999, 25.7745435], [-80.1421005, 25.7745994]]}, "properties": {"project": "PH7113", "date": "19751101", "kind": "Man-made", "source": "TP00423"}}, {"type": "Feature", "geometry": {"type": "LineString", "coordinates": [[-80.1420258, 25.7745198], [-80.1419038, 25.7742475]]}, "properties": {"project": "PH7113", "date": "19751101", "kind": "Undetermined.Approximate", "source": "TP00423"}}, {"type": "Feature", "geometry": {"type": "LineString", "coordinates": [[-80.1419038, 25.7742475], [-80.1418467, 25.7741625]]}, "properties": {"project": "PH7113", "date": "19751101", "kind": "Man-made", "source": "TP00423"}}, {"type": "Feature", "geometry": {"type": "LineString", "coordinates": [[-80.12430272470188, 25.82], [-80.1243022, 25.8199615], [-80.1242854, 25.8196793], [-80.124271, 25.8193979], [-80.1242544, 25.8193394]]}, "properties": {"project": "PH7113", "date": "19751101", "kind": "Man-made", "source": "TP00423"}}, {"type": "Feature", "geometry": {"type": "LineString", "coordinates": [[-80.1242375, 25.8192797], [-80.1241801, 25.819298]]}, "properties": {"project": "PH7113", "date": "19751101", "kind": "Pier", "source": "TP00423"}}, {"type": "Feature", "geometry": {"type": "LineString", "coordinates": [[-80.1242544, 25.8193394], [-80.1242375, 25.8192797]]}, "properties": {"project": "PH7113", "date": "19751101", "kind": "Man-made", "source": "TP00423"}}, {"type": "Feature", "geometry": {"type": "LineString", "coordinates": [[-80.1207701, 25.8197805], [-80.1208046, 25.8197045], [-80.1208678, 25.8193331], [-80.1209149, 25.8189333], [-80.1208779, 25.8188286]]}, "properties": {"project": "PH7113", "date": "19751101", "kind": "Natural.Mean High Water", "source": "TP00423"}}, {"type": "Feature", "geometry": {"type": "LineString", "coordinates": [[-80.1208779, 25.8188286], [-80.1205474, 25.8188027]]}, "properties": {"project": "PH7113", "date": "19751101", "kind": "Undetermined Alongshore Feature", "source": "TP00423"}}, {"type": "Feature", "geometry": {"type": "LineString", "coordinates": [[-80.1208779, 25.8188286], [-80.120865, 25.8187923], [-80.1209111, 25.8185265], [-80.1210145, 25.8181304]]}, "properties": {"project": "PH7113", "date": "19751101", "kind": "Natural.Mean High Water", "source": "TP00423"}}, {"type": "Feature", "geometry": {"type": "LineString", "coordinates": [[-80.1210145, 25.8181304], [-80.1206464, 25.8181058]]}, "properties": {"project": "PH7113", "date": "19751101", "kind": "Undetermined Alongshore Feature", "source": "TP00423"}}, {"type": "Feature", "geometry": {"type": "LineString", "coordinates": [[-80.1234138, 25.8179594], [-80.123376, 25.818134], [-80.1232748, 25.8186548], [-80.1232364, 25.8188751], [-80.1231606, 25.8192588], [-80.1230429, 25.8198611], [-80.12302052603395, 25.82]]}, "properties": {"project": "PH7113", "date": "19751101", "kind": "Man-made", "source": "TP00423"}}, {"type": "Feature", "geometry": {"type": "LineString", "coordinates": [[-80.1234533, 25.8177859], [-80.1235011, 25.8178268], [-80.1234772, 25.8179471], [-80.1234138, 25.8179594]]}, "properties": {"project": "PH7113", "date": "19751101", "kind": "Man-made", "source": "TP00423"}}, {"type": "Feature", "geometry": {"type": "LineString", "coordinates": [[-80.1210145, 25.8181304], [-80.1210278, 25.8180792], [-80.121098, 25.8176807], [-80.1210925, 25.8175542], [-80.1210659, 25.817516]]}, "properties": {"project": "PH7113", "date": "19751101", "kind": "Natural.Mean High Water", "source": "TP00423"}}, {"type": "Feature", "geometry": {"type": "LineString", "coordinates": [[-80.1210659, 25.817516], [-80.120767, 25.817502]]}, "properties": {"project": "PH7113", "date": "19751101", "kind": "Undetermined Alongshore Feature", "source": "TP00423"}}, {"type": "Feature", "geometry": {"type": "LineString", "coordinates": [[-80.123519, 25.8172834], [-80.1234779, 25.8175107], [-80.1234533, 25.8177859]]}, "properties": {"project": "PH7113", "date": "19751101", "kind": "Man-made", "source": "TP00423"}}, {"type": "Feature", "geometry": {"type": "LineString", "coordinates": [[-80.123519, 25.8172834], [-80.1236388, 25.8172987]]}, "properties": {"project": "PH7113", "date": "19751101", "kind": "Pier", "source": "TP00423"}}, {"type": "Feature", "geometry": {"type": "LineString", "coordinates": [[-80.1235434, 25.8171477], [-80.123519, 25.8172834]]}, "properties": {"project": "PH7113", "date": "19751101", "kind": "Man-made", "source": "TP00423"}}, {"type": "Feature", "geometry": {"type": "LineString", "coordinates": [[-80.1235434, 25.8171477], [-80.1236662, 25.8171723]]}, "properties": {"project": "PH7113", "date": "19751101", "kind": "Pier", "source": "TP00423"}}, {"type": "Feature", "geometry": {"type": "LineString", "coordinates": [[-80.123591, 25.8169001], [-80.1235702, 25.8169995], [-80.1235434, 25.8171477]]}, "properties": {"project": "PH7113", "date": "19751101", "kind": "Man-made", "source": "TP00423"}}, {"type": "Feature", "geometry": {"type": "LineString", "coordinates": [[-80.123591, 25.8169001], [-80.1237123, 25.8169307]]}, "properties": {"project": "PH7113", "date": "19751101", "kind": "Pier", "source": "TP00423"}}, {"type": "Feature", "geometry": {"type": "LineString", "coordinates": [[-80.1210659, 25.817516], [-80.1210607, 25.8174894], [-80.1210788, 25.8173426], [-80.1211858, 25.8170956], [-80.1212499, 25.8168612]]}, "properties": {"project": "PH7113", "date": "19751101", "kind": "Natural.Mean High Water", "source": "TP00423"}}, {"type": "Feature", "geometry": {"type": "LineString", "coordinates": [[-80.1212499, 25.8168612], [-80.1208412, 25.8168242]]}, "properties": {"project": "PH7113", "date": "19751101", "kind": "Undetermined Alongshore Feature", "source": "TP00423"}}, {"type": "Feature", "geometry": {"type": "LineString", "coordinates": [[-80.1236421, 25.8166568], [-80.123591, 25.8169001]]}, "properties": {"project": "PH7113", "date": "19751101", "kind": "Man-made", "source": "TP00423"}}, {"type": "Feature", "geometry": {"type": "LineString", "coordinates": [[-80.1236421, 25.8166568], [-80.1237813, 25.8166828]]}, "properties": {"project": "PH7113", "date": "19751101", "kind": "Pier", "source": "TP00423"}}, {"type": "Feature", "geometry": {"type": "LineString", "coordinates": [[-80.1510396, 25.7741078], [-80.1510706, 25.7741182], [-80.1513848, 25.7743239], [-80.1515424, 25.7744779], [-80.1516176, 25.7745551], [-80.1517081, 25.7746887], [-80.1517793, 25.7748299], [-80.1518026, 25.7749599], [-80.1518045, 25.7749707], [-80.1518285, 25.775128], [-80.1518549, 25.7752787], [-80.1518757, 25.7754442], [-80.1519037, 25.7756261], [-80.1519144, 25.7757013], [-80.1519292999999, 25.7758058], [-80.1519627, 25.7759855], [-80.1519762, 25.776073], [-80.1520303, 25.7760658], [-80.1520479, 25.7761537], [-80.1519909, 25.7761681], [-80.1519996, 25.7762246]]}, "properties": {"project": "PH7113", "date": "19751101", "kind": "Man-made", "source": "TP00423"}}, {"type": "Feature", "geometry": {"type": "LineString", "coordinates": [[-80.1509342, 25.7740724], [-80.1510396, 25.7741078]]}, "properties": {"project": "PH7113", "date": "19751101", "kind": "Undetermined.Approximate", "source": "TP00423"}}, {"type": "Feature", "geometry": {"type": "LineString", "coordinates": [[-80.1418467, 25.7741625], [-80.142165, 25.7740416], [-80.1421254, 25.7740234], [-80.1421427, 25.7739876], [-80.14181, 25.7741078]]}, "properties": {"project": "PH7113", "date": "19751101", "kind": "Pier", "source": "TP00423"}}, {"type": "Feature", "geometry": {"type": "LineString", "coordinates": [[-80.1516791, 25.780948], [-80.1516447, 25.7809665], [-80.1513162, 25.7810755], [-80.1510328, 25.7811116], [-80.1507219, 25.7811049], [-80.1503659, 25.7810028], [-80.1499782, 25.7807759], [-80.1496815, 25.7804719], [-80.1495176, 25.7801753], [-80.1494526, 25.7799], [-80.149413, 25.7796052], [-80.1493736, 25.7792994], [-80.1493297, 25.7790997], [-80.1492948, 25.7790842], [-80.1492805, 25.7790655], [-80.1492722, 25.7790348], [-80.14927, 25.779013], [-80.1492665, 25.7789933], [-80.1492727, 25.7789671], [-80.1492765, 25.7789518], [-80.1492862, 25.778942], [-80.1493068, 25.7789279], [-80.1492819, 25.7787851000001], [-80.1492737, 25.7787403], [-80.1492413, 25.7787248], [-80.1492269, 25.7787017], [-80.1492259, 25.778681], [-80.1492381, 25.7786625], [-80.1492503, 25.7786483], [-80.1492601, 25.7786243], [-80.1492638, 25.778609], [-80.1492386, 25.7784187], [-80.1491793, 25.7780166], [-80.1491262, 25.7775928], [-80.1490827, 25.7773504], [-80.1490622, 25.7773382], [-80.149037, 25.777313], [-80.1490361, 25.7772769], [-80.149041, 25.7772649], [-80.149046, 25.7772441], [-80.1490581, 25.7772322], [-80.1490643, 25.7772169], [-80.1490565, 25.7771218], [-80.1489888, 25.7767219], [-80.148927, 25.7763187], [-80.1488805, 25.7759943], [-80.1488564, 25.7759767], [-80.1488278, 25.7759273], [-80.1488328, 25.7759077], [-80.1488559, 25.7758881], [-80.1488145, 25.7755135], [-80.1487971, 25.7753281], [-80.148809, 25.7751839], [-80.1488376, 25.774989], [-80.148932, 25.7747818], [-80.1489926, 25.7746636], [-80.1492088, 25.7743888], [-80.1494474, 25.7741973], [-80.1497086, 25.7740529], [-80.1499089, 25.7739934], [-80.150255, 25.7739566], [-80.1504813, 25.7739639], [-80.1507942, 25.7740253], [-80.1509342, 25.7740724]]}, "properties": {"project": "PH7113", "date": "19751101", "kind": "Man-made", "source": "TP00423"}}, {"type": "Feature", "geometry": {"type": "LineString", "coordinates": [[-80.1518645, 25.7725029], [-80.1518522, 25.7725123], [-80.1518392999999, 25.7725238], [-80.1517557, 25.772494]]}, "properties": {"project": "PH7113", "date": "19751101", "kind": "Undetermined.Approximate", "source": "TP00423"}}, {"type": "Feature", "geometry": {"type": "LineString", "coordinates": [[-80.1635262, 25.7774882000001], [-80.1634511, 25.7774409], [-80.163216, 25.7773415], [-80.1629433, 25.7772249], [-80.162623, 25.7770789], [-80.1622919, 25.7769168], [-80.1619416, 25.7767797], [-80.1615915, 25.7766355], [-80.1613809, 25.7765232], [-80.1611104, 25.7764107], [-80.1607878, 25.7762797], [-80.1604632, 25.7761267], [-80.1601274, 25.7759906], [-80.1597916, 25.7758545], [-80.159457, 25.7757034], [-80.1591191, 25.7755533], [-80.1588963, 25.775451], [-80.1587601, 25.775399], [-80.1584215, 25.7752715], [-80.1582399, 25.7752242], [-80.1581064, 25.7751888], [-80.1579661, 25.7751086], [-80.1576911, 25.775002], [-80.1574206, 25.7748844], [-80.1571546, 25.7747628], [-80.156933, 25.7746435], [-80.1568272, 25.7746193], [-80.1566015, 25.7745255], [-80.1562823, 25.7743936], [-80.1559643, 25.7742596000001], [-80.1556692, 25.7741362], [-80.1554603, 25.7740394], [-80.1553189, 25.7739894], [-80.1548561, 25.7737803], [-80.1543988, 25.7735872], [-80.1539825999999, 25.7733891], [-80.1537688, 25.7733339], [-80.1535085, 25.7732306], [-80.1529772, 25.7729999], [-80.1524243, 25.7727727], [-80.1519495, 25.7725671], [-80.1518884, 25.7724845], [-80.1518645, 25.7725029]]}, "properties": {"project": "PH7113", "date": "19751101", "kind": "Natural.Mean High Water", "source": "TP00423"}}, {"type": "Feature", "geometry": {"type": "LineString", "coordinates": [[-80.1429529, 25.7780923], [-80.1429622, 25.7781945]]}, "properties": {"project": "PH7113", "date": "19751101", "kind": "Man-made", "source": "TP00423"}}, {"type": "Feature", "geometry": {"type": "LineString", "coordinates": [[-80.1429529, 25.7780923], [-80.1430393, 25.7780824]]}, "properties": {"project": "PH7113", "date": "19751101", "kind": "Pier", "source": "TP00423"}}, {"type": "Feature", "geometry": {"type": "LineString", "coordinates": [[-80.1429477, 25.7780343], [-80.1429529, 25.7780923]]}, "properties": {"project": "PH7113", "date": "19751101", "kind": "Man-made", "source": "TP00423"}}, {"type": "Feature", "geometry": {"type": "LineString", "coordinates": [[-80.1429477, 25.7780343], [-80.1430248, 25.7780323]]}, "properties": {"project": "PH7113", "date": "19751101", "kind": "Pier", "source": "TP00423"}}, {"type": "Feature", "geometry": {"type": "LineString", "coordinates": [[-80.1429436, 25.7779897], [-80.1429477, 25.7780343]]}, "properties": {"project": "PH7113", "date": "19751101", "kind": "Man-made", "source": "TP00423"}}, {"type": "Feature", "geometry": {"type": "LineString", "coordinates": [[-80.1429436, 25.7779897], [-80.1430847, 25.7779749]]}, "properties": {"project": "PH7113", "date": "19751101", "kind": "Pier", "source": "TP00423"}}, {"type": "Feature", "geometry": {"type": "LineString", "coordinates": [[-80.1429391, 25.77794], [-80.1429436, 25.7779897]]}, "properties": {"project": "PH7113", "date": "19751101", "kind": "Man-made", "source": "TP00423"}}, {"type": "Feature", "geometry": {"type": "LineString", "coordinates": [[-80.1429391, 25.77794], [-80.143072, 25.7779233]]}, "properties": {"project": "PH7113", "date": "19751101", "kind": "Pier", "source": "TP00423"}}, {"type": "Feature", "geometry": {"type": "LineString", "coordinates": [[-80.1429344, 25.7778875], [-80.1429391, 25.77794]]}, "properties": {"project": "PH7113", "date": "19751101", "kind": "Man-made", "source": "TP00423"}}, {"type": "Feature", "geometry": {"type": "LineString", "coordinates": [[-80.1429344, 25.7778875], [-80.1430119, 25.7778785]]}, "properties": {"project": "PH7113", "date": "19751101", "kind": "Pier", "source": "TP00423"}}, {"type": "Feature", "geometry": {"type": "LineString", "coordinates": [[-80.1479448, 25.772387], [-80.1475512, 25.7722113]]}, "properties": {"project": "PH7113", "date": "19751101", "kind": "Undetermined.Approximate", "source": "TP00423"}}, {"type": "Feature", "geometry": {"type": "LineString", "coordinates": [[-80.1517557, 25.772494], [-80.1515802, 25.7724315], [-80.1511545, 25.7722777], [-80.150478, 25.7721283], [-80.1500861, 25.7721015], [-80.1495501, 25.7720949], [-80.1490186, 25.7721675], [-80.1484816, 25.7722819], [-80.1480989, 25.7724159], [-80.1480087, 25.772434], [-80.1479677, 25.7724128], [-80.1479524, 25.7723987], [-80.1479448, 25.772387]]}, "properties": {"project": "PH7113", "date": "19751101", "kind": "Natural.Mean High Water", "source": "TP00423"}}, {"type": "Feature", "geometry": {"type": "LineString", "coordinates": [[-80.146694, 25.7720902], [-80.1468005999999, 25.7720474]]}, "properties": {"project": "PH7113", "date": "19751101", "kind": "Pier", "source": "TP00423"}}, {"type": "Feature", "geometry": {"type": "LineString", "coordinates": [[-80.1468005999999, 25.7720474], [-80.146842, 25.7720307], [-80.1469147, 25.7720089]]}, "properties": {"project": "PH7113", "date": "19751101", "kind": "Pier", "source": "TP00423"}}, {"type": "Feature", "geometry": {"type": "LineString", "coordinates": [[-80.1429254, 25.7777885], [-80.1429344, 25.7778875]]}, "properties": {"project": "PH7113", "date": "19751101", "kind": "Man-made", "source": "TP00423"}}, {"type": "Feature", "geometry": {"type": "LineString", "coordinates": [[-80.1429254, 25.7777885], [-80.1429968, 25.7777834]]}, "properties": {"project": "PH7113", "date": "19751101", "kind": "Pier", "source": "TP00423"}}, {"type": "Feature", "geometry": {"type": "LineString", "coordinates": [[-80.1429035, 25.7776931], [-80.1429254, 25.7777885]]}, "properties": {"project": "PH7113", "date": "19751101", "kind": "Man-made", "source": "TP00423"}}, {"type": "Feature", "geometry": {"type": "LineString", "coordinates": [[-80.1429035, 25.7776931], [-80.1429599, 25.7776865]]}, "properties": {"project": "PH7113", "date": "19751101", "kind": "Pier", "source": "TP00423"}}, {"type": "Feature", "geometry": {"type": "LineString", "coordinates": [[-80.1428858, 25.7776179], [-80.1429035, 25.7776931]]}, "properties": {"project": "PH7113", "date": "19751101", "kind": "Man-made", "source": "TP00423"}}, {"type": "Feature", "geometry": {"type": "LineString", "coordinates": [[-80.1428858, 25.7776179], [-80.14295, 25.7776079]]}, "properties": {"project": "PH7113", "date": "19751101", "kind": "Pier", "source": "TP00423"}}, {"type": "Feature", "geometry": {"type": "LineString", "coordinates": [[-80.1664352, 25.7787441], [-80.1659296, 25.778528], [-80.1652427, 25.7782297], [-80.1644962, 25.7779098], [-80.1637414, 25.7775948], [-80.1636623, 25.7775365], [-80.163639, 25.7775364], [-80.1636142, 25.7775377]]}, "properties": {"project": "PH7113", "date": "19751101", "kind": "Natural.Mean High Water", "source": "TP00423"}}, {"type": "Feature", "geometry": {"type": "LineString", "coordinates": [[-80.1636142, 25.7775377], [-80.1635262, 25.7774882000001]]}, "properties": {"project": "PH7113", "date": "19751101", "kind": "Undetermined.Approximate", "source": "TP00423"}}, {"type": "Feature", "geometry": {"type": "LineString", "coordinates": [[-80.1627526, 25.7789623], [-80.1625212, 25.7788652], [-80.1622524, 25.7787527], [-80.1621212, 25.7786977], [-80.1617197, 25.7785235], [-80.1614654, 25.7784102], [-80.1613257, 25.7783479], [-80.1609301, 25.7781777], [-80.1605331, 25.7780049], [-80.1601213, 25.7778305000001], [-80.1598091, 25.7776935], [-80.159808, 25.7776676], [-80.1597996, 25.7776564], [-80.1597834, 25.7776493], [-80.1597718, 25.7776445], [-80.1597536, 25.7776379], [-80.1597439, 25.7776379], [-80.1597282, 25.777646], [-80.159716, 25.7776517], [-80.1596417, 25.7776291], [-80.1591901, 25.7774345], [-80.1587165, 25.7772304], [-80.1584805, 25.7771266], [-80.1584707, 25.7770952], [-80.1584311, 25.7770589], [-80.1583795, 25.7770291], [-80.158341, 25.7770147], [-80.1583036, 25.7770123], [-80.1582589, 25.7770197], [-80.1582472, 25.7770277], [-80.1578575, 25.7768615], [-80.1575542, 25.7768136], [-80.1572578, 25.776834], [-80.1569162, 25.7769624], [-80.1567507, 25.7770719], [-80.1565369, 25.7773228], [-80.1564746, 25.7774556], [-80.1564938, 25.7774624], [-80.15651, 25.7774705], [-80.1565394, 25.7774854], [-80.15656, 25.7775016000001], [-80.156554, 25.7775109], [-80.1565304, 25.7775121], [-80.1565008, 25.7775079], [-80.1564594, 25.7775117], [-80.1564234, 25.7776915], [-80.1564286, 25.7779009], [-80.1564941, 25.7781481], [-80.1566203, 25.778377], [-80.1568544, 25.7785957], [-80.1571821, 25.7787508], [-80.1575616, 25.7789036], [-80.1581685, 25.7791747], [-80.1584345, 25.7792852], [-80.1587401, 25.7794255], [-80.1588476, 25.7794718]]}, "properties": {"project": "PH7113", "date": "19751101", "kind": "Man-made", "source": "TP00423"}}, {"type": "Feature", "geometry": {"type": "LineString", "coordinates": [[-80.1242544, 25.8193394], [-80.1241851, 25.8193536]]}, "properties": {"project": "PH7113", "date": "19751101", "kind": "Pier", "source": "TP00423"}}, {"type": "Feature", "geometry": {"type": "LineString", "coordinates": [[-80.12087824386879, 25.82], [-80.1208797, 25.8198402], [-80.1208811, 25.8198316], [-80.1208717, 25.8198193], [-80.1208569, 25.8198069], [-80.1208108, 25.8197968], [-80.1207701, 25.8197805]]}, "properties": {"project": "PH7113", "date": "19751101", "kind": "Natural.Mean High Water", "source": "TP00423"}}, {"type": "Feature", "geometry": {"type": "LineString", "coordinates": [[-80.1207701, 25.8197805], [-80.120476, 25.8197748]]}, "properties": {"project": "PH7113", "date": "19751101", "kind": "Undetermined Alongshore Feature", "source": "TP00423"}}, {"type": "Feature", "geometry": {"type": "LineString", "coordinates": [[-80.2300921, 25.7315577], [-80.2300419, 25.7315098]]}, "properties": {"project": "PH7113", "date": "19751101", "kind": "Pier", "source": "TP00424"}}, {"type": "Feature", "geometry": {"type": "LineString", "coordinates": [[-80.2320315, 25.7315371], [-80.2320634, 25.731504]]}, "properties": {"project": "PH7113", "date": "19751101", "kind": "Pier", "source": "TP00424"}}, {"type": "Feature", "geometry": {"type": "LineString", "coordinates": [[-80.2317771, 25.7315039], [-80.2317093, 25.7315575]]}, "properties": {"project": "PH7113", "date": "19751101", "kind": "Pier", "source": "TP00424"}}, {"type": "Feature", "geometry": {"type": "LineString", "coordinates": [[-80.231997, 25.7316068], [-80.2320089, 25.7315962], [-80.231908, 25.7315032]]}, "properties": {"project": "PH7113", "date": "19751101", "kind": "Pier", "source": "TP00424"}}, {"type": "Feature", "geometry": {"type": "LineString", "coordinates": [[-80.2297186, 25.7314971], [-80.2296805, 25.7315306]]}, "properties": {"project": "PH7113", "date": "19751101", "kind": "Pier", "source": "TP00424"}}, {"type": "Feature", "geometry": {"type": "LineString", "coordinates": [[-80.2301922, 25.7315379], [-80.2302629, 25.731479], [-80.2302695, 25.7314648]]}, "properties": {"project": "PH7113", "date": "19751101", "kind": "Pier", "source": "TP00424"}}, {"type": "Feature", "geometry": {"type": "LineString", "coordinates": [[-80.2297186, 25.7314971], [-80.2297905, 25.7315745]]}, "properties": {"project": "PH7113", "date": "19751101", "kind": "Pier", "source": "TP00424"}}, {"type": "Feature", "geometry": {"type": "LineString", "coordinates": [[-80.2318111, 25.7317022], [-80.2318023, 25.7317139], [-80.231783, 25.7317208], [-80.2317715, 25.7317277], [-80.231756, 25.7317433], [-80.2317443, 25.7317554], [-80.2317309, 25.7317554], [-80.2317117, 25.7317466], [-80.231465, 25.7315083], [-80.2314507, 25.731496], [-80.2314411, 25.7314907], [-80.2314267, 25.7314915], [-80.2314122, 25.7315001], [-80.2313585, 25.7315468]]}, "properties": {"project": "PH7113", "date": "19751101", "kind": "Man-made", "source": "TP00424"}}, {"type": "Feature", "geometry": {"type": "LineString", "coordinates": [[-80.2301812, 25.73149], [-80.2300921, 25.7315577]]}, "properties": {"project": "PH7113", "date": "19751101", "kind": "Pier", "source": "TP00424"}}, {"type": "Feature", "geometry": {"type": "LineString", "coordinates": [[-80.2320315, 25.7315371], [-80.232009, 25.7315157], [-80.2320013, 25.7315022], [-80.2319932, 25.7314692]]}, "properties": {"project": "PH7113", "date": "19751101", "kind": "Pier", "source": "TP00424"}}, {"type": "Feature", "geometry": {"type": "LineString", "coordinates": [[-80.2303727, 25.7315684], [-80.2302695, 25.7314648]]}, "properties": {"project": "PH7113", "date": "19751101", "kind": "Pier", "source": "TP00424"}}, {"type": "Feature", "geometry": {"type": "LineString", "coordinates": [[-80.2308614, 25.7314635], [-80.2307964, 25.7315128]]}, "properties": {"project": "PH7113", "date": "19751101", "kind": "Pier", "source": "TP00424"}}, {"type": "Feature", "geometry": {"type": "LineString", "coordinates": [[-80.2308614, 25.7314635], [-80.230939, 25.7315405]]}, "properties": {"project": "PH7113", "date": "19751101", "kind": "Pier", "source": "TP00424"}}, {"type": "Feature", "geometry": {"type": "LineString", "coordinates": [[-80.2302695, 25.7314648], [-80.2302602, 25.7314555]]}, "properties": {"project": "PH7113", "date": "19751101", "kind": "Pier", "source": "TP00424"}}, {"type": "Feature", "geometry": {"type": "LineString", "coordinates": [[-80.2296687, 25.7314471], [-80.229621, 25.7314904]]}, "properties": {"project": "PH7113", "date": "19751101", "kind": "Pier", "source": "TP00424"}}, {"type": "Feature", "geometry": {"type": "LineString", "coordinates": [[-80.2296687, 25.7314471], [-80.2297186, 25.7314971]]}, "properties": {"project": "PH7113", "date": "19751101", "kind": "Pier", "source": "TP00424"}}, {"type": "Feature", "geometry": {"type": "LineString", "coordinates": [[-80.230247, 25.7314447], [-80.2302342999999, 25.7314466], [-80.2301812, 25.73149]]}, "properties": {"project": "PH7113", "date": "19751101", "kind": "Pier", "source": "TP00424"}}, {"type": "Feature", "geometry": {"type": "LineString", "coordinates": [[-80.2302602, 25.7314555], [-80.230247, 25.7314447]]}, "properties": {"project": "PH7113", "date": "19751101", "kind": "Pier", "source": "TP00424"}}, {"type": "Feature", "geometry": {"type": "LineString", "coordinates": [[-80.2301812, 25.73149], [-80.2301395, 25.7314414]]}, "properties": {"project": "PH7113", "date": "19751101", "kind": "Pier", "source": "TP00424"}}, {"type": "Feature", "geometry": {"type": "LineString", "coordinates": [[-80.2296136, 25.7313915], [-80.2296687, 25.7314471]]}, "properties": {"project": "PH7113", "date": "19751101", "kind": "Pier", "source": "TP00424"}}, {"type": "Feature", "geometry": {"type": "LineString", "coordinates": [[-80.2307945, 25.7313944], [-80.2307385, 25.7314386]]}, "properties": {"project": "PH7113", "date": "19751101", "kind": "Pier", "source": "TP00424"}}, {"type": "Feature", "geometry": {"type": "LineString", "coordinates": [[-80.2307945, 25.7313944], [-80.2308614, 25.7314635]]}, "properties": {"project": "PH7113", "date": "19751101", "kind": "Pier", "source": "TP00424"}}, {"type": "Feature", "geometry": {"type": "LineString", "coordinates": [[-80.2296136, 25.7313915], [-80.2295684, 25.7314325]]}, "properties": {"project": "PH7113", "date": "19751101", "kind": "Pier", "source": "TP00424"}}, {"type": "Feature", "geometry": {"type": "LineString", "coordinates": [[-80.230247, 25.7314447], [-80.2301919, 25.7313843]]}, "properties": {"project": "PH7113", "date": "19751101", "kind": "Pier", "source": "TP00424"}}, {"type": "Feature", "geometry": {"type": "LineString", "coordinates": [[-80.230755, 25.7313521], [-80.2307096, 25.7313927]]}, "properties": {"project": "PH7113", "date": "19751101", "kind": "Pier", "source": "TP00424"}}, {"type": "Feature", "geometry": {"type": "LineString", "coordinates": [[-80.230755, 25.7313521], [-80.2307945, 25.7313944]]}, "properties": {"project": "PH7113", "date": "19751101", "kind": "Pier", "source": "TP00424"}}, {"type": "Feature", "geometry": {"type": "LineString", "coordinates": [[-80.2295558, 25.7313321], [-80.2295165, 25.7313694]]}, "properties": {"project": "PH7113", "date": "19751101", "kind": "Pier", "source": "TP00424"}}, {"type": "Feature", "geometry": {"type": "LineString", "coordinates": [[-80.2295558, 25.7313321], [-80.2296136, 25.7313915]]}, "properties": {"project": "PH7113", "date": "19751101", "kind": "Pier", "source": "TP00424"}}, {"type": "Feature", "geometry": {"type": "LineString", "coordinates": [[-80.2306784, 25.7312728], [-80.2306166, 25.7313232]]}, "properties": {"project": "PH7113", "date": "19751101", "kind": "Pier", "source": "TP00424"}}, {"type": "Feature", "geometry": {"type": "LineString", "coordinates": [[-80.2306784, 25.7312728], [-80.230755, 25.7313521]]}, "properties": {"project": "PH7113", "date": "19751101", "kind": "Pier", "source": "TP00424"}}, {"type": "Feature", "geometry": {"type": "LineString", "coordinates": [[-80.2294962, 25.7312643], [-80.2294562, 25.7312926]]}, "properties": {"project": "PH7113", "date": "19751101", "kind": "Pier", "source": "TP00424"}}, {"type": "Feature", "geometry": {"type": "LineString", "coordinates": [[-80.2294962, 25.7312643], [-80.2295558, 25.7313321]]}, "properties": {"project": "PH7113", "date": "19751101", "kind": "Pier", "source": "TP00424"}}, {"type": "Feature", "geometry": {"type": "LineString", "coordinates": [[-80.2294468, 25.7312105], [-80.2294962, 25.7312643]]}, "properties": {"project": "PH7113", "date": "19751101", "kind": "Pier", "source": "TP00424"}}, {"type": "Feature", "geometry": {"type": "LineString", "coordinates": [[-80.230018, 25.7316187], [-80.2299828, 25.7316518], [-80.2299751, 25.731657], [-80.2299616, 25.7316622], [-80.2299472, 25.7316612], [-80.2299347, 25.7316551], [-80.2299089, 25.7316323], [-80.2298334, 25.7315595], [-80.2297607, 25.7314851], [-80.2297378, 25.7314597], [-80.2296985999999, 25.7314203], [-80.2296174, 25.7313319], [-80.2295667, 25.7312863], [-80.229645, 25.7312244]]}, "properties": {"project": "PH7113", "date": "19751101", "kind": "Pier", "source": "TP00424"}}, {"type": "Feature", "geometry": {"type": "LineString", "coordinates": [[-80.229645, 25.7312244], [-80.2297082, 25.7312781]]}, "properties": {"project": "PH7113", "date": "19751101", "kind": "Pier", "source": "TP00424"}}, {"type": "Feature", "geometry": {"type": "LineString", "coordinates": [[-80.2294468, 25.7312105], [-80.2294012999999, 25.7312477]]}, "properties": {"project": "PH7113", "date": "19751101", "kind": "Pier", "source": "TP00424"}}, {"type": "Feature", "geometry": {"type": "LineString", "coordinates": [[-80.2305702, 25.731197], [-80.2305186, 25.7312425]]}, "properties": {"project": "PH7113", "date": "19751101", "kind": "Pier", "source": "TP00424"}}, {"type": "Feature", "geometry": {"type": "LineString", "coordinates": [[-80.2305702, 25.731197], [-80.23058, 25.7311995], [-80.2305906, 25.7311987], [-80.230606, 25.7311988], [-80.2306137, 25.7312049], [-80.2306784, 25.7312728]]}, "properties": {"project": "PH7113", "date": "19751101", "kind": "Pier", "source": "TP00424"}}, {"type": "Feature", "geometry": {"type": "LineString", "coordinates": [[-80.2296288, 25.7311989], [-80.2295882, 25.731235], [-80.2295747, 25.7312427], [-80.2295593, 25.731247], [-80.2295429, 25.7312461], [-80.2295285, 25.7312416], [-80.2295151, 25.7312311], [-80.2294798, 25.7311926], [-80.2294711, 25.7311882], [-80.2294567, 25.731189], [-80.2294471, 25.7311942], [-80.2294468, 25.7312105]]}, "properties": {"project": "PH7113", "date": "19751101", "kind": "Pier", "source": "TP00424"}}, {"type": "Feature", "geometry": {"type": "LineString", "coordinates": [[-80.2330932, 25.7311683], [-80.2330545, 25.7311986]]}, "properties": {"project": "PH7113", "date": "19751101", "kind": "Pier", "source": "TP00424"}}, {"type": "Feature", "geometry": {"type": "LineString", "coordinates": [[-80.2330932, 25.7311683], [-80.2332091, 25.7313008], [-80.2332203, 25.7313228], [-80.2332266, 25.731339], [-80.2332313, 25.7313654], [-80.2332279, 25.7313991], [-80.2331845, 25.7315896], [-80.2331764, 25.7316042], [-80.2331633, 25.7316159], [-80.2331495, 25.7316217], [-80.23314, 25.7316188], [-80.2331281, 25.7316187], [-80.2330875, 25.7316374], [-80.2330091, 25.7316844], [-80.2329846, 25.731694], [-80.2329524, 25.7317079], [-80.2329219, 25.7317207], [-80.2328962, 25.731734], [-80.2328777, 25.7317453], [-80.2328592, 25.7317565], [-80.2328484, 25.7317597], [-80.2328371, 25.7317596]]}, "properties": {"project": "PH7113", "date": "19751101", "kind": "Man-made", "source": "TP00424"}}, {"type": "Feature", "geometry": {"type": "LineString", "coordinates": [[-80.229645, 25.7312244], [-80.2297131, 25.7311679]]}, "properties": {"project": "PH7113", "date": "19751101", "kind": "Pier", "source": "TP00424"}}, {"type": "Feature", "geometry": {"type": "LineString", "coordinates": [[-80.2297857, 25.7312332], [-80.2297131, 25.7311679]]}, "properties": {"project": "PH7113", "date": "19751101", "kind": "Pier", "source": "TP00424"}}, {"type": "Feature", "geometry": {"type": "LineString", "coordinates": [[-80.2296288, 25.7311989], [-80.2295908, 25.7311646]]}, "properties": {"project": "PH7113", "date": "19751101", "kind": "Pier", "source": "TP00424"}}, {"type": "Feature", "geometry": {"type": "LineString", "coordinates": [[-80.2317093, 25.7315575], [-80.2316224, 25.731465], [-80.2314654, 25.7312932], [-80.2314413, 25.7312653], [-80.2314592, 25.7312493], [-80.2314273, 25.7312026], [-80.231511, 25.7311422]]}, "properties": {"project": "PH7113", "date": "19751101", "kind": "Pier", "source": "TP00424"}}, {"type": "Feature", "geometry": {"type": "LineString", "coordinates": [[-80.2315712, 25.7312133], [-80.231511, 25.7311422]]}, "properties": {"project": "PH7113", "date": "19751101", "kind": "Pier", "source": "TP00424"}}, {"type": "Feature", "geometry": {"type": "LineString", "coordinates": [[-80.2302354, 25.7320376], [-80.2302961, 25.732101]]}, "properties": {"project": "PH7113", "date": "19751101", "kind": "Pier", "source": "TP00424"}}, {"type": "Feature", "geometry": {"type": "LineString", "coordinates": [[-80.2305873, 25.7320762], [-80.2305472, 25.7320215]]}, "properties": {"project": "PH7113", "date": "19751101", "kind": "Pier", "source": "TP00424"}}, {"type": "Feature", "geometry": {"type": "LineString", "coordinates": [[-80.2306721, 25.7320146], [-80.2305873, 25.7320762]]}, "properties": {"project": "PH7113", "date": "19751101", "kind": "Man-made", "source": "TP00424"}}, {"type": "Feature", "geometry": {"type": "LineString", "coordinates": [[-80.2313398, 25.7320685], [-80.2312471, 25.7319711]]}, "properties": {"project": "PH7113", "date": "19751101", "kind": "Pier", "source": "TP00424"}}, {"type": "Feature", "geometry": {"type": "LineString", "coordinates": [[-80.2301652, 25.7319651], [-80.2301322, 25.7319919]]}, "properties": {"project": "PH7113", "date": "19751101", "kind": "Pier", "source": "TP00424"}}, {"type": "Feature", "geometry": {"type": "LineString", "coordinates": [[-80.2301652, 25.7319651], [-80.2302354, 25.7320376]]}, "properties": {"project": "PH7113", "date": "19751101", "kind": "Pier", "source": "TP00424"}}, {"type": "Feature", "geometry": {"type": "LineString", "coordinates": [[-80.2306721, 25.7320146], [-80.2306275, 25.7319599]]}, "properties": {"project": "PH7113", "date": "19751101", "kind": "Pier", "source": "TP00424"}}, {"type": "Feature", "geometry": {"type": "LineString", "coordinates": [[-80.2307787, 25.7319532], [-80.2307562, 25.7319583], [-80.2307224, 25.7319781], [-80.2306721, 25.7320146]]}, "properties": {"project": "PH7113", "date": "19751101", "kind": "Man-made", "source": "TP00424"}}, {"type": "Feature", "geometry": {"type": "LineString", "coordinates": [[-80.2300434, 25.7318352], [-80.2300039, 25.7318706]]}, "properties": {"project": "PH7113", "date": "19751101", "kind": "Pier", "source": "TP00424"}}, {"type": "Feature", "geometry": {"type": "LineString", "coordinates": [[-80.2297908, 25.7335381], [-80.2298003, 25.7335539], [-80.2298213, 25.7335714], [-80.2298481, 25.7335994], [-80.2298651999999, 25.7336326], [-80.2298803, 25.7336711], [-80.229882, 25.7337146], [-80.2298796, 25.7337791], [-80.2298717, 25.7338226], [-80.2298521, 25.7338678], [-80.2298365, 25.7338991], [-80.2297861, 25.7339668], [-80.2297318, 25.734031], [-80.2296621, 25.7340899], [-80.22961, 25.7341192], [-80.2295637, 25.7341329], [-80.2295136, 25.7341414], [-80.2294636, 25.7341429], [-80.229429, 25.7341322], [-80.2294081, 25.7341025], [-80.2293853, 25.7340501], [-80.2293549, 25.7340011], [-80.2293089, 25.7339678], [-80.2292801, 25.7339519], [-80.2292244, 25.7339429], [-80.2291532, 25.7339373], [-80.2290803, 25.7339143], [-80.2290304, 25.7338896], [-80.2289922, 25.7338528], [-80.2289673, 25.7338213], [-80.2289271, 25.7337932], [-80.2288792, 25.7337616], [-80.228841, 25.7337196], [-80.2288009, 25.7336741], [-80.2287722, 25.7336478], [-80.2287128, 25.7336143], [-80.2286629, 25.7335862], [-80.2286304, 25.7335599], [-80.2285712, 25.7334916], [-80.2285272, 25.7334513], [-80.2285023, 25.7334337], [-80.2284812, 25.7334249], [-80.2284466, 25.7334212], [-80.228385, 25.7334174], [-80.2283255, 25.7334084], [-80.2282678, 25.7333942], [-80.2282198, 25.7333765], [-80.2281718, 25.7333675], [-80.2281314, 25.7333673], [-80.2280948, 25.7333776], [-80.2280773, 25.7334036], [-80.2280501, 25.7334418], [-80.2279415, 25.7335667], [-80.2278135, 25.7337229], [-80.227796, 25.7337541], [-80.2277862, 25.7337889], [-80.2277802, 25.7338168], [-80.22778, 25.7338586], [-80.2277893, 25.733904], [-80.2278348, 25.7339983], [-80.2278976, 25.7341189], [-80.22793, 25.7341592], [-80.2279836, 25.734203], [-80.2280486, 25.7342678], [-80.2280983, 25.7343134], [-80.228127, 25.7343432], [-80.2281537, 25.7343799], [-80.2281803, 25.7344254], [-80.2282071, 25.7344586], [-80.2282491, 25.7345007], [-80.2282893, 25.734534], [-80.2283179, 25.734569], [-80.228337, 25.7345987], [-80.2283618, 25.734625], [-80.2283982, 25.7346531], [-80.228425, 25.7346776], [-80.2284498, 25.7347074], [-80.2284649, 25.7347528], [-80.2284916, 25.734793], [-80.2286652, 25.735017], [-80.2286804, 25.7350519], [-80.2286917, 25.7350955], [-80.2286952, 25.7351513], [-80.2286929, 25.7352088], [-80.2286868, 25.7352454], [-80.2286578, 25.7352731], [-80.2286154, 25.7352886], [-80.2285788, 25.7352866], [-80.2285443, 25.7352742], [-80.2285118, 25.7352427], [-80.2284888, 25.7352199], [-80.2284641, 25.735178], [-80.228449, 25.7351378], [-80.2284262, 25.7350819], [-80.2284054, 25.7350348000001], [-80.228371, 25.7349893], [-80.2283233, 25.7349367], [-80.2282831, 25.7348999], [-80.2282256, 25.7348717], [-80.2281757, 25.7348506], [-80.2281469, 25.734833], [-80.2281259, 25.7348032], [-80.228069, 25.7346879], [-80.2279914, 25.7344906], [-80.2279591, 25.7344207], [-80.2279325, 25.7343683], [-80.2279058, 25.7343368], [-80.2278618, 25.7342947], [-80.2278292, 25.7342701], [-80.2278063, 25.7342456], [-80.227795, 25.7342125], [-80.2277896, 25.734148], [-80.2277802999999, 25.7340974], [-80.2277691, 25.7340415], [-80.227735, 25.7339664], [-80.2277065, 25.7339053], [-80.2276742, 25.7338406], [-80.2276495, 25.7338022], [-80.2276016, 25.733767], [-80.2275671, 25.733746], [-80.2275441, 25.7337371], [-80.2274961, 25.7337247], [-80.2274441, 25.7337192], [-80.2273941, 25.7337206], [-80.2273517, 25.7337291], [-80.2273092, 25.7337568], [-80.2272898, 25.7337828], [-80.2272684, 25.7338193000001], [-80.2272352, 25.7338923], [-80.2272138, 25.7339288], [-80.2271829, 25.733953], [-80.2271423, 25.7339737], [-80.2270653, 25.733982], [-80.2269114, 25.7339777], [-80.2268499, 25.7339774], [-80.2268094, 25.7339807], [-80.2267651, 25.7339944], [-80.2267284, 25.7340099], [-80.2266898, 25.7340376], [-80.2266588, 25.7340688], [-80.2266432, 25.7341035], [-80.2266332, 25.7341488], [-80.2266196, 25.7341836], [-80.2265982, 25.7342131], [-80.2265768, 25.7342531], [-80.226565, 25.7342948], [-80.2265686, 25.734321], [-80.2265799, 25.7343611], [-80.2265989, 25.7344065], [-80.2266237, 25.7344415], [-80.22666, 25.7344748], [-80.2267021, 25.7345064], [-80.2267269, 25.7345362], [-80.2267612, 25.7345869], [-80.2268299, 25.7346796], [-80.2268585, 25.7347251], [-80.2269059, 25.7348247], [-80.2271225, 25.7352493], [-80.2274681, 25.7359586], [-80.2276163, 25.7362557], [-80.2276219, 25.7362784], [-80.2276199, 25.7362958000001], [-80.2275985, 25.7363201], [-80.2275714, 25.7363461], [-80.2275521, 25.7363686], [-80.227548, 25.736393], [-80.2275556, 25.7364157], [-80.2275631, 25.7364384], [-80.227563, 25.7364645], [-80.227559, 25.7364819], [-80.227532, 25.736501], [-80.2274953, 25.736513], [-80.2274625, 25.7365232], [-80.2274202, 25.7365317], [-80.2273817, 25.7365298], [-80.2273567, 25.7365209], [-80.2273318, 25.7365016], [-80.2273031, 25.7364771], [-80.2272784, 25.7364386], [-80.2272804999999, 25.7364108], [-80.2273037, 25.7363865], [-80.2274913, 25.7362393], [-80.2274991, 25.7362237], [-80.2274992, 25.736208], [-80.227484, 25.7361731], [-80.2274215, 25.7360264], [-80.2274081, 25.7360124], [-80.2273947, 25.7360036], [-80.2273832, 25.7360052], [-80.2273697, 25.7360087], [-80.2273524, 25.7360086], [-80.2273351, 25.7359998], [-80.2273065, 25.7359578], [-80.2272761, 25.7359053], [-80.227259, 25.7358704], [-80.2272571, 25.7358565], [-80.2272727, 25.7358356], [-80.2272747, 25.7358165], [-80.2272614, 25.735785], [-80.2272404, 25.7357675], [-80.2272116, 25.7357551], [-80.2271867, 25.7357445], [-80.2271579, 25.7357305], [-80.2271387, 25.7357164], [-80.2271272999999, 25.7356954], [-80.2271314, 25.7356693], [-80.2271219, 25.7356379], [-80.2270096, 25.7354473], [-80.2267356999999, 25.7349719], [-80.2267185, 25.7349509], [-80.2267128, 25.7349334], [-80.2267187, 25.7349213], [-80.2267361, 25.7349109], [-80.2267476, 25.734904], [-80.2267497, 25.7348796], [-80.2266526, 25.734724], [-80.226643, 25.7347152], [-80.2266258, 25.7347116], [-80.2266046, 25.7347098], [-80.2265816, 25.7346975], [-80.2265434, 25.7346589], [-80.2265052, 25.7346134], [-80.2264728, 25.734554], [-80.226454, 25.7344946], [-80.2264563, 25.7344371], [-80.2264624, 25.7343919], [-80.2264588, 25.7343518], [-80.2264513, 25.7343221], [-80.2264265, 25.7342854], [-80.2263978, 25.7342591], [-80.2263518, 25.7342344], [-80.2263211, 25.7342168], [-80.2262981, 25.734208], [-80.2262731, 25.7342079], [-80.2262615, 25.7342113], [-80.2262518, 25.7342287], [-80.2262439, 25.7342617], [-80.2262321, 25.7342913], [-80.226205, 25.7343225], [-80.226176, 25.7343398], [-80.2261452, 25.7343484], [-80.2260893, 25.7343515], [-80.2260489, 25.7343635], [-80.226016, 25.734379], [-80.2259736, 25.7344032], [-80.2259349, 25.7344291], [-80.2259097, 25.7344656], [-80.2258978999999, 25.7345039], [-80.2258975, 25.7345614], [-80.2258857, 25.7345927], [-80.2258548, 25.7346222], [-80.2257677, 25.7347001], [-80.2257444, 25.7347226], [-80.2257232, 25.7347365], [-80.2256885, 25.7347415], [-80.2256404, 25.7347447], [-80.2256038, 25.7347585], [-80.225569, 25.7347757], [-80.2255362, 25.7347843], [-80.2254977, 25.7347928], [-80.2254746, 25.7348014], [-80.2254438, 25.7348047], [-80.2254168, 25.7348133], [-80.2253859, 25.734827], [-80.2253609, 25.7348287], [-80.2253378, 25.7348233], [-80.225309, 25.7348197], [-80.2252666, 25.7348247], [-80.225228, 25.7348419]]}, "properties": {"project": "PH7113", "date": "19751101", "kind": "Natural.Mean High Water", "source": "TP00424"}}, {"type": "Feature", "geometry": {"type": "LineString", "coordinates": [[-80.2310447, 25.7320515], [-80.2310325, 25.7320514], [-80.2310122, 25.7320627], [-80.2309658, 25.732099], [-80.2309513, 25.7321085], [-80.2309368, 25.7321102], [-80.2309215, 25.7321049], [-80.2309033, 25.7320856], [-80.230805, 25.731964], [-80.230788, 25.7319541], [-80.2307787, 25.7319532]]}, "properties": {"project": "PH7113", "date": "19751101", "kind": "Man-made", "source": "TP00424"}}, {"type": "Feature", "geometry": {"type": "LineString", "coordinates": [[-80.2301064, 25.7319014], [-80.2300625, 25.7319399]]}, "properties": {"project": "PH7113", "date": "19751101", "kind": "Pier", "source": "TP00424"}}, {"type": "Feature", "geometry": {"type": "LineString", "coordinates": [[-80.2301064, 25.7319014], [-80.2301652, 25.7319651]]}, "properties": {"project": "PH7113", "date": "19751101", "kind": "Pier", "source": "TP00424"}}, {"type": "Feature", "geometry": {"type": "LineString", "coordinates": [[-80.2310447, 25.7320515], [-80.2308939, 25.7318775]]}, "properties": {"project": "PH7113", "date": "19751101", "kind": "Pier", "source": "TP00424"}}, {"type": "Feature", "geometry": {"type": "LineString", "coordinates": [[-80.2300434, 25.7318352], [-80.2301064, 25.7319014]]}, "properties": {"project": "PH7113", "date": "19751101", "kind": "Pier", "source": "TP00424"}}, {"type": "Feature", "geometry": {"type": "LineString", "coordinates": [[-80.2307787, 25.7319532], [-80.230764, 25.7319207], [-80.2306621, 25.7317967]]}, "properties": {"project": "PH7113", "date": "19751101", "kind": "Pier", "source": "TP00424"}}, {"type": "Feature", "geometry": {"type": "LineString", "coordinates": [[-80.2299885, 25.7317789], [-80.2299462, 25.7318177]]}, "properties": {"project": "PH7113", "date": "19751101", "kind": "Pier", "source": "TP00424"}}, {"type": "Feature", "geometry": {"type": "LineString", "coordinates": [[-80.2299885, 25.7317789], [-80.2300434, 25.7318352]]}, "properties": {"project": "PH7113", "date": "19751101", "kind": "Pier", "source": "TP00424"}}, {"type": "Feature", "geometry": {"type": "LineString", "coordinates": [[-80.2302961, 25.732101], [-80.2303433, 25.7321504], [-80.2303509, 25.7321583], [-80.2303518, 25.7321748]]}, "properties": {"project": "PH7113", "date": "19751101", "kind": "Pier", "source": "TP00424"}}, {"type": "Feature", "geometry": {"type": "LineString", "coordinates": [[-80.2297591, 25.7326257], [-80.2297849, 25.7326633], [-80.2298058, 25.7326913], [-80.2298392, 25.7327333], [-80.2298756, 25.7327701], [-80.2299061, 25.7328042], [-80.22995, 25.7328576], [-80.229993, 25.7329145], [-80.230055, 25.7329845], [-80.230098, 25.7330335], [-80.2301266, 25.7330711], [-80.2301476, 25.7330965], [-80.230184, 25.7331324], [-80.230205, 25.7331561], [-80.230226, 25.733178], [-80.2302317, 25.7331902], [-80.2302258, 25.7332093], [-80.2302084, 25.7332145], [-80.2301757, 25.7332178], [-80.2301199, 25.7332227], [-80.2300833, 25.733226], [-80.2300582, 25.7332416], [-80.2299672, 25.7333334], [-80.2298141, 25.7334999], [-80.2298044, 25.7335103], [-80.2297947, 25.733526], [-80.2297908, 25.7335381]]}, "properties": {"project": "PH7113", "date": "19751101", "kind": "Man-made", "source": "TP00424"}}, {"type": "Feature", "geometry": {"type": "LineString", "coordinates": [[-80.2297084, 25.7325784], [-80.2297055, 25.7325949], [-80.2296871, 25.7326087], [-80.2296059, 25.7326467], [-80.2295359, 25.7325739], [-80.2295111, 25.7325902], [-80.2295683, 25.7326656], [-80.2292594, 25.7328374000001], [-80.2292909, 25.7328794], [-80.2296014, 25.7327145], [-80.2296974, 25.732839], [-80.2297251, 25.7328247], [-80.2296371, 25.7326949], [-80.2297591, 25.7326257]]}, "properties": {"project": "PH7113", "date": "19751101", "kind": "Pier", "source": "TP00424"}}, {"type": "Feature", "geometry": {"type": "LineString", "coordinates": [[-80.2303518, 25.7321748], [-80.2303382, 25.7321835], [-80.2303218, 25.7321947], [-80.2303102, 25.7322051], [-80.2303034, 25.7322208000001], [-80.2303003, 25.7322443], [-80.2303059, 25.7322713], [-80.2303212, 25.7322949], [-80.230346, 25.7323238], [-80.2304099999999, 25.7323869], [-80.230432, 25.7324131], [-80.2305036, 25.7324911], [-80.2305419, 25.7325331], [-80.2305457, 25.732541], [-80.2305379, 25.7325549], [-80.2305205, 25.7325687], [-80.2305012, 25.7325791], [-80.2304867, 25.7325816], [-80.2304723, 25.7325746], [-80.2304379, 25.7325413], [-80.230416, 25.7325141], [-80.2304065, 25.732494], [-80.2303893, 25.7324722], [-80.2303759, 25.7324547], [-80.2303577, 25.7324415], [-80.2303204, 25.7324195], [-80.2302983, 25.7324063], [-80.2302744, 25.7323897], [-80.2302562, 25.7323713], [-80.230242, 25.7323442], [-80.2302258, 25.7323214], [-80.2302114, 25.7323065], [-80.2301932, 25.732296], [-80.2301778, 25.7322933], [-80.2301528, 25.732294], [-80.2301239, 25.7323078], [-80.2300166, 25.7323804], [-80.2298823, 25.7324704], [-80.2297288, 25.732548], [-80.2297076, 25.7325566], [-80.2297056, 25.7325661], [-80.2297084, 25.7325784]]}, "properties": {"project": "PH7113", "date": "19751101", "kind": "Man-made", "source": "TP00424"}}, {"type": "Feature", "geometry": {"type": "LineString", "coordinates": [[-80.2305016, 25.7321338], [-80.230475, 25.7321528], [-80.2304615, 25.7321641], [-80.230448, 25.7321710000001], [-80.2304355, 25.7321718]]}, "properties": {"project": "PH7113", "date": "19751101", "kind": "Man-made", "source": "TP00424"}}, {"type": "Feature", "geometry": {"type": "LineString", "coordinates": [[-80.2302961, 25.732101], [-80.2302524, 25.73213]]}, "properties": {"project": "PH7113", "date": "19751101", "kind": "Pier", "source": "TP00424"}}, {"type": "Feature", "geometry": {"type": "LineString", "coordinates": [[-80.2310819, 25.7316883], [-80.231079, 25.7317023], [-80.2310703, 25.7317101], [-80.2309871, 25.7317758], [-80.230986, 25.731795], [-80.2309965, 25.7318099], [-80.2310137, 25.7318274], [-80.231031, 25.7318318], [-80.231056, 25.7318329], [-80.2311022, 25.7318261], [-80.2311754, 25.7318152], [-80.2311898, 25.7318135], [-80.2312206, 25.7318137], [-80.2312436, 25.7318295], [-80.2313181, 25.73191], [-80.2313908, 25.7319784], [-80.2313984, 25.731995], [-80.2313983, 25.7320063], [-80.2313924, 25.7320255], [-80.231375, 25.7320428], [-80.2313398, 25.7320685]]}, "properties": {"project": "PH7113", "date": "19751101", "kind": "Man-made", "source": "TP00424"}}, {"type": "Feature", "geometry": {"type": "LineString", "coordinates": [[-80.2327936, 25.7317993], [-80.2327916, 25.7318132], [-80.232779, 25.7318297], [-80.2327249, 25.7318687], [-80.2327056, 25.7318747], [-80.2326806, 25.7318737], [-80.2326633, 25.731864], [-80.2326098, 25.7318158], [-80.2325562, 25.7317728], [-80.232538, 25.7317579], [-80.2325255, 25.7317535], [-80.2325092, 25.7317551], [-80.2324889, 25.7317698], [-80.2324197, 25.7318351], [-80.2323706, 25.7318769], [-80.2322499, 25.7317457], [-80.2322425, 25.7317346], [-80.232235, 25.7317266], [-80.2322155, 25.7317247]]}, "properties": {"project": "PH7113", "date": "19751101", "kind": "Man-made", "source": "TP00424"}}, {"type": "Feature", "geometry": {"type": "LineString", "coordinates": [[-80.2299257, 25.7317093], [-80.2298465, 25.7317671]]}, "properties": {"project": "PH7113", "date": "19751101", "kind": "Pier", "source": "TP00424"}}, {"type": "Feature", "geometry": {"type": "LineString", "coordinates": [[-80.2299257, 25.7317093], [-80.2299885, 25.7317789]]}, "properties": {"project": "PH7113", "date": "19751101", "kind": "Pier", "source": "TP00424"}}, {"type": "Feature", "geometry": {"type": "LineString", "coordinates": [[-80.2322155, 25.7317247], [-80.232165, 25.7316777]]}, "properties": {"project": "PH7113", "date": "19751101", "kind": "Pier", "source": "TP00424"}}, {"type": "Feature", "geometry": {"type": "LineString", "coordinates": [[-80.2306621, 25.7317967], [-80.2306779, 25.7317795], [-80.2305976, 25.7316802], [-80.2305788, 25.7316753], [-80.2305702, 25.7316668], [-80.2305627, 25.7316759], [-80.2306621, 25.7317967]]}, "properties": {"project": "PH7113", "date": "19751101", "kind": "Pier", "source": "TP00424"}}, {"type": "Feature", "geometry": {"type": "LineString", "coordinates": [[-80.2304355, 25.7321718], [-80.2304192, 25.732163], [-80.2303915, 25.732135], [-80.2303341, 25.7320737], [-80.230273, 25.7320124], [-80.2301898, 25.7319326000001], [-80.2301315, 25.7318713], [-80.2300646, 25.731803], [-80.2300293, 25.7317627], [-80.2300102, 25.7317408], [-80.2299757, 25.7317067], [-80.2300512, 25.7316478]]}, "properties": {"project": "PH7113", "date": "19751101", "kind": "Pier", "source": "TP00424"}}, {"type": "Feature", "geometry": {"type": "LineString", "coordinates": [[-80.2300932, 25.7316931], [-80.2300512, 25.7316478]]}, "properties": {"project": "PH7113", "date": "19751101", "kind": "Pier", "source": "TP00424"}}, {"type": "Feature", "geometry": {"type": "LineString", "coordinates": [[-80.232165, 25.7316777], [-80.2322016, 25.7316358]]}, "properties": {"project": "PH7113", "date": "19751101", "kind": "Pier", "source": "TP00424"}}, {"type": "Feature", "geometry": {"type": "LineString", "coordinates": [[-80.2298504, 25.7316338], [-80.2298138, 25.7316625]]}, "properties": {"project": "PH7113", "date": "19751101", "kind": "Pier", "source": "TP00424"}}, {"type": "Feature", "geometry": {"type": "LineString", "coordinates": [[-80.2298504, 25.7316338], [-80.2299066, 25.731688], [-80.2299257, 25.7317093]]}, "properties": {"project": "PH7113", "date": "19751101", "kind": "Pier", "source": "TP00424"}}, {"type": "Feature", "geometry": {"type": "LineString", "coordinates": [[-80.231019, 25.7316208], [-80.2309517, 25.731676]]}, "properties": {"project": "PH7113", "date": "19751101", "kind": "Pier", "source": "TP00424"}}, {"type": "Feature", "geometry": {"type": "LineString", "coordinates": [[-80.231019, 25.7316208], [-80.2310744, 25.7316717], [-80.2310819, 25.7316883]]}, "properties": {"project": "PH7113", "date": "19751101", "kind": "Pier", "source": "TP00424"}}, {"type": "Feature", "geometry": {"type": "LineString", "coordinates": [[-80.2322155, 25.7317247], [-80.2322053, 25.7317327], [-80.2322059, 25.7317413], [-80.2322171, 25.7317585], [-80.2322353, 25.731782], [-80.2322466, 25.7317964], [-80.2322528, 25.7318119], [-80.2322502, 25.7318204], [-80.2322419, 25.7318307], [-80.2322318, 25.7318352], [-80.2322066, 25.7318276], [-80.2321769, 25.731803], [-80.2321206, 25.7317417], [-80.2320719, 25.7316831], [-80.2320356, 25.7316428], [-80.231997, 25.7316068]]}, "properties": {"project": "PH7113", "date": "19751101", "kind": "Man-made", "source": "TP00424"}}, {"type": "Feature", "geometry": {"type": "LineString", "coordinates": [[-80.2312004, 25.7316003], [-80.2311738, 25.73162], [-80.2311496, 25.731646], [-80.2311331, 25.7316555], [-80.231111, 25.7316554]]}, "properties": {"project": "PH7113", "date": "19751101", "kind": "Man-made", "source": "TP00424"}}, {"type": "Feature", "geometry": {"type": "LineString", "coordinates": [[-80.2300512, 25.7316478], [-80.2301211, 25.7315904]]}, "properties": {"project": "PH7113", "date": "19751101", "kind": "Pier", "source": "TP00424"}}, {"type": "Feature", "geometry": {"type": "LineString", "coordinates": [[-80.2301691, 25.7316423], [-80.2301211, 25.7315904]]}, "properties": {"project": "PH7113", "date": "19751101", "kind": "Pier", "source": "TP00424"}}, {"type": "Feature", "geometry": {"type": "LineString", "coordinates": [[-80.2194874, 25.7388868], [-80.2194198, 25.7389321]]}, "properties": {"project": "PH7113", "date": "19751101", "kind": "Man-made", "source": "TP00424"}}, {"type": "Feature", "geometry": {"type": "LineString", "coordinates": [[-80.2194874, 25.7388868], [-80.2194535, 25.7388443]]}, "properties": {"project": "PH7113", "date": "19751101", "kind": "Pier", "source": "TP00424"}}, {"type": "Feature", "geometry": {"type": "LineString", "coordinates": [[-80.230018, 25.7316187], [-80.2299802, 25.7315831]]}, "properties": {"project": "PH7113", "date": "19751101", "kind": "Pier", "source": "TP00424"}}, {"type": "Feature", "geometry": {"type": "LineString", "coordinates": [[-80.2297905, 25.7315745], [-80.2297518, 25.7316103]]}, "properties": {"project": "PH7113", "date": "19751101", "kind": "Pier", "source": "TP00424"}}, {"type": "Feature", "geometry": {"type": "LineString", "coordinates": [[-80.2297905, 25.7315745], [-80.2298504, 25.7316338]]}, "properties": {"project": "PH7113", "date": "19751101", "kind": "Pier", "source": "TP00424"}}, {"type": "Feature", "geometry": {"type": "LineString", "coordinates": [[-80.2305016, 25.7321338], [-80.2304608, 25.7320852]]}, "properties": {"project": "PH7113", "date": "19751101", "kind": "Pier", "source": "TP00424"}}, {"type": "Feature", "geometry": {"type": "LineString", "coordinates": [[-80.2305873, 25.7320762], [-80.2305016, 25.7321338]]}, "properties": {"project": "PH7113", "date": "19751101", "kind": "Man-made", "source": "TP00424"}}, {"type": "Feature", "geometry": {"type": "LineString", "coordinates": [[-80.2313398, 25.7320685], [-80.2312261, 25.7321605], [-80.2312164, 25.7321674], [-80.2312077, 25.7321709], [-80.2311904, 25.7321734], [-80.231176, 25.732169], [-80.2311502, 25.7321505], [-80.2310565, 25.7320611], [-80.2310447, 25.7320515]]}, "properties": {"project": "PH7113", "date": "19751101", "kind": "Man-made", "source": "TP00424"}}, {"type": "Feature", "geometry": {"type": "LineString", "coordinates": [[-80.2302354, 25.7320376], [-80.2302014, 25.7320667]]}, "properties": {"project": "PH7113", "date": "19751101", "kind": "Pier", "source": "TP00424"}}, {"type": "Feature", "geometry": {"type": "LineString", "coordinates": [[-80.2313585, 25.7315468], [-80.2313425, 25.7315608], [-80.2313097, 25.7315824], [-80.2312846, 25.7315953], [-80.2312643, 25.7316039], [-80.2312441, 25.7316047], [-80.2312249, 25.7316002], [-80.2312113999999, 25.7315975], [-80.2312004, 25.7316003]]}, "properties": {"project": "PH7113", "date": "19751101", "kind": "Man-made", "source": "TP00424"}}, {"type": "Feature", "geometry": {"type": "LineString", "coordinates": [[-80.2300921, 25.7315577], [-80.230018, 25.7316187]]}, "properties": {"project": "PH7113", "date": "19751101", "kind": "Pier", "source": "TP00424"}}, {"type": "Feature", "geometry": {"type": "LineString", "coordinates": [[-80.2318341, 25.7316767], [-80.2318019, 25.731656], [-80.2317218, 25.7315708], [-80.2317093, 25.7315575]]}, "properties": {"project": "PH7113", "date": "19751101", "kind": "Pier", "source": "TP00424"}}, {"type": "Feature", "geometry": {"type": "LineString", "coordinates": [[-80.231997, 25.7316068], [-80.2319859, 25.7315964], [-80.2319629, 25.731571], [-80.2319438, 25.7315561], [-80.2319294, 25.7315525], [-80.231913, 25.7315568], [-80.2318985, 25.7315698], [-80.2318868, 25.7315959], [-80.2318819, 25.7316159], [-80.2318798, 25.7316324], [-80.2318749, 25.7316498], [-80.2318536, 25.7316671], [-80.2318341, 25.7316767]]}, "properties": {"project": "PH7113", "date": "19751101", "kind": "Man-made", "source": "TP00424"}}, {"type": "Feature", "geometry": {"type": "LineString", "coordinates": [[-80.2313585, 25.7315468], [-80.2312968, 25.7315495]]}, "properties": {"project": "PH7113", "date": "19751101", "kind": "Pier", "source": "TP00424"}}, {"type": "Feature", "geometry": {"type": "LineString", "coordinates": [[-80.230939, 25.7315405], [-80.2308797, 25.7315946000001]]}, "properties": {"project": "PH7113", "date": "19751101", "kind": "Pier", "source": "TP00424"}}, {"type": "Feature", "geometry": {"type": "LineString", "coordinates": [[-80.230939, 25.7315405], [-80.231019, 25.7316208]]}, "properties": {"project": "PH7113", "date": "19751101", "kind": "Pier", "source": "TP00424"}}, {"type": "Feature", "geometry": {"type": "LineString", "coordinates": [[-80.2312004, 25.7316003], [-80.2311508, 25.731539]]}, "properties": {"project": "PH7113", "date": "19751101", "kind": "Pier", "source": "TP00424"}}, {"type": "Feature", "geometry": {"type": "LineString", "coordinates": [[-80.2301211, 25.7315904], [-80.2301922, 25.7315379]]}, "properties": {"project": "PH7113", "date": "19751101", "kind": "Pier", "source": "TP00424"}}, {"type": "Feature", "geometry": {"type": "LineString", "coordinates": [[-80.2302456, 25.731591], [-80.2301922, 25.7315379]]}, "properties": {"project": "PH7113", "date": "19751101", "kind": "Pier", "source": "TP00424"}}, {"type": "Feature", "geometry": {"type": "LineString", "coordinates": [[-80.232165, 25.7316777], [-80.2320315, 25.7315371]]}, "properties": {"project": "PH7113", "date": "19751101", "kind": "Pier", "source": "TP00424"}}, {"type": "Feature", "geometry": {"type": "LineString", "coordinates": [[-80.2206603, 25.7376337], [-80.2205954, 25.7375925]]}, "properties": {"project": "PH7113", "date": "19751101", "kind": "Pier", "source": "TP00424"}}, {"type": "Feature", "geometry": {"type": "LineString", "coordinates": [[-80.2180608, 25.7394983], [-80.2179072, 25.7394922], [-80.2175183, 25.7394768], [-80.2172355, 25.7394562], [-80.2170296, 25.7394586], [-80.2168352, 25.7394663], [-80.2167793, 25.739473], [-80.2167138, 25.7394849], [-80.2166713, 25.7395021], [-80.2166462, 25.7395194], [-80.216625, 25.7395315], [-80.2166076, 25.7395349], [-80.2165884, 25.7395313], [-80.2165674, 25.7395085], [-80.2164566, 25.7393824], [-80.2163668, 25.7392844], [-80.2162141, 25.7391075], [-80.2160727999999, 25.738943], [-80.2159009, 25.7387399], [-80.2158645, 25.738724], [-80.2156359, 25.7386531], [-80.2152039, 25.7385167], [-80.2143916, 25.7382597], [-80.2143685, 25.7382579], [-80.2143338, 25.7382612], [-80.2143067, 25.7382819], [-80.2135837, 25.7387628], [-80.212882, 25.7392228000001], [-80.2119889, 25.7398265], [-80.2111151, 25.7404025], [-80.2106995, 25.7406792], [-80.2106742, 25.7407104], [-80.2106451, 25.7407573], [-80.2104657, 25.741098], [-80.2104208, 25.7411919], [-80.2104168, 25.7412198], [-80.2104281, 25.7412512], [-80.2104644, 25.7412915], [-80.2106992, 25.7415768], [-80.2108786, 25.7418026]]}, "properties": {"project": "PH7113", "date": "19751101", "kind": "Man-made", "source": "TP00424"}}, {"type": "Feature", "geometry": {"type": "LineString", "coordinates": [[-80.2206021, 25.7377368000001], [-80.2205443, 25.7378579], [-80.2204916, 25.7379744], [-80.2204799, 25.7380022], [-80.2204835, 25.7380353], [-80.2205177, 25.7381], [-80.2206432, 25.7383272], [-80.2207972, 25.7386156], [-80.2209495, 25.7388708], [-80.2210445, 25.7390474], [-80.2210694, 25.7390736], [-80.2211058, 25.7390982], [-80.2211248999999, 25.7391088], [-80.2211499, 25.7391142], [-80.2211768, 25.739116], [-80.2212058, 25.7391092], [-80.2212637, 25.7390816], [-80.2213235, 25.7390576], [-80.2216748, 25.7388887], [-80.2219393, 25.7387437], [-80.2226497, 25.7383850000001], [-80.2226614, 25.7383746], [-80.2226749, 25.7383677], [-80.2226902, 25.7383695], [-80.2227017, 25.73838], [-80.2227189, 25.7383993], [-80.2227779, 25.7384955], [-80.2227969, 25.7385304], [-80.2228046, 25.7385444], [-80.2228025, 25.7385583], [-80.2227813, 25.7385704], [-80.2227118, 25.7386119], [-80.2224164, 25.7387567], [-80.2222195, 25.7388619], [-80.2220283, 25.7389585], [-80.2216943, 25.739131], [-80.2212156, 25.7393724], [-80.221065, 25.7394413], [-80.2208565, 25.7395483], [-80.2208353, 25.7395534], [-80.2208161, 25.7395463], [-80.2208047, 25.7395323], [-80.2206712, 25.7393469], [-80.2206693, 25.7393347], [-80.2206675, 25.7393225], [-80.2206753, 25.7393016], [-80.2206947, 25.739286], [-80.2208433, 25.7392136], [-80.2208548999999, 25.739205], [-80.2208685, 25.7391928], [-80.2208763, 25.7391772], [-80.2208802, 25.7391633], [-80.2208823, 25.7391441], [-80.2208786, 25.7391197], [-80.2208633, 25.7390987], [-80.2208271, 25.7390445], [-80.2207644, 25.7389291], [-80.220656, 25.7387368], [-80.2204219, 25.7383382], [-80.220399, 25.738312], [-80.2203741, 25.7382962], [-80.2203568, 25.7382926], [-80.2203356, 25.7382925], [-80.2203125, 25.7382941], [-80.2202816, 25.7383079], [-80.220241, 25.738339], [-80.2201133, 25.7384429], [-80.2199007, 25.7385934], [-80.2197615, 25.7386955], [-80.2194874, 25.7388868]]}, "properties": {"project": "PH7113", "date": "19751101", "kind": "Man-made", "source": "TP00424"}}, {"type": "Feature", "geometry": {"type": "LineString", "coordinates": [[-80.2206021, 25.7377368000001], [-80.2205193, 25.7376936]]}, "properties": {"project": "PH7113", "date": "19751101", "kind": "Pier", "source": "TP00424"}}, {"type": "Feature", "geometry": {"type": "LineString", "coordinates": [[-80.2206603, 25.7376337], [-80.2206021, 25.7377368000001]]}, "properties": {"project": "PH7113", "date": "19751101", "kind": "Man-made", "source": "TP00424"}}, {"type": "Feature", "geometry": {"type": "LineString", "coordinates": [[-80.220842, 25.7373576], [-80.2208342, 25.7373785], [-80.2208031, 25.7374167], [-80.2207644, 25.73746], [-80.2207391, 25.7374982], [-80.2207255, 25.7375225], [-80.2207234, 25.7375469], [-80.2207155, 25.7375765], [-80.2207038, 25.7375921], [-80.2206767, 25.7376164], [-80.2206603, 25.7376337]]}, "properties": {"project": "PH7113", "date": "19751101", "kind": "Man-made", "source": "TP00424"}}, {"type": "Feature", "geometry": {"type": "LineString", "coordinates": [[-80.2208597, 25.737295], [-80.2208405, 25.7372896], [-80.2208117, 25.7372755], [-80.2207944, 25.7372755], [-80.2207828, 25.7372876], [-80.2207769, 25.737305], [-80.2207807, 25.7373137], [-80.2207903, 25.7373242], [-80.2208133, 25.7373365], [-80.2208444, 25.737349]]}, "properties": {"project": "PH7113", "date": "19751101", "kind": "Man-made", "source": "TP00424"}}, {"type": "Feature", "geometry": {"type": "LineString", "coordinates": [[-80.2214402, 25.7368477], [-80.2213742, 25.7368882], [-80.2213317, 25.7369158], [-80.2212641, 25.7369556], [-80.2211907, 25.7370005], [-80.2211462, 25.7370316], [-80.2210958, 25.7370819], [-80.221061, 25.7371165], [-80.2210396, 25.7371443], [-80.2210319, 25.737153], [-80.2210049, 25.7371563], [-80.2209741, 25.7371562], [-80.2209549, 25.737163], [-80.2209258, 25.7371977], [-80.220883, 25.7372655], [-80.2208713, 25.7372846], [-80.2208597, 25.737295]]}, "properties": {"project": "PH7113", "date": "19751101", "kind": "Man-made", "source": "TP00424"}}, {"type": "Feature", "geometry": {"type": "LineString", "coordinates": [[-80.2214402, 25.7368477], [-80.2213942, 25.7367844]]}, "properties": {"project": "PH7113", "date": "19751101", "kind": "Pier", "source": "TP00424"}}, {"type": "Feature", "geometry": {"type": "LineString", "coordinates": [[-80.2216159, 25.7367394], [-80.2214402, 25.7368477]]}, "properties": {"project": "PH7113", "date": "19751101", "kind": "Man-made", "source": "TP00424"}}, {"type": "Feature", "geometry": {"type": "LineString", "coordinates": [[-80.2217384, 25.736667], [-80.2216159, 25.7367394]]}, "properties": {"project": "PH7113", "date": "19751101", "kind": "Man-made", "source": "TP00424"}}, {"type": "Feature", "geometry": {"type": "LineString", "coordinates": [[-80.221747, 25.7366619], [-80.2217384, 25.736667]]}, "properties": {"project": "PH7113", "date": "19751101", "kind": "Man-made", "source": "TP00424"}}, {"type": "Feature", "geometry": {"type": "LineString", "coordinates": [[-80.2216159, 25.7367394], [-80.2215638, 25.7366527]]}, "properties": {"project": "PH7113", "date": "19751101", "kind": "Pier", "source": "TP00424"}}, {"type": "Feature", "geometry": {"type": "LineString", "coordinates": [[-80.2218148, 25.7365943], [-80.221747, 25.7366619]]}, "properties": {"project": "PH7113", "date": "19751101", "kind": "Undetermined.Approximate", "source": "TP00424"}}, {"type": "Feature", "geometry": {"type": "LineString", "coordinates": [[-80.2217384, 25.736667], [-80.2216818, 25.7365736]]}, "properties": {"project": "PH7113", "date": "19751101", "kind": "Pier", "source": "TP00424"}}, {"type": "Feature", "geometry": {"type": "LineString", "coordinates": [[-80.220414, 25.7351229], [-80.2204238, 25.735109], [-80.2204359, 25.7351013]]}, "properties": {"project": "PH7113", "date": "19751101", "kind": "Man-made", "source": "TP00424"}}, {"type": "Feature", "geometry": {"type": "LineString", "coordinates": [[-80.2222867999999, 25.7363484], [-80.2222782, 25.7363528], [-80.2218148, 25.7365943]]}, "properties": {"project": "PH7113", "date": "19751101", "kind": "Man-made", "source": "TP00424"}}, {"type": "Feature", "geometry": {"type": "LineString", "coordinates": [[-80.2222867999999, 25.7363484], [-80.2222618, 25.7363057]]}, "properties": {"project": "PH7113", "date": "19751101", "kind": "Pier", "source": "TP00424"}}, {"type": "Feature", "geometry": {"type": "LineString", "coordinates": [[-80.220414, 25.7351229], [-80.2203847, 25.7352029]]}, "properties": {"project": "PH7113", "date": "19751101", "kind": "Undetermined.Approximate", "source": "TP00424"}}, {"type": "Feature", "geometry": {"type": "LineString", "coordinates": [[-80.2205036, 25.7351486], [-80.2204359, 25.7351013]]}, "properties": {"project": "PH7113", "date": "19751101", "kind": "Pier", "source": "TP00424"}}, {"type": "Feature", "geometry": {"type": "LineString", "coordinates": [[-80.225228, 25.7348419], [-80.2248863, 25.7350196], [-80.2243921, 25.7352749], [-80.2240002, 25.7354749], [-80.2231508, 25.7359078], [-80.2222867999999, 25.7363484]]}, "properties": {"project": "PH7113", "date": "19751101", "kind": "Man-made", "source": "TP00424"}}, {"type": "Feature", "geometry": {"type": "LineString", "coordinates": [[-80.2204359, 25.7351013], [-80.2204566, 25.7350883], [-80.2204779, 25.7350745], [-80.220503, 25.7350572], [-80.2205166, 25.7350363], [-80.2205303, 25.7349998], [-80.2205421, 25.7349581], [-80.2205519, 25.7349302], [-80.2205599, 25.734885], [-80.2205621, 25.7348379], [-80.2205606, 25.7347769], [-80.2205514, 25.7347211], [-80.2205305, 25.7346722], [-80.220502, 25.7346233], [-80.2204753, 25.734583], [-80.2204544, 25.7345498], [-80.2204468, 25.7345219], [-80.2204374, 25.7344939], [-80.2204223, 25.7344468], [-80.2203862, 25.7343856], [-80.2203347, 25.7343052], [-80.2202736, 25.7342369], [-80.2201953, 25.7341511], [-80.2201187, 25.7340862], [-80.2200364, 25.7340317], [-80.2199270999999, 25.7339702], [-80.2197832, 25.7339101], [-80.2196756, 25.7338817], [-80.2195584, 25.7338584], [-80.2194796, 25.7338475], [-80.2193873, 25.7338453], [-80.2192756, 25.7338551], [-80.2191543, 25.7338702], [-80.2190329, 25.7338939], [-80.2189191, 25.7339334], [-80.2187589, 25.7340197], [-80.2186777, 25.7340733], [-80.2185771, 25.7341651], [-80.2182983, 25.7344198], [-80.2178918, 25.7347888], [-80.2171176, 25.7354922], [-80.2170769, 25.735532], [-80.217044, 25.735565], [-80.217011, 25.7356136], [-80.216978, 25.735657], [-80.2169585, 25.7356952], [-80.2169138, 25.7357612], [-80.2168922, 25.7358204], [-80.2168647, 25.7359021], [-80.2168528, 25.7359561], [-80.2168291, 25.7360466], [-80.2168228, 25.7361285], [-80.2168204, 25.7362034], [-80.2168315, 25.7362714], [-80.2168502, 25.73635], [-80.216884, 25.7364756], [-80.2169276, 25.7365769], [-80.2169847, 25.7366679], [-80.2170534, 25.7367571], [-80.2171528, 25.736857], [-80.2172332, 25.7369236], [-80.2173463, 25.7369905], [-80.217471, 25.7370486], [-80.2175458, 25.7370769], [-80.2176572, 25.7371037], [-80.2177841, 25.7371217], [-80.2179457, 25.7371313], [-80.2180516, 25.7371232], [-80.2181229, 25.7371096], [-80.2182308, 25.7370858], [-80.2183793, 25.7370325], [-80.2185048, 25.7369687], [-80.2186014, 25.7369012], [-80.2187001, 25.7368164], [-80.2189286, 25.7366032], [-80.2193951, 25.736177], [-80.2197107, 25.7358772], [-80.2198771, 25.73573], [-80.2200397, 25.7355845], [-80.2201578, 25.7354701], [-80.2202431, 25.735366], [-80.2203013, 25.7352983], [-80.2203847, 25.7352029]]}, "properties": {"project": "PH7113", "date": "19751101", "kind": "Man-made", "source": "TP00424"}}, {"type": "Feature", "geometry": {"type": "LineString", "coordinates": [[-80.2305109, 25.7311122], [-80.2304417, 25.7311721]]}, "properties": {"project": "PH7113", "date": "19751101", "kind": "Pier", "source": "TP00424"}}, {"type": "Feature", "geometry": {"type": "LineString", "coordinates": [[-80.2297065, 25.7311388], [-80.2296288, 25.7311989]]}, "properties": {"project": "PH7113", "date": "19751101", "kind": "Pier", "source": "TP00424"}}, {"type": "Feature", "geometry": {"type": "LineString", "coordinates": [[-80.231111, 25.7316554], [-80.2310909, 25.7316457], [-80.2310526, 25.7316106], [-80.2309045, 25.7314513], [-80.2307736, 25.7313208], [-80.2306809, 25.731227], [-80.2306398, 25.7311867], [-80.2306349999999, 25.7311719], [-80.2306399, 25.7311597], [-80.2306602, 25.7311433], [-80.2306787, 25.7311309]]}, "properties": {"project": "PH7113", "date": "19751101", "kind": "Pier", "source": "TP00424"}}, {"type": "Feature", "geometry": {"type": "LineString", "coordinates": [[-80.2307485, 25.7312035], [-80.2306787, 25.7311309]]}, "properties": {"project": "PH7113", "date": "19751101", "kind": "Pier", "source": "TP00424"}}, {"type": "Feature", "geometry": {"type": "LineString", "coordinates": [[-80.2305109, 25.7311122], [-80.2305678, 25.7311628], [-80.2305677, 25.7311768], [-80.2305666, 25.7311881], [-80.2305702, 25.731197]]}, "properties": {"project": "PH7113", "date": "19751101", "kind": "Pier", "source": "TP00424"}}, {"type": "Feature", "geometry": {"type": "LineString", "coordinates": [[-80.2297131, 25.7311679], [-80.2297897, 25.7311086]]}, "properties": {"project": "PH7113", "date": "19751101", "kind": "Pier", "source": "TP00424"}}, {"type": "Feature", "geometry": {"type": "LineString", "coordinates": [[-80.2298433, 25.7311642], [-80.2297897, 25.7311086]]}, "properties": {"project": "PH7113", "date": "19751101", "kind": "Pier", "source": "TP00424"}}, {"type": "Feature", "geometry": {"type": "LineString", "coordinates": [[-80.2297703, 25.7310902], [-80.2297065, 25.7311388]]}, "properties": {"project": "PH7113", "date": "19751101", "kind": "Pier", "source": "TP00424"}}, {"type": "Feature", "geometry": {"type": "LineString", "coordinates": [[-80.2297065, 25.7311388], [-80.2296568, 25.7310885]]}, "properties": {"project": "PH7113", "date": "19751101", "kind": "Pier", "source": "TP00424"}}, {"type": "Feature", "geometry": {"type": "LineString", "coordinates": [[-80.231511, 25.7311422], [-80.2316066, 25.7310699]]}, "properties": {"project": "PH7113", "date": "19751101", "kind": "Pier", "source": "TP00424"}}, {"type": "Feature", "geometry": {"type": "LineString", "coordinates": [[-80.2317177, 25.7310769], [-80.2316504, 25.7311216], [-80.2316066, 25.7310699]]}, "properties": {"project": "PH7113", "date": "19751101", "kind": "Pier", "source": "TP00424"}}, {"type": "Feature", "geometry": {"type": "LineString", "coordinates": [[-80.2306787, 25.7311309], [-80.2307632, 25.7310674]]}, "properties": {"project": "PH7113", "date": "19751101", "kind": "Pier", "source": "TP00424"}}, {"type": "Feature", "geometry": {"type": "LineString", "coordinates": [[-80.2308638, 25.7311757], [-80.2307632, 25.7310674]]}, "properties": {"project": "PH7113", "date": "19751101", "kind": "Pier", "source": "TP00424"}}, {"type": "Feature", "geometry": {"type": "LineString", "coordinates": [[-80.2329904, 25.7310532], [-80.2330354, 25.7311003], [-80.2330932, 25.7311683]]}, "properties": {"project": "PH7113", "date": "19751101", "kind": "Man-made", "source": "TP00424"}}, {"type": "Feature", "geometry": {"type": "LineString", "coordinates": [[-80.2306554, 25.7311062], [-80.2306058, 25.7310528]]}, "properties": {"project": "PH7113", "date": "19751101", "kind": "Pier", "source": "TP00424"}}, {"type": "Feature", "geometry": {"type": "LineString", "coordinates": [[-80.2307467, 25.7310485], [-80.2306554, 25.7311062]]}, "properties": {"project": "PH7113", "date": "19751101", "kind": "Pier", "source": "TP00424"}}, {"type": "Feature", "geometry": {"type": "LineString", "coordinates": [[-80.2297897, 25.7311086], [-80.2298597, 25.7310552], [-80.2298752, 25.7310425]]}, "properties": {"project": "PH7113", "date": "19751101", "kind": "Pier", "source": "TP00424"}}, {"type": "Feature", "geometry": {"type": "LineString", "coordinates": [[-80.2299249, 25.7310893], [-80.2298752, 25.7310425]]}, "properties": {"project": "PH7113", "date": "19751101", "kind": "Pier", "source": "TP00424"}}, {"type": "Feature", "geometry": {"type": "LineString", "coordinates": [[-80.2304453, 25.7310417], [-80.2303971, 25.7310801]]}, "properties": {"project": "PH7113", "date": "19751101", "kind": "Pier", "source": "TP00424"}}, {"type": "Feature", "geometry": {"type": "LineString", "coordinates": [[-80.2304453, 25.7310417], [-80.2305109, 25.7311122]]}, "properties": {"project": "PH7113", "date": "19751101", "kind": "Pier", "source": "TP00424"}}, {"type": "Feature", "geometry": {"type": "LineString", "coordinates": [[-80.229859, 25.7310262], [-80.2298467, 25.7310298], [-80.2298389, 25.7310364000001], [-80.2297703, 25.7310902]]}, "properties": {"project": "PH7113", "date": "19751101", "kind": "Pier", "source": "TP00424"}}, {"type": "Feature", "geometry": {"type": "LineString", "coordinates": [[-80.2298752, 25.7310425], [-80.2298651999999, 25.7310331], [-80.229859, 25.7310262]]}, "properties": {"project": "PH7113", "date": "19751101", "kind": "Pier", "source": "TP00424"}}, {"type": "Feature", "geometry": {"type": "LineString", "coordinates": [[-80.2329904, 25.7310532], [-80.2329617, 25.7310254]]}, "properties": {"project": "PH7113", "date": "19751101", "kind": "Pier", "source": "TP00424"}}, {"type": "Feature", "geometry": {"type": "LineString", "coordinates": [[-80.2316066, 25.7310699], [-80.2316163, 25.7310584], [-80.2316094, 25.7310464], [-80.231593, 25.7310243]]}, "properties": {"project": "PH7113", "date": "19751101", "kind": "Pier", "source": "TP00424"}}, {"type": "Feature", "geometry": {"type": "LineString", "coordinates": [[-80.2297703, 25.7310902], [-80.2297048, 25.731021]]}, "properties": {"project": "PH7113", "date": "19751101", "kind": "Pier", "source": "TP00424"}}, {"type": "Feature", "geometry": {"type": "LineString", "coordinates": [[-80.2307632, 25.7310674], [-80.2308454, 25.7310113]]}, "properties": {"project": "PH7113", "date": "19751101", "kind": "Pier", "source": "TP00424"}}, {"type": "Feature", "geometry": {"type": "LineString", "coordinates": [[-80.2308829, 25.731049], [-80.2308454, 25.7310113]]}, "properties": {"project": "PH7113", "date": "19751101", "kind": "Pier", "source": "TP00424"}}, {"type": "Feature", "geometry": {"type": "LineString", "coordinates": [[-80.2314779, 25.7310345], [-80.2315228, 25.730999]]}, "properties": {"project": "PH7113", "date": "19751101", "kind": "Pier", "source": "TP00424"}}, {"type": "Feature", "geometry": {"type": "LineString", "coordinates": [[-80.2315228, 25.730999], [-80.2315659, 25.731045], [-80.2315677, 25.7310547], [-80.2315633, 25.7310627], [-80.2315518, 25.7310741], [-80.2314947, 25.7311184], [-80.2314829, 25.7311275], [-80.2314714, 25.731112], [-80.231363, 25.7311915], [-80.2313479, 25.7311722], [-80.2313374, 25.7311582], [-80.2313173, 25.7311363], [-80.2312867, 25.7311109], [-80.2312762, 25.7311073], [-80.2312656, 25.7311107], [-80.2312645, 25.7311194], [-80.2312712, 25.7311291], [-80.2312875, 25.7311475], [-80.2313429, 25.7312044], [-80.2313649, 25.731228], [-80.2313763, 25.7312385], [-80.2314972, 25.7313635], [-80.2317103, 25.7315956], [-80.2318111, 25.7317022]]}, "properties": {"project": "PH7113", "date": "19751101", "kind": "Pier", "source": "TP00424"}}, {"type": "Feature", "geometry": {"type": "LineString", "coordinates": [[-80.2308261, 25.730991], [-80.2307467, 25.7310485]]}, "properties": {"project": "PH7113", "date": "19751101", "kind": "Pier", "source": "TP00424"}}, {"type": "Feature", "geometry": {"type": "LineString", "coordinates": [[-80.2307467, 25.7310485], [-80.2306828, 25.7309859]]}, "properties": {"project": "PH7113", "date": "19751101", "kind": "Pier", "source": "TP00424"}}, {"type": "Feature", "geometry": {"type": "LineString", "coordinates": [[-80.2303717, 25.7309663], [-80.230332, 25.7310045]]}, "properties": {"project": "PH7113", "date": "19751101", "kind": "Pier", "source": "TP00424"}}, {"type": "Feature", "geometry": {"type": "LineString", "coordinates": [[-80.2316505, 25.7309838], [-80.231593, 25.7310243]]}, "properties": {"project": "PH7113", "date": "19751101", "kind": "Pier", "source": "TP00424"}}, {"type": "Feature", "geometry": {"type": "LineString", "coordinates": [[-80.2297471, 25.7309808], [-80.2297048, 25.731021]]}, "properties": {"project": "PH7113", "date": "19751101", "kind": "Pier", "source": "TP00424"}}, {"type": "Feature", "geometry": {"type": "LineString", "coordinates": [[-80.229859, 25.7310262], [-80.2298172, 25.73098]]}, "properties": {"project": "PH7113", "date": "19751101", "kind": "Pier", "source": "TP00424"}}, {"type": "Feature", "geometry": {"type": "LineString", "coordinates": [[-80.2303717, 25.7309663], [-80.2304453, 25.7310417]]}, "properties": {"project": "PH7113", "date": "19751101", "kind": "Pier", "source": "TP00424"}}, {"type": "Feature", "geometry": {"type": "LineString", "coordinates": [[-80.2308644, 25.7309637], [-80.2308261, 25.730991]]}, "properties": {"project": "PH7113", "date": "19751101", "kind": "Pier", "source": "TP00424"}}, {"type": "Feature", "geometry": {"type": "LineString", "coordinates": [[-80.231593, 25.7310243], [-80.2315365, 25.7309625]]}, "properties": {"project": "PH7113", "date": "19751101", "kind": "Pier", "source": "TP00424"}}, {"type": "Feature", "geometry": {"type": "LineString", "coordinates": [[-80.2297048, 25.731021], [-80.2296494, 25.7309625]]}, "properties": {"project": "PH7113", "date": "19751101", "kind": "Pier", "source": "TP00424"}}, {"type": "Feature", "geometry": {"type": "LineString", "coordinates": [[-80.2308454, 25.7310113], [-80.2308884, 25.7309728], [-80.2308942, 25.7309659], [-80.2308808, 25.7309588], [-80.2308644, 25.7309637]]}, "properties": {"project": "PH7113", "date": "19751101", "kind": "Pier", "source": "TP00424"}}, {"type": "Feature", "geometry": {"type": "LineString", "coordinates": [[-80.2331223, 25.730935], [-80.2329904, 25.7310532]]}, "properties": {"project": "PH7113", "date": "19751101", "kind": "Man-made", "source": "TP00424"}}, {"type": "Feature", "geometry": {"type": "LineString", "coordinates": [[-80.2296494, 25.7309625], [-80.2296221, 25.7309337]]}, "properties": {"project": "PH7113", "date": "19751101", "kind": "Pier", "source": "TP00424"}}, {"type": "Feature", "geometry": {"type": "LineString", "coordinates": [[-80.2308261, 25.730991], [-80.2307714, 25.7309329]]}, "properties": {"project": "PH7113", "date": "19751101", "kind": "Pier", "source": "TP00424"}}, {"type": "Feature", "geometry": {"type": "LineString", "coordinates": [[-80.2315976, 25.7309215], [-80.2315365, 25.7309625]]}, "properties": {"project": "PH7113", "date": "19751101", "kind": "Pier", "source": "TP00424"}}, {"type": "Feature", "geometry": {"type": "LineString", "coordinates": [[-80.2308644, 25.7309637], [-80.2308218, 25.7309186]]}, "properties": {"project": "PH7113", "date": "19751101", "kind": "Pier", "source": "TP00424"}}, {"type": "Feature", "geometry": {"type": "LineString", "coordinates": [[-80.2296975, 25.7309164], [-80.2296494, 25.7309625]]}, "properties": {"project": "PH7113", "date": "19751101", "kind": "Pier", "source": "TP00424"}}, {"type": "Feature", "geometry": {"type": "LineString", "coordinates": [[-80.2331223, 25.730935], [-80.233098, 25.7309061]]}, "properties": {"project": "PH7113", "date": "19751101", "kind": "Pier", "source": "TP00424"}}, {"type": "Feature", "geometry": {"type": "LineString", "coordinates": [[-80.2303108, 25.730906], [-80.2302756, 25.7309375]]}, "properties": {"project": "PH7113", "date": "19751101", "kind": "Pier", "source": "TP00424"}}, {"type": "Feature", "geometry": {"type": "LineString", "coordinates": [[-80.2303108, 25.730906], [-80.2303717, 25.7309663]]}, "properties": {"project": "PH7113", "date": "19751101", "kind": "Pier", "source": "TP00424"}}, {"type": "Feature", "geometry": {"type": "LineString", "coordinates": [[-80.2313466, 25.73093], [-80.2314107, 25.7308785]]}, "properties": {"project": "PH7113", "date": "19751101", "kind": "Pier", "source": "TP00424"}}, {"type": "Feature", "geometry": {"type": "LineString", "coordinates": [[-80.2314107, 25.7308785], [-80.2314468, 25.7309186], [-80.2315228, 25.730999]]}, "properties": {"project": "PH7113", "date": "19751101", "kind": "Pier", "source": "TP00424"}}, {"type": "Feature", "geometry": {"type": "LineString", "coordinates": [[-80.2315365, 25.7309625], [-80.2315179, 25.7309447], [-80.2315004, 25.7309274], [-80.231486, 25.7309119], [-80.2314569, 25.7308754]]}, "properties": {"project": "PH7113", "date": "19751101", "kind": "Pier", "source": "TP00424"}}, {"type": "Feature", "geometry": {"type": "LineString", "coordinates": [[-80.230146, 25.7308562], [-80.2301444, 25.7308713], [-80.2301578, 25.7308836], [-80.2301742, 25.7308845], [-80.2301838, 25.7308794], [-80.2302196, 25.730849], [-80.2302283, 25.7308447], [-80.2302389, 25.7308422], [-80.2302533, 25.7308449], [-80.2302648, 25.7308545], [-80.2303108, 25.730906]]}, "properties": {"project": "PH7113", "date": "19751101", "kind": "Pier", "source": "TP00424"}}, {"type": "Feature", "geometry": {"type": "LineString", "coordinates": [[-80.2315167, 25.7308277], [-80.2314569, 25.7308754]]}, "properties": {"project": "PH7113", "date": "19751101", "kind": "Pier", "source": "TP00424"}}, {"type": "Feature", "geometry": {"type": "LineString", "coordinates": [[-80.2314569, 25.7308754], [-80.2314026, 25.7308214]]}, "properties": {"project": "PH7113", "date": "19751101", "kind": "Pier", "source": "TP00424"}}, {"type": "Feature", "geometry": {"type": "LineString", "coordinates": [[-80.23129, 25.7308735], [-80.231343, 25.7308183]]}, "properties": {"project": "PH7113", "date": "19751101", "kind": "Pier", "source": "TP00424"}}, {"type": "Feature", "geometry": {"type": "LineString", "coordinates": [[-80.231343, 25.7308183], [-80.2313564, 25.7308306], [-80.2313747, 25.7308456], [-80.2313954, 25.7308594], [-80.2314107, 25.7308785]]}, "properties": {"project": "PH7113", "date": "19751101", "kind": "Pier", "source": "TP00424"}}, {"type": "Feature", "geometry": {"type": "LineString", "coordinates": [[-80.230146, 25.7308562], [-80.2300807, 25.7308033]]}, "properties": {"project": "PH7113", "date": "19751101", "kind": "Pier", "source": "TP00424"}}, {"type": "Feature", "geometry": {"type": "LineString", "coordinates": [[-80.2302426, 25.7307823], [-80.2301648, 25.7308409], [-80.230146, 25.7308562]]}, "properties": {"project": "PH7113", "date": "19751101", "kind": "Pier", "source": "TP00424"}}, {"type": "Feature", "geometry": {"type": "LineString", "coordinates": [[-80.2314673, 25.73077], [-80.2314026, 25.7308214]]}, "properties": {"project": "PH7113", "date": "19751101", "kind": "Pier", "source": "TP00424"}}, {"type": "Feature", "geometry": {"type": "LineString", "coordinates": [[-80.2312211, 25.7308281], [-80.2312946, 25.7307681]]}, "properties": {"project": "PH7113", "date": "19751101", "kind": "Pier", "source": "TP00424"}}, {"type": "Feature", "geometry": {"type": "LineString", "coordinates": [[-80.2335896, 25.7265254], [-80.2335414, 25.726437]]}, "properties": {"project": "PH7113", "date": "19751101", "kind": "Pier", "source": "TP00424"}}, {"type": "Feature", "geometry": {"type": "LineString", "coordinates": [[-80.234421, 25.7264161], [-80.2343306, 25.7264511]]}, "properties": {"project": "PH7113", "date": "19751101", "kind": "Pier", "source": "TP00424"}}, {"type": "Feature", "geometry": {"type": "LineString", "coordinates": [[-80.2344664, 25.7265116], [-80.234421, 25.7264161]]}, "properties": {"project": "PH7113", "date": "19751101", "kind": "Pier", "source": "TP00424"}}, {"type": "Feature", "geometry": {"type": "LineString", "coordinates": [[-80.2336151, 25.7263987], [-80.2335414, 25.726437]]}, "properties": {"project": "PH7113", "date": "19751101", "kind": "Pier", "source": "TP00424"}}, {"type": "Feature", "geometry": {"type": "LineString", "coordinates": [[-80.2345173, 25.7264926], [-80.2344666, 25.726392]]}, "properties": {"project": "PH7113", "date": "19751101", "kind": "Pier", "source": "TP00424"}}, {"type": "Feature", "geometry": {"type": "LineString", "coordinates": [[-80.2323153, 25.7263915], [-80.2321864, 25.7265177]]}, "properties": {"project": "PH7113", "date": "19751101", "kind": "Pier", "source": "TP00424"}}, {"type": "Feature", "geometry": {"type": "LineString", "coordinates": [[-80.2323153, 25.7263915], [-80.2324329, 25.7265026]]}, "properties": {"project": "PH7113", "date": "19751101", "kind": "Pier", "source": "TP00424"}}, {"type": "Feature", "geometry": {"type": "LineString", "coordinates": [[-80.2334588, 25.7263912], [-80.2333781, 25.7264285]]}, "properties": {"project": "PH7113", "date": "19751101", "kind": "Pier", "source": "TP00424"}}, {"type": "Feature", "geometry": {"type": "LineString", "coordinates": [[-80.2334588, 25.7263912], [-80.2335024, 25.7264778]]}, "properties": {"project": "PH7113", "date": "19751101", "kind": "Pier", "source": "TP00424"}}, {"type": "Feature", "geometry": {"type": "LineString", "coordinates": [[-80.2364177, 25.7263725], [-80.2363429, 25.7264371]]}, "properties": {"project": "PH7113", "date": "19751101", "kind": "Pier", "source": "TP00424"}}, {"type": "Feature", "geometry": {"type": "LineString", "coordinates": [[-80.2324679, 25.7264622], [-80.232364, 25.7263678]]}, "properties": {"project": "PH7113", "date": "19751101", "kind": "Pier", "source": "TP00424"}}, {"type": "Feature", "geometry": {"type": "LineString", "coordinates": [[-80.2345736, 25.7263468], [-80.2344666, 25.726392]]}, "properties": {"project": "PH7113", "date": "19751101", "kind": "Pier", "source": "TP00424"}}, {"type": "Feature", "geometry": {"type": "LineString", "coordinates": [[-80.2335414, 25.726437], [-80.2334901, 25.7263334]]}, "properties": {"project": "PH7113", "date": "19751101", "kind": "Pier", "source": "TP00424"}}, {"type": "Feature", "geometry": {"type": "LineString", "coordinates": [[-80.2326037, 25.7263297], [-80.2324679, 25.7264622]]}, "properties": {"project": "PH7113", "date": "19751101", "kind": "Pier", "source": "TP00424"}}, {"type": "Feature", "geometry": {"type": "LineString", "coordinates": [[-80.2363429, 25.7264371], [-80.2362167, 25.7263272]]}, "properties": {"project": "PH7113", "date": "19751101", "kind": "Man-made", "source": "TP00424"}}, {"type": "Feature", "geometry": {"type": "LineString", "coordinates": [[-80.234421, 25.7264161], [-80.2343664, 25.726316]]}, "properties": {"project": "PH7113", "date": "19751101", "kind": "Pier", "source": "TP00424"}}, {"type": "Feature", "geometry": {"type": "LineString", "coordinates": [[-80.2091395, 25.7448619], [-80.2091202, 25.7448627], [-80.2090828, 25.7448538], [-80.2090079, 25.7448203], [-80.2088554, 25.7447541], [-80.2088055, 25.7447294], [-80.208795, 25.7447207], [-80.2087912, 25.7447093], [-80.2087923, 25.7446945], [-80.2088682999999, 25.7445511], [-80.2088761, 25.7445285], [-80.2088733, 25.744518], [-80.2088503, 25.7445127], [-80.2088377, 25.7445196], [-80.2088241, 25.7445343], [-80.2087335, 25.7447046], [-80.2087315, 25.7447194], [-80.2087362, 25.7447325], [-80.2087486, 25.7447466], [-80.2088129, 25.7447774], [-80.2089453, 25.7448339], [-80.2090077, 25.7448612], [-80.2090556, 25.7448806], [-80.2090806, 25.7448886], [-80.2091065, 25.744894], [-80.209119, 25.7449001], [-80.2091324, 25.7449089]]}, "properties": {"project": "PH7113", "date": "19751101", "kind": "Man-made", "source": "TP00424"}}, {"type": "Feature", "geometry": {"type": "LineString", "coordinates": [[-80.2096919, 25.7442688], [-80.209686, 25.7442949], [-80.2096635, 25.7443401], [-80.2096548, 25.7443575], [-80.2096364, 25.7443635], [-80.2096259, 25.7443625], [-80.2096086, 25.7443537], [-80.2095712, 25.7443387], [-80.2095404, 25.7443290000001], [-80.2095222, 25.7443271], [-80.209499, 25.7443357], [-80.2094584, 25.7443599], [-80.2094382, 25.7443642], [-80.2094257, 25.7443685], [-80.2094208, 25.7443789], [-80.2094226, 25.7443902], [-80.2094351, 25.7444042], [-80.2094465, 25.7444156], [-80.2094532, 25.7444279], [-80.2094531, 25.7444462], [-80.2094433, 25.7444635], [-80.2094241, 25.744466], [-80.2093991, 25.7444633], [-80.2093865, 25.7444632], [-80.2093663, 25.7444718], [-80.2093431, 25.7444891], [-80.2093198, 25.7445213], [-80.2093002, 25.7445665], [-80.2092845, 25.7446222], [-80.2092746, 25.7446587], [-80.2092676, 25.74469], [-80.2092607, 25.744717], [-80.2092529, 25.7447335], [-80.2092373999999, 25.7447474], [-80.20922, 25.7447586], [-80.2092007, 25.744776], [-80.2091803, 25.7448029], [-80.2091715, 25.7448281], [-80.2091617, 25.7448516], [-80.2091395, 25.7448619]]}, "properties": {"project": "PH7113", "date": "19751101", "kind": "Natural.Apparent.Mangrove Or Cypress", "source": "TP00424"}}, {"type": "Feature", "geometry": {"type": "LineString", "coordinates": [[-80.2097518, 25.7442334], [-80.2097288, 25.7442263], [-80.209702, 25.7442], [-80.2096772, 25.744172], [-80.2096754, 25.7441545], [-80.209687, 25.7441424], [-80.2096967, 25.7441302], [-80.2097006, 25.7441146], [-80.209649, 25.744062], [-80.2096395, 25.744055], [-80.2096241, 25.7440514], [-80.2095313, 25.7441137], [-80.2094848, 25.7441535], [-80.2094809, 25.7441622], [-80.2094808, 25.7441814], [-80.2094903, 25.7442023], [-80.2095266, 25.7442357], [-80.2095459, 25.7442375], [-80.2096039, 25.7441995], [-80.2096193, 25.7441891], [-80.2096423, 25.7442031], [-80.2096901, 25.7442557], [-80.2096919, 25.7442688]]}, "properties": {"project": "PH7113", "date": "19751101", "kind": "Man-made", "source": "TP00424"}}, {"type": "Feature", "geometry": {"type": "LineString", "coordinates": [[-80.2098578, 25.7438831], [-80.2098549, 25.7439051], [-80.2098586, 25.7439236], [-80.2098645, 25.7439416], [-80.2098761, 25.7439477], [-80.2098926, 25.7439533], [-80.2099097, 25.7439543], [-80.2099329, 25.7439485], [-80.2099556, 25.7439371], [-80.2100044, 25.7439069], [-80.2100569999999, 25.7438747], [-80.2100853, 25.7438558], [-80.2101064, 25.7438344], [-80.2101297, 25.7438161], [-80.2101652, 25.7437952], [-80.2102023, 25.7437704], [-80.2102235, 25.7437506], [-80.2102434, 25.7437327], [-80.2102551999999, 25.7437142], [-80.2102641, 25.7436958], [-80.2102742, 25.7436774], [-80.2102869, 25.7436669000001], [-80.2102854, 25.7436529], [-80.210276, 25.7436444000001], [-80.2102567, 25.7436423], [-80.2102235999999, 25.7436431], [-80.21018, 25.7436454], [-80.2101402, 25.7436527], [-80.2101059, 25.7436655], [-80.2100582, 25.7437022], [-80.2099817, 25.7437543], [-80.2099052, 25.7438104], [-80.2098802, 25.7438357], [-80.2098678999999, 25.7438512], [-80.2098578, 25.7438831]]}, "properties": {"project": "PH7113", "date": "19751101", "kind": "Natural.Mean High Water", "source": "TP00424"}}, {"type": "Feature", "geometry": {"type": "LineString", "coordinates": [[-80.2105937, 25.7435197], [-80.2105265, 25.7437808], [-80.2105033, 25.7438051], [-80.2104781, 25.7438259], [-80.2104356, 25.74385], [-80.2103892, 25.7438812], [-80.2103505, 25.7439141], [-80.210306, 25.7439574], [-80.210273, 25.7439921], [-80.2102401, 25.7440181], [-80.2101977, 25.7440353], [-80.2101552, 25.7440525], [-80.2100991, 25.744094], [-80.2099348, 25.7442064], [-80.2098962, 25.7442219], [-80.20985, 25.7442252], [-80.2097788, 25.7442318], [-80.2097518, 25.7442334]]}, "properties": {"project": "PH7113", "date": "19751101", "kind": "Man-made", "source": "TP00424"}}, {"type": "Feature", "geometry": {"type": "LineString", "coordinates": [[-80.2355003, 25.7263262], [-80.2354772, 25.7263448], [-80.235359, 25.726454], [-80.2351869, 25.7266139], [-80.2350231, 25.7267789], [-80.2349272, 25.7268697], [-80.2348882, 25.7268992]]}, "properties": {"project": "PH7113", "date": "19751101", "kind": "Man-made", "source": "TP00424"}}, {"type": "Feature", "geometry": {"type": "LineString", "coordinates": [[-80.2343664, 25.726316], [-80.2342784, 25.7263628]]}, "properties": {"project": "PH7113", "date": "19751101", "kind": "Pier", "source": "TP00424"}}, {"type": "Feature", "geometry": {"type": "LineString", "coordinates": [[-80.2322255, 25.7263075], [-80.2320646, 25.7264701]]}, "properties": {"project": "PH7113", "date": "19751101", "kind": "Pier", "source": "TP00424"}}, {"type": "Feature", "geometry": {"type": "LineString", "coordinates": [[-80.2322255, 25.7263075], [-80.2323153, 25.7263915]]}, "properties": {"project": "PH7113", "date": "19751101", "kind": "Pier", "source": "TP00424"}}, {"type": "Feature", "geometry": {"type": "LineString", "coordinates": [[-80.2334113, 25.7263063], [-80.2333083, 25.7263544]]}, "properties": {"project": "PH7113", "date": "19751101", "kind": "Pier", "source": "TP00424"}}, {"type": "Feature", "geometry": {"type": "LineString", "coordinates": [[-80.2334113, 25.7263063], [-80.2334588, 25.7263912]]}, "properties": {"project": "PH7113", "date": "19751101", "kind": "Pier", "source": "TP00424"}}, {"type": "Feature", "geometry": {"type": "LineString", "coordinates": [[-80.2344666, 25.726392], [-80.2344165, 25.7262987]]}, "properties": {"project": "PH7113", "date": "19751101", "kind": "Pier", "source": "TP00424"}}, {"type": "Feature", "geometry": {"type": "LineString", "coordinates": [[-80.2335797, 25.7262955], [-80.2334901, 25.7263334]]}, "properties": {"project": "PH7113", "date": "19751101", "kind": "Pier", "source": "TP00424"}}, {"type": "Feature", "geometry": {"type": "LineString", "coordinates": [[-80.2322591, 25.7262735], [-80.2322255, 25.7263075]]}, "properties": {"project": "PH7113", "date": "19751101", "kind": "Pier", "source": "TP00424"}}, {"type": "Feature", "geometry": {"type": "LineString", "coordinates": [[-80.232364, 25.7263678], [-80.2322591, 25.7262735]]}, "properties": {"project": "PH7113", "date": "19751101", "kind": "Pier", "source": "TP00424"}}, {"type": "Feature", "geometry": {"type": "LineString", "coordinates": [[-80.2345113, 25.7262551], [-80.2344165, 25.7262987]]}, "properties": {"project": "PH7113", "date": "19751101", "kind": "Pier", "source": "TP00424"}}, {"type": "Feature", "geometry": {"type": "LineString", "coordinates": [[-80.2362167, 25.7263272], [-80.2361099, 25.726239]]}, "properties": {"project": "PH7113", "date": "19751101", "kind": "Man-made", "source": "TP00424"}}, {"type": "Feature", "geometry": {"type": "LineString", "coordinates": [[-80.2363043, 25.7262528], [-80.2362167, 25.7263272]]}, "properties": {"project": "PH7113", "date": "19751101", "kind": "Pier", "source": "TP00424"}}, {"type": "Feature", "geometry": {"type": "LineString", "coordinates": [[-80.2343204, 25.7262413], [-80.2342086, 25.7262929]]}, "properties": {"project": "PH7113", "date": "19751101", "kind": "Pier", "source": "TP00424"}}, {"type": "Feature", "geometry": {"type": "LineString", "coordinates": [[-80.2343664, 25.726316], [-80.2343204, 25.7262413]]}, "properties": {"project": "PH7113", "date": "19751101", "kind": "Pier", "source": "TP00424"}}, {"type": "Feature", "geometry": {"type": "LineString", "coordinates": [[-80.2334901, 25.7263334], [-80.2334324, 25.7262309]]}, "properties": {"project": "PH7113", "date": "19751101", "kind": "Pier", "source": "TP00424"}}, {"type": "Feature", "geometry": {"type": "LineString", "coordinates": [[-80.2333592, 25.7262206], [-80.2332821, 25.7262579]]}, "properties": {"project": "PH7113", "date": "19751101", "kind": "Pier", "source": "TP00424"}}, {"type": "Feature", "geometry": {"type": "LineString", "coordinates": [[-80.2333592, 25.7262206], [-80.2334113, 25.7263063]]}, "properties": {"project": "PH7113", "date": "19751101", "kind": "Pier", "source": "TP00424"}}, {"type": "Feature", "geometry": {"type": "LineString", "coordinates": [[-80.2344165, 25.7262987], [-80.2343663, 25.7262167]]}, "properties": {"project": "PH7113", "date": "19751101", "kind": "Pier", "source": "TP00424"}}, {"type": "Feature", "geometry": {"type": "LineString", "coordinates": [[-80.2325287, 25.7262087], [-80.232364, 25.7263678]]}, "properties": {"project": "PH7113", "date": "19751101", "kind": "Pier", "source": "TP00424"}}, {"type": "Feature", "geometry": {"type": "LineString", "coordinates": [[-80.2388086, 25.7261875], [-80.238803, 25.7261947], [-80.2387871, 25.7262272], [-80.2387775, 25.7262612], [-80.238779, 25.7262782], [-80.238771, 25.7262966], [-80.2387584, 25.7263135], [-80.2387473, 25.7263432], [-80.238747, 25.72639], [-80.2387513, 25.7264467], [-80.2387479, 25.7264935], [-80.2387398, 25.7265289], [-80.2387302, 25.7265671], [-80.238719, 25.7266025], [-80.2386953, 25.7266392], [-80.2386685, 25.7266703], [-80.2386495, 25.7267056], [-80.2386305, 25.7267452], [-80.2386178, 25.7267749], [-80.2386113, 25.7267989], [-80.2385924, 25.7268314], [-80.2385776, 25.7268488], [-80.2385577, 25.7268724], [-80.2385183, 25.726909], [-80.2384617, 25.7269612], [-80.2383799, 25.7270174], [-80.2382841, 25.7270793], [-80.2381954, 25.727143]]}, "properties": {"project": "PH7113", "date": "19751101", "kind": "Natural.Mean High Water", "source": "TP00424"}}, {"type": "Feature", "geometry": {"type": "LineString", "coordinates": [[-80.233524, 25.7261838], [-80.2334324, 25.7262309]]}, "properties": {"project": "PH7113", "date": "19751101", "kind": "Pier", "source": "TP00424"}}, {"type": "Feature", "geometry": {"type": "LineString", "coordinates": [[-80.2344553, 25.7261803], [-80.2343663, 25.7262167]]}, "properties": {"project": "PH7113", "date": "19751101", "kind": "Pier", "source": "TP00424"}}, {"type": "Feature", "geometry": {"type": "LineString", "coordinates": [[-80.2361833, 25.7261709], [-80.2361099, 25.726239]]}, "properties": {"project": "PH7113", "date": "19751101", "kind": "Pier", "source": "TP00424"}}, {"type": "Feature", "geometry": {"type": "LineString", "coordinates": [[-80.2342681, 25.7261481], [-80.2341759, 25.7261931]]}, "properties": {"project": "PH7113", "date": "19751101", "kind": "Pier", "source": "TP00424"}}, {"type": "Feature", "geometry": {"type": "LineString", "coordinates": [[-80.2343204, 25.7262413], [-80.2342681, 25.7261481]]}, "properties": {"project": "PH7113", "date": "19751101", "kind": "Pier", "source": "TP00424"}}, {"type": "Feature", "geometry": {"type": "LineString", "coordinates": [[-80.2334324, 25.7262309], [-80.2333776, 25.7261384]]}, "properties": {"project": "PH7113", "date": "19751101", "kind": "Pier", "source": "TP00424"}}, {"type": "Feature", "geometry": {"type": "LineString", "coordinates": [[-80.235394, 25.7261339], [-80.2352682, 25.7261862]]}, "properties": {"project": "PH7113", "date": "19751101", "kind": "Pier", "source": "TP00424"}}, {"type": "Feature", "geometry": {"type": "LineString", "coordinates": [[-80.235394, 25.7261339], [-80.2355003, 25.7263262]]}, "properties": {"project": "PH7113", "date": "19751101", "kind": "Pier", "source": "TP00424"}}, {"type": "Feature", "geometry": {"type": "LineString", "coordinates": [[-80.2333137, 25.7261328], [-80.2332253, 25.7261772]]}, "properties": {"project": "PH7113", "date": "19751101", "kind": "Pier", "source": "TP00424"}}, {"type": "Feature", "geometry": {"type": "LineString", "coordinates": [[-80.2333137, 25.7261328], [-80.2333592, 25.7262206]]}, "properties": {"project": "PH7113", "date": "19751101", "kind": "Pier", "source": "TP00424"}}, {"type": "Feature", "geometry": {"type": "LineString", "coordinates": [[-80.2361099, 25.726239], [-80.2359709, 25.7261299]]}, "properties": {"project": "PH7113", "date": "19751101", "kind": "Man-made", "source": "TP00424"}}, {"type": "Feature", "geometry": {"type": "LineString", "coordinates": [[-80.2324034, 25.7261276], [-80.2322591, 25.7262735]]}, "properties": {"project": "PH7113", "date": "19751101", "kind": "Pier", "source": "TP00424"}}, {"type": "Feature", "geometry": {"type": "LineString", "coordinates": [[-80.2343663, 25.7262167], [-80.2343142, 25.7261243]]}, "properties": {"project": "PH7113", "date": "19751101", "kind": "Pier", "source": "TP00424"}}, {"type": "Feature", "geometry": {"type": "LineString", "coordinates": [[-80.2342159, 25.7260554], [-80.2341127, 25.7261006]]}, "properties": {"project": "PH7113", "date": "19751101", "kind": "Pier", "source": "TP00424"}}, {"type": "Feature", "geometry": {"type": "LineString", "coordinates": [[-80.2388086, 25.7261875], [-80.2387088999999, 25.7260962], [-80.2386209, 25.7260957]]}, "properties": {"project": "PH7113", "date": "19751101", "kind": "Pier", "source": "TP00424"}}, {"type": "Feature", "geometry": {"type": "LineString", "coordinates": [[-80.2334672, 25.726093], [-80.2333776, 25.7261384]]}, "properties": {"project": "PH7113", "date": "19751101", "kind": "Pier", "source": "TP00424"}}, {"type": "Feature", "geometry": {"type": "LineString", "coordinates": [[-80.2344236, 25.7260788], [-80.2343142, 25.7261243]]}, "properties": {"project": "PH7113", "date": "19751101", "kind": "Pier", "source": "TP00424"}}, {"type": "Feature", "geometry": {"type": "LineString", "coordinates": [[-80.2342681, 25.7261481], [-80.2342159, 25.7260554]]}, "properties": {"project": "PH7113", "date": "19751101", "kind": "Pier", "source": "TP00424"}}, {"type": "Feature", "geometry": {"type": "LineString", "coordinates": [[-80.2333776, 25.7261384], [-80.2333294, 25.726053]]}, "properties": {"project": "PH7113", "date": "19751101", "kind": "Pier", "source": "TP00424"}}, {"type": "Feature", "geometry": {"type": "LineString", "coordinates": [[-80.2077994, 25.7460145], [-80.2077603, 25.7459601]]}, "properties": {"project": "PH7113", "date": "19751101", "kind": "Pier", "source": "TP00424"}}, {"type": "Feature", "geometry": {"type": "LineString", "coordinates": [[-80.2082628, 25.7457727], [-80.2082326, 25.745793], [-80.2082056, 25.7458103], [-80.2081129, 25.7458595], [-80.2079951, 25.7459198], [-80.2077994, 25.7460145]]}, "properties": {"project": "PH7113", "date": "19751101", "kind": "Man-made", "source": "TP00424"}}, {"type": "Feature", "geometry": {"type": "LineString", "coordinates": [[-80.2082628, 25.7457727], [-80.2082167, 25.7456904], [-80.2081779, 25.7457126]]}, "properties": {"project": "PH7113", "date": "19751101", "kind": "Pier", "source": "TP00424"}}, {"type": "Feature", "geometry": {"type": "LineString", "coordinates": [[-80.2014834, 25.7474741], [-80.2015289, 25.7474764], [-80.2015544, 25.7474785], [-80.201571, 25.7474786], [-80.201591, 25.7474747], [-80.2016066, 25.7474647], [-80.2016145, 25.7474507], [-80.2016179, 25.7474367], [-80.2016092, 25.7474135000001], [-80.2015916, 25.7473933], [-80.2015518, 25.747365], [-80.2015198, 25.7473487], [-80.20148, 25.7473304], [-80.2014424, 25.7473122], [-80.2014059, 25.7472979], [-80.2013616, 25.7472856], [-80.2013262, 25.7472734], [-80.2012996, 25.7472591], [-80.2012566, 25.7472348], [-80.2012102, 25.7471994], [-80.2011725999999, 25.7471761], [-80.2011252, 25.7471407], [-80.2010833, 25.7471093], [-80.2010523, 25.74709], [-80.2010147, 25.7470707], [-80.2009838, 25.7470575], [-80.2009495, 25.7470453], [-80.2009163, 25.747026], [-80.2008887, 25.7470037000001], [-80.2008678, 25.7469815], [-80.2008613, 25.7469564], [-80.2008438, 25.7469261], [-80.2008174, 25.7468918], [-80.2007899, 25.7468565], [-80.2007293, 25.7467929], [-80.200682, 25.7467364], [-80.2005674, 25.7466213], [-80.2004902, 25.7465586], [-80.2004484, 25.7465141], [-80.2003999, 25.7464576], [-80.2003382, 25.746399], [-80.2002565, 25.7463383], [-80.2001528, 25.7462594], [-80.2000778, 25.7462007], [-80.2000336, 25.7461783], [-80.1999717, 25.7461418], [-80.1999341, 25.7461175], [-80.1999055, 25.7460933], [-80.1998768, 25.746071], [-80.1998392, 25.7460447], [-80.1998038999999, 25.7460163], [-80.1997703, 25.7460043], [-80.1997226, 25.7459819], [-80.1996559, 25.7459355], [-80.1995621, 25.7458612], [-80.1994811, 25.7457737], [-80.199445, 25.7457538], [-80.1993508, 25.7457451], [-80.1992639, 25.7457364], [-80.1991698, 25.7457178], [-80.1990973, 25.7457076], [-80.1989923, 25.7456889], [-80.1988511, 25.7456603], [-80.1987679, 25.7456401], [-80.1986809, 25.7456363], [-80.1985849, 25.7456342], [-80.1985052, 25.7456305], [-80.1984219, 25.7456169], [-80.198268, 25.7455963], [-80.1981991, 25.745591], [-80.1980434, 25.7455737], [-80.1978585, 25.7455662], [-80.1977172, 25.7455588], [-80.1976375, 25.7455502], [-80.1975361, 25.7455348], [-80.197424, 25.7455014], [-80.1973588, 25.7454961], [-80.1973135, 25.7454942], [-80.1972609, 25.7454988], [-80.1971865, 25.7455001], [-80.197134, 25.7454965], [-80.1970398, 25.7454927], [-80.1969818, 25.7454891], [-80.196902, 25.7455001], [-80.1967642, 25.7455027], [-80.1964707, 25.7454912], [-80.1963636999999, 25.7454906], [-80.1962442, 25.745485], [-80.1960448, 25.7454888], [-80.1959741, 25.7454884], [-80.1958906999999, 25.745483], [-80.1957494, 25.7454773], [-80.19557, 25.7454796], [-80.1954521, 25.7454839], [-80.1953832, 25.7454934], [-80.1953196, 25.7455078], [-80.1951257, 25.7455133], [-80.1950351, 25.7455078], [-80.1949427, 25.7454958], [-80.1948141, 25.7454885], [-80.1946709, 25.7454861000001], [-80.1944551, 25.7455046], [-80.1943029, 25.745507], [-80.1940437, 25.7455089], [-80.1938298, 25.7455044], [-80.1936866, 25.7455052], [-80.1936376, 25.7455148], [-80.1935596, 25.7455209], [-80.1934364, 25.7455202], [-80.1933259, 25.7455163], [-80.1931864, 25.7455057], [-80.1929272, 25.7455026], [-80.1927913, 25.7455019], [-80.1926208, 25.7455124], [-80.1923996, 25.7455358], [-80.1922001, 25.7455445000001], [-80.1920298, 25.7455452], [-80.1919571, 25.7455612], [-80.1918338999999, 25.7455621], [-80.1917505, 25.7455584], [-80.1915713, 25.7455311000001], [-80.1913866, 25.7454989], [-80.1912616, 25.7454998], [-80.1911256, 25.7455056], [-80.1910168, 25.7455132], [-80.1909116, 25.745529], [-80.1908189, 25.745558], [-80.190779, 25.7455726], [-80.190643, 25.7455784], [-80.1905886, 25.7455879], [-80.1905303, 25.7456303], [-80.1904903, 25.7456432], [-80.1903887, 25.745659], [-80.1903125, 25.7456734], [-80.1902273, 25.7456778], [-80.1900406, 25.7456817], [-80.189919, 25.7456957], [-80.1898119, 25.7457165], [-80.1897502, 25.7457309], [-80.1896197, 25.7457416], [-80.1895653, 25.7457463], [-80.1895089, 25.7457771], [-80.1894525, 25.7458047], [-80.1894014, 25.7458471], [-80.1893558, 25.745901], [-80.1893263, 25.7459665]]}, "properties": {"project": "PH7113", "date": "19751101", "kind": "Natural.Mean High Water", "source": "TP00424"}}, {"type": "Feature", "geometry": {"type": "LineString", "coordinates": [[-80.2332452, 25.7269639], [-80.2331498, 25.7270602]]}, "properties": {"project": "PH7113", "date": "19751101", "kind": "Pier", "source": "TP00424"}}, {"type": "Feature", "geometry": {"type": "LineString", "coordinates": [[-80.2010335, 25.7472557], [-80.2014834, 25.7474741]]}, "properties": {"project": "PH7113", "date": "19751101", "kind": "Undetermined.Approximate", "source": "TP00424"}}, {"type": "Feature", "geometry": {"type": "LineString", "coordinates": [[-80.2348417, 25.7269329], [-80.234837, 25.7269446], [-80.2348007, 25.7269838], [-80.2347337, 25.7270488], [-80.2346769, 25.7271097], [-80.2345513, 25.7272246], [-80.2344694, 25.7272996], [-80.2344043, 25.727357], [-80.2343923, 25.7273645], [-80.2343802, 25.7273661], [-80.2343664, 25.7273644], [-80.2343544, 25.7273601], [-80.2343194, 25.7273348], [-80.2341934, 25.7272252], [-80.2340536, 25.727103], [-80.2339055, 25.7269741], [-80.2338935, 25.7269681], [-80.2338815, 25.7269689], [-80.2338704, 25.7269714], [-80.2338528, 25.7269721], [-80.233826, 25.726972]]}, "properties": {"project": "PH7113", "date": "19751101", "kind": "Man-made", "source": "TP00424"}}, {"type": "Feature", "geometry": {"type": "LineString", "coordinates": [[-80.2337546, 25.7269466], [-80.2336678, 25.7269837]]}, "properties": {"project": "PH7113", "date": "19751101", "kind": "Pier", "source": "TP00424"}}, {"type": "Feature", "geometry": {"type": "LineString", "coordinates": [[-80.2337546, 25.7269466], [-80.2337814, 25.7269952]]}, "properties": {"project": "PH7113", "date": "19751101", "kind": "Pier", "source": "TP00424"}}, {"type": "Feature", "geometry": {"type": "LineString", "coordinates": [[-80.2328287, 25.7270237], [-80.2329163, 25.7269321]]}, "properties": {"project": "PH7113", "date": "19751101", "kind": "Pier", "source": "TP00424"}}, {"type": "Feature", "geometry": {"type": "LineString", "coordinates": [[-80.2329163, 25.7269321], [-80.2330287, 25.7270268]]}, "properties": {"project": "PH7113", "date": "19751101", "kind": "Pier", "source": "TP00424"}}, {"type": "Feature", "geometry": {"type": "LineString", "coordinates": [[-80.233826, 25.726972], [-80.2337994, 25.7269091]]}, "properties": {"project": "PH7113", "date": "19751101", "kind": "Pier", "source": "TP00424"}}, {"type": "Feature", "geometry": {"type": "LineString", "coordinates": [[-80.2331523, 25.7268939000001], [-80.2330596, 25.7269836]]}, "properties": {"project": "PH7113", "date": "19751101", "kind": "Pier", "source": "TP00424"}}, {"type": "Feature", "geometry": {"type": "LineString", "coordinates": [[-80.2330596, 25.7269836], [-80.2329548, 25.7268933]]}, "properties": {"project": "PH7113", "date": "19751101", "kind": "Pier", "source": "TP00424"}}, {"type": "Feature", "geometry": {"type": "LineString", "coordinates": [[-80.233896, 25.7268651], [-80.2337994, 25.7269091]]}, "properties": {"project": "PH7113", "date": "19751101", "kind": "Pier", "source": "TP00424"}}, {"type": "Feature", "geometry": {"type": "LineString", "coordinates": [[-80.2337115, 25.7268564], [-80.2336258, 25.726898]]}, "properties": {"project": "PH7113", "date": "19751101", "kind": "Pier", "source": "TP00424"}}, {"type": "Feature", "geometry": {"type": "LineString", "coordinates": [[-80.2337115, 25.7268564], [-80.2337546, 25.7269466]]}, "properties": {"project": "PH7113", "date": "19751101", "kind": "Pier", "source": "TP00424"}}, {"type": "Feature", "geometry": {"type": "LineString", "coordinates": [[-80.2337994, 25.7269091], [-80.2337515, 25.7268181]]}, "properties": {"project": "PH7113", "date": "19751101", "kind": "Pier", "source": "TP00424"}}, {"type": "Feature", "geometry": {"type": "LineString", "coordinates": [[-80.2330688, 25.7267854], [-80.2329548, 25.7268933]]}, "properties": {"project": "PH7113", "date": "19751101", "kind": "Pier", "source": "TP00424"}}, {"type": "Feature", "geometry": {"type": "LineString", "coordinates": [[-80.2338476, 25.7267744], [-80.2337515, 25.7268181]]}, "properties": {"project": "PH7113", "date": "19751101", "kind": "Pier", "source": "TP00424"}}, {"type": "Feature", "geometry": {"type": "LineString", "coordinates": [[-80.2327392, 25.7267665], [-80.2326308, 25.7268752]]}, "properties": {"project": "PH7113", "date": "19751101", "kind": "Pier", "source": "TP00424"}}, {"type": "Feature", "geometry": {"type": "LineString", "coordinates": [[-80.2327392, 25.7267665], [-80.2329163, 25.7269321]]}, "properties": {"project": "PH7113", "date": "19751101", "kind": "Pier", "source": "TP00424"}}, {"type": "Feature", "geometry": {"type": "LineString", "coordinates": [[-80.2336572, 25.7267566], [-80.2335839, 25.7267931]]}, "properties": {"project": "PH7113", "date": "19751101", "kind": "Pier", "source": "TP00424"}}, {"type": "Feature", "geometry": {"type": "LineString", "coordinates": [[-80.2336572, 25.7267566], [-80.2337115, 25.7268564]]}, "properties": {"project": "PH7113", "date": "19751101", "kind": "Pier", "source": "TP00424"}}, {"type": "Feature", "geometry": {"type": "LineString", "coordinates": [[-80.2329548, 25.7268933], [-80.2327764, 25.7267315]]}, "properties": {"project": "PH7113", "date": "19751101", "kind": "Pier", "source": "TP00424"}}, {"type": "Feature", "geometry": {"type": "LineString", "coordinates": [[-80.2337515, 25.7268181], [-80.2336959, 25.7267076]]}, "properties": {"project": "PH7113", "date": "19751101", "kind": "Pier", "source": "TP00424"}}, {"type": "Feature", "geometry": {"type": "LineString", "coordinates": [[-80.2326395, 25.72668], [-80.232538, 25.7267801]]}, "properties": {"project": "PH7113", "date": "19751101", "kind": "Pier", "source": "TP00424"}}, {"type": "Feature", "geometry": {"type": "LineString", "coordinates": [[-80.2326395, 25.72668], [-80.2326614999999, 25.7266961], [-80.2327392, 25.7267665]]}, "properties": {"project": "PH7113", "date": "19751101", "kind": "Pier", "source": "TP00424"}}, {"type": "Feature", "geometry": {"type": "LineString", "coordinates": [[-80.2345588, 25.7266681], [-80.2344124, 25.7268134]]}, "properties": {"project": "PH7113", "date": "19751101", "kind": "Pier", "source": "TP00424"}}, {"type": "Feature", "geometry": {"type": "LineString", "coordinates": [[-80.2348417, 25.7269329], [-80.2348381, 25.726922], [-80.2348289, 25.726906], [-80.2347305, 25.7268243], [-80.2346569, 25.7267644], [-80.2346008, 25.7267122], [-80.2345588, 25.7266681]]}, "properties": {"project": "PH7113", "date": "19751101", "kind": "Pier", "source": "TP00424"}}, {"type": "Feature", "geometry": {"type": "LineString", "coordinates": [[-80.2348882, 25.7268992], [-80.2348688, 25.7268878], [-80.2348596, 25.7268802], [-80.2347262, 25.7267698], [-80.234638, 25.7266881], [-80.2346182, 25.7266652]]}, "properties": {"project": "PH7113", "date": "19751101", "kind": "Pier", "source": "TP00424"}}, {"type": "Feature", "geometry": {"type": "LineString", "coordinates": [[-80.23361, 25.7266629], [-80.2335355, 25.726699]]}, "properties": {"project": "PH7113", "date": "19751101", "kind": "Pier", "source": "TP00424"}}, {"type": "Feature", "geometry": {"type": "LineString", "coordinates": [[-80.23361, 25.7266629], [-80.2336572, 25.7267566]]}, "properties": {"project": "PH7113", "date": "19751101", "kind": "Pier", "source": "TP00424"}}, {"type": "Feature", "geometry": {"type": "LineString", "coordinates": [[-80.2338094999999, 25.7266527], [-80.2336959, 25.7267076]]}, "properties": {"project": "PH7113", "date": "19751101", "kind": "Pier", "source": "TP00424"}}, {"type": "Feature", "geometry": {"type": "LineString", "coordinates": [[-80.2327764, 25.7267315], [-80.2326821, 25.7266519]]}, "properties": {"project": "PH7113", "date": "19751101", "kind": "Pier", "source": "TP00424"}}, {"type": "Feature", "geometry": {"type": "LineString", "coordinates": [[-80.2336959, 25.7267076], [-80.2336441, 25.7266187]]}, "properties": {"project": "PH7113", "date": "19751101", "kind": "Pier", "source": "TP00424"}}, {"type": "Feature", "geometry": {"type": "LineString", "coordinates": [[-80.2069746, 25.7463173], [-80.2069483, 25.7462668]]}, "properties": {"project": "PH7113", "date": "19751101", "kind": "Pier", "source": "TP00424"}}, {"type": "Feature", "geometry": {"type": "LineString", "coordinates": [[-80.2067449, 25.7464075], [-80.2066995, 25.7464235], [-80.2066696, 25.7464329], [-80.2066465, 25.7464407000001], [-80.2066281, 25.7464475], [-80.2066175, 25.7464527], [-80.2066088, 25.746464], [-80.2066058, 25.7464831], [-80.2066027, 25.7465075], [-80.2065901, 25.7465301], [-80.2065601, 25.746557], [-80.206504, 25.7465993], [-80.2064479, 25.7466452], [-80.2063995, 25.7466851], [-80.206356, 25.7467171], [-80.2063289, 25.7467317], [-80.2062826, 25.7467524], [-80.2062286, 25.7467739000001], [-80.2061601, 25.7467979], [-80.2060907, 25.7468158], [-80.2060146, 25.7468276], [-80.2059347, 25.7468385], [-80.2059048, 25.7468445], [-80.2058798, 25.746853], [-80.2058479, 25.746872], [-80.2058093, 25.746891], [-80.2057688, 25.7469047], [-80.2057138, 25.7469219], [-80.2056733, 25.7469391], [-80.2056385, 25.7469563], [-80.2055942, 25.7469726], [-80.2055353, 25.7469923], [-80.2054929, 25.7470095], [-80.205325, 25.747074], [-80.2052517, 25.7471032], [-80.2051495, 25.7471436], [-80.2050568, 25.7471806], [-80.2048167, 25.7472699], [-80.2046132, 25.7473429], [-80.2043363, 25.7474468], [-80.2041965, 25.7475001], [-80.2040296, 25.7475619000001], [-80.2039862, 25.7475782], [-80.2039572, 25.7475902], [-80.2039167, 25.7476101], [-80.2037854, 25.7476747], [-80.2034341, 25.7478366], [-80.203021, 25.7480261], [-80.2027141, 25.7481725], [-80.2025829, 25.7482293], [-80.202552, 25.7482439], [-80.2025336, 25.7482517], [-80.2025076, 25.7482542], [-80.2024827, 25.7482514], [-80.2024596, 25.7482408], [-80.2024367, 25.7482207], [-80.2024042, 25.7481882], [-80.2023746, 25.7481541], [-80.2023565, 25.7481191], [-80.2023366, 25.7480798], [-80.2023195, 25.7480484], [-80.2023004, 25.7480256], [-80.2022784, 25.7480081], [-80.2022602, 25.7479975], [-80.2022323, 25.7479947], [-80.2021938, 25.7480015], [-80.2021523, 25.7480161], [-80.2021233, 25.7480333]]}, "properties": {"project": "PH7113", "date": "19751101", "kind": "Man-made", "source": "TP00424"}}, {"type": "Feature", "geometry": {"type": "LineString", "coordinates": [[-80.2067449, 25.7464075], [-80.2066941, 25.7463331]]}, "properties": {"project": "PH7113", "date": "19751101", "kind": "Pier", "source": "TP00424"}}, {"type": "Feature", "geometry": {"type": "LineString", "coordinates": [[-80.2069746, 25.7463173], [-80.2069619, 25.746323], [-80.2069425, 25.7463394], [-80.2069203, 25.7463515], [-80.206901, 25.7463592], [-80.2068692, 25.7463695], [-80.2068442, 25.7463746], [-80.2068172, 25.7463832], [-80.2067911, 25.7463926], [-80.2067449, 25.7464075]]}, "properties": {"project": "PH7113", "date": "19751101", "kind": "Man-made", "source": "TP00424"}}, {"type": "Feature", "geometry": {"type": "LineString", "coordinates": [[-80.2077994, 25.7460145], [-80.207579, 25.7461267], [-80.2075394, 25.7461431], [-80.2074912, 25.7461576], [-80.2074276, 25.7461747], [-80.2074045, 25.7461833], [-80.2073707, 25.7461971], [-80.2073369, 25.74621], [-80.2073042, 25.7462202], [-80.2072675, 25.7462349], [-80.2072328, 25.7462451], [-80.2072001, 25.7462476], [-80.207176, 25.74625], [-80.2071442, 25.7462568], [-80.2070911, 25.7462792], [-80.2070409, 25.7463025], [-80.2070188, 25.7463093], [-80.2069966, 25.7463118], [-80.2069746, 25.7463173]]}, "properties": {"project": "PH7113", "date": "19751101", "kind": "Man-made", "source": "TP00424"}}, {"type": "Feature", "geometry": {"type": "LineString", "coordinates": [[-80.2325473, 25.7266067], [-80.2325778, 25.726627], [-80.2325999, 25.7266413], [-80.2326211, 25.726659], [-80.2326395, 25.72668]]}, "properties": {"project": "PH7113", "date": "19751101", "kind": "Pier", "source": "TP00424"}}, {"type": "Feature", "geometry": {"type": "LineString", "coordinates": [[-80.2347328, 25.7266157], [-80.2346182, 25.7266652]]}, "properties": {"project": "PH7113", "date": "19751101", "kind": "Pier", "source": "TP00424"}}, {"type": "Feature", "geometry": {"type": "LineString", "coordinates": [[-80.2325473, 25.7266067], [-80.2324441, 25.7267084]]}, "properties": {"project": "PH7113", "date": "19751101", "kind": "Pier", "source": "TP00424"}}, {"type": "Feature", "geometry": {"type": "LineString", "coordinates": [[-80.2329063, 25.7266053], [-80.2327764, 25.7267315]]}, "properties": {"project": "PH7113", "date": "19751101", "kind": "Pier", "source": "TP00424"}}, {"type": "Feature", "geometry": {"type": "LineString", "coordinates": [[-80.2345183, 25.7266003], [-80.2344015, 25.7266491]]}, "properties": {"project": "PH7113", "date": "19751101", "kind": "Pier", "source": "TP00424"}}, {"type": "Feature", "geometry": {"type": "LineString", "coordinates": [[-80.2345588, 25.7266681], [-80.2345183, 25.7266003]]}, "properties": {"project": "PH7113", "date": "19751101", "kind": "Pier", "source": "TP00424"}}, {"type": "Feature", "geometry": {"type": "LineString", "coordinates": [[-80.2346182, 25.7266652], [-80.2345958, 25.7266359], [-80.2345664, 25.7265793]]}, "properties": {"project": "PH7113", "date": "19751101", "kind": "Pier", "source": "TP00424"}}, {"type": "Feature", "geometry": {"type": "LineString", "coordinates": [[-80.2337434, 25.7265778], [-80.2336441, 25.7266187]]}, "properties": {"project": "PH7113", "date": "19751101", "kind": "Pier", "source": "TP00424"}}, {"type": "Feature", "geometry": {"type": "LineString", "coordinates": [[-80.2335557, 25.7265777], [-80.2334861, 25.7266117]]}, "properties": {"project": "PH7113", "date": "19751101", "kind": "Pier", "source": "TP00424"}}, {"type": "Feature", "geometry": {"type": "LineString", "coordinates": [[-80.2335557, 25.7265777], [-80.23361, 25.7266629]]}, "properties": {"project": "PH7113", "date": "19751101", "kind": "Pier", "source": "TP00424"}}, {"type": "Feature", "geometry": {"type": "LineString", "coordinates": [[-80.2326821, 25.7266519], [-80.2325819, 25.72657]]}, "properties": {"project": "PH7113", "date": "19751101", "kind": "Pier", "source": "TP00424"}}, {"type": "Feature", "geometry": {"type": "LineString", "coordinates": [[-80.2336441, 25.7266187], [-80.2335896, 25.7265254]]}, "properties": {"project": "PH7113", "date": "19751101", "kind": "Pier", "source": "TP00424"}}, {"type": "Feature", "geometry": {"type": "LineString", "coordinates": [[-80.2346954, 25.7265242], [-80.2345664, 25.7265793]]}, "properties": {"project": "PH7113", "date": "19751101", "kind": "Pier", "source": "TP00424"}}, {"type": "Feature", "geometry": {"type": "LineString", "coordinates": [[-80.2328227, 25.7265152], [-80.2326821, 25.7266519]]}, "properties": {"project": "PH7113", "date": "19751101", "kind": "Pier", "source": "TP00424"}}, {"type": "Feature", "geometry": {"type": "LineString", "coordinates": [[-80.2344664, 25.7265116], [-80.234366, 25.726556]]}, "properties": {"project": "PH7113", "date": "19751101", "kind": "Pier", "source": "TP00424"}}, {"type": "Feature", "geometry": {"type": "LineString", "coordinates": [[-80.2345183, 25.7266003], [-80.2344664, 25.7265116]]}, "properties": {"project": "PH7113", "date": "19751101", "kind": "Pier", "source": "TP00424"}}, {"type": "Feature", "geometry": {"type": "LineString", "coordinates": [[-80.2324329, 25.7265026], [-80.2323106, 25.7266189]]}, "properties": {"project": "PH7113", "date": "19751101", "kind": "Pier", "source": "TP00424"}}, {"type": "Feature", "geometry": {"type": "LineString", "coordinates": [[-80.2324329, 25.7265026], [-80.2325473, 25.7266067]]}, "properties": {"project": "PH7113", "date": "19751101", "kind": "Pier", "source": "TP00424"}}, {"type": "Feature", "geometry": {"type": "LineString", "coordinates": [[-80.2345664, 25.7265793], [-80.2345418, 25.7265401], [-80.2345173, 25.7264926]]}, "properties": {"project": "PH7113", "date": "19751101", "kind": "Pier", "source": "TP00424"}}, {"type": "Feature", "geometry": {"type": "LineString", "coordinates": [[-80.2336923, 25.7264787], [-80.2335896, 25.7265254]]}, "properties": {"project": "PH7113", "date": "19751101", "kind": "Pier", "source": "TP00424"}}, {"type": "Feature", "geometry": {"type": "LineString", "coordinates": [[-80.2335024, 25.7264778], [-80.2334099, 25.726525]]}, "properties": {"project": "PH7113", "date": "19751101", "kind": "Pier", "source": "TP00424"}}, {"type": "Feature", "geometry": {"type": "LineString", "coordinates": [[-80.2335024, 25.7264778], [-80.2335557, 25.7265777]]}, "properties": {"project": "PH7113", "date": "19751101", "kind": "Pier", "source": "TP00424"}}, {"type": "Feature", "geometry": {"type": "LineString", "coordinates": [[-80.2325819, 25.72657], [-80.2324679, 25.7264622]]}, "properties": {"project": "PH7113", "date": "19751101", "kind": "Pier", "source": "TP00424"}}, {"type": "Feature", "geometry": {"type": "LineString", "coordinates": [[-80.2327103, 25.7264451], [-80.2325819, 25.72657]]}, "properties": {"project": "PH7113", "date": "19751101", "kind": "Pier", "source": "TP00424"}}, {"type": "Feature", "geometry": {"type": "LineString", "coordinates": [[-80.2346247, 25.7264442], [-80.2345173, 25.7264926]]}, "properties": {"project": "PH7113", "date": "19751101", "kind": "Pier", "source": "TP00424"}}, {"type": "Feature", "geometry": {"type": "LineString", "coordinates": [[-80.2373987, 25.7274443], [-80.2373287, 25.7274471], [-80.2372769999999, 25.7274553], [-80.2371471, 25.7274561], [-80.2370536, 25.7271593], [-80.2369936, 25.7269889], [-80.2369298, 25.7269376], [-80.2367026, 25.7267464], [-80.2365018, 25.726571], [-80.2363429, 25.7264371]]}, "properties": {"project": "PH7113", "date": "19751101", "kind": "Man-made", "source": "TP00424"}}, {"type": "Feature", "geometry": {"type": "LineString", "coordinates": [[-80.2312307, 25.7252219], [-80.2312424, 25.7252451], [-80.2312475, 25.7252559], [-80.2312713, 25.7252606], [-80.23129, 25.725253], [-80.2313174, 25.7252347], [-80.2313447, 25.7252148], [-80.2313721, 25.725198], [-80.231413, 25.7251828], [-80.2314403, 25.7251690000001], [-80.2314608, 25.7251553], [-80.2314779, 25.7251461], [-80.2314899, 25.7251338], [-80.231507, 25.7251139], [-80.2315259, 25.7250924], [-80.2315448, 25.7250709], [-80.2315635, 25.7250603], [-80.2316182, 25.7250359], [-80.2316506, 25.7250206000001], [-80.2316813, 25.7250085], [-80.2317, 25.7250055], [-80.2317223, 25.7249902], [-80.2318042, 25.7249505], [-80.2320398, 25.7248269], [-80.2321217, 25.7247935], [-80.2321405, 25.7247843], [-80.232161, 25.7247659], [-80.2321918, 25.7247507], [-80.2323693, 25.7246637], [-80.2325297, 25.724586], [-80.232586, 25.7245632], [-80.2326441, 25.7245373], [-80.2326918, 25.7245221], [-80.2327412, 25.7245116], [-80.2327804, 25.7245071], [-80.2328077, 25.7244965], [-80.2329304, 25.7244632], [-80.2330225, 25.7244283], [-80.2330891, 25.724404], [-80.2331164, 25.7243918], [-80.2331437, 25.724378], [-80.2332204, 25.7243522], [-80.2332835, 25.7243341], [-80.2333108, 25.7243265], [-80.23335, 25.724319], [-80.2333925, 25.7243162], [-80.2334215, 25.7243132], [-80.233447, 25.7243057], [-80.2334846, 25.7242889], [-80.2335137, 25.7242659], [-80.2335461, 25.7242553], [-80.2335682, 25.7242539], [-80.2336124, 25.7242541], [-80.2336312, 25.7242527], [-80.2336499, 25.7242435], [-80.2336637, 25.7242282], [-80.2336944, 25.724216], [-80.2337301, 25.72421], [-80.2337625, 25.7242102], [-80.2338033, 25.7242073], [-80.2338306, 25.7242013], [-80.2338443, 25.7241921], [-80.2338767, 25.7241831], [-80.233909, 25.7241863], [-80.2339344, 25.7241926], [-80.2339617, 25.7241912], [-80.2339821, 25.7241867], [-80.2340043, 25.7241729], [-80.2340181, 25.7241561], [-80.234025, 25.7241345], [-80.2340269, 25.7241114], [-80.2340235, 25.7240991], [-80.2340151, 25.7240851], [-80.233988, 25.7240727], [-80.2339506, 25.7240663], [-80.2338962, 25.7240583], [-80.2338605, 25.7240535], [-80.2338214, 25.7240456], [-80.2337976, 25.7240378], [-80.2337704, 25.7240376], [-80.2337209, 25.7240543], [-80.2336732, 25.7240726], [-80.2336254, 25.7240862], [-80.2335896, 25.7241014], [-80.2335503, 25.7241243], [-80.2334803, 25.7241548], [-80.2334206, 25.7241791], [-80.2333626, 25.7242004], [-80.2333029, 25.7242263], [-80.2332552, 25.7242414], [-80.2332211, 25.7242505], [-80.2331546, 25.7242748], [-80.2330983, 25.7242946], [-80.2330641, 25.7243113], [-80.2330146, 25.7243373], [-80.2329549, 25.7243632], [-80.2328918, 25.7243875], [-80.2328218, 25.7244164], [-80.2326565, 25.7244633], [-80.2325064, 25.7245072], [-80.2323734, 25.7245497], [-80.232283, 25.7245847], [-80.2322164, 25.7246213], [-80.2321719, 25.7246565], [-80.2321377, 25.7246856], [-80.2320951, 25.7246993], [-80.2320593, 25.724713], [-80.2320149, 25.7247328], [-80.2319142, 25.7247816], [-80.2318596, 25.7247952], [-80.231817, 25.7248088], [-80.2317676, 25.7248255], [-80.2317181, 25.7248407], [-80.2316583, 25.7248727], [-80.2315849, 25.7249093], [-80.2315422, 25.7249337], [-80.2314944, 25.7249674], [-80.2314449, 25.7249933], [-80.2314056, 25.7250193], [-80.2313559, 25.7250746], [-80.2313182, 25.7251052], [-80.231284, 25.7251358], [-80.2312497, 25.7251711], [-80.231236, 25.7251911], [-80.2312307, 25.7252219]]}, "properties": {"project": "PH7113", "date": "19751101", "kind": "Natural.Mean High Water", "source": "TP00424"}}, {"type": "Feature", "geometry": {"type": "LineString", "coordinates": [[-80.2012452, 25.7485447], [-80.2012976, 25.7485061]]}, "properties": {"project": "PH7113", "date": "19751101", "kind": "Pier", "source": "TP00424"}}, {"type": "Feature", "geometry": {"type": "LineString", "coordinates": [[-80.2013792, 25.7486113000001], [-80.2013388, 25.7486417], [-80.2012453, 25.7487133], [-80.2011806, 25.7487695], [-80.2011063, 25.7488308], [-80.2009702, 25.7489456], [-80.2009586, 25.7489568], [-80.200588, 25.7492608], [-80.2001267, 25.7496372], [-80.2000069, 25.7497652], [-80.1998987, 25.7498741], [-80.1997702, 25.7500068], [-80.1996134, 25.75015], [-80.1994588, 25.7503203], [-80.1994174, 25.7503778], [-80.1993859, 25.7504369], [-80.1992095, 25.7506057], [-80.1991503, 25.7506839], [-80.1990983, 25.7507336], [-80.199113, 25.7507622], [-80.19906, 25.7508262], [-80.1989379, 25.7509346000001], [-80.1989203, 25.7509496], [-80.1989084, 25.7509682], [-80.1991463, 25.7512876], [-80.1991562, 25.7513047], [-80.1988642, 25.7516085], [-80.1987721, 25.7516901]]}, "properties": {"project": "PH7113", "date": "19751101", "kind": "Man-made", "source": "TP00424"}}, {"type": "Feature", "geometry": {"type": "LineString", "coordinates": [[-80.201282, 25.7485853], [-80.20133, 25.7485479]]}, "properties": {"project": "PH7113", "date": "19751101", "kind": "Pier", "source": "TP00424"}}, {"type": "Feature", "geometry": {"type": "LineString", "coordinates": [[-80.2013792, 25.7486113000001], [-80.20133, 25.7485479]]}, "properties": {"project": "PH7113", "date": "19751101", "kind": "Pier", "source": "TP00424"}}, {"type": "Feature", "geometry": {"type": "LineString", "coordinates": [[-80.20133, 25.7485479], [-80.2012976, 25.7485061]]}, "properties": {"project": "PH7113", "date": "19751101", "kind": "Pier", "source": "TP00424"}}, {"type": "Feature", "geometry": {"type": "LineString", "coordinates": [[-80.2015624, 25.7483595], [-80.2015199, 25.7483904]]}, "properties": {"project": "PH7113", "date": "19751101", "kind": "Pier", "source": "TP00424"}}, {"type": "Feature", "geometry": {"type": "LineString", "coordinates": [[-80.20133, 25.7485479], [-80.2013864, 25.748504]]}, "properties": {"project": "PH7113", "date": "19751101", "kind": "Pier", "source": "TP00424"}}, {"type": "Feature", "geometry": {"type": "LineString", "coordinates": [[-80.2012976, 25.7485061], [-80.2013568, 25.7484624000001]]}, "properties": {"project": "PH7113", "date": "19751101", "kind": "Pier", "source": "TP00424"}}, {"type": "Feature", "geometry": {"type": "LineString", "coordinates": [[-80.2016205, 25.7484323], [-80.2013792, 25.7486113000001]]}, "properties": {"project": "PH7113", "date": "19751101", "kind": "Man-made", "source": "TP00424"}}, {"type": "Feature", "geometry": {"type": "LineString", "coordinates": [[-80.2016205, 25.7484323], [-80.2015624, 25.7483595]]}, "properties": {"project": "PH7113", "date": "19751101", "kind": "Pier", "source": "TP00424"}}, {"type": "Feature", "geometry": {"type": "LineString", "coordinates": [[-80.2015319, 25.7483213], [-80.2014707, 25.7483657]]}, "properties": {"project": "PH7113", "date": "19751101", "kind": "Pier", "source": "TP00424"}}, {"type": "Feature", "geometry": {"type": "LineString", "coordinates": [[-80.2015624, 25.7483595], [-80.2015319, 25.7483213]]}, "properties": {"project": "PH7113", "date": "19751101", "kind": "Pier", "source": "TP00424"}}, {"type": "Feature", "geometry": {"type": "LineString", "coordinates": [[-80.2016172, 25.7483197], [-80.2015624, 25.7483595]]}, "properties": {"project": "PH7113", "date": "19751101", "kind": "Pier", "source": "TP00424"}}, {"type": "Feature", "geometry": {"type": "LineString", "coordinates": [[-80.2386588, 25.7234058], [-80.2386848, 25.7233998], [-80.2387040999999, 25.7233921], [-80.2387273, 25.7233748], [-80.2387418, 25.7233531], [-80.2387487, 25.7233314], [-80.2387498, 25.7233078], [-80.2387432, 25.7232921], [-80.2387289, 25.7232764], [-80.2387097, 25.7232632], [-80.2386906, 25.7232527], [-80.2386618, 25.7232412], [-80.238633, 25.7232349], [-80.2385964, 25.7232347], [-80.2385676, 25.7232381], [-80.2385204, 25.7232492], [-80.2384712, 25.7232663], [-80.2384018, 25.7232947], [-80.2383333, 25.7233274], [-80.2382059, 25.7233956], [-80.2381326, 25.7234344], [-80.2380911, 25.7234542], [-80.2380372, 25.7234696], [-80.2379861, 25.7234885], [-80.237936, 25.7234996], [-80.2378965, 25.7235124], [-80.2378338, 25.7235356], [-80.2377625, 25.7235562], [-80.2376845, 25.7235828], [-80.2376353, 25.7235982], [-80.237593, 25.7236049], [-80.2375333, 25.7236081], [-80.2374602, 25.7236051], [-80.2373968, 25.7235987], [-80.237319, 25.7235913], [-80.2372498, 25.7235848], [-80.2372027, 25.723582], [-80.237169, 25.7235809], [-80.2371334, 25.7235816], [-80.2370824, 25.7235883], [-80.237015, 25.7235984], [-80.236965, 25.7236043], [-80.2368746, 25.7236064], [-80.2367736, 25.7236041], [-80.2367169, 25.723596], [-80.2366853, 25.7235862], [-80.2366479, 25.7235678], [-80.2365923, 25.7235378], [-80.2365319, 25.7235027], [-80.2364792, 25.7234728], [-80.2364486, 25.7234552], [-80.2364227, 25.7234446000001], [-80.2363891, 25.7234314], [-80.2363516, 25.723426], [-80.2362853, 25.7234178], [-80.2362209, 25.7234166], [-80.2361834, 25.7234207], [-80.2361429, 25.723431], [-80.236087, 25.723442], [-80.2360293, 25.7234521], [-80.2359859, 25.7234615], [-80.2359494, 25.7234648], [-80.2359167, 25.7234629], [-80.2358792, 25.723454], [-80.2358438, 25.723439], [-80.2357815, 25.7233994], [-80.235749, 25.7233723], [-80.2357145, 25.7233503], [-80.2356752, 25.7233275], [-80.2356331, 25.7233046], [-80.2355909, 25.7232861], [-80.2355429, 25.723271], [-80.2354853, 25.7232507], [-80.2354258, 25.7232321], [-80.2353672, 25.7232161], [-80.2353029, 25.7232009], [-80.2352491, 25.7231858], [-80.2352127, 25.7231752], [-80.2351809, 25.7231724], [-80.2351521, 25.723174], [-80.2351203, 25.7231791], [-80.2350895, 25.7231885], [-80.2350597, 25.7231918], [-80.2350366, 25.7231873], [-80.2349915, 25.723174], [-80.2349502, 25.7231564000001], [-80.2349282, 25.7231441], [-80.234775, 25.7230422], [-80.2346361, 25.7229509], [-80.2345154, 25.7228823], [-80.2342174, 25.7227205], [-80.2341982, 25.7227143], [-80.2341693, 25.7227115], [-80.2340799, 25.7227111], [-80.2340452, 25.7227187], [-80.2339951, 25.7227376], [-80.2339267, 25.7227616], [-80.2338602, 25.7227848], [-80.2338101, 25.7227941], [-80.2337591, 25.7228026], [-80.2336869, 25.7228083], [-80.2336379, 25.722808], [-80.2335965, 25.7228052], [-80.233559, 25.7228041], [-80.2335244, 25.7228066], [-80.2334898, 25.722809], [-80.2334551, 25.7228149], [-80.2334079, 25.7228269], [-80.233379, 25.7228398], [-80.2333568, 25.7228501], [-80.2333394, 25.7228631], [-80.2333355, 25.7228787], [-80.2333411, 25.722891], [-80.2333622, 25.7229024], [-80.2333814, 25.722906], [-80.2334218, 25.7229097], [-80.2334862, 25.7229109], [-80.2335333, 25.7229164], [-80.233564, 25.7229244], [-80.2335958, 25.7229272], [-80.233689, 25.7229276], [-80.2338467, 25.7229293], [-80.2338669, 25.7229295], [-80.2338948, 25.7229313], [-80.2339207, 25.7229358], [-80.2339495, 25.7229456], [-80.2339966, 25.7229598], [-80.2340493, 25.7229818], [-80.2340867, 25.7230055], [-80.2344083999999, 25.723218], [-80.2345253, 25.7232918], [-80.2345502, 25.7233059], [-80.2345665, 25.7233164], [-80.2345856, 25.7233287], [-80.2346028, 25.7233436], [-80.2346247999999, 25.7233646], [-80.234664, 25.7234075], [-80.2346974, 25.7234504], [-80.2347327, 25.7234924], [-80.2347527, 25.7235169], [-80.2347728, 25.7235405], [-80.2347889, 25.7235685], [-80.2348012, 25.723599], [-80.2348107, 25.7236243], [-80.2348173, 25.7236409], [-80.2348345, 25.7236636], [-80.234927, 25.7237782], [-80.2349375, 25.7237949], [-80.2349565, 25.7238281], [-80.234967, 25.7238455], [-80.2349917, 25.7238875], [-80.2350118, 25.7239085000001], [-80.2350299, 25.723933], [-80.2350518, 25.7239653], [-80.2350747, 25.7239907], [-80.2351274, 25.724031], [-80.2351551, 25.7240538], [-80.2351781, 25.7240662], [-80.2352098, 25.7240794000001], [-80.2352338, 25.7240856], [-80.2352607, 25.7240892], [-80.235278, 25.7240937], [-80.2353, 25.7240973], [-80.2353202, 25.7240991], [-80.2353404, 25.7241027], [-80.2353586, 25.7241133], [-80.2353767, 25.7241343], [-80.2354197, 25.7241841], [-80.2354599, 25.7242192000001], [-80.2355077, 25.7242552], [-80.2355384, 25.7242745], [-80.2355623, 25.7242868], [-80.2355816, 25.7242895], [-80.2356065, 25.7242905], [-80.2357065, 25.7242945], [-80.2357344, 25.7243008], [-80.2357574, 25.7243105], [-80.2357718, 25.724321], [-80.2357803, 25.7243411], [-80.2357869, 25.7243612], [-80.2357944, 25.7243856], [-80.235803, 25.7244031], [-80.2358164, 25.7244153], [-80.2358336, 25.7244259], [-80.2358567, 25.7244286], [-80.2358797, 25.7244305], [-80.2358942, 25.7244271], [-80.2359125, 25.7244211], [-80.2359385, 25.7244073], [-80.2359473, 25.7243977], [-80.235955, 25.7243873], [-80.2359599, 25.7243778], [-80.2359648, 25.7243656], [-80.2359726, 25.7243517], [-80.2359822, 25.72435], [-80.2359985, 25.7243509], [-80.2360129, 25.7243554], [-80.2360273, 25.7243659], [-80.2360579, 25.7243913], [-80.2360809, 25.7244045], [-80.2361058, 25.7244151], [-80.2361337, 25.7244179], [-80.2361577, 25.7244206], [-80.236202, 25.72442], [-80.2362376, 25.7244149], [-80.2362963, 25.7244039], [-80.2363502, 25.7243937], [-80.236408, 25.7243845], [-80.2364917, 25.7243718], [-80.2365572, 25.7243617], [-80.2366255, 25.7243534], [-80.2366891, 25.7243432], [-80.2367228, 25.7243382], [-80.2367507, 25.7243279], [-80.23677, 25.724321], [-80.2367931, 25.7243107], [-80.2368211, 25.7242952], [-80.2368395, 25.7242796], [-80.2368511, 25.7242674], [-80.2368617, 25.7242614], [-80.236882, 25.724251], [-80.2369051, 25.7242459], [-80.2369638, 25.7242341], [-80.2370274, 25.7242213], [-80.2370524, 25.7242162], [-80.2370862, 25.7242042], [-80.237119, 25.7241904], [-80.2371431, 25.7241758], [-80.2371778, 25.7241559], [-80.2372358, 25.7241231], [-80.237258, 25.7241032], [-80.2372783, 25.7240798], [-80.2372987, 25.7240616], [-80.2373218, 25.7240486], [-80.2373604, 25.7240279], [-80.2374761, 25.7239824], [-80.2375388, 25.7239574], [-80.2376496, 25.7239145], [-80.2376834, 25.7239025], [-80.2377258, 25.7238809], [-80.2377876, 25.7238446], [-80.2378368, 25.7238153], [-80.2379141, 25.7237669], [-80.2380145, 25.7237038], [-80.2381217, 25.7236382], [-80.2381979, 25.7235924], [-80.2383041, 25.7235364], [-80.2383697, 25.7235019], [-80.2383909, 25.7234898], [-80.2384074, 25.7234768], [-80.2384209, 25.7234594], [-80.2384413, 25.723436], [-80.2384597, 25.7234143], [-80.2384742, 25.7234005], [-80.2384906, 25.7233892], [-80.2385166, 25.7233798], [-80.2385349, 25.7233781], [-80.2385532, 25.7233835], [-80.2385675, 25.7233931], [-80.2385838, 25.7234019], [-80.2386001, 25.7234055], [-80.2386175, 25.7234047], [-80.2386386, 25.7234048], [-80.2386588, 25.7234058]]}, "properties": {"project": "PH7113", "date": "19751101", "kind": "Natural.Mean High Water", "source": "TP00424"}}, {"type": "Feature", "geometry": {"type": "LineString", "coordinates": [[-80.2330179, 25.7277083], [-80.2330336, 25.7277185], [-80.2330615, 25.7277398], [-80.233272, 25.7279199], [-80.2335324, 25.7281457], [-80.23373, 25.7283151], [-80.23393, 25.7284951], [-80.2338733, 25.7285471]]}, "properties": {"project": "PH7113", "date": "19751101", "kind": "Man-made", "source": "TP00424"}}, {"type": "Feature", "geometry": {"type": "LineString", "coordinates": [[-80.2330217, 25.7276549], [-80.2326399, 25.727494], [-80.2326143, 25.7274822], [-80.2325944, 25.7274779], [-80.2325676, 25.7274709], [-80.2324178, 25.7274018]]}, "properties": {"project": "PH7113", "date": "19751101", "kind": "Pier", "source": "TP00424"}}, {"type": "Feature", "geometry": {"type": "LineString", "coordinates": [[-80.2015828, 25.7482844], [-80.2015319, 25.7483213]]}, "properties": {"project": "PH7113", "date": "19751101", "kind": "Pier", "source": "TP00424"}}, {"type": "Feature", "geometry": {"type": "LineString", "coordinates": [[-80.2019947, 25.7481241], [-80.2019429, 25.7481574], [-80.2018861, 25.7481884], [-80.2017733, 25.7482564], [-80.2017463, 25.7482737], [-80.201725, 25.748304], [-80.2017094, 25.7483386], [-80.2016929, 25.7483698], [-80.2016697, 25.7483984], [-80.2016205, 25.7484323]]}, "properties": {"project": "PH7113", "date": "19751101", "kind": "Man-made", "source": "TP00424"}}, {"type": "Feature", "geometry": {"type": "LineString", "coordinates": [[-80.2021233, 25.7480333], [-80.2019947, 25.7481241]]}, "properties": {"project": "PH7113", "date": "19751101", "kind": "Undetermined.Approximate", "source": "TP00424"}}, {"type": "Feature", "geometry": {"type": "LineString", "coordinates": [[-80.2324056, 25.7274509], [-80.2323549, 25.7275502]]}, "properties": {"project": "PH7113", "date": "19751101", "kind": "Pier", "source": "TP00424"}}, {"type": "Feature", "geometry": {"type": "LineString", "coordinates": [[-80.2324056, 25.7274509], [-80.2326635, 25.7275556], [-80.2329211, 25.7276655], [-80.2330179, 25.7277083]]}, "properties": {"project": "PH7113", "date": "19751101", "kind": "Pier", "source": "TP00424"}}, {"type": "Feature", "geometry": {"type": "LineString", "coordinates": [[-80.2376293, 25.7273566], [-80.2376325, 25.727409], [-80.2375965, 25.7274145], [-80.2375448, 25.7274213], [-80.2374931, 25.7274309], [-80.2374524, 25.7274392], [-80.2373987, 25.7274443]]}, "properties": {"project": "PH7113", "date": "19751101", "kind": "Man-made", "source": "TP00424"}}, {"type": "Feature", "geometry": {"type": "LineString", "coordinates": [[-80.2324681, 25.7273041], [-80.2324178, 25.7274018]]}, "properties": {"project": "PH7113", "date": "19751101", "kind": "Pier", "source": "TP00424"}}, {"type": "Feature", "geometry": {"type": "LineString", "coordinates": [[-80.2331809, 25.7273372], [-80.2332753, 25.7272467]]}, "properties": {"project": "PH7113", "date": "19751101", "kind": "Pier", "source": "TP00424"}}, {"type": "Feature", "geometry": {"type": "LineString", "coordinates": [[-80.2378309, 25.7273018], [-80.2378022, 25.7273121], [-80.2377676999999, 25.7273204], [-80.237716, 25.7273343], [-80.2376736, 25.7273468], [-80.2376293, 25.7273566]]}, "properties": {"project": "PH7113", "date": "19751101", "kind": "Man-made", "source": "TP00424"}}, {"type": "Feature", "geometry": {"type": "LineString", "coordinates": [[-80.2333319, 25.7272978], [-80.2333068, 25.7273175], [-80.2332768, 25.7273481], [-80.2332409, 25.7273881], [-80.233209, 25.7274377], [-80.2331824, 25.727481], [-80.2330679, 25.7276509], [-80.2330574, 25.727654], [-80.2330404, 25.727656], [-80.2330217, 25.7276549]]}, "properties": {"project": "PH7113", "date": "19751101", "kind": "Man-made", "source": "TP00424"}}, {"type": "Feature", "geometry": {"type": "LineString", "coordinates": [[-80.2373987, 25.7274443], [-80.2372922, 25.7272554]]}, "properties": {"project": "PH7113", "date": "19751101", "kind": "Pier", "source": "TP00424"}}, {"type": "Feature", "geometry": {"type": "LineString", "coordinates": [[-80.2332753, 25.7272467], [-80.2333319, 25.7272978]]}, "properties": {"project": "PH7113", "date": "19751101", "kind": "Pier", "source": "TP00424"}}, {"type": "Feature", "geometry": {"type": "LineString", "coordinates": [[-80.2380661, 25.7272275], [-80.2380279, 25.7272495], [-80.2379981, 25.7272649], [-80.2379667, 25.7272761], [-80.237926, 25.7272872], [-80.2378743, 25.727294], [-80.2378309, 25.7273018]]}, "properties": {"project": "PH7113", "date": "19751101", "kind": "Man-made", "source": "TP00424"}}, {"type": "Feature", "geometry": {"type": "LineString", "coordinates": [[-80.2333756, 25.727262], [-80.2333126, 25.727206]]}, "properties": {"project": "PH7113", "date": "19751101", "kind": "Pier", "source": "TP00424"}}, {"type": "Feature", "geometry": {"type": "LineString", "coordinates": [[-80.2378309, 25.7273018], [-80.2377965, 25.7271788]]}, "properties": {"project": "PH7113", "date": "19751101", "kind": "Pier", "source": "TP00424"}}, {"type": "Feature", "geometry": {"type": "LineString", "coordinates": [[-80.2317427, 25.7271746], [-80.2317015, 25.727271]]}, "properties": {"project": "PH7113", "date": "19751101", "kind": "Pier", "source": "TP00424"}}, {"type": "Feature", "geometry": {"type": "LineString", "coordinates": [[-80.2317427, 25.7271746], [-80.2318986, 25.7272418], [-80.2321563, 25.7273501], [-80.2321703, 25.7273528], [-80.2321849, 25.7273556], [-80.2322001, 25.7273615], [-80.2324056, 25.7274509]]}, "properties": {"project": "PH7113", "date": "19751101", "kind": "Pier", "source": "TP00424"}}, {"type": "Feature", "geometry": {"type": "LineString", "coordinates": [[-80.2330943, 25.7272722], [-80.2331948, 25.7271731]]}, "properties": {"project": "PH7113", "date": "19751101", "kind": "Pier", "source": "TP00424"}}, {"type": "Feature", "geometry": {"type": "LineString", "coordinates": [[-80.2331948, 25.7271731], [-80.2332753, 25.7272467]]}, "properties": {"project": "PH7113", "date": "19751101", "kind": "Pier", "source": "TP00424"}}, {"type": "Feature", "geometry": {"type": "LineString", "coordinates": [[-80.2376293, 25.7273566], [-80.2375803, 25.7271708]]}, "properties": {"project": "PH7113", "date": "19751101", "kind": "Pier", "source": "TP00424"}}, {"type": "Feature", "geometry": {"type": "LineString", "coordinates": [[-80.2381803, 25.7271539], [-80.2381473, 25.7271792], [-80.2381142999999, 25.7272003], [-80.2380923, 25.727213], [-80.2380661, 25.7272275]]}, "properties": {"project": "PH7113", "date": "19751101", "kind": "Man-made", "source": "TP00424"}}, {"type": "Feature", "geometry": {"type": "LineString", "coordinates": [[-80.2381954, 25.727143], [-80.2381803, 25.7271539]]}, "properties": {"project": "PH7113", "date": "19751101", "kind": "Natural.Mean High Water", "source": "TP00424"}}, {"type": "Feature", "geometry": {"type": "LineString", "coordinates": [[-80.2317588, 25.7271369], [-80.2317427, 25.7271746]]}, "properties": {"project": "PH7113", "date": "19751101", "kind": "Pier", "source": "TP00424"}}, {"type": "Feature", "geometry": {"type": "LineString", "coordinates": [[-80.2324178, 25.7274018], [-80.232377, 25.7273883], [-80.2323274, 25.7273696], [-80.2322703, 25.727346], [-80.2322143, 25.7273234], [-80.2321776, 25.7273079], [-80.2321438, 25.7272976], [-80.231889, 25.7271925], [-80.2317588, 25.7271369]]}, "properties": {"project": "PH7113", "date": "19751101", "kind": "Pier", "source": "TP00424"}}, {"type": "Feature", "geometry": {"type": "LineString", "coordinates": [[-80.2333126, 25.727206], [-80.2332348, 25.7271364]]}, "properties": {"project": "PH7113", "date": "19751101", "kind": "Pier", "source": "TP00424"}}, {"type": "Feature", "geometry": {"type": "LineString", "coordinates": [[-80.2353445, 25.7255374], [-80.2351765, 25.7256049]]}, "properties": {"project": "PH7113", "date": "19751101", "kind": "Pier", "source": "TP00424"}}, {"type": "Feature", "geometry": {"type": "LineString", "coordinates": [[-80.2339694, 25.7255982], [-80.2338668, 25.7256494]]}, "properties": {"project": "PH7113", "date": "19751101", "kind": "Pier", "source": "TP00424"}}, {"type": "Feature", "geometry": {"type": "LineString", "coordinates": [[-80.2340183, 25.7256904], [-80.2339694, 25.7255982]]}, "properties": {"project": "PH7113", "date": "19751101", "kind": "Pier", "source": "TP00424"}}, {"type": "Feature", "geometry": {"type": "LineString", "coordinates": [[-80.2340611, 25.7256701], [-80.2340101, 25.7255805]]}, "properties": {"project": "PH7113", "date": "19751101", "kind": "Pier", "source": "TP00424"}}, {"type": "Feature", "geometry": {"type": "LineString", "coordinates": [[-80.2350539, 25.7255072], [-80.2348967, 25.7255702]]}, "properties": {"project": "PH7113", "date": "19751101", "kind": "Pier", "source": "TP00424"}}, {"type": "Feature", "geometry": {"type": "LineString", "coordinates": [[-80.2341219, 25.7255276], [-80.2340101, 25.7255805]]}, "properties": {"project": "PH7113", "date": "19751101", "kind": "Pier", "source": "TP00424"}}, {"type": "Feature", "geometry": {"type": "LineString", "coordinates": [[-80.233919, 25.7255088], [-80.233823, 25.7255646]]}, "properties": {"project": "PH7113", "date": "19751101", "kind": "Pier", "source": "TP00424"}}, {"type": "Feature", "geometry": {"type": "LineString", "coordinates": [[-80.2339694, 25.7255982], [-80.233919, 25.7255088]]}, "properties": {"project": "PH7113", "date": "19751101", "kind": "Pier", "source": "TP00424"}}, {"type": "Feature", "geometry": {"type": "LineString", "coordinates": [[-80.2350539, 25.7255072], [-80.2351201, 25.7256289]]}, "properties": {"project": "PH7113", "date": "19751101", "kind": "Pier", "source": "TP00424"}}, {"type": "Feature", "geometry": {"type": "LineString", "coordinates": [[-80.2340101, 25.7255805], [-80.2339598, 25.7254881]]}, "properties": {"project": "PH7113", "date": "19751101", "kind": "Pier", "source": "TP00424"}}, {"type": "Feature", "geometry": {"type": "LineString", "coordinates": [[-80.2351765, 25.7256049], [-80.2351039, 25.7254857]]}, "properties": {"project": "PH7113", "date": "19751101", "kind": "Pier", "source": "TP00424"}}, {"type": "Feature", "geometry": {"type": "LineString", "coordinates": [[-80.2340660999999, 25.7254385], [-80.2339598, 25.7254881]]}, "properties": {"project": "PH7113", "date": "19751101", "kind": "Pier", "source": "TP00424"}}, {"type": "Feature", "geometry": {"type": "LineString", "coordinates": [[-80.2352686, 25.7254155], [-80.2351039, 25.7254857]]}, "properties": {"project": "PH7113", "date": "19751101", "kind": "Pier", "source": "TP00424"}}, {"type": "Feature", "geometry": {"type": "LineString", "coordinates": [[-80.233856, 25.7253985], [-80.2337395, 25.7254519]]}, "properties": {"project": "PH7113", "date": "19751101", "kind": "Pier", "source": "TP00424"}}, {"type": "Feature", "geometry": {"type": "LineString", "coordinates": [[-80.233919, 25.7255088], [-80.233856, 25.7253985]]}, "properties": {"project": "PH7113", "date": "19751101", "kind": "Pier", "source": "TP00424"}}, {"type": "Feature", "geometry": {"type": "LineString", "coordinates": [[-80.2338982, 25.7253792], [-80.233856, 25.7253985]]}, "properties": {"project": "PH7113", "date": "19751101", "kind": "Pier", "source": "TP00424"}}, {"type": "Feature", "geometry": {"type": "LineString", "coordinates": [[-80.2339598, 25.7254881], [-80.2338982, 25.7253792]]}, "properties": {"project": "PH7113", "date": "19751101", "kind": "Pier", "source": "TP00424"}}, {"type": "Feature", "geometry": {"type": "LineString", "coordinates": [[-80.2349815, 25.7253741], [-80.2348087, 25.7254492]]}, "properties": {"project": "PH7113", "date": "19751101", "kind": "Pier", "source": "TP00424"}}, {"type": "Feature", "geometry": {"type": "LineString", "coordinates": [[-80.2349815, 25.7253741], [-80.2350539, 25.7255072]]}, "properties": {"project": "PH7113", "date": "19751101", "kind": "Pier", "source": "TP00424"}}, {"type": "Feature", "geometry": {"type": "LineString", "coordinates": [[-80.2351039, 25.7254857], [-80.2350325, 25.7253588]]}, "properties": {"project": "PH7113", "date": "19751101", "kind": "Pier", "source": "TP00424"}}, {"type": "Feature", "geometry": {"type": "LineString", "coordinates": [[-80.2339854, 25.7253393], [-80.2338982, 25.7253792]]}, "properties": {"project": "PH7113", "date": "19751101", "kind": "Pier", "source": "TP00424"}}, {"type": "Feature", "geometry": {"type": "LineString", "coordinates": [[-80.235213, 25.7252787], [-80.2350325, 25.7253588]]}, "properties": {"project": "PH7113", "date": "19751101", "kind": "Pier", "source": "TP00424"}}, {"type": "Feature", "geometry": {"type": "LineString", "coordinates": [[-80.2349197, 25.7252647], [-80.2347605, 25.7253274]]}, "properties": {"project": "PH7113", "date": "19751101", "kind": "Pier", "source": "TP00424"}}, {"type": "Feature", "geometry": {"type": "LineString", "coordinates": [[-80.2349197, 25.7252647], [-80.2349815, 25.7253741]]}, "properties": {"project": "PH7113", "date": "19751101", "kind": "Pier", "source": "TP00424"}}, {"type": "Feature", "geometry": {"type": "LineString", "coordinates": [[-80.2350325, 25.7253588], [-80.2349689, 25.725239]]}, "properties": {"project": "PH7113", "date": "19751101", "kind": "Pier", "source": "TP00424"}}, {"type": "Feature", "geometry": {"type": "LineString", "coordinates": [[-80.2351555, 25.7251636], [-80.2349689, 25.725239]]}, "properties": {"project": "PH7113", "date": "19751101", "kind": "Pier", "source": "TP00424"}}, {"type": "Feature", "geometry": {"type": "LineString", "coordinates": [[-80.2348553, 25.7251435], [-80.2347085, 25.7252149]]}, "properties": {"project": "PH7113", "date": "19751101", "kind": "Pier", "source": "TP00424"}}, {"type": "Feature", "geometry": {"type": "LineString", "coordinates": [[-80.2348553, 25.7251435], [-80.2349197, 25.7252647]]}, "properties": {"project": "PH7113", "date": "19751101", "kind": "Pier", "source": "TP00424"}}, {"type": "Feature", "geometry": {"type": "LineString", "coordinates": [[-80.2349689, 25.725239], [-80.2349022, 25.7251121]]}, "properties": {"project": "PH7113", "date": "19751101", "kind": "Pier", "source": "TP00424"}}, {"type": "Feature", "geometry": {"type": "LineString", "coordinates": [[-80.2330171, 25.7271964], [-80.233113, 25.7271022]]}, "properties": {"project": "PH7113", "date": "19751101", "kind": "Pier", "source": "TP00424"}}, {"type": "Feature", "geometry": {"type": "LineString", "coordinates": [[-80.2334154, 25.7271097], [-80.2333126, 25.727206]]}, "properties": {"project": "PH7113", "date": "19751101", "kind": "Pier", "source": "TP00424"}}, {"type": "Feature", "geometry": {"type": "LineString", "coordinates": [[-80.233113, 25.7271022], [-80.2331948, 25.7271731]]}, "properties": {"project": "PH7113", "date": "19751101", "kind": "Pier", "source": "TP00424"}}, {"type": "Feature", "geometry": {"type": "LineString", "coordinates": [[-80.2380661, 25.7272275], [-80.2379946, 25.7270915]]}, "properties": {"project": "PH7113", "date": "19751101", "kind": "Pier", "source": "TP00424"}}, {"type": "Feature", "geometry": {"type": "LineString", "coordinates": [[-80.2332348, 25.7271364], [-80.2331498, 25.7270602]]}, "properties": {"project": "PH7113", "date": "19751101", "kind": "Pier", "source": "TP00424"}}, {"type": "Feature", "geometry": {"type": "LineString", "coordinates": [[-80.2381954, 25.727143], [-80.238149, 25.7270577]]}, "properties": {"project": "PH7113", "date": "19751101", "kind": "Pier", "source": "TP00424"}}, {"type": "Feature", "geometry": {"type": "LineString", "coordinates": [[-80.231797, 25.7270475], [-80.2317588, 25.7271369]]}, "properties": {"project": "PH7113", "date": "19751101", "kind": "Pier", "source": "TP00424"}}, {"type": "Feature", "geometry": {"type": "LineString", "coordinates": [[-80.2333335, 25.7270398], [-80.2332348, 25.7271364]]}, "properties": {"project": "PH7113", "date": "19751101", "kind": "Pier", "source": "TP00424"}}, {"type": "Feature", "geometry": {"type": "LineString", "coordinates": [[-80.2329297, 25.7271239], [-80.2330287, 25.7270268]]}, "properties": {"project": "PH7113", "date": "19751101", "kind": "Pier", "source": "TP00424"}}, {"type": "Feature", "geometry": {"type": "LineString", "coordinates": [[-80.2330287, 25.7270268], [-80.233113, 25.7271022]]}, "properties": {"project": "PH7113", "date": "19751101", "kind": "Pier", "source": "TP00424"}}, {"type": "Feature", "geometry": {"type": "LineString", "coordinates": [[-80.2337814, 25.7269952], [-80.2337229, 25.7270359], [-80.2336812, 25.727055], [-80.2336236, 25.7270924], [-80.2335586, 25.7271348], [-80.2335317, 25.7271455], [-80.2334992, 25.7271621], [-80.2334574, 25.7271887], [-80.2333756, 25.727262]]}, "properties": {"project": "PH7113", "date": "19751101", "kind": "Man-made", "source": "TP00424"}}, {"type": "Feature", "geometry": {"type": "LineString", "coordinates": [[-80.2331498, 25.7270602], [-80.2330596, 25.7269836]]}, "properties": {"project": "PH7113", "date": "19751101", "kind": "Pier", "source": "TP00424"}}, {"type": "Feature", "geometry": {"type": "LineString", "coordinates": [[-80.2349022, 25.7251121], [-80.2348136, 25.7249551]]}, "properties": {"project": "PH7113", "date": "19751101", "kind": "Pier", "source": "TP00424"}}, {"type": "Feature", "geometry": {"type": "LineString", "coordinates": [[-80.2350759, 25.7250342], [-80.2349022, 25.7251121]]}, "properties": {"project": "PH7113", "date": "19751101", "kind": "Pier", "source": "TP00424"}}, {"type": "Feature", "geometry": {"type": "LineString", "coordinates": [[-80.2347640999999, 25.7249774], [-80.2345911, 25.7250551]]}, "properties": {"project": "PH7113", "date": "19751101", "kind": "Pier", "source": "TP00424"}}, {"type": "Feature", "geometry": {"type": "LineString", "coordinates": [[-80.2347640999999, 25.7249774], [-80.2348553, 25.7251435]]}, "properties": {"project": "PH7113", "date": "19751101", "kind": "Pier", "source": "TP00424"}}, {"type": "Feature", "geometry": {"type": "LineString", "coordinates": [[-80.2348136, 25.7249551], [-80.2347640999999, 25.7249774]]}, "properties": {"project": "PH7113", "date": "19751101", "kind": "Pier", "source": "TP00424"}}, {"type": "Feature", "geometry": {"type": "LineString", "coordinates": [[-80.2349946, 25.7248738], [-80.2348136, 25.7249551]]}, "properties": {"project": "PH7113", "date": "19751101", "kind": "Pier", "source": "TP00424"}}, {"type": "Feature", "geometry": {"type": "LineString", "coordinates": [[-80.231126, 25.7274724], [-80.231163, 25.7275117], [-80.2311865, 25.7275314], [-80.2312021, 25.7275439], [-80.2312158, 25.7275529], [-80.2312354, 25.7275494], [-80.2312492, 25.7275424], [-80.2312649, 25.7275407], [-80.2312826, 25.7275337], [-80.2312925, 25.7275177], [-80.2312967, 25.727484], [-80.2312911, 25.7274342], [-80.2312835, 25.7273915], [-80.2312662, 25.7273451], [-80.2312487, 25.7273166], [-80.2312273, 25.727288], [-80.2312079, 25.7272506], [-80.2312042, 25.7272133], [-80.2312029, 25.7271155], [-80.2312112, 25.7270462], [-80.2312256, 25.7269414], [-80.231234, 25.7268543], [-80.2312325, 25.726776], [-80.2312316, 25.7267279], [-80.2312293, 25.7266694], [-80.2312201, 25.7265751], [-80.2312126, 25.7265164], [-80.231201, 25.7264879], [-80.231166, 25.7264468], [-80.2311289, 25.7264092], [-80.2310606, 25.7263467], [-80.2310353, 25.726311], [-80.2310158, 25.7262878], [-80.2309924, 25.7262681], [-80.2309533, 25.7262536], [-80.230922, 25.7262375], [-80.2308908, 25.7262018], [-80.230768, 25.7260607], [-80.2307095, 25.7260017], [-80.2306588, 25.7259534], [-80.2306158, 25.7259247], [-80.230567, 25.7258907], [-80.230526, 25.7258549], [-80.2304908999999, 25.7258156], [-80.2304734, 25.7257889], [-80.2304499, 25.7257727000001], [-80.2304012, 25.7257298], [-80.2303544, 25.7256727], [-80.2303175, 25.7256174], [-80.2303039, 25.7255977], [-80.2302726, 25.7255727], [-80.2301535, 25.7254725], [-80.2301048, 25.7254189], [-80.2300639, 25.7253742], [-80.2300053, 25.7253241], [-80.2299232, 25.7252704], [-80.2298567, 25.7252345], [-80.2298078, 25.7252111], [-80.2297588, 25.7251984], [-80.2297176, 25.7251982], [-80.2296842, 25.7252033], [-80.2296526, 25.725228], [-80.2296544, 25.7252529], [-80.2296797, 25.7252869], [-80.2297285, 25.7253298], [-80.2298067, 25.7253853], [-80.2299415, 25.7254856], [-80.2300469, 25.7255786], [-80.2301307, 25.7256715], [-80.2301617, 25.7257268], [-80.2301967, 25.725775], [-80.2302378, 25.7257965], [-80.2303003, 25.7258448], [-80.2303706, 25.725895], [-80.2304038, 25.7259254], [-80.2304291, 25.7259629], [-80.2304466, 25.725995], [-80.2304678, 25.7260466], [-80.2304695, 25.7260822], [-80.2304654, 25.7261213], [-80.2304475, 25.7261603], [-80.2304098, 25.7262099], [-80.2303624, 25.7262559], [-80.2303014, 25.7262911], [-80.2302088, 25.7263386], [-80.2301459, 25.7263543], [-80.2300889, 25.7263682], [-80.2300358, 25.7263839], [-80.2299787, 25.7264014], [-80.2299237, 25.7264136], [-80.2298471, 25.7264149], [-80.2297902, 25.7264146], [-80.2297196, 25.7264036], [-80.2296451, 25.7263943], [-80.2295843, 25.7263904], [-80.2295117, 25.7263811], [-80.2294295, 25.726354], [-80.2292806, 25.7263088], [-80.2290221, 25.7262185], [-80.2288675, 25.7261377], [-80.2288304, 25.726118], [-80.2288051, 25.7260805], [-80.2287954, 25.7260538], [-80.228774, 25.7260359], [-80.2287466, 25.7260233], [-80.2287211, 25.7260161], [-80.2286957, 25.7259964], [-80.2286586, 25.7259642], [-80.2286138, 25.7259106], [-80.2285769, 25.7258499], [-80.2285419, 25.7258018], [-80.2284893, 25.7257481], [-80.2284346, 25.7257016], [-80.2283665, 25.7256159], [-80.2282925, 25.7255177], [-80.2281993, 25.7253572], [-80.2281643, 25.7253037], [-80.2281411, 25.7252556], [-80.2281219, 25.7251915000001], [-80.2281084, 25.7251523], [-80.2280969, 25.7251042], [-80.2280697, 25.7250632], [-80.2280562, 25.7250329], [-80.2280446, 25.7250044], [-80.2280173, 25.7249794], [-80.2279762, 25.7249525], [-80.2279273, 25.7249344], [-80.2278548, 25.7249127], [-80.2277823, 25.7248874], [-80.227708, 25.7248497], [-80.2276571, 25.7248192], [-80.2276045, 25.7247727], [-80.2275595999999, 25.7247227], [-80.2275441, 25.7246906], [-80.2275461999999, 25.7246728], [-80.2275386, 25.7246408], [-80.2275132, 25.7246122], [-80.2274683, 25.7245818], [-80.2273959, 25.7245423], [-80.2273118, 25.7245063], [-80.2272668, 25.7244847], [-80.2272061, 25.7244524], [-80.2271474, 25.7244254], [-80.2271161, 25.7244145], [-80.227067, 25.7244125], [-80.2270101, 25.7244087], [-80.2269631, 25.7243995], [-80.2269278, 25.7243851], [-80.2268945, 25.7243778], [-80.2268494, 25.7243758], [-80.2268239, 25.7243774], [-80.2267884, 25.7243915], [-80.2267254, 25.7244338], [-80.2266268, 25.7244955], [-80.2265855, 25.7245131], [-80.2265677, 25.7245361], [-80.2265793, 25.7245539], [-80.2266283, 25.7245631], [-80.2266557, 25.7245757], [-80.2266655, 25.7245828], [-80.2266633999999, 25.7246077], [-80.2266515, 25.7246219], [-80.2266396, 25.7246378], [-80.2266434, 25.7246592], [-80.226657, 25.7246895], [-80.2266861, 25.7247287], [-80.2267661, 25.7248145], [-80.2268383, 25.7248735], [-80.2268969, 25.7249183], [-80.2269204, 25.7249344], [-80.22694, 25.7249381], [-80.2269616, 25.7249364], [-80.2270008, 25.7249402], [-80.2270184, 25.724951], [-80.227028, 25.7249741], [-80.2270476, 25.7249902], [-80.227075, 25.725001], [-80.2270985, 25.7250047], [-80.2271319, 25.7250067], [-80.2271593, 25.7250122], [-80.2271848, 25.7250212], [-80.2272024, 25.725023], [-80.2272143, 25.7250124], [-80.2272281, 25.7249965], [-80.2272439, 25.7249788], [-80.2272656, 25.7249718], [-80.2273244, 25.7249757], [-80.2273616, 25.7249901], [-80.2273948, 25.7250134], [-80.227436, 25.7250243], [-80.227481, 25.7250423], [-80.2275163, 25.725046], [-80.2275516, 25.725048], [-80.2275908, 25.7250553], [-80.2276124, 25.7250661], [-80.2276455, 25.7250947], [-80.2277213, 25.7252231000001], [-80.2277387, 25.725257], [-80.2277503, 25.7252802], [-80.2277521, 25.7253069], [-80.22775, 25.7253318], [-80.227742, 25.725353], [-80.2277419, 25.7253762], [-80.2277496, 25.7253886], [-80.2277614, 25.7253905], [-80.2277751, 25.7253906], [-80.2277909, 25.7253817], [-80.2278125, 25.7253748], [-80.2278322, 25.7253731], [-80.2278695, 25.7253751], [-80.2279027, 25.7253895], [-80.2279301, 25.7254074], [-80.2279827, 25.7254681], [-80.228041, 25.7255626], [-80.2280934, 25.7256429], [-80.2281205, 25.7257142], [-80.2281416, 25.7257801], [-80.228159, 25.7258282], [-80.2281608, 25.7258513], [-80.228145, 25.7258672], [-80.2281331, 25.7258849], [-80.2281369, 25.7258992], [-80.2281545, 25.7259135], [-80.2281721, 25.7259225], [-80.2282015, 25.725928], [-80.2282153, 25.7259298], [-80.2282348, 25.7259388], [-80.2282504, 25.7259549], [-80.2283284, 25.7260371], [-80.2283538, 25.7260586], [-80.228391, 25.7260765], [-80.2284223, 25.7260927], [-80.2284456, 25.7261248], [-80.228465, 25.7261623], [-80.228498, 25.7262104], [-80.2285312, 25.7262391], [-80.2285586, 25.7262588], [-80.2285957, 25.7262803], [-80.2286447, 25.7262948], [-80.2286663, 25.7262967], [-80.2286898999999, 25.7262950000001], [-80.2287135, 25.726288], [-80.2287469, 25.7262722], [-80.2287725, 25.7262599], [-80.228802, 25.7262529], [-80.2288432, 25.7262496], [-80.2289198, 25.7262571], [-80.2289511, 25.7262733], [-80.2290117, 25.7263003], [-80.2290861, 25.7263273], [-80.2291331, 25.7263436], [-80.2292409, 25.7263726], [-80.2294211, 25.7264358], [-80.2295485, 25.7264578], [-80.2296819, 25.7264745], [-80.2298762, 25.7264809], [-80.2299842, 25.7264725], [-80.2300176, 25.7264567], [-80.2300649, 25.7264392], [-80.2301219, 25.7264288], [-80.2302103, 25.7264097], [-80.2302556, 25.7263922], [-80.2302772, 25.7263852], [-80.2303067, 25.7263818], [-80.230338, 25.7263855], [-80.2303733, 25.7263964], [-80.2304066, 25.7264143], [-80.2304319, 25.726434], [-80.2304613, 25.7264466], [-80.2305064, 25.726454], [-80.2305397, 25.7264613], [-80.2305789, 25.7264792], [-80.2306238, 25.7265115], [-80.2306784, 25.7265651], [-80.2307095, 25.7266204], [-80.2307734, 25.7267558], [-80.2308353, 25.7268931], [-80.2308468, 25.726934], [-80.2308485, 25.7269803], [-80.2308581, 25.7270123], [-80.2308835, 25.727032], [-80.230905, 25.7270446], [-80.2309264, 25.7270713], [-80.2309572, 25.7271622], [-80.2310036, 25.7272744], [-80.2310483, 25.7273458], [-80.2310949, 25.7274278], [-80.231126, 25.7274724]]}, "properties": {"project": "PH7113", "date": "19751101", "kind": "Natural.Mean High Water", "source": "TP00424"}}, {"type": "Feature", "geometry": {"type": "LineString", "coordinates": [[-80.24, 25.724789094711547], [-80.2399903, 25.7248008], [-80.23995, 25.7248501], [-80.2398252999999, 25.7249857], [-80.2396531, 25.7251508], [-80.2395921, 25.7252154], [-80.2394967, 25.7253259], [-80.2394686, 25.7253598], [-80.2394403, 25.7254091], [-80.2394098, 25.7254485], [-80.2393132, 25.7255547], [-80.2392851, 25.7255853], [-80.2392655, 25.7256116], [-80.2392483, 25.7256456], [-80.2392348, 25.7256752], [-80.2392128, 25.7257014], [-80.2391834, 25.7257321], [-80.2391627, 25.7257484], [-80.2391432, 25.7257604], [-80.2391293, 25.725769]]}, "properties": {"project": "PH7113", "date": "19751101", "kind": "Natural.Mean High Water", "source": "TP00424"}}, {"type": "Feature", "geometry": {"type": "LineString", "coordinates": [[-80.2108786, 25.7418026], [-80.2109914, 25.741913], [-80.2110238, 25.7419568], [-80.2110465, 25.7420057], [-80.21105, 25.7420615], [-80.2110495, 25.7421329], [-80.2110569, 25.7421853], [-80.2110778, 25.7422202], [-80.2110987, 25.7422604], [-80.2111274, 25.7422885], [-80.2111695, 25.7423218], [-80.2112403, 25.7423745], [-80.2112786, 25.7424078], [-80.2113188, 25.7424341], [-80.2113494, 25.7424657], [-80.211355, 25.7425006], [-80.2113433, 25.7425214], [-80.2113085, 25.7425387], [-80.2112565, 25.7425454], [-80.211193, 25.7425433], [-80.2111565, 25.7425309], [-80.2111144, 25.7425011], [-80.21108, 25.7424643], [-80.211059, 25.7424345], [-80.2110362, 25.7423943], [-80.2110114, 25.7423663], [-80.2109847, 25.7423313], [-80.2109657, 25.7422894], [-80.2109544, 25.742251], [-80.2109432, 25.7422108], [-80.2109281, 25.7421619], [-80.2109053, 25.7421217], [-80.2108633, 25.7420692], [-80.2108289, 25.7420272], [-80.2107907, 25.7419939], [-80.2107409, 25.7419605], [-80.2106853, 25.7419306], [-80.2106333999999, 25.7419164], [-80.2106007, 25.7419145], [-80.210566, 25.7419195], [-80.2105351, 25.7419298], [-80.21051, 25.7419471], [-80.2104831, 25.7419487], [-80.2104657, 25.7419538], [-80.2104464, 25.7419607], [-80.2104425, 25.7419764], [-80.2104558, 25.7419974], [-80.2104769, 25.7420114], [-80.2105442, 25.7420118], [-80.2105711, 25.7420171], [-80.2106134, 25.7420296], [-80.2106363, 25.7420558], [-80.2106572, 25.7420925], [-80.210657, 25.7421274], [-80.2106407, 25.7422546], [-80.2106247, 25.7423416], [-80.2106031, 25.742406], [-80.2105582, 25.7425103], [-80.2105133, 25.742599], [-80.2104977, 25.7426355], [-80.2104859, 25.7426668], [-80.2104761, 25.7426982], [-80.2104798, 25.7427156], [-80.2104892999999, 25.7427401], [-80.2104967, 25.7427732], [-80.2104985, 25.7428046], [-80.2104944, 25.7428377], [-80.2104768, 25.7428707], [-80.210446, 25.7428862], [-80.2104227, 25.7429053], [-80.2104071, 25.7429383], [-80.2104107, 25.7429767], [-80.210424, 25.7430046], [-80.2104431, 25.7430274], [-80.2104622, 25.7430397], [-80.2104717, 25.7430676], [-80.2104618, 25.7431059], [-80.2104558, 25.7431338], [-80.2104594, 25.7431739], [-80.2104667, 25.7432297], [-80.2104722, 25.743282], [-80.2104833, 25.7433361], [-80.2104966, 25.7433693], [-80.2105233, 25.7434026], [-80.2105482, 25.7434253], [-80.2105654, 25.7434342], [-80.2105903, 25.7434535], [-80.2105979, 25.7434779], [-80.2105937, 25.7435197]]}, "properties": {"project": "PH7113", "date": "19751101", "kind": "Natural.Mean High Water", "source": "TP00424"}}, {"type": "Feature", "geometry": {"type": "LineString", "coordinates": [[-80.2332654, 25.7260423], [-80.2331797, 25.7260823]]}, "properties": {"project": "PH7113", "date": "19751101", "kind": "Pier", "source": "TP00424"}}, {"type": "Feature", "geometry": {"type": "LineString", "coordinates": [[-80.2332654, 25.7260423], [-80.2333137, 25.7261328]]}, "properties": {"project": "PH7113", "date": "19751101", "kind": "Pier", "source": "TP00424"}}, {"type": "Feature", "geometry": {"type": "LineString", "coordinates": [[-80.2353418, 25.7260406], [-80.235218, 25.7260922]]}, "properties": {"project": "PH7113", "date": "19751101", "kind": "Pier", "source": "TP00424"}}, {"type": "Feature", "geometry": {"type": "LineString", "coordinates": [[-80.2353418, 25.7260406], [-80.235394, 25.7261339]]}, "properties": {"project": "PH7113", "date": "19751101", "kind": "Pier", "source": "TP00424"}}, {"type": "Feature", "geometry": {"type": "LineString", "coordinates": [[-80.2360699, 25.7260373], [-80.2359709, 25.7261299]]}, "properties": {"project": "PH7113", "date": "19751101", "kind": "Pier", "source": "TP00424"}}, {"type": "Feature", "geometry": {"type": "LineString", "coordinates": [[-80.2343142, 25.7261243], [-80.2342647, 25.7260365]]}, "properties": {"project": "PH7113", "date": "19751101", "kind": "Pier", "source": "TP00424"}}, {"type": "Feature", "geometry": {"type": "LineString", "coordinates": [[-80.2359709, 25.7261299], [-80.2358615, 25.7260328]]}, "properties": {"project": "PH7113", "date": "19751101", "kind": "Man-made", "source": "TP00424"}}, {"type": "Feature", "geometry": {"type": "LineString", "coordinates": [[-80.2389934, 25.7260285], [-80.2389823, 25.726044], [-80.2389557, 25.7260552], [-80.2389243, 25.7260706], [-80.2389022999999, 25.7260861], [-80.2388754999999, 25.72611], [-80.2388519, 25.7261369], [-80.2388282, 25.7261622], [-80.2388086, 25.7261875]]}, "properties": {"project": "PH7113", "date": "19751101", "kind": "Natural.Mean High Water", "source": "TP00424"}}, {"type": "Feature", "geometry": {"type": "LineString", "coordinates": [[-80.2334169, 25.7260123], [-80.2333294, 25.726053]]}, "properties": {"project": "PH7113", "date": "19751101", "kind": "Pier", "source": "TP00424"}}, {"type": "Feature", "geometry": {"type": "LineString", "coordinates": [[-80.2341678, 25.7259612], [-80.2340708, 25.7260032]]}, "properties": {"project": "PH7113", "date": "19751101", "kind": "Pier", "source": "TP00424"}}, {"type": "Feature", "geometry": {"type": "LineString", "coordinates": [[-80.2185986, 25.7395003], [-80.2185803, 25.7395085], [-80.2185418, 25.7395118], [-80.2182781, 25.7395052]]}, "properties": {"project": "PH7113", "date": "19751101", "kind": "Man-made", "source": "TP00424"}}, {"type": "Feature", "geometry": {"type": "LineString", "coordinates": [[-80.2181337, 25.7394975], [-80.2180608, 25.7394983]]}, "properties": {"project": "PH7113", "date": "19751101", "kind": "Man-made", "source": "TP00424"}}, {"type": "Feature", "geometry": {"type": "LineString", "coordinates": [[-80.2358615, 25.7260328], [-80.2358372, 25.7260148], [-80.2358278, 25.7260076], [-80.2358169, 25.7260062], [-80.2358059, 25.7260089], [-80.2357918, 25.7260202000001], [-80.2355305, 25.7262612]]}, "properties": {"project": "PH7113", "date": "19751101", "kind": "Man-made", "source": "TP00424"}}, {"type": "Feature", "geometry": {"type": "LineString", "coordinates": [[-80.2343743, 25.7259813], [-80.2342647, 25.7260365]]}, "properties": {"project": "PH7113", "date": "19751101", "kind": "Pier", "source": "TP00424"}}, {"type": "Feature", "geometry": {"type": "LineString", "coordinates": [[-80.2359325, 25.7259675], [-80.2358615, 25.7260328]]}, "properties": {"project": "PH7113", "date": "19751101", "kind": "Pier", "source": "TP00424"}}, {"type": "Feature", "geometry": {"type": "LineString", "coordinates": [[-80.2342159, 25.7260554], [-80.2341678, 25.7259612]]}, "properties": {"project": "PH7113", "date": "19751101", "kind": "Pier", "source": "TP00424"}}, {"type": "Feature", "geometry": {"type": "LineString", "coordinates": [[-80.2352978, 25.7259554], [-80.2351751, 25.7260048]]}, "properties": {"project": "PH7113", "date": "19751101", "kind": "Pier", "source": "TP00424"}}, {"type": "Feature", "geometry": {"type": "LineString", "coordinates": [[-80.2352978, 25.7259554], [-80.2353418, 25.7260406]]}, "properties": {"project": "PH7113", "date": "19751101", "kind": "Pier", "source": "TP00424"}}, {"type": "Feature", "geometry": {"type": "LineString", "coordinates": [[-80.2342647, 25.7260365], [-80.234218, 25.7259451]]}, "properties": {"project": "PH7113", "date": "19751101", "kind": "Pier", "source": "TP00424"}}, {"type": "Feature", "geometry": {"type": "LineString", "coordinates": [[-80.2333294, 25.726053], [-80.2332762, 25.7259436000001]]}, "properties": {"project": "PH7113", "date": "19751101", "kind": "Pier", "source": "TP00424"}}, {"type": "Feature", "geometry": {"type": "LineString", "coordinates": [[-80.2332138, 25.7259409], [-80.2331267, 25.7259831]]}, "properties": {"project": "PH7113", "date": "19751101", "kind": "Pier", "source": "TP00424"}}, {"type": "Feature", "geometry": {"type": "LineString", "coordinates": [[-80.2180608, 25.7394983], [-80.2180237, 25.7394409]]}, "properties": {"project": "PH7113", "date": "19751101", "kind": "Pier", "source": "TP00424"}}, {"type": "Feature", "geometry": {"type": "LineString", "coordinates": [[-80.2182781, 25.7395052], [-80.2181337, 25.7394975]]}, "properties": {"project": "PH7113", "date": "19751101", "kind": "Man-made", "source": "TP00424"}}, {"type": "Feature", "geometry": {"type": "LineString", "coordinates": [[-80.2186242, 25.7394451], [-80.2186153, 25.7394616], [-80.218619, 25.7394808], [-80.2186073, 25.7394964], [-80.2185986, 25.7395003]]}, "properties": {"project": "PH7113", "date": "19751101", "kind": "Man-made", "source": "TP00424"}}, {"type": "Feature", "geometry": {"type": "LineString", "coordinates": [[-80.2185986, 25.7395003], [-80.2185526, 25.7394438]]}, "properties": {"project": "PH7113", "date": "19751101", "kind": "Pier", "source": "TP00424"}}, {"type": "Feature", "geometry": {"type": "LineString", "coordinates": [[-80.2182781, 25.7395052], [-80.2182297, 25.7394204]]}, "properties": {"project": "PH7113", "date": "19751101", "kind": "Pier", "source": "TP00424"}}, {"type": "Feature", "geometry": {"type": "LineString", "coordinates": [[-80.2181337, 25.7394975], [-80.2180891, 25.7394179]]}, "properties": {"project": "PH7113", "date": "19751101", "kind": "Pier", "source": "TP00424"}}, {"type": "Feature", "geometry": {"type": "LineString", "coordinates": [[-80.2187038, 25.7394056], [-80.2186398, 25.739301]]}, "properties": {"project": "PH7113", "date": "19751101", "kind": "Pier", "source": "TP00424"}}, {"type": "Feature", "geometry": {"type": "LineString", "coordinates": [[-80.2187038, 25.7394056], [-80.2186424, 25.7394321], [-80.2186242, 25.7394451]]}, "properties": {"project": "PH7113", "date": "19751101", "kind": "Man-made", "source": "TP00424"}}, {"type": "Feature", "geometry": {"type": "LineString", "coordinates": [[-80.2186242, 25.7394451], [-80.2185942999999, 25.7394035]]}, "properties": {"project": "PH7113", "date": "19751101", "kind": "Pier", "source": "TP00424"}}, {"type": "Feature", "geometry": {"type": "LineString", "coordinates": [[-80.2188008, 25.7393475], [-80.2187737, 25.7393666], [-80.2187038, 25.7394056]]}, "properties": {"project": "PH7113", "date": "19751101", "kind": "Man-made", "source": "TP00424"}}, {"type": "Feature", "geometry": {"type": "LineString", "coordinates": [[-80.2188855, 25.7393323], [-80.2188493, 25.7392885], [-80.2188263, 25.739271], [-80.2188129, 25.7392639], [-80.2187975, 25.7392656], [-80.2187743, 25.7392794], [-80.2187742, 25.7392934], [-80.2187894, 25.7393161], [-80.218797, 25.7393353000001], [-80.2188008, 25.7393475]]}, "properties": {"project": "PH7113", "date": "19751101", "kind": "Man-made", "source": "TP00424"}}, {"type": "Feature", "geometry": {"type": "LineString", "coordinates": [[-80.2189828, 25.7392584], [-80.218961, 25.7392752], [-80.2189474, 25.7392908], [-80.2189396, 25.7393047], [-80.218926, 25.739322], [-80.2189028, 25.7393341], [-80.2188855, 25.7393323]]}, "properties": {"project": "PH7113", "date": "19751101", "kind": "Man-made", "source": "TP00424"}}, {"type": "Feature", "geometry": {"type": "LineString", "coordinates": [[-80.2190535, 25.7392121], [-80.2189828, 25.7392584]]}, "properties": {"project": "PH7113", "date": "19751101", "kind": "Man-made", "source": "TP00424"}}, {"type": "Feature", "geometry": {"type": "LineString", "coordinates": [[-80.2189828, 25.7392584], [-80.218947, 25.7392097]]}, "properties": {"project": "PH7113", "date": "19751101", "kind": "Pier", "source": "TP00424"}}, {"type": "Feature", "geometry": {"type": "LineString", "coordinates": [[-80.2190535, 25.7392121], [-80.2190161, 25.7391606]]}, "properties": {"project": "PH7113", "date": "19751101", "kind": "Pier", "source": "TP00424"}}, {"type": "Feature", "geometry": {"type": "LineString", "coordinates": [[-80.2191426, 25.7391498], [-80.2190535, 25.7392121]]}, "properties": {"project": "PH7113", "date": "19751101", "kind": "Man-made", "source": "TP00424"}}, {"type": "Feature", "geometry": {"type": "LineString", "coordinates": [[-80.2192004, 25.7391061], [-80.2191426, 25.7391498]]}, "properties": {"project": "PH7113", "date": "19751101", "kind": "Man-made", "source": "TP00424"}}, {"type": "Feature", "geometry": {"type": "LineString", "coordinates": [[-80.2191426, 25.7391498], [-80.2191103, 25.7391038]]}, "properties": {"project": "PH7113", "date": "19751101", "kind": "Pier", "source": "TP00424"}}, {"type": "Feature", "geometry": {"type": "LineString", "coordinates": [[-80.2192004, 25.7391061], [-80.2191615, 25.7390604]]}, "properties": {"project": "PH7113", "date": "19751101", "kind": "Pier", "source": "TP00424"}}, {"type": "Feature", "geometry": {"type": "LineString", "coordinates": [[-80.2192667, 25.7390537], [-80.2192004, 25.7391061]]}, "properties": {"project": "PH7113", "date": "19751101", "kind": "Man-made", "source": "TP00424"}}, {"type": "Feature", "geometry": {"type": "LineString", "coordinates": [[-80.2192667, 25.7390537], [-80.2192243, 25.7390038]]}, "properties": {"project": "PH7113", "date": "19751101", "kind": "Pier", "source": "TP00424"}}, {"type": "Feature", "geometry": {"type": "LineString", "coordinates": [[-80.2193435, 25.7389952], [-80.2192667, 25.7390537]]}, "properties": {"project": "PH7113", "date": "19751101", "kind": "Man-made", "source": "TP00424"}}, {"type": "Feature", "geometry": {"type": "LineString", "coordinates": [[-80.2193435, 25.7389952], [-80.2193078, 25.7389511]]}, "properties": {"project": "PH7113", "date": "19751101", "kind": "Pier", "source": "TP00424"}}, {"type": "Feature", "geometry": {"type": "LineString", "coordinates": [[-80.2194198, 25.7389321], [-80.2193435, 25.7389952]]}, "properties": {"project": "PH7113", "date": "19751101", "kind": "Man-made", "source": "TP00424"}}, {"type": "Feature", "geometry": {"type": "LineString", "coordinates": [[-80.2194198, 25.7389321], [-80.2193848, 25.73889]]}, "properties": {"project": "PH7113", "date": "19751101", "kind": "Pier", "source": "TP00424"}}, {"type": "Feature", "geometry": {"type": "LineString", "coordinates": [[-80.234324, 25.7258923], [-80.234218, 25.7259451]]}, "properties": {"project": "PH7113", "date": "19751101", "kind": "Pier", "source": "TP00424"}}, {"type": "Feature", "geometry": {"type": "LineString", "coordinates": [[-80.2332138, 25.7259409], [-80.2332654, 25.7260423]]}, "properties": {"project": "PH7113", "date": "19751101", "kind": "Pier", "source": "TP00424"}}, {"type": "Feature", "geometry": {"type": "LineString", "coordinates": [[-80.2355305, 25.7262612], [-80.235484, 25.7261844], [-80.2353396, 25.7259047]]}, "properties": {"project": "PH7113", "date": "19751101", "kind": "Pier", "source": "TP00424"}}, {"type": "Feature", "geometry": {"type": "LineString", "coordinates": [[-80.2333612, 25.7259031], [-80.2332762, 25.7259436000001]]}, "properties": {"project": "PH7113", "date": "19751101", "kind": "Pier", "source": "TP00424"}}, {"type": "Feature", "geometry": {"type": "LineString", "coordinates": [[-80.2341241, 25.7258833], [-80.2340279, 25.7259209]]}, "properties": {"project": "PH7113", "date": "19751101", "kind": "Pier", "source": "TP00424"}}, {"type": "Feature", "geometry": {"type": "LineString", "coordinates": [[-80.2341678, 25.7259612], [-80.2341241, 25.7258833]]}, "properties": {"project": "PH7113", "date": "19751101", "kind": "Pier", "source": "TP00424"}}, {"type": "Feature", "geometry": {"type": "LineString", "coordinates": [[-80.2331585, 25.7258467], [-80.2332138, 25.7259409]]}, "properties": {"project": "PH7113", "date": "19751101", "kind": "Pier", "source": "TP00424"}}, {"type": "Feature", "geometry": {"type": "LineString", "coordinates": [[-80.239088, 25.7258569], [-80.2390772, 25.7258843], [-80.2390678, 25.7258999], [-80.2390504, 25.7259196], [-80.2390331, 25.7259379], [-80.2390236, 25.7259549], [-80.239014, 25.7259846], [-80.2390028, 25.7260186], [-80.2389934, 25.7260285]]}, "properties": {"project": "PH7113", "date": "19751101", "kind": "Man-made", "source": "TP00424"}}, {"type": "Feature", "geometry": {"type": "LineString", "coordinates": [[-80.234218, 25.7259451], [-80.234159, 25.7258511]]}, "properties": {"project": "PH7113", "date": "19751101", "kind": "Pier", "source": "TP00424"}}, {"type": "Feature", "geometry": {"type": "LineString", "coordinates": [[-80.2331585, 25.7258467], [-80.2330773, 25.7258916]]}, "properties": {"project": "PH7113", "date": "19751101", "kind": "Pier", "source": "TP00424"}}, {"type": "Feature", "geometry": {"type": "LineString", "coordinates": [[-80.2354878, 25.7258464], [-80.2353396, 25.7259047]]}, "properties": {"project": "PH7113", "date": "19751101", "kind": "Pier", "source": "TP00424"}}, {"type": "Feature", "geometry": {"type": "LineString", "coordinates": [[-80.2352366, 25.7258429], [-80.2350952, 25.7259055]]}, "properties": {"project": "PH7113", "date": "19751101", "kind": "Pier", "source": "TP00424"}}, {"type": "Feature", "geometry": {"type": "LineString", "coordinates": [[-80.2352366, 25.7258429], [-80.2352978, 25.7259554]]}, "properties": {"project": "PH7113", "date": "19751101", "kind": "Pier", "source": "TP00424"}}, {"type": "Feature", "geometry": {"type": "LineString", "coordinates": [[-80.2332762, 25.7259436000001], [-80.2332083, 25.7258256]]}, "properties": {"project": "PH7113", "date": "19751101", "kind": "Pier", "source": "TP00424"}}, {"type": "Feature", "geometry": {"type": "LineString", "coordinates": [[-80.2342459, 25.725819], [-80.234159, 25.7258511]]}, "properties": {"project": "PH7113", "date": "19751101", "kind": "Pier", "source": "TP00424"}}, {"type": "Feature", "geometry": {"type": "LineString", "coordinates": [[-80.2353396, 25.7259047], [-80.2352867, 25.7258143]]}, "properties": {"project": "PH7113", "date": "19751101", "kind": "Pier", "source": "TP00424"}}, {"type": "Feature", "geometry": {"type": "LineString", "coordinates": [[-80.2332888, 25.7257888], [-80.2332083, 25.7258256]]}, "properties": {"project": "PH7113", "date": "19751101", "kind": "Pier", "source": "TP00424"}}, {"type": "Feature", "geometry": {"type": "LineString", "coordinates": [[-80.2389934, 25.7260285], [-80.2387299, 25.7257819]]}, "properties": {"project": "PH7113", "date": "19751101", "kind": "Pier", "source": "TP00424"}}, {"type": "Feature", "geometry": {"type": "LineString", "coordinates": [[-80.2391293, 25.725769], [-80.2391054, 25.7257965], [-80.2390955, 25.7258272], [-80.239088, 25.7258569]]}, "properties": {"project": "PH7113", "date": "19751101", "kind": "Natural.Mean High Water", "source": "TP00424"}}, {"type": "Feature", "geometry": {"type": "LineString", "coordinates": [[-80.2354598, 25.7257424], [-80.2352867, 25.7258143]]}, "properties": {"project": "PH7113", "date": "19751101", "kind": "Pier", "source": "TP00424"}}, {"type": "Feature", "geometry": {"type": "LineString", "coordinates": [[-80.2351796, 25.7257367], [-80.2350312, 25.7258013]]}, "properties": {"project": "PH7113", "date": "19751101", "kind": "Pier", "source": "TP00424"}}, {"type": "Feature", "geometry": {"type": "LineString", "coordinates": [[-80.2351796, 25.7257367], [-80.2352366, 25.7258429]]}, "properties": {"project": "PH7113", "date": "19751101", "kind": "Pier", "source": "TP00424"}}, {"type": "Feature", "geometry": {"type": "LineString", "coordinates": [[-80.2330885, 25.7257214], [-80.2329819, 25.7257755]]}, "properties": {"project": "PH7113", "date": "19751101", "kind": "Pier", "source": "TP00424"}}, {"type": "Feature", "geometry": {"type": "LineString", "coordinates": [[-80.2330885, 25.7257214], [-80.2331279, 25.7257838], [-80.2331585, 25.7258467]]}, "properties": {"project": "PH7113", "date": "19751101", "kind": "Pier", "source": "TP00424"}}, {"type": "Feature", "geometry": {"type": "LineString", "coordinates": [[-80.2352867, 25.7258143], [-80.2352302, 25.7257121]]}, "properties": {"project": "PH7113", "date": "19751101", "kind": "Pier", "source": "TP00424"}}, {"type": "Feature", "geometry": {"type": "LineString", "coordinates": [[-80.2331365, 25.7256971], [-80.2330885, 25.7257214]]}, "properties": {"project": "PH7113", "date": "19751101", "kind": "Pier", "source": "TP00424"}}, {"type": "Feature", "geometry": {"type": "LineString", "coordinates": [[-80.2332083, 25.7258256], [-80.2331365, 25.7256971]]}, "properties": {"project": "PH7113", "date": "19751101", "kind": "Pier", "source": "TP00424"}}, {"type": "Feature", "geometry": {"type": "LineString", "coordinates": [[-80.2351201, 25.7256289], [-80.2349764, 25.7256854]]}, "properties": {"project": "PH7113", "date": "19751101", "kind": "Pier", "source": "TP00424"}}, {"type": "Feature", "geometry": {"type": "LineString", "coordinates": [[-80.2340183, 25.7256904], [-80.2339181, 25.7257352]]}, "properties": {"project": "PH7113", "date": "19751101", "kind": "Pier", "source": "TP00424"}}, {"type": "Feature", "geometry": {"type": "LineString", "coordinates": [[-80.2341241, 25.7258833], [-80.2340183, 25.7256904]]}, "properties": {"project": "PH7113", "date": "19751101", "kind": "Pier", "source": "TP00424"}}, {"type": "Feature", "geometry": {"type": "LineString", "coordinates": [[-80.234159, 25.7258511], [-80.2341167, 25.7257739], [-80.2340938, 25.7257327], [-80.2340611, 25.7256701]]}, "properties": {"project": "PH7113", "date": "19751101", "kind": "Pier", "source": "TP00424"}}, {"type": "Feature", "geometry": {"type": "LineString", "coordinates": [[-80.2332305, 25.7256494], [-80.2331365, 25.7256971]]}, "properties": {"project": "PH7113", "date": "19751101", "kind": "Pier", "source": "TP00424"}}, {"type": "Feature", "geometry": {"type": "LineString", "coordinates": [[-80.2354077, 25.7256425], [-80.2352302, 25.7257121]]}, "properties": {"project": "PH7113", "date": "19751101", "kind": "Pier", "source": "TP00424"}}, {"type": "Feature", "geometry": {"type": "LineString", "coordinates": [[-80.2351201, 25.7256289], [-80.2351796, 25.7257367]]}, "properties": {"project": "PH7113", "date": "19751101", "kind": "Pier", "source": "TP00424"}}, {"type": "Feature", "geometry": {"type": "LineString", "coordinates": [[-80.2341862, 25.7256109], [-80.2340611, 25.7256701]]}, "properties": {"project": "PH7113", "date": "19751101", "kind": "Pier", "source": "TP00424"}}, {"type": "Feature", "geometry": {"type": "LineString", "coordinates": [[-80.2352302, 25.7257121], [-80.2351765, 25.7256049]]}, "properties": {"project": "PH7113", "date": "19751101", "kind": "Pier", "source": "TP00424"}}, {"type": "Feature", "geometry": {"type": "LineString", "coordinates": [[-80.2391293, 25.725769], [-80.2390495, 25.7256049], [-80.239021, 25.7256026], [-80.2389804, 25.7256282], [-80.2389448, 25.7256259]]}, "properties": {"project": "PH7113", "date": "19751101", "kind": "Pier", "source": "TP00424"}}, {"type": "Feature", "geometry": {"type": "LineString", "coordinates": [[-80.2091324, 25.7449089], [-80.2091343, 25.7449238], [-80.2091331, 25.7449464], [-80.2091301, 25.7449708], [-80.2091318, 25.7449952], [-80.2091347, 25.7450039], [-80.2091461, 25.7450162], [-80.2091586, 25.7450267], [-80.2091729, 25.745039], [-80.2091757, 25.7450495000001], [-80.2091785, 25.7450669], [-80.2091707, 25.7450825], [-80.2091523, 25.7451042], [-80.209066, 25.7451953], [-80.2089798, 25.7452881], [-80.208816, 25.7454571], [-80.2088006, 25.7454701], [-80.2087871, 25.7454735], [-80.208765, 25.7454699], [-80.2087466999999, 25.7454646], [-80.2087246, 25.7454619], [-80.2087005, 25.7454635], [-80.2086639, 25.7454764], [-80.208631, 25.745498], [-80.2085661, 25.7455612], [-80.20848, 25.7456322], [-80.2083901, 25.7457015], [-80.2082628, 25.7457727]]}, "properties": {"project": "PH7113", "date": "19751101", "kind": "Man-made", "source": "TP00424"}}, {"type": "Feature", "geometry": {"type": "LineString", "coordinates": [[-80.232209, 25.7297403], [-80.232171, 25.7298648]]}, "properties": {"project": "PH7113", "date": "19751101", "kind": "Pier", "source": "TP00424"}}, {"type": "Feature", "geometry": {"type": "LineString", "coordinates": [[-80.232209, 25.7297403], [-80.2320838, 25.7297135]]}, "properties": {"project": "PH7113", "date": "19751101", "kind": "Pier", "source": "TP00424"}}, {"type": "Feature", "geometry": {"type": "LineString", "coordinates": [[-80.2328145, 25.7297432], [-80.2327061, 25.7297084]]}, "properties": {"project": "PH7113", "date": "19751101", "kind": "Pier", "source": "TP00424"}}, {"type": "Feature", "geometry": {"type": "LineString", "coordinates": [[-80.2322414, 25.7297618], [-80.2322714, 25.7296505]]}, "properties": {"project": "PH7113", "date": "19751101", "kind": "Pier", "source": "TP00424"}}, {"type": "Feature", "geometry": {"type": "LineString", "coordinates": [[-80.2323796, 25.7296846], [-80.2322714, 25.7296505]]}, "properties": {"project": "PH7113", "date": "19751101", "kind": "Pier", "source": "TP00424"}}, {"type": "Feature", "geometry": {"type": "LineString", "coordinates": [[-80.2328611, 25.7296373], [-80.2328145, 25.7297432]]}, "properties": {"project": "PH7113", "date": "19751101", "kind": "Pier", "source": "TP00424"}}, {"type": "Feature", "geometry": {"type": "LineString", "coordinates": [[-80.2322414, 25.7296224], [-80.232209, 25.7297403]]}, "properties": {"project": "PH7113", "date": "19751101", "kind": "Pier", "source": "TP00424"}}, {"type": "Feature", "geometry": {"type": "LineString", "coordinates": [[-80.2331551, 25.7296165], [-80.2335966, 25.7297185], [-80.2335689, 25.7297923]]}, "properties": {"project": "PH7113", "date": "19751101", "kind": "Man-made", "source": "TP00424"}}, {"type": "Feature", "geometry": {"type": "LineString", "coordinates": [[-80.2328611, 25.7296373], [-80.2327375, 25.729597]]}, "properties": {"project": "PH7113", "date": "19751101", "kind": "Pier", "source": "TP00424"}}, {"type": "Feature", "geometry": {"type": "LineString", "coordinates": [[-80.2322414, 25.7296224], [-80.2321182, 25.7295953]]}, "properties": {"project": "PH7113", "date": "19751101", "kind": "Pier", "source": "TP00424"}}, {"type": "Feature", "geometry": {"type": "LineString", "coordinates": [[-80.2328101, 25.7298728], [-80.2328611, 25.7297513], [-80.232894, 25.7296752], [-80.2329465, 25.7295684], [-80.2329967, 25.7295702], [-80.2330699, 25.7297774], [-80.233135, 25.7299816], [-80.2331726, 25.7299158], [-80.2331136, 25.729782], [-80.2331156, 25.7297233], [-80.2331551, 25.7296165]]}, "properties": {"project": "PH7113", "date": "19751101", "kind": "Pier", "source": "TP00424"}}, {"type": "Feature", "geometry": {"type": "LineString", "coordinates": [[-80.2322714, 25.7296505], [-80.2323141, 25.729526]]}, "properties": {"project": "PH7113", "date": "19751101", "kind": "Pier", "source": "TP00424"}}, {"type": "Feature", "geometry": {"type": "LineString", "coordinates": [[-80.2324199, 25.7295646], [-80.2323141, 25.729526]]}, "properties": {"project": "PH7113", "date": "19751101", "kind": "Pier", "source": "TP00424"}}, {"type": "Feature", "geometry": {"type": "LineString", "coordinates": [[-80.2322799, 25.7295112], [-80.2322414, 25.7296224]]}, "properties": {"project": "PH7113", "date": "19751101", "kind": "Pier", "source": "TP00424"}}, {"type": "Feature", "geometry": {"type": "LineString", "coordinates": [[-80.2323141, 25.729526], [-80.2323351, 25.7294464], [-80.2323433, 25.7294347], [-80.2323611, 25.729426], [-80.2323822, 25.7294261], [-80.2324663, 25.7294456], [-80.2325617, 25.7294667], [-80.2326394, 25.7294803], [-80.2328868, 25.7295373], [-80.2328997, 25.7295476], [-80.2328996, 25.7295579], [-80.2328946, 25.729577], [-80.2328611, 25.7296373]]}, "properties": {"project": "PH7113", "date": "19751101", "kind": "Pier", "source": "TP00424"}}, {"type": "Feature", "geometry": {"type": "LineString", "coordinates": [[-80.2329881, 25.7295278], [-80.2328067, 25.7294871]]}, "properties": {"project": "PH7113", "date": "19751101", "kind": "Pier", "source": "TP00424"}}, {"type": "Feature", "geometry": {"type": "LineString", "coordinates": [[-80.2322799, 25.7295112], [-80.232172, 25.7294795]]}, "properties": {"project": "PH7113", "date": "19751101", "kind": "Pier", "source": "TP00424"}}, {"type": "Feature", "geometry": {"type": "LineString", "coordinates": [[-80.2328067, 25.7294871], [-80.2326394, 25.7294472]]}, "properties": {"project": "PH7113", "date": "19751101", "kind": "Pier", "source": "TP00424"}}, {"type": "Feature", "geometry": {"type": "LineString", "coordinates": [[-80.2326394, 25.7294472], [-80.2326072, 25.7294434], [-80.2325506, 25.7294358], [-80.2324554, 25.729413]]}, "properties": {"project": "PH7113", "date": "19751101", "kind": "Pier", "source": "TP00424"}}, {"type": "Feature", "geometry": {"type": "LineString", "coordinates": [[-80.2328067, 25.7294871], [-80.2327778, 25.7293904]]}, "properties": {"project": "PH7113", "date": "19751101", "kind": "Pier", "source": "TP00424"}}, {"type": "Feature", "geometry": {"type": "LineString", "coordinates": [[-80.2323274, 25.729379], [-80.2322259, 25.7293503]]}, "properties": {"project": "PH7113", "date": "19751101", "kind": "Pier", "source": "TP00424"}}, {"type": "Feature", "geometry": {"type": "LineString", "coordinates": [[-80.2282355, 25.7320565], [-80.2282484999999, 25.7320685], [-80.2282704, 25.7320785], [-80.2282835, 25.7320726], [-80.2282793, 25.7320548], [-80.2282663, 25.732021], [-80.2282447, 25.7319912], [-80.2282231, 25.7319515], [-80.2282014, 25.7319137], [-80.2281733, 25.731872], [-80.2281429, 25.7318381], [-80.2281235, 25.7317944], [-80.2281151, 25.7317429], [-80.2281175, 25.7317073], [-80.2281091, 25.7316557], [-80.2280918, 25.731614], [-80.2280746, 25.7315763], [-80.2280272, 25.7314711], [-80.2280012, 25.7314254], [-80.2279818, 25.7313817], [-80.2279426, 25.7313537], [-80.2278925, 25.7313297], [-80.2278598, 25.7313058], [-80.2278293, 25.7312878], [-80.2277945, 25.7312678], [-80.2277706, 25.7312439], [-80.2277338, 25.7311843], [-80.2277142, 25.7311624], [-80.2276795, 25.7311285], [-80.2276555, 25.7311106], [-80.2276186, 25.7310727], [-80.227586, 25.7310389], [-80.2275535, 25.7309932], [-80.2275211, 25.7309336], [-80.2274973, 25.7308839], [-80.2274497, 25.7308183], [-80.2274215, 25.7307785], [-80.2274063999999, 25.7307468], [-80.2274044, 25.730717], [-80.2274112, 25.7306774], [-80.2274071, 25.7306418], [-80.227392, 25.7306001], [-80.2273836, 25.7305545], [-80.2273618, 25.7305346], [-80.2273357, 25.7305146], [-80.2273031, 25.7304788], [-80.2272794, 25.7304272], [-80.2272365, 25.7303061], [-80.2271958, 25.7301672], [-80.2271746, 25.7300621], [-80.2271707, 25.7300007], [-80.2271731, 25.7299572], [-80.22718, 25.7299077], [-80.2272065, 25.7298623], [-80.2272375, 25.7298109], [-80.2272771, 25.7297794], [-80.2273056, 25.7297677], [-80.2273319, 25.7297579], [-80.2273603, 25.7297581], [-80.2273843, 25.7297661], [-80.2274083, 25.7297821], [-80.2274279, 25.7297941], [-80.2274541, 25.7297962], [-80.2274782, 25.7297904], [-80.2275045, 25.7297727], [-80.2275178, 25.729749], [-80.2275224, 25.7297193], [-80.2275204, 25.7296817], [-80.227512, 25.72964], [-80.2274968, 25.7296122], [-80.2274818, 25.7295725], [-80.2274798, 25.7295388], [-80.2274821, 25.7295151], [-80.2274823, 25.7294953], [-80.2274606, 25.7294615], [-80.2274367, 25.7294356], [-80.2274041, 25.7294077], [-80.227378, 25.7293957], [-80.2273408, 25.7293915], [-80.2272883, 25.7293873], [-80.2272381, 25.7293831], [-80.2271965, 25.7293828], [-80.2271506, 25.7293826], [-80.2271134, 25.7293883], [-80.2270586, 25.7294019], [-80.2270323, 25.7294216], [-80.2269926, 25.729461], [-80.2269618, 25.7294985], [-80.2269332, 25.729528], [-80.2269044, 25.7295714], [-80.2268867, 25.7296149], [-80.2268688, 25.7296782], [-80.2268618, 25.7297356], [-80.2268615, 25.7297792], [-80.2268722, 25.7298288], [-80.2269321, 25.7300311], [-80.2270372999999, 25.7303328], [-80.2271191, 25.7305313], [-80.2272183, 25.7307477], [-80.2273282, 25.7310038], [-80.2273693, 25.7310734], [-80.2274212, 25.7311529], [-80.22751, 25.73129], [-80.2275903, 25.7313955], [-80.2276401, 25.7314591], [-80.2276987, 25.7315386], [-80.2277724, 25.731642], [-80.2278462, 25.7317197], [-80.2279506, 25.7318133], [-80.2280897, 25.7319448], [-80.2282355, 25.7320565]]}, "properties": {"project": "PH7113", "date": "19751101", "kind": "Natural.Mean High Water", "source": "TP00424"}}, {"type": "Feature", "geometry": {"type": "LineString", "coordinates": [[-80.2323274, 25.729379], [-80.2322799, 25.7295112]]}, "properties": {"project": "PH7113", "date": "19751101", "kind": "Pier", "source": "TP00424"}}, {"type": "Feature", "geometry": {"type": "LineString", "coordinates": [[-80.2324554, 25.729413], [-80.2323274, 25.729379]]}, "properties": {"project": "PH7113", "date": "19751101", "kind": "Pier", "source": "TP00424"}}, {"type": "Feature", "geometry": {"type": "LineString", "coordinates": [[-80.2326394, 25.7294472], [-80.2325942, 25.7293317]]}, "properties": {"project": "PH7113", "date": "19751101", "kind": "Pier", "source": "TP00424"}}, {"type": "Feature", "geometry": {"type": "LineString", "coordinates": [[-80.2324554, 25.729413], [-80.2323996, 25.7292909]]}, "properties": {"project": "PH7113", "date": "19751101", "kind": "Pier", "source": "TP00424"}}, {"type": "Feature", "geometry": {"type": "LineString", "coordinates": [[-80.2338733, 25.7285471], [-80.2338022, 25.7286179], [-80.2337923, 25.7286278], [-80.2337171, 25.7286973], [-80.2336055, 25.7285951], [-80.2335764, 25.7285727], [-80.2335067, 25.7285119], [-80.2334973, 25.7285087], [-80.2334845, 25.7285097], [-80.2334598, 25.7285223], [-80.2334105, 25.7285559], [-80.2333612, 25.7285842], [-80.2332827, 25.7286209], [-80.233095, 25.7287099], [-80.2330599, 25.7287277], [-80.2330106, 25.7287539], [-80.2329461, 25.7287875], [-80.2329097, 25.7288042], [-80.2328839, 25.7288189], [-80.2328569, 25.7288421], [-80.2328274, 25.7288811], [-80.2328074, 25.7289096], [-80.2327955, 25.7289349], [-80.2327942, 25.7289582], [-80.2327975, 25.7289858], [-80.2328089, 25.729025], [-80.2328411, 25.7291226], [-80.2329881, 25.7295278]]}, "properties": {"project": "PH7113", "date": "19751101", "kind": "Man-made", "source": "TP00424"}}, {"type": "Feature", "geometry": {"type": "LineString", "coordinates": [[-80.2338733, 25.7285471], [-80.2337363, 25.7284367], [-80.2336959, 25.7284365], [-80.2336792, 25.7284472]]}, "properties": {"project": "PH7113", "date": "19751101", "kind": "Pier", "source": "TP00424"}}, {"type": "Feature", "geometry": {"type": "LineString", "coordinates": [[-80.2314026, 25.7308214], [-80.2313433, 25.7307576]]}, "properties": {"project": "PH7113", "date": "19751101", "kind": "Pier", "source": "TP00424"}}, {"type": "Feature", "geometry": {"type": "LineString", "coordinates": [[-80.2312946, 25.7307681], [-80.231343, 25.7308183]]}, "properties": {"project": "PH7113", "date": "19751101", "kind": "Pier", "source": "TP00424"}}, {"type": "Feature", "geometry": {"type": "LineString", "coordinates": [[-80.2306554, 25.7311062], [-80.2306276, 25.7311265], [-80.2306151, 25.7311369], [-80.2305997, 25.7311386], [-80.2305862, 25.7311316], [-80.2305719, 25.7311167], [-80.2305003, 25.7310396], [-80.2304716, 25.7310107], [-80.2303961, 25.7309371], [-80.2303521, 25.730889], [-80.2302728, 25.7308101], [-80.2303382, 25.7307651]]}, "properties": {"project": "PH7113", "date": "19751101", "kind": "Pier", "source": "TP00424"}}, {"type": "Feature", "geometry": {"type": "LineString", "coordinates": [[-80.2304254, 25.7308506], [-80.2303382, 25.7307651]]}, "properties": {"project": "PH7113", "date": "19751101", "kind": "Pier", "source": "TP00424"}}, {"type": "Feature", "geometry": {"type": "LineString", "coordinates": [[-80.2313897, 25.7307252], [-80.2313433, 25.7307576]]}, "properties": {"project": "PH7113", "date": "19751101", "kind": "Pier", "source": "TP00424"}}, {"type": "Feature", "geometry": {"type": "LineString", "coordinates": [[-80.230338, 25.7307141], [-80.2302426, 25.7307823]]}, "properties": {"project": "PH7113", "date": "19751101", "kind": "Pier", "source": "TP00424"}}, {"type": "Feature", "geometry": {"type": "LineString", "coordinates": [[-80.2302426, 25.7307823], [-80.2301803, 25.7307133]]}, "properties": {"project": "PH7113", "date": "19751101", "kind": "Pier", "source": "TP00424"}}, {"type": "Feature", "geometry": {"type": "LineString", "coordinates": [[-80.2311957, 25.7307457], [-80.2312395, 25.7307096]]}, "properties": {"project": "PH7113", "date": "19751101", "kind": "Pier", "source": "TP00424"}}, {"type": "Feature", "geometry": {"type": "LineString", "coordinates": [[-80.2312395, 25.7307096], [-80.2312946, 25.7307681]]}, "properties": {"project": "PH7113", "date": "19751101", "kind": "Pier", "source": "TP00424"}}, {"type": "Feature", "geometry": {"type": "LineString", "coordinates": [[-80.2303382, 25.7307651], [-80.2304249, 25.7307022]]}, "properties": {"project": "PH7113", "date": "19751101", "kind": "Pier", "source": "TP00424"}}, {"type": "Feature", "geometry": {"type": "LineString", "coordinates": [[-80.230488, 25.7307604], [-80.2304249, 25.7307022]]}, "properties": {"project": "PH7113", "date": "19751101", "kind": "Pier", "source": "TP00424"}}, {"type": "Feature", "geometry": {"type": "LineString", "coordinates": [[-80.2313433, 25.7307576], [-80.2312715, 25.7306884]]}, "properties": {"project": "PH7113", "date": "19751101", "kind": "Pier", "source": "TP00424"}}, {"type": "Feature", "geometry": {"type": "LineString", "coordinates": [[-80.2328371, 25.7317596], [-80.2328222, 25.7317563], [-80.2328104, 25.7317476], [-80.232798, 25.731733], [-80.2327755, 25.7317091], [-80.2327412, 25.7316728], [-80.2327056, 25.7316413], [-80.2326371, 25.7315627], [-80.2325288, 25.7314505000001], [-80.2324264, 25.7313437], [-80.2323234999999, 25.731239], [-80.232175, 25.7310758], [-80.2320194, 25.7309099], [-80.2318502, 25.7307353], [-80.2318493, 25.7306889], [-80.2318322, 25.730671], [-80.2318017, 25.7306903], [-80.2317322, 25.7307477], [-80.2317618, 25.7307737], [-80.2318055, 25.7307459], [-80.231828, 25.7307595], [-80.2318641, 25.7308023000001], [-80.2318954, 25.7308375], [-80.2319581, 25.7309005], [-80.2320983, 25.7310566], [-80.2321403, 25.731101], [-80.232158, 25.7311238], [-80.2321823, 25.731146], [-80.2322456, 25.7312116], [-80.2322888, 25.7312599], [-80.232316, 25.7312848], [-80.2323675, 25.731339], [-80.2324385, 25.731416], [-80.2324911, 25.7314773], [-80.232539, 25.7315304], [-80.2326041, 25.7315982], [-80.2326727, 25.7316692], [-80.2327863, 25.7317863], [-80.2327936, 25.7317993]]}, "properties": {"project": "PH7113", "date": "19751101", "kind": "Pier", "source": "TP00424"}}, {"type": "Feature", "geometry": {"type": "LineString", "coordinates": [[-80.2313097, 25.7306611], [-80.2312715, 25.7306884]]}, "properties": {"project": "PH7113", "date": "19751101", "kind": "Pier", "source": "TP00424"}}, {"type": "Feature", "geometry": {"type": "LineString", "coordinates": [[-80.230338, 25.7307141], [-80.2302891, 25.7306569]]}, "properties": {"project": "PH7113", "date": "19751101", "kind": "Pier", "source": "TP00424"}}, {"type": "Feature", "geometry": {"type": "LineString", "coordinates": [[-80.2311328, 25.7306945], [-80.2311851, 25.730654]]}, "properties": {"project": "PH7113", "date": "19751101", "kind": "Pier", "source": "TP00424"}}, {"type": "Feature", "geometry": {"type": "LineString", "coordinates": [[-80.2311851, 25.730654], [-80.2312395, 25.7307096]]}, "properties": {"project": "PH7113", "date": "19751101", "kind": "Pier", "source": "TP00424"}}, {"type": "Feature", "geometry": {"type": "LineString", "coordinates": [[-80.2304371, 25.7306424], [-80.230338, 25.7307141]]}, "properties": {"project": "PH7113", "date": "19751101", "kind": "Pier", "source": "TP00424"}}, {"type": "Feature", "geometry": {"type": "LineString", "coordinates": [[-80.2304249, 25.7307022], [-80.2304526, 25.7306777], [-80.2304739, 25.7306552], [-80.2304903, 25.730644], [-80.230515, 25.7306296]]}, "properties": {"project": "PH7113", "date": "19751101", "kind": "Pier", "source": "TP00424"}}, {"type": "Feature", "geometry": {"type": "LineString", "coordinates": [[-80.2306056, 25.7307205], [-80.230515, 25.7306296]]}, "properties": {"project": "PH7113", "date": "19751101", "kind": "Pier", "source": "TP00424"}}, {"type": "Feature", "geometry": {"type": "LineString", "coordinates": [[-80.2312715, 25.7306884], [-80.2312216, 25.7306271]]}, "properties": {"project": "PH7113", "date": "19751101", "kind": "Pier", "source": "TP00424"}}, {"type": "Feature", "geometry": {"type": "LineString", "coordinates": [[-80.2311492, 25.7305972], [-80.2310883, 25.7306425]]}, "properties": {"project": "PH7113", "date": "19751101", "kind": "Pier", "source": "TP00424"}}, {"type": "Feature", "geometry": {"type": "LineString", "coordinates": [[-80.2311492, 25.7305972], [-80.2311527, 25.7306169], [-80.231164, 25.7306289], [-80.2311851, 25.730654]]}, "properties": {"project": "PH7113", "date": "19751101", "kind": "Pier", "source": "TP00424"}}, {"type": "Feature", "geometry": {"type": "LineString", "coordinates": [[-80.2304371, 25.7306424], [-80.2303841, 25.7305931]]}, "properties": {"project": "PH7113", "date": "19751101", "kind": "Pier", "source": "TP00424"}}, {"type": "Feature", "geometry": {"type": "LineString", "coordinates": [[-80.230515, 25.7306296], [-80.2305484, 25.730592]]}, "properties": {"project": "PH7113", "date": "19751101", "kind": "Pier", "source": "TP00424"}}, {"type": "Feature", "geometry": {"type": "LineString", "coordinates": [[-80.230601, 25.7306407], [-80.2305484, 25.730592]]}, "properties": {"project": "PH7113", "date": "19751101", "kind": "Pier", "source": "TP00424"}}, {"type": "Feature", "geometry": {"type": "LineString", "coordinates": [[-80.2312723, 25.7305914], [-80.2312216, 25.7306271]]}, "properties": {"project": "PH7113", "date": "19751101", "kind": "Pier", "source": "TP00424"}}, {"type": "Feature", "geometry": {"type": "LineString", "coordinates": [[-80.2311632, 25.7305866], [-80.2311492, 25.7305972]]}, "properties": {"project": "PH7113", "date": "19751101", "kind": "Pier", "source": "TP00424"}}, {"type": "Feature", "geometry": {"type": "LineString", "coordinates": [[-80.2312216, 25.7306271], [-80.23118, 25.7305873], [-80.2311632, 25.7305866]]}, "properties": {"project": "PH7113", "date": "19751101", "kind": "Pier", "source": "TP00424"}}, {"type": "Feature", "geometry": {"type": "LineString", "coordinates": [[-80.2305273, 25.7305736], [-80.2305138, 25.7305805], [-80.2304371, 25.7306424]]}, "properties": {"project": "PH7113", "date": "19751101", "kind": "Pier", "source": "TP00424"}}, {"type": "Feature", "geometry": {"type": "LineString", "coordinates": [[-80.2332843, 25.7303577], [-80.2333453, 25.7305093], [-80.2333916, 25.7306211], [-80.2334251, 25.7306975], [-80.2334249, 25.7307225], [-80.2334135, 25.7307415], [-80.2333873, 25.7307824], [-80.233366, 25.7308292], [-80.2333544, 25.7308585], [-80.233351, 25.7308908], [-80.2333492, 25.7309172], [-80.2333491, 25.7309289], [-80.2333393, 25.7309421], [-80.2333311, 25.7309567], [-80.2333278, 25.7309743], [-80.2333326, 25.730986], [-80.2333373, 25.7309978], [-80.2333338, 25.7310476], [-80.2333158, 25.7310769], [-80.233306, 25.73109], [-80.233293, 25.7310958], [-80.2332784, 25.7310899], [-80.2331964, 25.7310014], [-80.2331223, 25.730935]]}, "properties": {"project": "PH7113", "date": "19751101", "kind": "Man-made", "source": "TP00424"}}, {"type": "Feature", "geometry": {"type": "LineString", "coordinates": [[-80.2305484, 25.730592], [-80.2305426, 25.7305824], [-80.2305273, 25.7305736]]}, "properties": {"project": "PH7113", "date": "19751101", "kind": "Pier", "source": "TP00424"}}, {"type": "Feature", "geometry": {"type": "LineString", "coordinates": [[-80.2312285, 25.7305394], [-80.2311632, 25.7305866]]}, "properties": {"project": "PH7113", "date": "19751101", "kind": "Pier", "source": "TP00424"}}, {"type": "Feature", "geometry": {"type": "LineString", "coordinates": [[-80.2305273, 25.7305736], [-80.230463, 25.7304975]]}, "properties": {"project": "PH7113", "date": "19751101", "kind": "Pier", "source": "TP00424"}}, {"type": "Feature", "geometry": {"type": "LineString", "coordinates": [[-80.2332843, 25.7303577], [-80.2331573, 25.7303719]]}, "properties": {"project": "PH7113", "date": "19751101", "kind": "Pier", "source": "TP00424"}}, {"type": "Feature", "geometry": {"type": "LineString", "coordinates": [[-80.2332405, 25.7302453], [-80.2331034, 25.7302511]]}, "properties": {"project": "PH7113", "date": "19751101", "kind": "Pier", "source": "TP00424"}}, {"type": "Feature", "geometry": {"type": "LineString", "coordinates": [[-80.2332405, 25.7302453], [-80.2332843, 25.7303577]]}, "properties": {"project": "PH7113", "date": "19751101", "kind": "Man-made", "source": "TP00424"}}, {"type": "Feature", "geometry": {"type": "LineString", "coordinates": [[-80.2328346, 25.7301021], [-80.2327225, 25.7300585]]}, "properties": {"project": "PH7113", "date": "19751101", "kind": "Pier", "source": "TP00424"}}, {"type": "Feature", "geometry": {"type": "LineString", "coordinates": [[-80.2326738, 25.7300428], [-80.2326532, 25.730095], [-80.2326466, 25.7301184], [-80.2326465, 25.7301291], [-80.2326432, 25.7301492], [-80.2326318, 25.7301565], [-80.2326123, 25.7301608], [-80.232588, 25.7301577], [-80.2325283, 25.7301251], [-80.2325137, 25.7301265], [-80.2325088, 25.7301367], [-80.2327282, 25.7302655], [-80.2328186, 25.7303203], [-80.2328365, 25.7303013], [-80.2328027, 25.7302777], [-80.2326623, 25.7301918], [-80.2327225, 25.7300585]]}, "properties": {"project": "PH7113", "date": "19751101", "kind": "Pier", "source": "TP00424"}}, {"type": "Feature", "geometry": {"type": "LineString", "coordinates": [[-80.2326738, 25.7300428], [-80.2325521, 25.7300046]]}, "properties": {"project": "PH7113", "date": "19751101", "kind": "Pier", "source": "TP00424"}}, {"type": "Feature", "geometry": {"type": "LineString", "coordinates": [[-80.2327225, 25.7300585], [-80.2327674, 25.7299617]]}, "properties": {"project": "PH7113", "date": "19751101", "kind": "Pier", "source": "TP00424"}}, {"type": "Feature", "geometry": {"type": "LineString", "coordinates": [[-80.2328478, 25.7299972], [-80.2327674, 25.7299617]]}, "properties": {"project": "PH7113", "date": "19751101", "kind": "Pier", "source": "TP00424"}}, {"type": "Feature", "geometry": {"type": "LineString", "coordinates": [[-80.2327179, 25.7299504], [-80.2326738, 25.7300428]]}, "properties": {"project": "PH7113", "date": "19751101", "kind": "Pier", "source": "TP00424"}}, {"type": "Feature", "geometry": {"type": "LineString", "coordinates": [[-80.2327179, 25.7299504], [-80.2326028, 25.7299064]]}, "properties": {"project": "PH7113", "date": "19751101", "kind": "Pier", "source": "TP00424"}}, {"type": "Feature", "geometry": {"type": "LineString", "coordinates": [[-80.2323148, 25.7299145], [-80.2322004, 25.7298789]]}, "properties": {"project": "PH7113", "date": "19751101", "kind": "Pier", "source": "TP00424"}}, {"type": "Feature", "geometry": {"type": "LineString", "coordinates": [[-80.2335372, 25.7298769], [-80.2335076, 25.7299557], [-80.2333184, 25.7299092], [-80.2332534, 25.7301935], [-80.2332405, 25.7302453]]}, "properties": {"project": "PH7113", "date": "19751101", "kind": "Man-made", "source": "TP00424"}}, {"type": "Feature", "geometry": {"type": "LineString", "coordinates": [[-80.2327674, 25.7299617], [-80.2328101, 25.7298728]]}, "properties": {"project": "PH7113", "date": "19751101", "kind": "Pier", "source": "TP00424"}}, {"type": "Feature", "geometry": {"type": "LineString", "coordinates": [[-80.2328675, 25.7299001], [-80.2328101, 25.7298728]]}, "properties": {"project": "PH7113", "date": "19751101", "kind": "Pier", "source": "TP00424"}}, {"type": "Feature", "geometry": {"type": "LineString", "coordinates": [[-80.232171, 25.7298648], [-80.2320701, 25.7298388]]}, "properties": {"project": "PH7113", "date": "19751101", "kind": "Pier", "source": "TP00424"}}, {"type": "Feature", "geometry": {"type": "LineString", "coordinates": [[-80.232171, 25.7298648], [-80.2321719, 25.7298871], [-80.2321702, 25.7298988], [-80.2321653, 25.7299061000001], [-80.2321572, 25.7299134], [-80.2321458, 25.7299177], [-80.2320377, 25.7298908], [-80.2320046, 25.7299669], [-80.2321808, 25.7300147], [-80.2322137, 25.7299357], [-80.232183, 25.7299253], [-80.2322004, 25.7298789]]}, "properties": {"project": "PH7113", "date": "19751101", "kind": "Pier", "source": "TP00424"}}, {"type": "Feature", "geometry": {"type": "LineString", "coordinates": [[-80.2327619, 25.7298602], [-80.2327179, 25.7299504]]}, "properties": {"project": "PH7113", "date": "19751101", "kind": "Pier", "source": "TP00424"}}, {"type": "Feature", "geometry": {"type": "LineString", "coordinates": [[-80.2335372, 25.7298769], [-80.2333698, 25.7298413]]}, "properties": {"project": "PH7113", "date": "19751101", "kind": "Pier", "source": "TP00424"}}, {"type": "Feature", "geometry": {"type": "LineString", "coordinates": [[-80.2327619, 25.7298602], [-80.2326725, 25.7298215]]}, "properties": {"project": "PH7113", "date": "19751101", "kind": "Pier", "source": "TP00424"}}, {"type": "Feature", "geometry": {"type": "LineString", "coordinates": [[-80.2335689, 25.7297923], [-80.2335372, 25.7298769]]}, "properties": {"project": "PH7113", "date": "19751101", "kind": "Man-made", "source": "TP00424"}}, {"type": "Feature", "geometry": {"type": "LineString", "coordinates": [[-80.2335689, 25.7297923], [-80.2334036, 25.729764]]}, "properties": {"project": "PH7113", "date": "19751101", "kind": "Pier", "source": "TP00424"}}, {"type": "Feature", "geometry": {"type": "LineString", "coordinates": [[-80.2322004, 25.7298789], [-80.2322414, 25.7297618]]}, "properties": {"project": "PH7113", "date": "19751101", "kind": "Pier", "source": "TP00424"}}, {"type": "Feature", "geometry": {"type": "LineString", "coordinates": [[-80.2323337, 25.7297933], [-80.2322414, 25.7297618]]}, "properties": {"project": "PH7113", "date": "19751101", "kind": "Pier", "source": "TP00424"}}, {"type": "Feature", "geometry": {"type": "LineString", "coordinates": [[-80.2328145, 25.7297432], [-80.2327619, 25.7298602]]}, "properties": {"project": "PH7113", "date": "19751101", "kind": "Pier", "source": "TP00424"}}, {"type": "Feature", "geometry": {"type": "LineString", "coordinates": [[-80.1566067, 25.6951312], [-80.1566363, 25.6950687], [-80.156652, 25.6950288], [-80.1566724, 25.6948552], [-80.1566842, 25.6948032], [-80.1567079, 25.6947043], [-80.1567199, 25.6946401], [-80.1567236, 25.6943917], [-80.1567343, 25.6942268], [-80.1567466, 25.6941192], [-80.1567591, 25.6939699], [-80.1567577, 25.6939056000001], [-80.1567317, 25.6937821]]}, "properties": {"project": "PH7113", "date": "19751101", "kind": "Natural.Mean High Water", "source": "TP00425"}}, {"type": "Feature", "geometry": {"type": "LineString", "coordinates": [[-80.1567317, 25.6937821], [-80.1566991, 25.6937784]]}, "properties": {"project": "PH7113", "date": "19751101", "kind": "Man-made", "source": "TP00425"}}, {"type": "Feature", "geometry": {"type": "LineString", "coordinates": [[-80.1750355, 25.6912322], [-80.1748219, 25.6914687], [-80.1747078, 25.6915694], [-80.174659, 25.6915501], [-80.1745984, 25.6915414], [-80.1745423, 25.6915622], [-80.1745048, 25.6915979], [-80.1744742, 25.6916336], [-80.1744599, 25.6916758], [-80.174448, 25.6917201], [-80.1744595, 25.6917392], [-80.1744245, 25.6917453], [-80.174408, 25.6917727], [-80.1744078, 25.691798], [-80.1744123, 25.6918276], [-80.1744121, 25.6918572], [-80.1744241, 25.6918884], [-80.17417, 25.6921347], [-80.174072, 25.6921341], [-80.1739569, 25.6922645], [-80.1738274, 25.6924518], [-80.1737804, 25.6925022], [-80.1737588, 25.6925803], [-80.1736834, 25.6927024], [-80.1736247, 25.6927654], [-80.1735751, 25.6928539], [-80.1734856, 25.6929865], [-80.1734432, 25.6930433], [-80.1733047, 25.6931777], [-80.1732832, 25.6932494], [-80.1732264, 25.6933737], [-80.1731321, 25.6935232], [-80.1730427, 25.6936431], [-80.1730385, 25.6939114], [-80.1730323, 25.6941332], [-80.1730194, 25.6943127], [-80.1729851, 25.6945512], [-80.1729415, 25.694777], [-80.1728867, 25.6949521], [-80.172778, 25.6951564], [-80.1727071, 25.6952996], [-80.172587, 25.695468], [-80.1724835, 25.6955984], [-80.1723540999999, 25.6957624], [-80.1722485, 25.6958611], [-80.1721852, 25.6959157], [-80.171946, 25.6961002], [-80.1715475, 25.6964128], [-80.171463, 25.696482], [-80.17102, 25.6968217], [-80.1706988, 25.6970777], [-80.1703588, 25.6973398], [-80.1697985, 25.6977782], [-80.1696015, 25.6979313000001], [-80.1694709, 25.6979369], [-80.1691911, 25.6979416], [-80.1690394, 25.6979555], [-80.1687316, 25.6979559], [-80.1686735, 25.6979366], [-80.1685492, 25.6980267], [-80.1685304, 25.6980583], [-80.1685393, 25.6981196], [-80.1686111, 25.6981834], [-80.1686321, 25.6981856], [-80.1687743, 25.6981836]]}, "properties": {"project": "PH7113", "date": "19751101", "kind": "Man-made", "source": "TP00425"}}, {"type": "Feature", "geometry": {"type": "LineString", "coordinates": [[-80.1633409, 25.7315188], [-80.1629353, 25.7316785], [-80.162995, 25.7317669], [-80.1629404, 25.7317877], [-80.1628866, 25.731687], [-80.1628698, 25.7316933]]}, "properties": {"project": "PH7113", "date": "19751101", "kind": "Man-made", "source": "TP00425"}}, {"type": "Feature", "geometry": {"type": "LineString", "coordinates": [[-80.1658279, 25.7350119], [-80.1658104, 25.7349983], [-80.1657643, 25.7349463], [-80.1657379, 25.7348814], [-80.1657388, 25.7347535], [-80.1657647, 25.7346307], [-80.1658189, 25.734542], [-80.1658981, 25.7344599], [-80.1659896, 25.7344005], [-80.1660828, 25.7343654], [-80.1661812, 25.7343498], [-80.1662563, 25.7343486], [-80.1663527, 25.7343654], [-80.1664008, 25.7343851], [-80.166495, 25.7344552], [-80.1665607, 25.7345171], [-80.1665978, 25.7345691], [-80.1666191, 25.7345935], [-80.1666404, 25.7346098], [-80.1666583, 25.7346147], [-80.1666833, 25.7346214], [-80.1667154, 25.7346215], [-80.1667602, 25.7346072], [-80.1668068, 25.7345800000001], [-80.166843, 25.7345268], [-80.1669387, 25.7343768], [-80.1670729, 25.7340992], [-80.167113, 25.7339796], [-80.1671515, 25.7338439], [-80.1671686, 25.7336935], [-80.1671837, 25.7335803], [-80.1671883, 25.7334363000001], [-80.1671802, 25.7333164], [-80.167153, 25.7331188], [-80.16712, 25.7329827], [-80.1670518, 25.7327686], [-80.1670114, 25.7326632], [-80.166948, 25.7325253], [-80.1668511, 25.732337], [-80.1668051, 25.7322703], [-80.1667361, 25.7321696], [-80.1666580999999, 25.732072], [-80.1666121, 25.7320168], [-80.1665056, 25.7319028], [-80.1663814, 25.7317791], [-80.1663121, 25.7317205], [-80.1661858, 25.7316469], [-80.1661129, 25.7316069], [-80.1660379, 25.7317685], [-80.1659738, 25.731754], [-80.1658536, 25.7317093], [-80.1658635, 25.7316776], [-80.1658912, 25.7316074], [-80.1659328, 25.7315037]]}, "properties": {"project": "PH7113", "date": "19751101", "kind": "Man-made", "source": "TP00425"}}, {"type": "Feature", "geometry": {"type": "LineString", "coordinates": [[-80.1624577, 25.7318536], [-80.1624058, 25.7317688], [-80.1622492, 25.7315007]]}, "properties": {"project": "PH7113", "date": "19751101", "kind": "Pier", "source": "TP00425"}}, {"type": "Feature", "geometry": {"type": "LineString", "coordinates": [[-80.1751501, 25.6913395], [-80.1750355, 25.6912322]]}, "properties": {"project": "PH7113", "date": "19751101", "kind": "Undetermined Alongshore Feature", "source": "TP00425"}}, {"type": "Feature", "geometry": {"type": "LineString", "coordinates": [[-80.1730716, 25.6912182], [-80.1730237, 25.6912238]]}, "properties": {"project": "PH7113", "date": "19751101", "kind": "Pier", "source": "TP00425"}}, {"type": "Feature", "geometry": {"type": "LineString", "coordinates": [[-80.1730237, 25.6912238], [-80.1730266, 25.6912473], [-80.1730451, 25.6912685], [-80.1731337, 25.691269], [-80.1731363, 25.691231], [-80.1732203, 25.6912209], [-80.1733416, 25.6912195], [-80.173745, 25.6912154], [-80.1738243, 25.6912133]]}, "properties": {"project": "PH7113", "date": "19751101", "kind": "Man-made", "source": "TP00425"}}, {"type": "Feature", "geometry": {"type": "LineString", "coordinates": [[-80.1738243, 25.6912133], [-80.1741041, 25.691206]]}, "properties": {"project": "PH7113", "date": "19751101", "kind": "Man-made", "source": "TP00425"}}, {"type": "Feature", "geometry": {"type": "LineString", "coordinates": [[-80.1741041, 25.691206], [-80.1742091, 25.6912032], [-80.1743257, 25.6912025]]}, "properties": {"project": "PH7113", "date": "19751101", "kind": "Man-made", "source": "TP00425"}}, {"type": "Feature", "geometry": {"type": "LineString", "coordinates": [[-80.1743239, 25.6911194], [-80.1743257, 25.6912025]]}, "properties": {"project": "PH7113", "date": "19751101", "kind": "Pier", "source": "TP00425"}}, {"type": "Feature", "geometry": {"type": "LineString", "coordinates": [[-80.1738251, 25.6910912], [-80.1738243, 25.6912133]]}, "properties": {"project": "PH7113", "date": "19751101", "kind": "Pier", "source": "TP00425"}}, {"type": "Feature", "geometry": {"type": "LineString", "coordinates": [[-80.1741054, 25.6910231], [-80.1741041, 25.691206]]}, "properties": {"project": "PH7113", "date": "19751101", "kind": "Pier", "source": "TP00425"}}, {"type": "Feature", "geometry": {"type": "LineString", "coordinates": [[-80.1734342, 25.690646], [-80.1734043, 25.6906543]]}, "properties": {"project": "PH7113", "date": "19751101", "kind": "Pier", "source": "TP00425"}}, {"type": "Feature", "geometry": {"type": "LineString", "coordinates": [[-80.1734665, 25.690637], [-80.1734342, 25.690646]]}, "properties": {"project": "PH7113", "date": "19751101", "kind": "Pier", "source": "TP00425"}}, {"type": "Feature", "geometry": {"type": "LineString", "coordinates": [[-80.1734155, 25.6906108], [-80.173397, 25.6906198], [-80.1731868, 25.6906672], [-80.1731517, 25.6906881], [-80.1731211, 25.6907344], [-80.1730718, 25.6907785], [-80.1730125, 25.6909303], [-80.1730026, 25.6910021], [-80.1730118, 25.6910338], [-80.1729974, 25.6910823], [-80.1730178, 25.6911754], [-80.1730237, 25.6912238]]}, "properties": {"project": "PH7113", "date": "19751101", "kind": "Man-made", "source": "TP00425"}}, {"type": "Feature", "geometry": {"type": "LineString", "coordinates": [[-80.1734342, 25.690646], [-80.1734155, 25.6906108]]}, "properties": {"project": "PH7113", "date": "19751101", "kind": "Pier", "source": "TP00425"}}, {"type": "Feature", "geometry": {"type": "LineString", "coordinates": [[-80.1623556, 25.7314479], [-80.1622492, 25.7315007]]}, "properties": {"project": "PH7113", "date": "19751101", "kind": "Pier", "source": "TP00425"}}, {"type": "Feature", "geometry": {"type": "LineString", "coordinates": [[-80.1633409, 25.7315188], [-80.1634501, 25.7314736], [-80.1634852, 25.7314597], [-80.1635319, 25.7314547], [-80.1636059, 25.7314393], [-80.1636467, 25.7314342], [-80.1637051, 25.7314328000001], [-80.1638022, 25.7314422], [-80.163847, 25.7314389], [-80.1638975, 25.7314339], [-80.1639735, 25.7314167], [-80.1640222, 25.7314029], [-80.1640864, 25.7314015], [-80.1641524, 25.7314107], [-80.1642068, 25.7314163], [-80.1642788, 25.7314114], [-80.164343, 25.7314065], [-80.1644073, 25.7313805], [-80.1644659, 25.7313544], [-80.1645126, 25.7313406], [-80.164536, 25.7313354], [-80.1645906, 25.7313111], [-80.1646198, 25.7313007], [-80.164649, 25.7312938], [-80.1646783, 25.7312869], [-80.1646977, 25.73128], [-80.1647211, 25.7312766]]}, "properties": {"project": "PH7113", "date": "19751101", "kind": "Natural.Mean High Water", "source": "TP00425"}}, {"type": "Feature", "geometry": {"type": "LineString", "coordinates": [[-80.1647211, 25.7312766], [-80.1647444, 25.7312767], [-80.1647736, 25.7312752], [-80.1648163999999, 25.7312754], [-80.1648592, 25.7312756], [-80.1648922, 25.7312758], [-80.1649311, 25.7312761], [-80.1649895, 25.7312693], [-80.1650537, 25.7312609], [-80.1650868, 25.7312593], [-80.1651102, 25.7312584]]}, "properties": {"project": "PH7113", "date": "19751101", "kind": "Natural.Mean High Water", "source": "TP00425"}}, {"type": "Feature", "geometry": {"type": "LineString", "coordinates": [[-80.1651102, 25.7312584], [-80.1651257, 25.7312578], [-80.1651918, 25.7312599], [-80.1652617, 25.7312744], [-80.165481, 25.731332], [-80.1655799, 25.731359], [-80.1657991, 25.7314378], [-80.1659328, 25.7315037]]}, "properties": {"project": "PH7113", "date": "19751101", "kind": "Natural.Mean High Water", "source": "TP00425"}}, {"type": "Feature", "geometry": {"type": "LineString", "coordinates": [[-80.1624128, 25.731878], [-80.1623397, 25.7317666], [-80.1621034, 25.7313672], [-80.1621132, 25.731355], [-80.162359, 25.7312331], [-80.1623802, 25.7312632], [-80.1621714, 25.7313676], [-80.1622406, 25.731486], [-80.1622492, 25.7315007]]}, "properties": {"project": "PH7113", "date": "19751101", "kind": "Pier", "source": "TP00425"}}, {"type": "Feature", "geometry": {"type": "LineString", "coordinates": [[-80.1647196, 25.7312097], [-80.1647211, 25.7312766]]}, "properties": {"project": "PH7113", "date": "19751101", "kind": "Undetermined Alongshore Feature", "source": "TP00425"}}, {"type": "Feature", "geometry": {"type": "LineString", "coordinates": [[-80.1651144, 25.7312067], [-80.1651102, 25.7312584]]}, "properties": {"project": "PH7113", "date": "19751101", "kind": "Undetermined Alongshore Feature", "source": "TP00425"}}, {"type": "Feature", "geometry": {"type": "LineString", "coordinates": [[-80.1696801, 25.6983733], [-80.169284, 25.6983668]]}, "properties": {"project": "PH7113", "date": "19751101", "kind": "Pier", "source": "TP00425"}}, {"type": "Feature", "geometry": {"type": "LineString", "coordinates": [[-80.1697372, 25.6982046], [-80.1700149, 25.6985146], [-80.1702232, 25.6987313], [-80.1702674, 25.6987505], [-80.1703554, 25.6988355], [-80.1704966, 25.6989885], [-80.1704988, 25.6990159], [-80.1704962, 25.6990413], [-80.1704611, 25.6990685], [-80.1704444, 25.699117], [-80.170456, 25.6994699], [-80.1704708, 25.6996897]]}, "properties": {"project": "PH7113", "date": "19751101", "kind": "Undetermined Alongshore Feature", "source": "TP00425"}}, {"type": "Feature", "geometry": {"type": "LineString", "coordinates": [[-80.1687743, 25.6981836], [-80.1689867, 25.6981807]]}, "properties": {"project": "PH7113", "date": "19751101", "kind": "Man-made", "source": "TP00425"}}, {"type": "Feature", "geometry": {"type": "LineString", "coordinates": [[-80.1689867, 25.6981807], [-80.1692804, 25.6981766], [-80.169284, 25.6983668]]}, "properties": {"project": "PH7113", "date": "19751101", "kind": "Man-made", "source": "TP00425"}}, {"type": "Feature", "geometry": {"type": "LineString", "coordinates": [[-80.1689893, 25.6981264], [-80.1689867, 25.6981807]]}, "properties": {"project": "PH7113", "date": "19751101", "kind": "Pier", "source": "TP00425"}}, {"type": "Feature", "geometry": {"type": "LineString", "coordinates": [[-80.1563815, 25.6988363], [-80.1564298, 25.6986679], [-80.1564596, 25.6985766], [-80.1563906, 25.6984909], [-80.1563933, 25.698436], [-80.1564237, 25.6982513], [-80.1564359, 25.6981172]]}, "properties": {"project": "PH7113", "date": "19751101", "kind": "Man-made", "source": "TP00425"}}, {"type": "Feature", "geometry": {"type": "LineString", "coordinates": [[-80.1564359, 25.6981172], [-80.1563889, 25.6980966]]}, "properties": {"project": "PH7113", "date": "19751101", "kind": "Pier", "source": "TP00425"}}, {"type": "Feature", "geometry": {"type": "LineString", "coordinates": [[-80.168768, 25.6980934], [-80.1687743, 25.6981836]]}, "properties": {"project": "PH7113", "date": "19751101", "kind": "Pier", "source": "TP00425"}}, {"type": "Feature", "geometry": {"type": "LineString", "coordinates": [[-80.1564359, 25.6981172], [-80.1564606, 25.6981052], [-80.1564634, 25.69803], [-80.1564673, 25.6977902], [-80.1564666, 25.6975768]]}, "properties": {"project": "PH7113", "date": "19751101", "kind": "Man-made", "source": "TP00425"}}, {"type": "Feature", "geometry": {"type": "LineString", "coordinates": [[-80.1564666, 25.6975768], [-80.1564038, 25.6975744]]}, "properties": {"project": "PH7113", "date": "19751101", "kind": "Undetermined Alongshore Feature", "source": "TP00425"}}, {"type": "Feature", "geometry": {"type": "LineString", "coordinates": [[-80.1564666, 25.6975768], [-80.1565025, 25.697573], [-80.1564947, 25.6974104], [-80.1564893, 25.6972213], [-80.1564789, 25.6970993], [-80.1564749, 25.6970363]]}, "properties": {"project": "PH7113", "date": "19751101", "kind": "Man-made", "source": "TP00425"}}, {"type": "Feature", "geometry": {"type": "LineString", "coordinates": [[-80.1564749, 25.6970363], [-80.1564077, 25.6970258]]}, "properties": {"project": "PH7113", "date": "19751101", "kind": "Undetermined Alongshore Feature", "source": "TP00425"}}, {"type": "Feature", "geometry": {"type": "LineString", "coordinates": [[-80.1564879, 25.6964633], [-80.1564094, 25.6964649]]}, "properties": {"project": "PH7113", "date": "19751101", "kind": "Undetermined Alongshore Feature", "source": "TP00425"}}, {"type": "Feature", "geometry": {"type": "LineString", "coordinates": [[-80.1564749, 25.6970363], [-80.1565198, 25.6970285], [-80.1564879, 25.6964633]]}, "properties": {"project": "PH7113", "date": "19751101", "kind": "Man-made", "source": "TP00425"}}, {"type": "Feature", "geometry": {"type": "LineString", "coordinates": [[-80.1564879, 25.6964633], [-80.1565417, 25.6964636], [-80.1565318, 25.6962766], [-80.1565123, 25.696072], [-80.1565072, 25.6959851], [-80.1565297, 25.6959482]]}, "properties": {"project": "PH7113", "date": "19751101", "kind": "Man-made", "source": "TP00425"}}, {"type": "Feature", "geometry": {"type": "LineString", "coordinates": [[-80.1565297, 25.6959482], [-80.1563902, 25.6959383]]}, "properties": {"project": "PH7113", "date": "19751101", "kind": "Undetermined Alongshore Feature", "source": "TP00425"}}, {"type": "Feature", "geometry": {"type": "LineString", "coordinates": [[-80.1565297, 25.6959482], [-80.1565598, 25.6958621], [-80.1565877, 25.695718], [-80.1566037, 25.6956174], [-80.1565912, 25.6954307]]}, "properties": {"project": "PH7113", "date": "19751101", "kind": "Natural.Mean High Water", "source": "TP00425"}}, {"type": "Feature", "geometry": {"type": "LineString", "coordinates": [[-80.1565912, 25.6954307], [-80.1564023, 25.6954284]]}, "properties": {"project": "PH7113", "date": "19751101", "kind": "Undetermined Alongshore Feature", "source": "TP00425"}}, {"type": "Feature", "geometry": {"type": "LineString", "coordinates": [[-80.1565912, 25.6954307], [-80.1565884, 25.6953376], [-80.1565986, 25.6952613], [-80.1566067, 25.6951312]]}, "properties": {"project": "PH7113", "date": "19751101", "kind": "Natural.Mean High Water", "source": "TP00425"}}, {"type": "Feature", "geometry": {"type": "LineString", "coordinates": [[-80.1566067, 25.6951312], [-80.1565169, 25.6951276]]}, "properties": {"project": "PH7113", "date": "19751101", "kind": "Undetermined Alongshore Feature", "source": "TP00425"}}, {"type": "Feature", "geometry": {"type": "LineString", "coordinates": [[-80.1495929, 25.7378734], [-80.1496548, 25.7379229], [-80.1497168, 25.7379507], [-80.1497853, 25.7379641], [-80.1498633, 25.7379761], [-80.1499766, 25.7379797], [-80.1501073, 25.7379819], [-80.1501775999999, 25.737965], [-80.1502511, 25.7379452], [-80.1503343, 25.7379096], [-80.1504464, 25.7378495], [-80.1505169, 25.7378138], [-80.1505665, 25.7377867], [-80.1506754, 25.7377194], [-80.1507492, 25.7376707], [-80.1507877, 25.7376348], [-80.1508374, 25.7375976], [-80.1508855, 25.7375646], [-80.1509383, 25.737536], [-80.1510057, 25.7374887], [-80.1510746, 25.7374429], [-80.151137, 25.7374072], [-80.1512861, 25.7373069], [-80.1513743, 25.7372366], [-80.1514834, 25.737152], [-80.1516149, 25.7370531], [-80.1516598, 25.7370173], [-80.1517209, 25.7369541], [-80.1517882, 25.736901], [-80.1518363, 25.7368652], [-80.1518956, 25.7368251], [-80.151939, 25.7367877], [-80.1519742, 25.7367677], [-80.1520414, 25.7367421], [-80.1521278, 25.7367094], [-80.152243, 25.7366537], [-80.1523327, 25.7366066], [-80.1524288, 25.7365436], [-80.1525762, 25.7364462], [-80.1526564, 25.7363946], [-80.1526996, 25.7363718], [-80.1528422, 25.7362758], [-80.1529159, 25.7362286], [-80.1529736, 25.7361971], [-80.153052, 25.73616], [-80.1531641, 25.7361029], [-80.1532713, 25.736053], [-80.1534249, 25.7359859], [-80.1534985, 25.7359546], [-80.153737, 25.7358303], [-80.1538699, 25.7357646], [-80.1539659, 25.7357218], [-80.1540203, 25.7356947], [-80.1540539, 25.735679], [-80.1540876, 25.7356532], [-80.1541484, 25.7356218], [-80.1542765, 25.7355546], [-80.1544766, 25.7354547], [-80.1545359, 25.7354189], [-80.1546224, 25.7353616], [-80.1546913, 25.7353215], [-80.1548001, 25.7352658], [-80.1548801, 25.7352273], [-80.1549761, 25.7351874], [-80.1550801, 25.7351389], [-80.1552066, 25.7350761], [-80.1552675, 25.7350331], [-80.1553444, 25.7349858], [-80.1554597, 25.7349215], [-80.1555478, 25.7348671], [-80.1556759, 25.7348029], [-80.1557992, 25.7347371], [-80.1558936, 25.7346943], [-80.1559608, 25.7346557], [-80.156044, 25.7346215], [-80.1561176, 25.7345887], [-80.1562536, 25.7345346], [-80.1562968, 25.7345103], [-80.1563769, 25.7344674], [-80.1564953, 25.7344074], [-80.1565818, 25.7343588], [-80.156774, 25.7342501], [-80.1568829, 25.7341901], [-80.1569821, 25.7341444], [-80.1570445, 25.7341116], [-80.1571357, 25.7340774], [-80.157206, 25.7340518], [-80.1572716, 25.7340233], [-80.1573229, 25.7339933], [-80.1573645, 25.733969], [-80.157387, 25.7339503], [-80.1574975, 25.7338874], [-80.1576015, 25.7338316], [-80.1577712, 25.7337474], [-80.1578791, 25.7336958]]}, "properties": {"project": "PH7113", "date": "19751101", "kind": "Natural.Mean High Water", "source": "TP00425"}}, {"type": "Feature", "geometry": {"type": "LineString", "coordinates": [[-80.1578791, 25.7336958], [-80.1578164, 25.733613]]}, "properties": {"project": "PH7113", "date": "19751101", "kind": "Undetermined Alongshore Feature", "source": "TP00425"}}, {"type": "Feature", "geometry": {"type": "LineString", "coordinates": [[-80.1578791, 25.7336958], [-80.1579809, 25.7336359], [-80.1580786, 25.7335801], [-80.1581405, 25.7335433]]}, "properties": {"project": "PH7113", "date": "19751101", "kind": "Natural.Mean High Water", "source": "TP00425"}}, {"type": "Feature", "geometry": {"type": "LineString", "coordinates": [[-80.1581405, 25.7335433], [-80.1581827, 25.7335302], [-80.1582482, 25.7335046], [-80.1582679, 25.7334914]]}, "properties": {"project": "PH7113", "date": "19751101", "kind": "Natural.Mean High Water", "source": "TP00425"}}, {"type": "Feature", "geometry": {"type": "LineString", "coordinates": [[-80.1581405, 25.7335433], [-80.1580888, 25.7334859]]}, "properties": {"project": "PH7113", "date": "19751101", "kind": "Undetermined Alongshore Feature", "source": "TP00425"}}, {"type": "Feature", "geometry": {"type": "LineString", "coordinates": [[-80.1582679, 25.7334914], [-80.158244, 25.7334612]]}, "properties": {"project": "PH7113", "date": "19751101", "kind": "Undetermined Alongshore Feature", "source": "TP00425"}}, {"type": "Feature", "geometry": {"type": "LineString", "coordinates": [[-80.1582679, 25.7334914], [-80.1582803, 25.7334831], [-80.1583811, 25.7334403], [-80.158509, 25.7333891], [-80.1585285, 25.7333802]]}, "properties": {"project": "PH7113", "date": "19751101", "kind": "Natural.Mean High Water", "source": "TP00425"}}, {"type": "Feature", "geometry": {"type": "LineString", "coordinates": [[-80.1585285, 25.7333802], [-80.1584902, 25.7333274]]}, "properties": {"project": "PH7113", "date": "19751101", "kind": "Undetermined Alongshore Feature", "source": "TP00425"}}, {"type": "Feature", "geometry": {"type": "LineString", "coordinates": [[-80.1624128, 25.731878], [-80.1622919, 25.7319301], [-80.1621223, 25.7319961], [-80.1619117, 25.7320864]]}, "properties": {"project": "PH7113", "date": "19751101", "kind": "Man-made", "source": "TP00425"}}, {"type": "Feature", "geometry": {"type": "LineString", "coordinates": [[-80.1585285, 25.7333802], [-80.1585714, 25.7333605], [-80.1586451, 25.7333205], [-80.1586836, 25.7332947], [-80.1587212, 25.7332796]]}, "properties": {"project": "PH7113", "date": "19751101", "kind": "Natural.Mean High Water", "source": "TP00425"}}, {"type": "Feature", "geometry": {"type": "LineString", "coordinates": [[-80.1587212, 25.7332796], [-80.1587523, 25.7332749], [-80.1588004, 25.7332651]]}, "properties": {"project": "PH7113", "date": "19751101", "kind": "Natural.Mean High Water", "source": "TP00425"}}, {"type": "Feature", "geometry": {"type": "LineString", "coordinates": [[-80.1587212, 25.7332796], [-80.1586853, 25.7332289]]}, "properties": {"project": "PH7113", "date": "19751101", "kind": "Undetermined Alongshore Feature", "source": "TP00425"}}, {"type": "Feature", "geometry": {"type": "LineString", "coordinates": [[-80.1588004, 25.7332651], [-80.1587559, 25.733214]]}, "properties": {"project": "PH7113", "date": "19751101", "kind": "Undetermined Alongshore Feature", "source": "TP00425"}}, {"type": "Feature", "geometry": {"type": "LineString", "coordinates": [[-80.1588004, 25.7332651], [-80.1588258, 25.7332565], [-80.158877, 25.7332294], [-80.1589481, 25.7332041]]}, "properties": {"project": "PH7113", "date": "19751101", "kind": "Natural.Mean High Water", "source": "TP00425"}}, {"type": "Feature", "geometry": {"type": "LineString", "coordinates": [[-80.1589481, 25.7332041], [-80.1589858, 25.7331896], [-80.1590258, 25.7331696], [-80.1590381, 25.7331646]]}, "properties": {"project": "PH7113", "date": "19751101", "kind": "Natural.Mean High Water", "source": "TP00425"}}, {"type": "Feature", "geometry": {"type": "LineString", "coordinates": [[-80.1589481, 25.7332041], [-80.1589113, 25.7331562]]}, "properties": {"project": "PH7113", "date": "19751101", "kind": "Undetermined Alongshore Feature", "source": "TP00425"}}, {"type": "Feature", "geometry": {"type": "LineString", "coordinates": [[-80.1590381, 25.7331646], [-80.158999, 25.7331159]]}, "properties": {"project": "PH7113", "date": "19751101", "kind": "Undetermined Alongshore Feature", "source": "TP00425"}}, {"type": "Feature", "geometry": {"type": "LineString", "coordinates": [[-80.1590381, 25.7331646], [-80.1590722, 25.7331511], [-80.1591441, 25.7331211], [-80.1591969999999, 25.733094], [-80.1592274, 25.7330754], [-80.1592449, 25.733064]]}, "properties": {"project": "PH7113", "date": "19751101", "kind": "Natural.Mean High Water", "source": "TP00425"}}, {"type": "Feature", "geometry": {"type": "LineString", "coordinates": [[-80.1592449, 25.733064], [-80.1592138, 25.7330278]]}, "properties": {"project": "PH7113", "date": "19751101", "kind": "Undetermined Alongshore Feature", "source": "TP00425"}}, {"type": "Feature", "geometry": {"type": "LineString", "coordinates": [[-80.1592449, 25.733064], [-80.1592627, 25.7330525], [-80.1592803, 25.7330396], [-80.1593028, 25.7330195], [-80.1593188, 25.733008], [-80.1593373, 25.7329969]]}, "properties": {"project": "PH7113", "date": "19751101", "kind": "Natural.Mean High Water", "source": "TP00425"}}, {"type": "Feature", "geometry": {"type": "LineString", "coordinates": [[-80.1593373, 25.7329969], [-80.1592989, 25.7329466]]}, "properties": {"project": "PH7113", "date": "19751101", "kind": "Undetermined Alongshore Feature", "source": "TP00425"}}, {"type": "Feature", "geometry": {"type": "LineString", "coordinates": [[-80.1593373, 25.7329969], [-80.159354, 25.7329923], [-80.1593891, 25.7329925], [-80.1594066, 25.7329926], [-80.1594226, 25.7329898], [-80.1594418, 25.7329813], [-80.1594642, 25.7329698], [-80.1595074, 25.7329484], [-80.1595362, 25.7329356], [-80.1595732, 25.7328997], [-80.1596101, 25.7328609], [-80.1596773, 25.7328324], [-80.1597173, 25.7328182], [-80.1597749, 25.7327896]]}, "properties": {"project": "PH7113", "date": "19751101", "kind": "Natural.Mean High Water", "source": "TP00425"}}, {"type": "Feature", "geometry": {"type": "LineString", "coordinates": [[-80.1597749, 25.7327896], [-80.1597923, 25.7328157], [-80.1598047, 25.7328635], [-80.1598251, 25.7329127], [-80.1598867, 25.7329911], [-80.1599958, 25.7331376], [-80.1600766, 25.7332089], [-80.1601418, 25.7332396], [-80.1601816, 25.733247], [-80.1602168, 25.7332386], [-80.1602488, 25.7332214], [-80.1603277, 25.7331178], [-80.1603122, 25.7330513], [-80.1602521, 25.7329816], [-80.1602014, 25.7329322000001], [-80.1601441, 25.7329145], [-80.1600196, 25.7329239], [-80.1599686, 25.7329207], [-80.1599113, 25.7329002], [-80.1598653, 25.7328638], [-80.1598447, 25.7328391], [-80.1598449, 25.7328102], [-80.1598803, 25.7327772], [-80.1599601, 25.7327705], [-80.1600207, 25.7327679], [-80.1600798, 25.7327538], [-80.1601756, 25.732746]]}, "properties": {"project": "PH7113", "date": "19751101", "kind": "Natural.Mean High Water", "source": "TP00425"}}, {"type": "Feature", "geometry": {"type": "LineString", "coordinates": [[-80.1597749, 25.7327896], [-80.1597149, 25.7327141]]}, "properties": {"project": "PH7113", "date": "19751101", "kind": "Undetermined Alongshore Feature", "source": "TP00425"}}, {"type": "Feature", "geometry": {"type": "LineString", "coordinates": [[-80.1601107, 25.7325377], [-80.1601756, 25.732746]]}, "properties": {"project": "PH7113", "date": "19751101", "kind": "Undetermined Alongshore Feature", "source": "TP00425"}}, {"type": "Feature", "geometry": {"type": "LineString", "coordinates": [[-80.1601756, 25.732746], [-80.1603032, 25.732745], [-80.1603353, 25.7327105], [-80.1603722, 25.7326804], [-80.1604251, 25.7326489], [-80.1605274, 25.7326061], [-80.1605802, 25.7325833], [-80.1606346, 25.732562], [-80.1606955, 25.7325262], [-80.1607644, 25.7324789], [-80.1608158, 25.7324287], [-80.1608576, 25.7323841]]}, "properties": {"project": "PH7113", "date": "19751101", "kind": "Natural.Mean High Water", "source": "TP00425"}}, {"type": "Feature", "geometry": {"type": "LineString", "coordinates": [[-80.1609857, 25.7323069], [-80.1608576, 25.7323841]]}, "properties": {"project": "PH7113", "date": "19751101", "kind": "Undetermined.Approximate", "source": "TP00425"}}, {"type": "Feature", "geometry": {"type": "LineString", "coordinates": [[-80.1628174, 25.731713], [-80.1627482, 25.731739], [-80.1624577, 25.7318536]]}, "properties": {"project": "PH7113", "date": "19751101", "kind": "Man-made", "source": "TP00425"}}, {"type": "Feature", "geometry": {"type": "LineString", "coordinates": [[-80.1628698, 25.7316933], [-80.1628174, 25.731713]]}, "properties": {"project": "PH7113", "date": "19751101", "kind": "Shoreline/Alongshore Feature Boundary", "source": "TP00425"}}, {"type": "Feature", "geometry": {"type": "LineString", "coordinates": [[-80.1627589, 25.7316052], [-80.1627004, 25.7316296]]}, "properties": {"project": "PH7113", "date": "19751101", "kind": "Pier", "source": "TP00425"}}, {"type": "Feature", "geometry": {"type": "LineString", "coordinates": [[-80.1627589, 25.7316052], [-80.1628174, 25.731713]]}, "properties": {"project": "PH7113", "date": "19751101", "kind": "Pier", "source": "TP00425"}}, {"type": "Feature", "geometry": {"type": "LineString", "coordinates": [[-80.1627537, 25.7315716], [-80.1626851, 25.7315854]]}, "properties": {"project": "PH7113", "date": "19751101", "kind": "Pier", "source": "TP00425"}}, {"type": "Feature", "geometry": {"type": "LineString", "coordinates": [[-80.1627589, 25.7316052], [-80.1627537, 25.7315716]]}, "properties": {"project": "PH7113", "date": "19751101", "kind": "Pier", "source": "TP00425"}}, {"type": "Feature", "geometry": {"type": "LineString", "coordinates": [[-80.1619117, 25.7320864], [-80.1618512, 25.7321072], [-80.1618022, 25.7321668], [-80.1617359, 25.7322231], [-80.1616751, 25.7322545], [-80.1615761, 25.7322756], [-80.1614963, 25.7322809], [-80.1614021, 25.7322948], [-80.1612824, 25.7323013], [-80.1611564, 25.732305], [-80.161091, 25.7323104], [-80.1610543, 25.7323101], [-80.1609857, 25.7323069]]}, "properties": {"project": "PH7113", "date": "19751101", "kind": "Natural.Mean High Water", "source": "TP00425"}}, {"type": "Feature", "geometry": {"type": "LineString", "coordinates": [[-80.1627537, 25.7315716], [-80.1627914, 25.7315527], [-80.1628698, 25.7316933]]}, "properties": {"project": "PH7113", "date": "19751101", "kind": "Pier", "source": "TP00425"}}, {"type": "Feature", "geometry": {"type": "LineString", "coordinates": [[-80.1678874, 25.7003109], [-80.1677846, 25.7003462], [-80.1677703, 25.7003926], [-80.1677886, 25.7004329], [-80.1677862, 25.700454], [-80.1677651, 25.7004666], [-80.1677417, 25.7004706], [-80.1677161, 25.7004726], [-80.1676951, 25.7004788], [-80.16766, 25.7004934], [-80.1676249, 25.7005143], [-80.1676013, 25.7005459], [-80.1675708, 25.700569], [-80.1675428, 25.7005773], [-80.1675195, 25.7005792], [-80.1674892, 25.7005791], [-80.1674659, 25.7005726], [-80.1674146, 25.7005765], [-80.1673959, 25.7005828], [-80.1673818, 25.700589], [-80.1673631, 25.7006037], [-80.1673466, 25.7006184], [-80.1673371, 25.7006543], [-80.167241, 25.7007171], [-80.1671469, 25.7008412], [-80.1671137, 25.7009171], [-80.1671016, 25.7009825], [-80.1670617, 25.7010139], [-80.1669848, 25.7010156], [-80.1669566, 25.7010408], [-80.1669562, 25.7010978], [-80.1669606, 25.7011422], [-80.166986, 25.7011762], [-80.1670511, 25.7011956], [-80.1671137, 25.7012466], [-80.1671717, 25.7012956], [-80.1671785, 25.7013252], [-80.1671784, 25.7013421], [-80.1671758, 25.7013695], [-80.167171, 25.7013927], [-80.1671592, 25.7014096], [-80.1671451, 25.7014306], [-80.1670702, 25.7014746], [-80.1670023, 25.7015122], [-80.1669692, 25.7015733], [-80.1669709, 25.7016641], [-80.1670148, 25.701732], [-80.1670542, 25.7017533], [-80.1671216, 25.7017854], [-80.1671448, 25.7018088], [-80.1671493, 25.7018299], [-80.1671561, 25.7018553], [-80.1671862, 25.7018914], [-80.1672209, 25.7019254000001], [-80.1672253, 25.7019677], [-80.1672037, 25.7020521], [-80.1672221, 25.7020902], [-80.167317, 25.7021879], [-80.1673238, 25.702226], [-80.1673353, 25.7022514], [-80.1673468, 25.702262], [-80.167377, 25.7022833], [-80.1673837, 25.7023256], [-80.16742, 25.7024737], [-80.1674079, 25.7025413], [-80.1673259, 25.7025936], [-80.1673303, 25.7026295], [-80.1673486, 25.7026846], [-80.1673717, 25.7027058], [-80.167416, 25.7027103], [-80.1674811, 25.7027445], [-80.1675111, 25.7027869], [-80.1675456, 25.7028484000001], [-80.1675568, 25.7029224], [-80.1675447, 25.7029815], [-80.1675372, 25.7030554], [-80.167532, 25.7031314], [-80.167492, 25.7031882], [-80.1674823, 25.7032304], [-80.1674914, 25.7032727], [-80.1675144, 25.7033193], [-80.1675725, 25.7033471], [-80.1676089, 25.7034698000001], [-80.1676875, 25.7035759], [-80.1677663, 25.7036419], [-80.1677801, 25.7036694], [-80.1678006, 25.703735], [-80.1678026, 25.7037836], [-80.1677697, 25.7038299], [-80.1676335, 25.7039665], [-80.1676657, 25.7040321], [-80.1677486, 25.7041805], [-80.167836, 25.7043437], [-80.1678358, 25.7043838], [-80.1678467999999, 25.7044747], [-80.1678671, 25.704572], [-80.1678621, 25.7046142], [-80.1678549, 25.7046522], [-80.1678566, 25.7047367], [-80.1679566, 25.7047838], [-80.1680053, 25.7048179], [-80.1680261, 25.7048391], [-80.1680307, 25.7048518], [-80.1680376, 25.7048666], [-80.1680422, 25.7048836], [-80.1680421, 25.7048941], [-80.168042, 25.7049089], [-80.1680302, 25.7049236], [-80.1680185, 25.7049362], [-80.168002, 25.7049531], [-80.1680019, 25.7049742], [-80.1680039, 25.7050249], [-80.1680291, 25.7050884], [-80.1681495, 25.7052074], [-80.1681819, 25.7052456], [-80.168219, 25.7052691], [-80.1683145, 25.7052844], [-80.1684229, 25.7054688], [-80.1684458, 25.7055218], [-80.1684641, 25.7055789], [-80.1684638999999, 25.7056064], [-80.1684614, 25.7056296], [-80.1684613, 25.7056486], [-80.1684612, 25.7056634], [-80.1684634, 25.7056803], [-80.1684656, 25.7056951], [-80.1684701, 25.7057184], [-80.1684676, 25.7057353], [-80.1684606, 25.70575], [-80.1684441, 25.7057689], [-80.168437, 25.7057858], [-80.1684368, 25.705809], [-80.1684483, 25.7058323], [-80.1684622, 25.7058536], [-80.1684947, 25.7058685], [-80.1685225, 25.7058983], [-80.1686031999999, 25.7060297], [-80.1686753, 25.7060534], [-80.1688219, 25.7060964], [-80.1688706, 25.7061347], [-80.1689143, 25.7062237], [-80.1690395, 25.7063258], [-80.1691091, 25.7063833], [-80.1691692, 25.7064533], [-80.1693173, 25.7066232], [-80.1693613, 25.7066657], [-80.1694009, 25.7066765], [-80.1694219, 25.7066787], [-80.1694358, 25.7066851], [-80.1694474, 25.7066937], [-80.1694706, 25.7067128], [-80.1694937, 25.7067425], [-80.1695426, 25.7067576], [-80.1696032, 25.70676], [-80.1696359, 25.7067497], [-80.1696686, 25.7067414], [-80.1697038, 25.7067184], [-80.1697202, 25.7066973], [-80.1697297, 25.7066805], [-80.1697391, 25.7066615], [-80.1697509, 25.7066489], [-80.1697626, 25.7066321], [-80.1697791, 25.7066174], [-80.1697955, 25.7066069], [-80.1698142, 25.7066028], [-80.1698281, 25.706605], [-80.1698631, 25.7066094], [-80.1699188, 25.7066477], [-80.1699674, 25.7066945], [-80.1699900999999, 25.7067918], [-80.1700429, 25.7069125], [-80.1700732, 25.7069169], [-80.1700965, 25.7069171], [-80.1701222, 25.7069045], [-80.1701596, 25.7068921], [-80.1701946, 25.7068838], [-80.1702273, 25.7068777], [-80.1702764, 25.7068632], [-80.1703232999999, 25.7068317], [-80.1703514, 25.706815], [-80.1703677, 25.7068109000001], [-80.1703957, 25.706811], [-80.1704143, 25.7068175], [-80.1704236, 25.7068239], [-80.1704491, 25.7068388], [-80.1704654, 25.7068452], [-80.1704747, 25.7068516], [-80.1704793, 25.7068622], [-80.1704815, 25.7068749], [-80.1704814, 25.7068918000001], [-80.170486, 25.7069024], [-80.1704906, 25.706913], [-80.1704999, 25.7069236], [-80.1705161, 25.7069406], [-80.1705183, 25.706949], [-80.1705229, 25.706966], [-80.1705274, 25.7069829], [-80.170532, 25.7069956], [-80.1705459, 25.7070126], [-80.1705528, 25.7070232], [-80.1705668, 25.7070254], [-80.1705854, 25.7070297], [-80.170604, 25.7070319], [-80.1706274, 25.707032], [-80.170639, 25.7070321], [-80.1706507, 25.7070322], [-80.1707304, 25.7069756], [-80.1708031, 25.7069105], [-80.1708406, 25.7068854], [-80.170878, 25.706875], [-80.1709013, 25.7068752], [-80.1709176, 25.7068795], [-80.1709362, 25.7068838], [-80.1709525, 25.7068902], [-80.1709734, 25.7068967], [-80.1709967, 25.7069053], [-80.1710153, 25.7069096], [-80.1710339, 25.7069139], [-80.1710712, 25.7069205], [-80.1710922, 25.7069227], [-80.1711202, 25.7069229], [-80.1711294999999, 25.7069229], [-80.1711412, 25.706923], [-80.1711505, 25.7069252], [-80.1711551, 25.7069358], [-80.1711573, 25.7069442], [-80.1711549, 25.7069569], [-80.1711501, 25.7069822], [-80.1711519, 25.7070604], [-80.1711746, 25.7071429], [-80.1711931, 25.7071641], [-80.171235, 25.7071813], [-80.1712839, 25.7071837], [-80.171347, 25.7071671], [-80.1714101, 25.7071506], [-80.1714427, 25.7071508], [-80.171466, 25.7071593], [-80.1714776, 25.7071721], [-80.1714774, 25.7071932], [-80.171482, 25.707208], [-80.1714889, 25.7072250000001], [-80.1715004, 25.7072483], [-80.1715096, 25.707261], [-80.1715212, 25.7072759], [-80.1715328, 25.7072844], [-80.171563, 25.7072951], [-80.1715933, 25.7072995], [-80.1716282, 25.7073018], [-80.1716679, 25.707302], [-80.1717029, 25.7073001], [-80.1717379, 25.707294], [-80.1717753, 25.7072815], [-80.1718057, 25.7072732], [-80.171829, 25.7072649], [-80.1718595, 25.7072503], [-80.1718735, 25.7072398], [-80.1718876, 25.7072272], [-80.171911, 25.7072189], [-80.1719296, 25.707219], [-80.1719482, 25.7072276], [-80.1719668, 25.707234], [-80.1719901, 25.7072384], [-80.1720088, 25.7072385], [-80.1720461, 25.7072387], [-80.1720578, 25.7072366], [-80.1720764, 25.7072346], [-80.1720928, 25.7072326], [-80.1721021, 25.7072327], [-80.1721161, 25.7072391], [-80.1721392, 25.7072625], [-80.1721462, 25.7072709], [-80.1721623, 25.7072901], [-80.1721693, 25.7073028], [-80.1722149, 25.7074467], [-80.172247, 25.7075187], [-80.1722818, 25.7075464], [-80.1723354, 25.7075593], [-80.1723634, 25.7075595], [-80.1723867, 25.7075512], [-80.1724031, 25.707547], [-80.1724219, 25.7075303], [-80.1724359, 25.7075177], [-80.172443, 25.707505], [-80.1724524, 25.7074945], [-80.1724689, 25.7074777], [-80.1724876, 25.7074672], [-80.1725039, 25.7074652], [-80.1725576, 25.7074634], [-80.1725925, 25.7074742], [-80.1726389, 25.7075061], [-80.1726714, 25.7075232], [-80.1726947, 25.7075276], [-80.172718, 25.7075319], [-80.17276, 25.7075322], [-80.172781, 25.7075323], [-80.1728394, 25.7075157], [-80.1729001, 25.7075076], [-80.1729234, 25.7075077], [-80.172942, 25.7075142], [-80.1729676, 25.7075186], [-80.1729932, 25.7075293], [-80.1730141, 25.7075378], [-80.1730351, 25.707538], [-80.1730608, 25.7075381], [-80.1730771, 25.7075382], [-80.1730981, 25.7075383], [-80.1731167, 25.7075405000001], [-80.1731353, 25.7075512], [-80.1731468999999, 25.7075576], [-80.1731538, 25.7075682], [-80.1731677, 25.7075852], [-80.1731816, 25.7075958], [-80.1732259, 25.7076045], [-80.1733306, 25.7076305000001], [-80.1733864, 25.7076561], [-80.1734071, 25.7076964], [-80.1734412, 25.7078276], [-80.1734196, 25.7079225], [-80.1735123, 25.707997], [-80.1735403, 25.7079993], [-80.1735613, 25.7079952], [-80.1735847, 25.7079805], [-80.1736106, 25.7079553], [-80.1736363, 25.7079364], [-80.1736597, 25.707926], [-80.1736854, 25.707924], [-80.1739277, 25.7079571], [-80.174142, 25.70799], [-80.1742536, 25.7080434], [-80.1743324, 25.7081051], [-80.1743993, 25.7082196], [-80.1744614, 25.7083488], [-80.1744986, 25.7083596], [-80.1745196, 25.7083597], [-80.1745383, 25.7083556], [-80.174585, 25.7083411], [-80.1746667, 25.7083289], [-80.1747203, 25.7083355], [-80.1747505, 25.7083462000001], [-80.1748248, 25.7083931], [-80.1748564, 25.7085454], [-80.1748863, 25.7086153], [-80.1749417, 25.7087001], [-80.1749882, 25.7087215], [-80.1750954, 25.7087221], [-80.1751723, 25.708731], [-80.1752561, 25.7087568], [-80.1753396, 25.7088143], [-80.1754021, 25.7088865], [-80.1754043, 25.7089056], [-80.1753967, 25.7089921], [-80.1753962, 25.7090618], [-80.1754146, 25.7091084], [-80.1755072, 25.7091998], [-80.1755604, 25.7092719], [-80.1755671, 25.7093037], [-80.1755577, 25.7093205], [-80.175546, 25.7093289], [-80.1755366, 25.7093394], [-80.1755342, 25.7093521], [-80.1755457, 25.709369], [-80.1755503, 25.7093838], [-80.1755548, 25.7093987], [-80.1755617, 25.7094177], [-80.1755756, 25.7094326], [-80.1755942, 25.7094432], [-80.1756058, 25.7094496], [-80.175622, 25.7094645], [-80.1756453, 25.7094731], [-80.1756709, 25.7094775], [-80.1756918, 25.7094839], [-80.1757035, 25.7094882], [-80.1757244, 25.709501], [-80.1757382, 25.709518], [-80.1757521, 25.709535], [-80.1757567, 25.7095477], [-80.1757589, 25.7095625], [-80.1757658, 25.7095858], [-80.1757726, 25.7096027], [-80.1757911, 25.7096345], [-80.1758652, 25.7097046], [-80.1759603, 25.7097876], [-80.1760413, 25.7098683], [-80.1761059, 25.7099658], [-80.176159, 25.7100464], [-80.176168, 25.7100951], [-80.1761655, 25.7101183], [-80.1761608, 25.7101288], [-80.1761537, 25.7101351], [-80.1761351, 25.7101371], [-80.1761211, 25.710137], [-80.1761071, 25.7101306], [-80.1760886, 25.7101178], [-80.1760654, 25.7101008], [-80.1760561, 25.7100944], [-80.1760399, 25.7100753], [-80.1760283, 25.7100668], [-80.1760004, 25.7100476], [-80.1759632, 25.7100369], [-80.1759399, 25.7100367], [-80.1759189, 25.7100366], [-80.1758769, 25.7100385], [-80.1758536, 25.7100384], [-80.1758256, 25.710034], [-80.1757954, 25.7100254], [-80.1757768, 25.7100189], [-80.1757558, 25.7100146], [-80.1757302, 25.7100144], [-80.1757045, 25.7100143], [-80.1756812, 25.7100141], [-80.1756602, 25.7100119], [-80.1756392, 25.7100097], [-80.175609, 25.7099947], [-80.1755858, 25.7099861], [-80.1755625, 25.7099712], [-80.1755487, 25.7099542], [-80.1755347, 25.7099457], [-80.1755115, 25.7099329], [-80.1754929, 25.7099286], [-80.1754766, 25.7099179000001], [-80.1754627, 25.7099052], [-80.1753955, 25.7098477], [-80.1752976, 25.7098409], [-80.1751042, 25.7098165], [-80.1750529, 25.709812], [-80.1749877, 25.7098074], [-80.1748992, 25.70979], [-80.1748338, 25.7098002], [-80.1747591, 25.709804], [-80.1747056, 25.7097974], [-80.174666, 25.7097866], [-80.1746358, 25.7097716], [-80.1744423, 25.70976], [-80.1743884, 25.7097935], [-80.1743486, 25.7098165], [-80.1743136, 25.7098163], [-80.1742974, 25.709812], [-80.1742671, 25.7098076], [-80.1742273999999, 25.7098052], [-80.1742111, 25.7098051], [-80.1741878, 25.7098113], [-80.1741737, 25.7098176], [-80.1741574, 25.7098238], [-80.1741293, 25.7098321], [-80.1741082, 25.7098447], [-80.1740895, 25.7098509], [-80.1740685, 25.709855], [-80.1740452, 25.7098549], [-80.1740195, 25.7098548], [-80.1739916, 25.7098525], [-80.1739195, 25.7098288], [-80.1738684, 25.7097926], [-80.1738405, 25.709784], [-80.1738079, 25.7097733], [-80.1737729, 25.709771], [-80.1737543, 25.709773], [-80.1737379, 25.7097792], [-80.1737168, 25.7097897], [-80.1736911, 25.7098064], [-80.1736724, 25.7098105], [-80.1736491, 25.7098104], [-80.1736281, 25.7098061], [-80.1736048, 25.7097996], [-80.1735815, 25.7097952], [-80.1735722, 25.7097973], [-80.1735278, 25.7098076], [-80.1734975, 25.7098117], [-80.1733715, 25.7098236], [-80.1733597, 25.7098405], [-80.1733549, 25.7098552], [-80.1733665, 25.7098722], [-80.1733827, 25.7098913], [-80.1733919, 25.7099019], [-80.1733964, 25.7099231], [-80.173408, 25.70994], [-80.1734334, 25.709974], [-80.1735239, 25.7100379], [-80.1735352, 25.7100886], [-80.1735584, 25.7101014], [-80.1736211, 25.7101462], [-80.1736232, 25.7101779], [-80.1735927, 25.7102073], [-80.1735875, 25.7102875], [-80.173543, 25.7103147], [-80.1734544, 25.7103015], [-80.1733965, 25.7102569], [-80.1733709, 25.7102356], [-80.173329, 25.7102311], [-80.1732635, 25.7102582], [-80.1732353, 25.7102855], [-80.1732491, 25.7103236], [-80.1732581, 25.7103638], [-80.1732486, 25.710387], [-80.1731946, 25.7104416]]}, "properties": {"project": "PH7113", "date": "19751101", "kind": "Natural.Mean High Water", "source": "TP00425"}}, {"type": "Feature", "geometry": {"type": "LineString", "coordinates": [[-80.1692948, 25.7001781], [-80.1692405, 25.7002214]]}, "properties": {"project": "PH7113", "date": "19751101", "kind": "Pier", "source": "TP00425"}}, {"type": "Feature", "geometry": {"type": "LineString", "coordinates": [[-80.1693507, 25.7001333], [-80.1692948, 25.7001781]]}, "properties": {"project": "PH7113", "date": "19751101", "kind": "Pier", "source": "TP00425"}}, {"type": "Feature", "geometry": {"type": "LineString", "coordinates": [[-80.1686948, 25.699555], [-80.1683777, 25.6998975], [-80.1684031, 25.699923], [-80.1683936, 25.6999525], [-80.1683608, 25.6999798], [-80.1683282, 25.6999754], [-80.1682977, 25.6999964], [-80.1682154, 25.7000931], [-80.1682362, 25.7001143], [-80.1681939, 25.700169], [-80.1681451, 25.7001497], [-80.1681004, 25.7002065], [-80.1680135, 25.7002968], [-80.1679924, 25.7003052], [-80.1678874, 25.7003109]]}, "properties": {"project": "PH7113", "date": "19751101", "kind": "Man-made", "source": "TP00425"}}, {"type": "Feature", "geometry": {"type": "LineString", "coordinates": [[-80.1692948, 25.7001781], [-80.1692366, 25.7001158], [-80.1690213, 25.6998927], [-80.1688499, 25.6997206], [-80.1686948, 25.699555]]}, "properties": {"project": "PH7113", "date": "19751101", "kind": "Pier", "source": "TP00425"}}, {"type": "Feature", "geometry": {"type": "LineString", "coordinates": [[-80.1688381, 25.6994079], [-80.1686948, 25.699555]]}, "properties": {"project": "PH7113", "date": "19751101", "kind": "Man-made", "source": "TP00425"}}, {"type": "Feature", "geometry": {"type": "LineString", "coordinates": [[-80.1689379, 25.6994803], [-80.1688381, 25.6994079]]}, "properties": {"project": "PH7113", "date": "19751101", "kind": "Pier", "source": "TP00425"}}, {"type": "Feature", "geometry": {"type": "LineString", "coordinates": [[-80.1688664, 25.6993595], [-80.1688381, 25.6994079]]}, "properties": {"project": "PH7113", "date": "19751101", "kind": "Man-made", "source": "TP00425"}}, {"type": "Feature", "geometry": {"type": "LineString", "coordinates": [[-80.1689393, 25.6992775000001], [-80.168872, 25.6992306], [-80.1688015, 25.6993042], [-80.1688664, 25.6993595]]}, "properties": {"project": "PH7113", "date": "19751101", "kind": "Man-made", "source": "TP00425"}}, {"type": "Feature", "geometry": {"type": "LineString", "coordinates": [[-80.1690143, 25.6992188], [-80.1689393, 25.6992775000001]]}, "properties": {"project": "PH7113", "date": "19751101", "kind": "Man-made", "source": "TP00425"}}, {"type": "Feature", "geometry": {"type": "LineString", "coordinates": [[-80.1691651, 25.6993337], [-80.1690143, 25.6992188]]}, "properties": {"project": "PH7113", "date": "19751101", "kind": "Pier", "source": "TP00425"}}, {"type": "Feature", "geometry": {"type": "LineString", "coordinates": [[-80.169787, 25.6994302], [-80.1699688, 25.6994376], [-80.1699842, 25.6989032]]}, "properties": {"project": "PH7113", "date": "19751101", "kind": "Pier", "source": "TP00425"}}, {"type": "Feature", "geometry": {"type": "LineString", "coordinates": [[-80.1699842, 25.6989032], [-80.1701148, 25.6989081]]}, "properties": {"project": "PH7113", "date": "19751101", "kind": "Pier", "source": "TP00425"}}, {"type": "Feature", "geometry": {"type": "LineString", "coordinates": [[-80.1692917, 25.6988929], [-80.1690143, 25.6992188]]}, "properties": {"project": "PH7113", "date": "19751101", "kind": "Man-made", "source": "TP00425"}}, {"type": "Feature", "geometry": {"type": "LineString", "coordinates": [[-80.1699842, 25.6989032], [-80.1697557, 25.6989019], [-80.169434, 25.6988958], [-80.1692917, 25.6988929]]}, "properties": {"project": "PH7113", "date": "19751101", "kind": "Pier", "source": "TP00425"}}, {"type": "Feature", "geometry": {"type": "LineString", "coordinates": [[-80.1661764, 25.7397215], [-80.1660715, 25.7396326], [-80.1659483, 25.7395268], [-80.1656889, 25.7393032], [-80.1656393, 25.7392289], [-80.1655238, 25.7391471], [-80.1653927999999, 25.7390269], [-80.1653194, 25.7389692], [-80.1652643, 25.738933], [-80.1651935, 25.7388825], [-80.1651384, 25.7388344], [-80.1650885, 25.7388055], [-80.1649701, 25.7387666], [-80.1648965, 25.7387447], [-80.164815, 25.738706], [-80.164636, 25.738662], [-80.1645596, 25.7386496], [-80.1644885, 25.7386349], [-80.1644464, 25.7386298], [-80.1644095, 25.7386296], [-80.16437, 25.7386246], [-80.1642883, 25.7386098], [-80.1641593, 25.7385828], [-80.1640961, 25.7385681], [-80.1640223, 25.7385629], [-80.1639036, 25.7385742], [-80.1637219, 25.7385493], [-80.1636243, 25.7385511], [-80.1635054, 25.7385791], [-80.1633707, 25.7386093], [-80.1631962, 25.73868], [-80.1630138, 25.7387577], [-80.162937, 25.7388003], [-80.1627699, 25.7389331], [-80.1625951, 25.7390562000001], [-80.1623109, 25.7393388], [-80.1621728, 25.7394884], [-80.1620505, 25.7396358], [-80.1619651, 25.7397786], [-80.1618312, 25.7400644], [-80.1617559, 25.7402812], [-80.1617308, 25.7404721], [-80.1617233, 25.7407873], [-80.1617537, 25.7409714], [-80.1618072, 25.7412296], [-80.16189, 25.7414569], [-80.1619968, 25.7416462], [-80.1620909, 25.7417685], [-80.1621956, 25.7418742], [-80.1623267, 25.7419752], [-80.1624107, 25.7420307], [-80.1624894, 25.7420956], [-80.1626073, 25.7422061], [-80.1627016, 25.7422855], [-80.1627411, 25.7423024], [-80.1628904, 25.7424465], [-80.1631655, 25.7426869], [-80.1633227, 25.7428359], [-80.1635060999999, 25.7430041], [-80.1635663, 25.7430689], [-80.1637236, 25.7432036], [-80.1637654, 25.7432587], [-80.1639147, 25.7433957], [-80.1639803, 25.7434462000001], [-80.1642556, 25.7436675], [-80.1643472, 25.7437636], [-80.1644206, 25.7438213], [-80.1645017, 25.7439173], [-80.1645383, 25.7439581], [-80.1645802, 25.7440037], [-80.1646485, 25.7440447], [-80.1647874, 25.7441601], [-80.1651177, 25.744439], [-80.1653561, 25.7446672], [-80.1656418, 25.7449101], [-80.1658278, 25.7450855], [-80.1660742, 25.7452946], [-80.1661791, 25.7453836], [-80.1662209, 25.7454316], [-80.1664332, 25.7456167], [-80.1664889, 25.7455716], [-80.1665308, 25.7456149], [-80.1664246, 25.7457122], [-80.1667731, 25.7460365], [-80.1668553, 25.7459749], [-80.1668844, 25.745956], [-80.1669055, 25.7459489], [-80.1669292, 25.745961], [-80.166929, 25.7459873], [-80.1669393, 25.7460279], [-80.1670676, 25.7461576], [-80.1672063, 25.7463017], [-80.1674003, 25.7464724], [-80.1674631, 25.7465324], [-80.167817, 25.7468401], [-80.168011, 25.7470012], [-80.1680424, 25.7470324], [-80.1680894, 25.7470972], [-80.1682835, 25.7472487], [-80.1683464, 25.7473016], [-80.1683961, 25.7473664], [-80.1685139, 25.7474817], [-80.1687525, 25.7476836], [-80.1688311, 25.7477533], [-80.1690275, 25.7479431], [-80.1692581, 25.7481498], [-80.1693185, 25.7481979], [-80.1695938, 25.7484192], [-80.1696856, 25.748489], [-80.169738, 25.7485394], [-80.169819, 25.7486426], [-80.1699893, 25.7487988], [-80.1700285, 25.7488516], [-80.1702225, 25.7490151], [-80.1704481, 25.749186], [-80.1705661, 25.7492822], [-80.1706315, 25.749359], [-80.1707415, 25.7494576], [-80.1708884, 25.749573], [-80.1709119, 25.7496066], [-80.1709537, 25.749657], [-80.1710821, 25.7497748], [-80.1711608, 25.7498397], [-80.1711895, 25.7498805], [-80.171297, 25.7499743], [-80.1714307, 25.7500873], [-80.1715461, 25.7501787], [-80.1716354, 25.7502246], [-80.1716826, 25.7502679], [-80.171748, 25.7503351], [-80.1717843, 25.7503782]]}, "properties": {"project": "PH7113", "date": "19751101", "kind": "Man-made", "source": "TP00425"}}, {"type": "Feature", "geometry": {"type": "LineString", "coordinates": [[-80.1470873, 25.739406], [-80.1471175, 25.7394163], [-80.1471797, 25.7394224], [-80.1472275, 25.7394213], [-80.1472835, 25.739397], [-80.1473747, 25.73936], [-80.1474083, 25.7393414], [-80.1474517, 25.7393041], [-80.1475111, 25.7392438], [-80.1475465, 25.739205], [-80.1475868, 25.7391489], [-80.1476302, 25.7390914], [-80.1476802, 25.7390252], [-80.1477301, 25.7389518], [-80.1477591, 25.7389173], [-80.147849, 25.7388355000001], [-80.1479035, 25.7387939], [-80.1479468, 25.7387609], [-80.1480094, 25.7387064], [-80.1480625, 25.7386518], [-80.148114, 25.7385871], [-80.1481639, 25.738521], [-80.1482011, 25.7384504], [-80.148222, 25.7384245], [-80.1482429, 25.7384044]]}, "properties": {"project": "PH7113", "date": "19751101", "kind": "Natural.Mean High Water", "source": "TP00425"}}, {"type": "Feature", "geometry": {"type": "LineString", "coordinates": [[-80.1482429, 25.7384044], [-80.1481957, 25.7383535]]}, "properties": {"project": "PH7113", "date": "19751101", "kind": "Undetermined Alongshore Feature", "source": "TP00425"}}, {"type": "Feature", "geometry": {"type": "LineString", "coordinates": [[-80.1482429, 25.7384044], [-80.1482984, 25.7384452], [-80.1483557, 25.7384672], [-80.1484273, 25.7384849], [-80.1484783, 25.7384954], [-80.1485612, 25.7384987], [-80.1486123, 25.7384961], [-80.1486872999999, 25.7384821], [-80.1487401, 25.7384637], [-80.1488971, 25.738375], [-80.1490284, 25.7382949], [-80.1491566, 25.7382118], [-80.149256, 25.7381488], [-80.1493248, 25.7381088], [-80.1494099, 25.7380313], [-80.1495351, 25.7379222], [-80.1495929, 25.7378734]]}, "properties": {"project": "PH7113", "date": "19751101", "kind": "Natural.Mean High Water", "source": "TP00425"}}, {"type": "Feature", "geometry": {"type": "LineString", "coordinates": [[-80.1495929, 25.7378734], [-80.1495801, 25.7378034]]}, "properties": {"project": "PH7113", "date": "19751101", "kind": "Undetermined Alongshore Feature", "source": "TP00425"}}, {"type": "Feature", "geometry": {"type": "LineString", "coordinates": [[-80.1557328, 25.728461], [-80.1554075, 25.7284571], [-80.1552034, 25.7284579], [-80.155118, 25.7284676], [-80.1549453, 25.7284646], [-80.1547856, 25.7285226], [-80.1546305, 25.7285603], [-80.154424, 25.7285814], [-80.1543117, 25.7285909], [-80.15424, 25.7285783], [-80.154202, 25.7285679], [-80.1541884, 25.728576], [-80.1541906, 25.7285882], [-80.1541972, 25.7286065], [-80.1542395, 25.7286596], [-80.1543041, 25.7287128], [-80.1543443, 25.7287476], [-80.154364, 25.7288127], [-80.1543526, 25.7288391], [-80.1543279, 25.728843], [-80.15431, 25.7288429], [-80.1542966, 25.7288266], [-80.1542832, 25.7288204], [-80.1542742, 25.7288183], [-80.1542249, 25.728818], [-80.1541979, 25.7288321], [-80.1541686, 25.7288502], [-80.154137, 25.7288663], [-80.15411, 25.7288783], [-80.1540921, 25.7288782], [-80.1540674, 25.7288801], [-80.1540292, 25.7288799], [-80.1539799, 25.7288735], [-80.1539374, 25.7288631], [-80.1539059999999, 25.7288528], [-80.153877, 25.7288424], [-80.1538389, 25.7288341], [-80.1537313, 25.7288213], [-80.1536191, 25.7288145], [-80.1535136, 25.7288281], [-80.1531878, 25.7288913], [-80.1530128, 25.7288984], [-80.1529073, 25.7289059], [-80.1527571, 25.7288888], [-80.1525398, 25.7288387], [-80.1524277, 25.7288299000001], [-80.1523315, 25.7287948], [-80.1521056, 25.7287], [-80.1519156, 25.7285994], [-80.1517726, 25.7285091], [-80.1514243, 25.7282754], [-80.1513639, 25.7282527], [-80.1512697, 25.728242], [-80.1512138, 25.7282234], [-80.1511381, 25.7281437], [-80.1510177, 25.7280333], [-80.1505562, 25.7276201], [-80.1503477, 25.7276108], [-80.1502849, 25.7276002], [-80.1501865, 25.727557], [-80.1500391, 25.7274626], [-80.149914, 25.7273847], [-80.1498338, 25.727307], [-80.1497692, 25.7272457], [-80.1497402, 25.727215], [-80.1497248, 25.7271844], [-80.1497204, 25.7271641], [-80.1497161, 25.7271377], [-80.1497028, 25.7271132], [-80.1496828, 25.7270928], [-80.1496671, 25.7270866], [-80.1496313, 25.7270742], [-80.1496067, 25.7270659], [-80.1495731, 25.7270637], [-80.1495551, 25.7270595], [-80.1494899, 25.7270876], [-80.1494629, 25.7270915], [-80.1494271, 25.7270892], [-80.1493935, 25.7270809], [-80.1493711, 25.7270686], [-80.14936, 25.7270563], [-80.1493488999999, 25.7270339], [-80.1492864, 25.7269929], [-80.1492327, 25.7269702], [-80.1491588, 25.7269596], [-80.1491071, 25.7269695], [-80.1490869, 25.7269714], [-80.1490667, 25.7269693], [-80.1490601, 25.726955], [-80.149058, 25.7269367], [-80.1490626, 25.7269103], [-80.1490852, 25.7268921], [-80.1491641, 25.7268418], [-80.149216, 25.7267974], [-80.1492816, 25.7267267], [-80.1492885, 25.7266942], [-80.1492662, 25.7266758], [-80.1492506, 25.7266594], [-80.1490756, 25.7266604], [-80.1490015, 25.7266681], [-80.1489698, 25.7267147], [-80.1489605, 25.7267573], [-80.148913, 25.726816], [-80.1488882, 25.7268341], [-80.1488365, 25.7268399], [-80.1487825, 25.726866], [-80.1487396, 25.7269084], [-80.1487126, 25.7269123], [-80.1486902, 25.7269142], [-80.1486745, 25.726908], [-80.1486566, 25.7268998], [-80.148641, 25.7268916], [-80.1486232, 25.7268732], [-80.1486143, 25.7268589], [-80.1485987, 25.7268426], [-80.1485831, 25.7268323], [-80.1485697, 25.72682], [-80.1485451, 25.7268077], [-80.1485138, 25.7267933], [-80.1484982, 25.726781], [-80.1484781, 25.7267667], [-80.1484692, 25.7267544], [-80.1484536, 25.7267381], [-80.1484403, 25.7267217], [-80.1484292, 25.7267034], [-80.1484182, 25.7266789], [-80.1484182, 25.7266668], [-80.1484077, 25.7265752], [-80.1483968, 25.7265345], [-80.1483636, 25.7264714], [-80.1483144, 25.7264365], [-80.148315, 25.7263593], [-80.1482995, 25.7263247], [-80.1482394, 25.7262654], [-80.1480323, 25.7260528], [-80.1480033, 25.7260262], [-80.1479585, 25.7260199], [-80.1478803, 25.7259686], [-80.1478492, 25.7259319], [-80.1478271, 25.725885], [-80.1478209, 25.7258057], [-80.1478306, 25.7257062], [-80.147863, 25.725558], [-80.147896, 25.7253367], [-80.147915, 25.7251966], [-80.1479183, 25.7250483], [-80.1479015, 25.7248795], [-80.1478595, 25.7247939], [-80.1478264, 25.7247165], [-80.1477711, 25.7246146], [-80.1476916, 25.7244292], [-80.1476807, 25.7243905], [-80.1476077, 25.7242377], [-80.1475726, 25.7241298], [-80.1475243, 25.7239812], [-80.1474582, 25.7238081], [-80.1474146, 25.7236412], [-80.1474061, 25.723568], [-80.1474065, 25.7235172], [-80.1474092, 25.7234481], [-80.1474007, 25.723383], [-80.1473952, 25.7232143], [-80.1473839, 25.7229074], [-80.147385, 25.722755], [-80.1473929, 25.7225844], [-80.147394, 25.7224299], [-80.1474109, 25.7222654], [-80.1474161, 25.7221659], [-80.147429, 25.7219302], [-80.147437, 25.7217494], [-80.1474466, 25.7216702], [-80.1474744, 25.7215403], [-80.147514, 25.7213394], [-80.1475237, 25.7212399], [-80.147538, 25.7211221], [-80.1476044, 25.7209315], [-80.1476567, 25.7208281], [-80.1476682, 25.7207977], [-80.1476663, 25.7207408], [-80.1476558, 25.7206452], [-80.1476496, 25.7205639], [-80.1476614, 25.7204868], [-80.1476935, 25.7203955], [-80.1477185, 25.7203469], [-80.1477912, 25.7202213], [-80.1478638, 25.7200978], [-80.1478844, 25.7200491], [-80.1478936, 25.7200207], [-80.1479057, 25.7198867], [-80.1479333, 25.7197995], [-80.1480293, 25.7195501], [-80.1480795, 25.7194284], [-80.1480868, 25.7193492], [-80.1481352, 25.7191707], [-80.1481997, 25.7189353], [-80.1482549, 25.7187426], [-80.1483101, 25.7185397], [-80.148365, 25.7183958], [-80.1483995, 25.7182761], [-80.1484133, 25.7182335], [-80.1484395, 25.7180142], [-80.1484558, 25.717937], [-80.1485133, 25.7177382], [-80.1485339, 25.7176733], [-80.1485546, 25.7176003], [-80.1485579, 25.7174621], [-80.14859, 25.7173648], [-80.1486634, 25.7171356], [-80.1486841, 25.7170564], [-80.1487157, 25.7170282], [-80.1487363, 25.7169755], [-80.1488248, 25.7168297], [-80.1489427, 25.7166515], [-80.1489971, 25.7165828], [-80.1490695, 25.7164958], [-80.1491669, 25.7163643], [-80.1492191, 25.7162813], [-80.1493162, 25.7161843], [-80.1494022, 25.7160832], [-80.1494384, 25.7160326], [-80.1495405, 25.7158686], [-80.1496698, 25.7156763], [-80.1497174, 25.7156055], [-80.1497378, 25.715571], [-80.1497515, 25.7155427], [-80.1497766, 25.7154859], [-80.1498309999999, 25.715407], [-80.1499126, 25.7152835], [-80.1499739, 25.7151802], [-80.1499785, 25.7151579], [-80.1499832, 25.7151295], [-80.1500149, 25.715091], [-80.1500376, 25.7150526], [-80.15009, 25.7149472], [-80.1501607, 25.714783], [-80.1501834, 25.7147405], [-80.1502833, 25.7145703], [-80.1503562, 25.7144102], [-80.1504632, 25.7141914], [-80.1505725, 25.7139665], [-80.1506794, 25.7137639], [-80.1507002, 25.7136725], [-80.1507342, 25.7136179], [-80.1507706, 25.7135449], [-80.150798, 25.7134862], [-80.150814, 25.7134395], [-80.1508325, 25.7133644], [-80.1508464, 25.7133035], [-80.1508806, 25.7132245], [-80.1509058, 25.7131474], [-80.1510043, 25.7128676], [-80.1510821, 25.7126465], [-80.151151, 25.7124234], [-80.1511695, 25.7123463], [-80.1511972, 25.7122306], [-80.1512157, 25.7121494], [-80.1512567, 25.7120582], [-80.1512842, 25.7119893], [-80.1512956, 25.7119548], [-80.1513096, 25.7118817], [-80.1513174, 25.7117314], [-80.1513357, 25.7116766], [-80.1513473, 25.7116198000001], [-80.1513635, 25.7115488], [-80.151389, 25.7114331], [-80.1513943, 25.7113254], [-80.151413, 25.7112138], [-80.1514549, 25.7110027], [-80.1514901, 25.7107895], [-80.1514972, 25.7107265], [-80.15151, 25.710501], [-80.1515266, 25.7103772], [-80.1515478, 25.710235], [-80.1515787, 25.7099914], [-80.1515971, 25.7099325], [-80.1516023, 25.7098228], [-80.1516053, 25.7097172], [-80.151622, 25.7095852], [-80.151625, 25.7094775], [-80.1516236, 25.7093535], [-80.151627, 25.709189], [-80.1516388, 25.7091057], [-80.1516532, 25.7089737], [-80.1516654, 25.7088356], [-80.1516775, 25.7087137], [-80.151703, 25.7085899], [-80.1517079, 25.7085310000001], [-80.1517179, 25.7083969], [-80.1517551, 25.7082021000001], [-80.1517758, 25.7081311], [-80.1518171, 25.7079972], [-80.1518242, 25.7079505], [-80.151836, 25.7078733], [-80.1518934, 25.7076765], [-80.1519075, 25.7075892], [-80.1519101, 25.7075425], [-80.1519265, 25.7074369], [-80.1519771, 25.7072726], [-80.1520181, 25.7071713], [-80.1520613, 25.7071024], [-80.1521678, 25.7069486], [-80.1522629, 25.7068191], [-80.1523151, 25.7067361], [-80.1523966, 25.7066228], [-80.1524667, 25.7065439], [-80.1525324, 25.7064569], [-80.1526592, 25.7062951], [-80.1528018, 25.7061028], [-80.1529287, 25.7059288], [-80.1529762, 25.7058702], [-80.1530349, 25.7058197], [-80.1530847, 25.7057448], [-80.1531663, 25.7056376], [-80.1532253, 25.7055322000001], [-80.153282, 25.7054493], [-80.1533003, 25.7053986], [-80.1533552, 25.7052526], [-80.1533802, 25.7052019], [-80.1534324, 25.7051087], [-80.1535528, 25.7048981], [-80.1536186, 25.7047928], [-80.1536684, 25.7047341], [-80.1537295, 25.7046552], [-80.1538064, 25.7045683], [-80.153854, 25.7044975], [-80.1539334, 25.7043679], [-80.1539675, 25.7043091], [-80.1540446, 25.7041815], [-80.154124, 25.7040601], [-80.1541943, 25.7039467], [-80.1542216, 25.703896], [-80.1542809, 25.7037521], [-80.1543336, 25.703598], [-80.1543837, 25.7034987], [-80.1544588, 25.7033447], [-80.1545201, 25.7032312], [-80.154586, 25.7031198], [-80.1546428, 25.7030145], [-80.1546838, 25.7029233], [-80.1547318, 25.7027976], [-80.1547661, 25.7027104], [-80.1548049, 25.7026049], [-80.1548301, 25.7025421], [-80.1548663, 25.7024915], [-80.1549207, 25.7024126], [-80.1549479, 25.70237], [-80.1549843, 25.7023032], [-80.1550434, 25.7021958], [-80.1551139, 25.7020479], [-80.1551527, 25.7019587], [-80.1551642, 25.7019181], [-80.1551824, 25.7018796], [-80.1552167, 25.7017843], [-80.1552397, 25.7017072], [-80.1552832, 25.7015855], [-80.1553195, 25.7015309], [-80.1553671, 25.701458], [-80.1553921, 25.7014012], [-80.1554561, 25.7012431], [-80.1555041, 25.7011093], [-80.1555797, 25.7008841], [-80.1555937, 25.700807], [-80.1556327, 25.7006812], [-80.1556895, 25.700582], [-80.1557101, 25.7005252], [-80.1557421, 25.7004421], [-80.1557808, 25.7003569], [-80.155797, 25.7002839], [-80.1558654, 25.7001258], [-80.1559382, 25.69999], [-80.1560157, 25.6998177], [-80.1560455, 25.6997244], [-80.1560887, 25.6996454], [-80.1561546, 25.6995178], [-80.1562023, 25.6994327], [-80.1562503, 25.6992989], [-80.1563187, 25.6991448], [-80.1563688, 25.6990394], [-80.156421, 25.6989564], [-80.1564212, 25.6989259], [-80.1563815, 25.6988363]]}, "properties": {"project": "PH7113", "date": "19751101", "kind": "Natural.Mean High Water", "source": "TP00425"}}, {"type": "Feature", "geometry": {"type": "LineString", "coordinates": [[-80.1563815, 25.6988363], [-80.1563455, 25.6988442], [-80.1562402, 25.6988294]]}, "properties": {"project": "PH7113", "date": "19751101", "kind": "Undetermined Alongshore Feature", "source": "TP00425"}}, {"type": "Feature", "geometry": {"type": "LineString", "coordinates": [[-80.169284, 25.6983668], [-80.1692923, 25.6988063], [-80.1692917, 25.6988929]]}, "properties": {"project": "PH7113", "date": "19751101", "kind": "Man-made", "source": "TP00425"}}, {"type": "Feature", "geometry": {"type": "LineString", "coordinates": [[-80.1790364, 25.7461195], [-80.1790241, 25.7460903], [-80.1789709, 25.7460268], [-80.1787887, 25.7460193], [-80.1787068, 25.745967], [-80.1786355, 25.7459407], [-80.1785534, 25.7459175], [-80.178407, 25.7459102], [-80.1783694, 25.7459068], [-80.1783481, 25.7458937], [-80.1782858, 25.7458545], [-80.1782181, 25.7458265], [-80.1781306, 25.7458115], [-80.178086, 25.745808], [-80.178061, 25.7458013], [-80.1780307, 25.7457866], [-80.1780147, 25.7457703], [-80.1778132, 25.7457141], [-80.1777597, 25.7456976], [-80.1776632999999, 25.7456841], [-80.1776133, 25.7456692], [-80.1775154, 25.7456185], [-80.177437, 25.7455791], [-80.1773121, 25.745546], [-80.1772497, 25.7455279], [-80.177198, 25.7455065], [-80.1770341, 25.745444], [-80.1768593, 25.7453815], [-80.1767595, 25.7453437], [-80.1767043, 25.7453191], [-80.1766296, 25.7452668], [-80.1765549, 25.7452114], [-80.1764961, 25.7451867], [-80.1764569, 25.7451736], [-80.1764319, 25.7451637], [-80.1763412, 25.7451081], [-80.1762611, 25.745064], [-80.1761951, 25.7450344], [-80.1760507, 25.7449818], [-80.1760062, 25.7449637], [-80.1757463, 25.7448101], [-80.1755576, 25.7447005], [-80.1754615, 25.7446449], [-80.1752961, 25.7445323], [-80.1752053, 25.7444799], [-80.1748565, 25.7442691], [-80.174812, 25.7442381], [-80.1746841, 25.7441354], [-80.1744301, 25.7439105], [-80.174073, 25.7436042], [-80.1738688, 25.7434088], [-80.1737178, 25.7432752], [-80.1736466999999, 25.7432198], [-80.1735755, 25.7431822], [-80.1735008, 25.7431316], [-80.1733746, 25.7430354], [-80.1732572, 25.7429505], [-80.1731525, 25.7428512], [-80.1730477999999, 25.7427341], [-80.1729077, 25.742586], [-80.1728101, 25.7424883], [-80.1726203, 25.7422785], [-80.1725423, 25.7421809000001], [-80.172468, 25.7420769], [-80.172351, 25.7419403], [-80.172328, 25.7419029], [-80.172163, 25.7417337], [-80.1720406, 25.7416083], [-80.171952, 25.741501], [-80.1718848, 25.7413954], [-80.1718565, 25.7413499], [-80.171846, 25.741324], [-80.1717145, 25.7412132], [-80.1716915, 25.7411774], [-80.1716773, 25.7411612], [-80.1714734, 25.740935], [-80.1711891, 25.7406939], [-80.1710915, 25.7406011], [-80.1709563, 25.7405129], [-80.1708834, 25.740451], [-80.1706612999999, 25.7402636], [-80.1705404, 25.7401723], [-80.1705067, 25.7401429], [-80.1704836, 25.7401201], [-80.1704216, 25.7400502], [-80.170379, 25.7400046], [-80.1703044, 25.7399346], [-80.1702886, 25.7398989], [-80.1702744, 25.739881], [-80.1701218, 25.7397296], [-80.1700294, 25.739653], [-80.16996, 25.7396008], [-80.1698978, 25.7395616], [-80.1697752, 25.7394525], [-80.169578, 25.7392831], [-80.1693986, 25.7391299], [-80.1692992, 25.7390306], [-80.169189, 25.7389377], [-80.1689707, 25.7387309], [-80.1688978, 25.738669], [-80.1688053, 25.7386037], [-80.1686845, 25.7385059], [-80.1684163, 25.7382729], [-80.1682282, 25.7380841], [-80.168001, 25.7378562], [-80.167907, 25.737757], [-80.1677811, 25.737617], [-80.1676712, 25.7374918], [-80.1675665, 25.737373], [-80.1675453, 25.7373454], [-80.1674689, 25.7372738], [-80.1673411, 25.7371549], [-80.1672647, 25.7370945], [-80.1672541, 25.7370751], [-80.1672471, 25.7370588], [-80.1671477, 25.7369514], [-80.1669685, 25.736774], [-80.1669081, 25.736717], [-80.1668816, 25.7366764], [-80.1668675, 25.7366407], [-80.166857, 25.736618], [-80.1668467, 25.7365483], [-80.166838, 25.736524]]}, "properties": {"project": "PH7113", "date": "19751101", "kind": "Natural.Mean High Water", "source": "TP00425"}}, {"type": "Feature", "geometry": {"type": "LineString", "coordinates": [[-80.1658279, 25.7350119], [-80.1658779, 25.7350505], [-80.1659224, 25.7350686], [-80.1659724, 25.7350818], [-80.1660065, 25.7350833]]}, "properties": {"project": "PH7113", "date": "19751101", "kind": "Man-made", "source": "TP00425"}}, {"type": "Feature", "geometry": {"type": "LineString", "coordinates": [[-80.1660916, 25.7349012], [-80.1660065, 25.7350833]]}, "properties": {"project": "PH7113", "date": "19751101", "kind": "Pier", "source": "TP00425"}}, {"type": "Feature", "geometry": {"type": "LineString", "coordinates": [[-80.1659189, 25.7348047], [-80.1658279, 25.7350119]]}, "properties": {"project": "PH7113", "date": "19751101", "kind": "Pier", "source": "TP00425"}}, {"type": "Feature", "geometry": {"type": "LineString", "coordinates": [[-80.166838, 25.736524], [-80.1667956, 25.7364542], [-80.1667193, 25.7363777], [-80.1666341, 25.7362962], [-80.1665597, 25.7361955], [-80.1664749, 25.7360607], [-80.166399, 25.7359162], [-80.166348, 25.7357961], [-80.16632, 25.7357118], [-80.1663099, 25.7356276], [-80.1663126, 25.7354949], [-80.1663241, 25.7353784], [-80.1663445, 25.7352846], [-80.1663935, 25.7351765], [-80.1664532, 25.7350603], [-80.1665165, 25.7349587], [-80.1665366, 25.7349021], [-80.166546, 25.7348294], [-80.1665337, 25.7347937], [-80.1665124, 25.7347709], [-80.1664786, 25.7347578], [-80.1664268, 25.7347526], [-80.1663946, 25.7347605], [-80.166364, 25.734783], [-80.1663371, 25.7348087], [-80.1663135, 25.7348588], [-80.1663041, 25.7349219], [-80.1662841, 25.7349735], [-80.1662391, 25.7350154], [-80.1661852, 25.7350539], [-80.1661172, 25.7350762], [-80.1660546, 25.7350855], [-80.1660065, 25.7350833]]}, "properties": {"project": "PH7113", "date": "19751101", "kind": "Man-made", "source": "TP00425"}}, {"type": "Feature", "geometry": {"type": "LineString", "coordinates": [[-80.1681799999999, 25.7092068], [-80.1681079, 25.7091768], [-80.1680197, 25.7091193], [-80.1679642, 25.7090577], [-80.1679411, 25.7090195], [-80.167904, 25.7089855], [-80.1678831, 25.7089727], [-80.1678602, 25.7089156], [-80.1678489, 25.7088732], [-80.1678326, 25.7088563], [-80.1677954, 25.7088413], [-80.1677465, 25.7088431], [-80.1677046, 25.7088323], [-80.167679, 25.7088131], [-80.1676537, 25.7087686], [-80.1675861, 25.708764], [-80.1675466, 25.7087469], [-80.1675141, 25.708715], [-80.1674793, 25.7087021], [-80.167391, 25.7086446], [-80.1673399, 25.7086189], [-80.167182, 25.708523], [-80.1671448, 25.7085101], [-80.1671167, 25.7085268], [-80.167111, 25.7086789], [-80.1671015, 25.7087], [-80.167085, 25.7087168], [-80.1670803, 25.7087273], [-80.1670801, 25.7087506], [-80.16708, 25.7087717], [-80.1671148, 25.7087993], [-80.1671285, 25.7088374], [-80.1671213, 25.7088649], [-80.1669707, 25.7090584], [-80.1669309, 25.7090856], [-80.1668982, 25.7090875], [-80.1668796, 25.7090853], [-80.1668657, 25.7090789], [-80.1668447, 25.7090746], [-80.1667657, 25.7090382], [-80.1667448, 25.7090212], [-80.1667426, 25.7090064], [-80.1667426, 25.7089979], [-80.1667567, 25.7089895], [-80.1667683, 25.7089917], [-80.1667799, 25.7089981], [-80.1667869, 25.7090045], [-80.1668055, 25.7090152], [-80.1668194, 25.7090174000001], [-80.1668334, 25.7090174000001], [-80.1668474, 25.7090175], [-80.1668615, 25.709007], [-80.1668709, 25.7089944], [-80.166871, 25.7089754], [-80.1668618, 25.7089563], [-80.1668503, 25.7089373], [-80.1668387, 25.7089266], [-80.166739, 25.7088542], [-80.1666739, 25.7088264], [-80.1666413, 25.7088178], [-80.1665859, 25.7087266], [-80.1665655, 25.7086441], [-80.1665494, 25.7086102], [-80.1665009, 25.7085487], [-80.1664708, 25.7085126], [-80.1664617, 25.7084872], [-80.1664782, 25.7084535], [-80.1664807, 25.7084302], [-80.1664274, 25.7083856], [-80.1663743, 25.7083134], [-80.1663259, 25.7082265], [-80.1663169, 25.7081737], [-80.166308, 25.7081208], [-80.1662686, 25.7080889], [-80.1662478, 25.7080613], [-80.166234, 25.7080338], [-80.1662295, 25.7080105], [-80.1662157, 25.7079787], [-80.1662042, 25.7079575], [-80.166188, 25.7079384], [-80.1661718, 25.7079172], [-80.1661603, 25.707896], [-80.1661396, 25.7078579], [-80.166128, 25.7078388], [-80.1661142, 25.7078155], [-80.166105, 25.7078027], [-80.1660935, 25.707771], [-80.1660844, 25.7077498], [-80.166073, 25.7077012], [-80.1660591999999, 25.7076736], [-80.1660454, 25.7076524], [-80.1660269, 25.7076291], [-80.1660107, 25.7076142], [-80.1659992, 25.7075824], [-80.1659901, 25.707557], [-80.1659856, 25.707538], [-80.1659694, 25.7075104], [-80.1659417, 25.707468], [-80.1658449, 25.7073111], [-80.1658266, 25.7072624], [-80.1658174, 25.7072434], [-80.1658058, 25.7072327], [-80.1658012, 25.70722], [-80.1657967, 25.7072052], [-80.1657944, 25.7071904], [-80.1657899, 25.7071693], [-80.1657854, 25.7071523], [-80.1657715, 25.7071396], [-80.1657622, 25.7071311], [-80.1657553, 25.7071226], [-80.1657483, 25.7071141], [-80.1657414, 25.7070972], [-80.1657369, 25.7070823], [-80.1657323, 25.7070675000001], [-80.1657255, 25.70704], [-80.1657163, 25.7070231], [-80.1657024, 25.7070082], [-80.1656909, 25.7069912], [-80.1656793, 25.7069764], [-80.1656378, 25.7069064], [-80.1656127, 25.7068387], [-80.1656038, 25.7067731], [-80.1655459999999, 25.7066946], [-80.1655418, 25.7066376], [-80.1654954, 25.7066056], [-80.1654377999999, 25.7065018], [-80.1654029, 25.7064826], [-80.165375, 25.7064824], [-80.1653586, 25.7064844], [-80.1653376, 25.7064843], [-80.1653259, 25.7064885], [-80.1653118, 25.7065116], [-80.1653094, 25.7065243], [-80.1653115, 25.7065496], [-80.1653182, 25.706594], [-80.1653273, 25.7066342], [-80.1653735, 25.7066958], [-80.1653919, 25.7067276], [-80.165401, 25.7067551], [-80.1654148, 25.7067826], [-80.1654309, 25.7068123], [-80.1654494, 25.7068462], [-80.1654586, 25.7068653], [-80.1654701, 25.7068886], [-80.1654816, 25.7069076], [-80.1654977, 25.7069373], [-80.1655092, 25.7069585], [-80.1655114, 25.7069818], [-80.1655136, 25.707005], [-80.165525, 25.7070304], [-80.1655366, 25.7070411], [-80.1655528, 25.7070559], [-80.1655597, 25.7070813], [-80.1655549, 25.7071024], [-80.1655571, 25.707113], [-80.1655709, 25.7071405], [-80.1655801, 25.7071533], [-80.1655918, 25.7071618], [-80.1656104, 25.7071682], [-80.1656196, 25.7071767], [-80.1656381, 25.7072085], [-80.1656954, 25.707342], [-80.1656883, 25.7073673], [-80.1656973, 25.7074075], [-80.1657298, 25.7074309], [-80.1657414, 25.7074373], [-80.1657506, 25.7074542], [-80.1657505, 25.7074669], [-80.1657481, 25.7074817], [-80.165748, 25.7074923], [-80.1657549, 25.7075113], [-80.1657664, 25.7075325], [-80.1657873, 25.7075411], [-80.1658013, 25.7075496], [-80.1658128, 25.7075623], [-80.165882, 25.7076789], [-80.1658863, 25.7077212], [-80.1659163, 25.7077658], [-80.1659348, 25.7077954], [-80.1659600999999, 25.7078399], [-80.1659786, 25.7078696], [-80.165997, 25.7079078], [-80.1660154, 25.7079396], [-80.1660246, 25.707965], [-80.1660268, 25.7079776], [-80.166022, 25.7079945], [-80.1660103, 25.7079987], [-80.1659451, 25.7079962], [-80.1659425, 25.7080321], [-80.1659608, 25.7080745], [-80.1660256, 25.7081488], [-80.1660114, 25.7081761], [-80.1659902, 25.7082056], [-80.1659246, 25.708258], [-80.1658382, 25.7082787000001], [-80.1656633, 25.7082735], [-80.1656003, 25.7082837], [-80.1655374, 25.7082685], [-80.1654931, 25.7082598], [-80.1654162, 25.7082615], [-80.1653159, 25.708263], [-80.1652482, 25.7082795], [-80.1651642, 25.7082833], [-80.1650943, 25.7082744000001], [-80.1650477, 25.7082699], [-80.1650173, 25.7082824], [-80.1649986, 25.7082887], [-80.1649752, 25.7082906], [-80.1649426, 25.7082905], [-80.164924, 25.708284], [-80.1649053, 25.7082818], [-80.164882, 25.7082838], [-80.16484, 25.708292], [-80.1646044, 25.7083033], [-80.1645855, 25.7083285000001], [-80.1645922, 25.7083751], [-80.1646014, 25.7083878], [-80.1646783, 25.7084051], [-80.1647879, 25.7084058], [-80.1649327, 25.7083749], [-80.1651332, 25.7083782], [-80.1655087, 25.7083697], [-80.1657769, 25.7083649], [-80.1658562, 25.7083591], [-80.1659847, 25.7083323], [-80.1660383, 25.7083305], [-80.1660733, 25.7083349], [-80.1660826, 25.7083435], [-80.1660872, 25.7083519], [-80.1660848, 25.7083625], [-80.166073, 25.708373], [-80.1660403, 25.708377], [-80.1660286, 25.7083896], [-80.1660308, 25.7084065], [-80.1660378, 25.708415], [-80.1660517, 25.7084214], [-80.166061, 25.7084278], [-80.1660725999999, 25.7084342], [-80.1662256, 25.7085661], [-80.1663014, 25.7087377], [-80.1662986, 25.7088010000001], [-80.1664094, 25.7089643], [-80.166439, 25.7090574], [-80.1664691, 25.7090956], [-80.1664686, 25.7091611], [-80.1664942, 25.7091676], [-80.1665059, 25.7091677], [-80.1665176, 25.7091678], [-80.1665269, 25.7091741], [-80.1665476, 25.7092017], [-80.1666094, 25.7093711], [-80.1666023, 25.7093837], [-80.166593, 25.7093879], [-80.1665814, 25.7093836], [-80.1665745, 25.7093709], [-80.1665629, 25.7093603], [-80.1665489, 25.7093581], [-80.1665325, 25.7093664], [-80.1665254, 25.7093769], [-80.1665184, 25.7093854], [-80.1665137, 25.7093938], [-80.1664903, 25.7093958], [-80.1664623, 25.7094019], [-80.1664483, 25.709404], [-80.1664203, 25.7094017], [-80.1663994, 25.7093974], [-80.1663808, 25.7093867], [-80.1663669, 25.7093718], [-80.1663483, 25.709359], [-80.1663321, 25.7093526], [-80.1663017, 25.7093524], [-80.1662877, 25.7093566], [-80.166241, 25.709369], [-80.1662129, 25.7093815], [-80.1660841, 25.7094674], [-80.166044, 25.70952], [-80.1660461, 25.7095643], [-80.1660526, 25.7096278], [-80.1659894, 25.7096697], [-80.1658866, 25.7096902], [-80.1658157, 25.7098313], [-80.1657456, 25.7098521], [-80.1656727, 25.7099298], [-80.1655839, 25.7099673], [-80.1655256, 25.709967], [-80.1654367, 25.7100087], [-80.1653783, 25.710019], [-80.1652873, 25.7100206], [-80.1652454, 25.7100182], [-80.1652103, 25.7100349], [-80.1651962, 25.7100412], [-80.1651799, 25.7100432], [-80.1651659, 25.7100431], [-80.1651473, 25.7100409], [-80.1651356, 25.7100366], [-80.1651193, 25.7100302], [-80.1651031, 25.7100237], [-80.1650774, 25.7100215], [-80.1650588, 25.7100193], [-80.1650238, 25.7100191], [-80.1650052, 25.7100126], [-80.1649959, 25.7100062], [-80.1649704, 25.7099913], [-80.1649541, 25.7099806], [-80.1649379, 25.70997], [-80.1649239, 25.7099614], [-80.1648984, 25.7099486], [-80.1648774, 25.7099464], [-80.1648494, 25.709942], [-80.1648354, 25.7099461], [-80.164812, 25.7099566], [-80.164798, 25.7099628], [-80.1647769, 25.7099733], [-80.1647629, 25.7099774], [-80.1647372, 25.7099836], [-80.1647209, 25.7099835], [-80.1647022, 25.7099834], [-80.1646789, 25.7099854000001], [-80.1646719, 25.7099938], [-80.1646508, 25.7100064], [-80.1646321, 25.7100126], [-80.164611, 25.7100188], [-80.1645994, 25.710023], [-80.1645479, 25.7100417], [-80.1644778, 25.7100582], [-80.1644544, 25.7100771], [-80.164452, 25.7100855], [-80.1644495, 25.7101087], [-80.1644563, 25.7101341], [-80.1644703, 25.7101426], [-80.1644842, 25.7101533], [-80.1644934, 25.710166], [-80.1644957, 25.7101766], [-80.1644862, 25.7101913], [-80.1644605, 25.7102081], [-80.1644441, 25.7102101], [-80.1644184, 25.7102163], [-80.1644044, 25.7102289], [-80.164395, 25.7102331], [-80.164374, 25.7102372], [-80.1643507, 25.7102391], [-80.164325, 25.710239], [-80.1642947, 25.7102346], [-80.1642203, 25.7102025], [-80.1641761, 25.7101874], [-80.164127, 25.7102083], [-80.1640989, 25.7102187], [-80.1640803, 25.7102207], [-80.1640639, 25.7102227], [-80.1640476, 25.7102247], [-80.1640172, 25.7102288], [-80.1639986, 25.7102329000001], [-80.1639892, 25.710235], [-80.1639728, 25.7102475], [-80.1639634, 25.7102602000001], [-80.1639353, 25.710279], [-80.163781, 25.7103331], [-80.1637156, 25.7103454], [-80.1636594, 25.7103767], [-80.1636033, 25.7103933], [-80.163517, 25.710397], [-80.1634795, 25.7104285], [-80.1633346, 25.710472], [-80.1632226, 25.7104777], [-80.1631922, 25.7104945], [-80.1631036, 25.710494], [-80.1630593, 25.7104937], [-80.1628798, 25.7104863], [-80.1627842, 25.710471], [-80.1627073, 25.7104684], [-80.1626374, 25.7104596], [-80.1626049, 25.7104425], [-80.1625933, 25.7104319], [-80.16257, 25.7104254], [-80.1625304, 25.7104231], [-80.162507, 25.7104272], [-80.162486, 25.7104313], [-80.162472, 25.7104375], [-80.1624463, 25.7104395], [-80.1624206, 25.7104436], [-80.1624043, 25.7104477], [-80.1623832, 25.7104602], [-80.1623714999999, 25.7104686], [-80.1623551, 25.7104833], [-80.1623433, 25.710498], [-80.1623339, 25.7105022], [-80.1623176, 25.7105042], [-80.162306, 25.7105042], [-80.1622896, 25.710502], [-80.1622687, 25.7104955], [-80.1622501, 25.7104912], [-80.1622151, 25.7104889], [-80.1621917, 25.7104972], [-80.1621379, 25.710518], [-80.1620259, 25.7105406], [-80.162014, 25.7105616], [-80.1618877, 25.7106201], [-80.1617941, 25.7106639], [-80.1616018, 25.7108149], [-80.1615644, 25.7108337], [-80.1614873, 25.7108565], [-80.1614056, 25.7108666], [-80.1613962, 25.7108813], [-80.1613913, 25.7109045], [-80.1613722, 25.7109678], [-80.1613018, 25.7110329], [-80.161241, 25.71106], [-80.1611686, 25.7110765], [-80.1610987, 25.7110676], [-80.1610611999999, 25.711097], [-80.1610262, 25.7110968], [-80.1610076, 25.7110925], [-80.1609866, 25.7110945], [-80.1609817, 25.7111198], [-80.1609855, 25.7112423], [-80.1609687, 25.7113056], [-80.1609358, 25.7113413], [-80.1608469, 25.7113936], [-80.1608138, 25.7114484], [-80.160811, 25.7115139], [-80.160834, 25.7115605], [-80.1609083, 25.7116158], [-80.1609663, 25.7116563], [-80.1609871, 25.7116839], [-80.1610447, 25.7117793], [-80.1610934, 25.711826], [-80.1612024, 25.7119069], [-80.1612252, 25.7119768], [-80.1612385, 25.7120762], [-80.1612707, 25.7121418], [-80.1613402, 25.7122119], [-80.1613914, 25.712227], [-80.16141, 25.7122271], [-80.1614312, 25.7122082], [-80.1614243, 25.7121829], [-80.1614221, 25.7121744], [-80.1614269, 25.7121575], [-80.1614432, 25.7121513], [-80.1614596, 25.7121471], [-80.1614969, 25.7121474], [-80.1615342, 25.7121539], [-80.1615481, 25.7121667], [-80.161569, 25.7121795], [-80.1615876, 25.7121796], [-80.1616109, 25.7121776], [-80.1616367, 25.7121651], [-80.1616998, 25.7121443], [-80.1617139, 25.7121296], [-80.1617281, 25.7121043], [-80.1616886, 25.7120809], [-80.1616607, 25.7120659], [-80.1616307, 25.7120277], [-80.1616264, 25.7119728], [-80.1616569, 25.711937], [-80.1617201, 25.711912], [-80.1618579, 25.711879]]}, "properties": {"project": "PH7113", "date": "19751101", "kind": "Natural.Mean High Water", "source": "TP00425"}}, {"type": "Feature", "geometry": {"type": "LineString", "coordinates": [[-80.1606181, 25.7447267], [-80.1606434, 25.7447177], [-80.1606518, 25.7447071], [-80.1606536, 25.7446965], [-80.1606537, 25.7446843], [-80.1606487, 25.7446706], [-80.1606438, 25.7446523], [-80.1606405, 25.7446417], [-80.160639, 25.7446219], [-80.1606391, 25.7446097], [-80.1606392, 25.7445945], [-80.1606376, 25.7445808], [-80.1606227, 25.7445549], [-80.1606109, 25.7445533], [-80.1606008, 25.7445563], [-80.1606008, 25.7445654], [-80.1606024, 25.7445776], [-80.1605685, 25.7446154], [-80.1605583, 25.7446275], [-80.1605616, 25.7446458], [-80.1605782, 25.7446626], [-80.1605799, 25.7446717], [-80.1605798, 25.7446808], [-80.1605797, 25.74469], [-80.1605813, 25.7447006], [-80.1605862, 25.7447204], [-80.1605996, 25.7447266], [-80.1606181, 25.7447267]]}, "properties": {"project": "PH7113", "date": "19751101", "kind": "Natural.Mean High Water", "source": "TP00425"}}, {"type": "Feature", "geometry": {"type": "LineString", "coordinates": [[-80.1730045, 25.7451179], [-80.1729405, 25.7450642], [-80.1728464, 25.7449762], [-80.1726333, 25.7447872], [-80.1723598, 25.7445364], [-80.1720561, 25.7442596], [-80.1719814, 25.7442073]]}, "properties": {"project": "PH7113", "date": "19751101", "kind": "Man-made", "source": "TP00425"}}, {"type": "Feature", "geometry": {"type": "LineString", "coordinates": [[-80.1431974, 25.7446576], [-80.1432387999999, 25.744665], [-80.1432866, 25.7446725], [-80.1433473, 25.7446642], [-80.1434129, 25.7446357], [-80.143461, 25.7445999], [-80.1434932, 25.7445683], [-80.1435125, 25.7445409], [-80.1435434, 25.7444646], [-80.1435615, 25.7443881], [-80.1435779, 25.7443145], [-80.1435879, 25.744264], [-80.1435981, 25.7441673], [-80.1436049, 25.7441124], [-80.1436022, 25.7440431], [-80.1436204, 25.7439579], [-80.1436306, 25.743867], [-80.1436358, 25.7438121], [-80.143638, 25.7437284]]}, "properties": {"project": "PH7113", "date": "19751101", "kind": "Natural.Mean High Water", "source": "TP00425"}}, {"type": "Feature", "geometry": {"type": "LineString", "coordinates": [[-80.143638, 25.7437284], [-80.1436007, 25.743696]]}, "properties": {"project": "PH7113", "date": "19751101", "kind": "Undetermined Alongshore Feature", "source": "TP00425"}}, {"type": "Feature", "geometry": {"type": "LineString", "coordinates": [[-80.1719814, 25.7442073], [-80.1718987, 25.7441983000001], [-80.1717722, 25.7441905], [-80.1716958, 25.7441852], [-80.1716431, 25.7441754], [-80.1715983, 25.7441727], [-80.1715271, 25.7441723], [-80.1714533, 25.7441695], [-80.1714031, 25.7441764], [-80.1713029, 25.7441758000001], [-80.1712502, 25.7441755], [-80.1712054, 25.7441681], [-80.1711474, 25.7441702], [-80.1710975, 25.7441484], [-80.1710422, 25.7441266], [-80.1709897, 25.7441024], [-80.1709084, 25.7440399], [-80.1708403, 25.743975], [-80.1708009, 25.7439461], [-80.1707459, 25.743898], [-80.1706988, 25.7438452], [-80.1706805, 25.7438141], [-80.1706649, 25.7437806], [-80.1706335, 25.7437541], [-80.1705338, 25.7436819], [-80.1704919, 25.7436459], [-80.1704578, 25.7436075], [-80.1704291, 25.7435643], [-80.1703115, 25.7434108], [-80.1702436, 25.7433268], [-80.1702201, 25.7432885], [-80.1702044, 25.7432693], [-80.1701913, 25.7432549], [-80.1701651, 25.7432428]]}, "properties": {"project": "PH7113", "date": "19751101", "kind": "Natural.Mean High Water", "source": "TP00425"}}, {"type": "Feature", "geometry": {"type": "LineString", "coordinates": [[-80.143638, 25.7437284], [-80.1436922, 25.7437243], [-80.14375, 25.7436828], [-80.1438158, 25.7436239], [-80.1438449, 25.7435663], [-80.1438822, 25.7434828], [-80.143918, 25.7433891], [-80.1439425, 25.7433098], [-80.143962, 25.7432564], [-80.1439815, 25.7432016], [-80.1439914, 25.7431627], [-80.143998, 25.7431338], [-80.1440031, 25.7430862000001], [-80.1440081, 25.7430472], [-80.1440245, 25.742991], [-80.1440585, 25.7429189], [-80.1440796, 25.7428656], [-80.1440992, 25.7428108], [-80.1441217, 25.7427763]]}, "properties": {"project": "PH7113", "date": "19751101", "kind": "Natural.Mean High Water", "source": "TP00425"}}, {"type": "Feature", "geometry": {"type": "LineString", "coordinates": [[-80.1441217, 25.7427763], [-80.1440633, 25.7427577]]}, "properties": {"project": "PH7113", "date": "19751101", "kind": "Undetermined Alongshore Feature", "source": "TP00425"}}, {"type": "Feature", "geometry": {"type": "LineString", "coordinates": [[-80.1693022, 25.742574], [-80.1692686, 25.7425471]]}, "properties": {"project": "PH7113", "date": "19751101", "kind": "Pier", "source": "TP00425"}}, {"type": "Feature", "geometry": {"type": "LineString", "coordinates": [[-80.1701651, 25.7432428], [-80.1700907, 25.743314], [-80.1698785, 25.7431265], [-80.1694488, 25.7427253], [-80.1693938, 25.7426677], [-80.1695187, 25.7425394]]}, "properties": {"project": "PH7113", "date": "19751101", "kind": "Man-made", "source": "TP00425"}}, {"type": "Feature", "geometry": {"type": "LineString", "coordinates": [[-80.1692686, 25.7425471], [-80.1692209, 25.7425091]]}, "properties": {"project": "PH7113", "date": "19751101", "kind": "Pier", "source": "TP00425"}}, {"type": "Feature", "geometry": {"type": "LineString", "coordinates": [[-80.169361, 25.7424645], [-80.1692686, 25.7425471]]}, "properties": {"project": "PH7113", "date": "19751101", "kind": "Pier", "source": "TP00425"}}, {"type": "Feature", "geometry": {"type": "LineString", "coordinates": [[-80.1695187, 25.7425394], [-80.1694608, 25.7425152], [-80.169361, 25.7424645]]}, "properties": {"project": "PH7113", "date": "19751101", "kind": "Natural.Mean High Water", "source": "TP00425"}}, {"type": "Feature", "geometry": {"type": "LineString", "coordinates": [[-80.1563354, 25.7266884], [-80.1559878, 25.7263471], [-80.1560126, 25.7263269], [-80.156367, 25.7266561]]}, "properties": {"project": "PH7113", "date": "19751101", "kind": "Pier", "source": "TP00425"}}, {"type": "Feature", "geometry": {"type": "LineString", "coordinates": [[-80.1581683, 25.7418175], [-80.1581747, 25.7418486], [-80.1581944, 25.7418535], [-80.1582208, 25.741856], [-80.1582286, 25.7418645], [-80.1582378, 25.7418729], [-80.1582482, 25.7418873], [-80.1582521, 25.7418992], [-80.1582573, 25.7419148], [-80.1582651, 25.7419232], [-80.1582729, 25.741934], [-80.1582755, 25.7419423], [-80.158282, 25.7419519], [-80.1582951, 25.7419675], [-80.1583017, 25.7419759], [-80.1583055, 25.7419939], [-80.158312, 25.7420082], [-80.1583158, 25.7420202], [-80.1583223, 25.7420345], [-80.1583301, 25.7420537], [-80.1583379, 25.7420669], [-80.158347, 25.7420872], [-80.1583627, 25.7421052], [-80.1583876, 25.7421245], [-80.158406, 25.7421389], [-80.1584625, 25.7421643], [-80.1585321, 25.7422017], [-80.1585702, 25.7422139], [-80.1586294, 25.7422321], [-80.1586399, 25.7422394], [-80.1586503, 25.7422693], [-80.1586816, 25.7423136], [-80.15873, 25.7423724], [-80.1587521, 25.7424096], [-80.1587676, 25.7424622], [-80.158827, 25.7426381], [-80.1588597, 25.7426753], [-80.1589187, 25.7427222], [-80.1589366, 25.7428023000001], [-80.1589467, 25.7428596], [-80.1589593, 25.7429493], [-80.1589968, 25.7430557], [-80.1590083, 25.7431083], [-80.1590183, 25.7431729], [-80.1590308, 25.7432756], [-80.1590478, 25.7432972], [-80.1591404, 25.7434363], [-80.1591558, 25.7435032], [-80.1591674, 25.7435439], [-80.159187, 25.7435679], [-80.1592151, 25.743697], [-80.1592368, 25.7437926], [-80.1592337, 25.7438511], [-80.1592217, 25.7438821], [-80.1591815, 25.743969], [-80.1591573, 25.7440381], [-80.1591464, 25.7440847], [-80.1591363, 25.7442147], [-80.1591189, 25.7442421], [-80.1590883, 25.7442801], [-80.1590538, 25.7443122], [-80.1590511, 25.7443289], [-80.1590536, 25.7443444], [-80.1590628, 25.7443564], [-80.1590825, 25.7443637], [-80.1591062, 25.744371], [-80.1591931, 25.744387], [-80.1592337, 25.7444183], [-80.1592546, 25.7444423], [-80.1592744, 25.7444472], [-80.1592902, 25.7444461], [-80.1592982, 25.7444366], [-80.1592996, 25.744427], [-80.1592983, 25.7444163], [-80.1592958, 25.7443983], [-80.1592972, 25.7443864], [-80.1593052, 25.7443781], [-80.1593184, 25.7443746], [-80.1593355, 25.7443735], [-80.15935, 25.7443796], [-80.1593934, 25.7443929], [-80.1594355, 25.7444123], [-80.1594773, 25.7444603], [-80.1594981, 25.7445129], [-80.1595295, 25.744537], [-80.1595386, 25.7445633], [-80.1595422, 25.7446159], [-80.1595548, 25.7446983], [-80.1595569, 25.7447712], [-80.1595614, 25.7448823], [-80.1595542, 25.7449706], [-80.1594873, 25.7451039], [-80.1594568, 25.7451229], [-80.1593828, 25.7451582], [-80.1593234, 25.7451615], [-80.1593023, 25.7451578], [-80.1592905, 25.7451494], [-80.1592774, 25.7451445], [-80.1592656, 25.7451349], [-80.1592499, 25.7451193], [-80.1592419999999, 25.7451073], [-80.1592328999999, 25.7450953], [-80.1592211, 25.7450833], [-80.1592133, 25.7450761], [-80.1592001, 25.7450676], [-80.159191, 25.7450604], [-80.1591778, 25.745052], [-80.1591621, 25.7450447000001], [-80.1591489, 25.7450387], [-80.1591344, 25.745035], [-80.1591264, 25.7450481], [-80.1591263, 25.7450672000001], [-80.1591314, 25.7450959], [-80.1591326, 25.745115], [-80.1591324, 25.7451425], [-80.1591256, 25.7451723], [-80.1591175, 25.7451985], [-80.1591081, 25.7452187], [-80.1590999, 25.7452593], [-80.1590798, 25.7453069], [-80.1590794, 25.7453654], [-80.1590883, 25.7454085], [-80.1591064, 25.7454671], [-80.1591075, 25.7454946], [-80.1590914, 25.7455267], [-80.1590755, 25.7455493000001], [-80.1590778, 25.7455959], [-80.1590987, 25.7456223], [-80.1591129, 25.7456558], [-80.1591286, 25.7456738], [-80.1591352, 25.745681], [-80.1591443, 25.7456954], [-80.1591534, 25.7457133], [-80.1591611, 25.7457456]]}, "properties": {"project": "PH7113", "date": "19751101", "kind": "Natural.Mean High Water", "source": "TP00425"}}, {"type": "Feature", "geometry": {"type": "LineString", "coordinates": [[-80.156367, 25.7266561], [-80.1568276, 25.7262483]]}, "properties": {"project": "PH7113", "date": "19751101", "kind": "Man-made", "source": "TP00425"}}, {"type": "Feature", "geometry": {"type": "LineString", "coordinates": [[-80.1586324, 25.7260941], [-80.1585754, 25.7262299], [-80.1584615, 25.726465], [-80.158398, 25.7265683], [-80.1583392, 25.726633], [-80.1582892, 25.7267261], [-80.1582479, 25.7268499], [-80.1582044, 25.7269837], [-80.1581183, 25.727095], [-80.1580529, 25.7271454], [-80.1579765, 25.7271653], [-80.1576599, 25.727198], [-80.1574916, 25.7272072], [-80.1574399, 25.7272232], [-80.1573791, 25.7272553], [-80.1573316, 25.7273038], [-80.1572394, 25.7273439000001], [-80.1571225, 25.7273697], [-80.1568798, 25.7274333], [-80.1565868, 25.7276145], [-80.1564897, 25.7277054], [-80.1564443, 25.7277803], [-80.1564012, 25.7278491], [-80.1563201, 25.7279015], [-80.1562885, 25.7279298], [-80.156286, 25.7279643]]}, "properties": {"project": "PH7113", "date": "19751101", "kind": "Natural.Mean High Water", "source": "TP00425"}}, {"type": "Feature", "geometry": {"type": "LineString", "coordinates": [[-80.1608612, 25.7461165], [-80.160898, 25.7460904], [-80.1609044, 25.746079], [-80.1609044, 25.7460687], [-80.1609046, 25.7460527], [-80.1609084, 25.7460402], [-80.1609111, 25.7460253], [-80.1609111, 25.746015], [-80.1609062, 25.7460036], [-80.1608961, 25.7460001], [-80.1608822, 25.7459977], [-80.1608671, 25.7459965], [-80.1608456, 25.7459906], [-80.1608369, 25.7459746], [-80.160837, 25.7459631], [-80.1608333, 25.745954], [-80.1608244, 25.7459493], [-80.1608182, 25.7459401], [-80.1608196, 25.7459276], [-80.1608108, 25.7459184000001], [-80.1607994, 25.7459172], [-80.1607893, 25.7459171], [-80.1607767, 25.7459193], [-80.160769, 25.7459261], [-80.1607677, 25.7459353], [-80.1607676, 25.7459501], [-80.1607675, 25.7459673], [-80.1607674, 25.7459799], [-80.1607598, 25.7459901], [-80.1607496, 25.7459981], [-80.1607407, 25.746006], [-80.1607394, 25.7460152], [-80.1607431, 25.7460266000001], [-80.160748, 25.7460381], [-80.1607504999999, 25.7460541], [-80.1607491, 25.7460713], [-80.160749, 25.7460873], [-80.1607551, 25.7461136], [-80.1607702, 25.7461183], [-80.1608207, 25.7461197], [-80.1608612, 25.7461165]]}, "properties": {"project": "PH7113", "date": "19751101", "kind": "Natural.Mean High Water", "source": "TP00425"}}, {"type": "Feature", "geometry": {"type": "LineString", "coordinates": [[-80.1457457, 25.7474084], [-80.1457895, 25.7473367], [-80.1458911, 25.7471813], [-80.1459508, 25.7470964], [-80.1460427, 25.7469467], [-80.1460699, 25.7469382], [-80.1460891, 25.7469325], [-80.1460972, 25.7469181], [-80.1461068, 25.7469066], [-80.1461327, 25.7468547], [-80.1461505, 25.7468231], [-80.1461938, 25.7467944], [-80.146205, 25.7467829], [-80.1462163, 25.7467685], [-80.1462199, 25.7467108], [-80.1462267, 25.7466559], [-80.1462525, 25.7466156], [-80.146267, 25.7465883], [-80.1462815, 25.7465782], [-80.1462974, 25.7465754], [-80.146307, 25.7465741], [-80.1463198, 25.7465698], [-80.1463296, 25.7465438], [-80.1463282, 25.7465164], [-80.1463251, 25.7464933], [-80.1463236, 25.7464846], [-80.1463237, 25.7464687], [-80.1463238, 25.74646], [-80.1463255, 25.7464499], [-80.1463335, 25.7464384], [-80.1463496, 25.746427], [-80.1463656, 25.7464155], [-80.14638, 25.7464069], [-80.1463896, 25.7463968], [-80.1464009, 25.7463854], [-80.1464105, 25.7463753], [-80.1464138, 25.7463623], [-80.1464139, 25.7463522], [-80.146414, 25.7463363], [-80.1464125, 25.7463219], [-80.146411, 25.7463089], [-80.1464063, 25.7462973], [-80.1464064, 25.7462857], [-80.1464081, 25.7462698000001], [-80.1464146, 25.7462554], [-80.1464195, 25.7462396], [-80.146426, 25.7462251], [-80.1464437, 25.7462021], [-80.1464533, 25.7461935], [-80.1464566, 25.7461849], [-80.1464582, 25.7461762], [-80.1464631, 25.7461676], [-80.1464759, 25.7461561], [-80.146521, 25.7460986], [-80.1465259, 25.7460842], [-80.1465276, 25.7460611], [-80.1465118, 25.7460407], [-80.1464245, 25.745981], [-80.1463928, 25.7459548], [-80.1463771, 25.7459215], [-80.1463644, 25.7459113], [-80.1463533, 25.7459069], [-80.1463421, 25.7459011], [-80.1463326, 25.7458938], [-80.1463199, 25.7458836], [-80.1463088, 25.7458763], [-80.1462993, 25.7458676], [-80.1462914, 25.7458632], [-80.1462787, 25.7458559], [-80.1462691, 25.7458486], [-80.1462612, 25.7458414], [-80.1462405, 25.7458355], [-80.1462262, 25.7458354], [-80.1462086, 25.7458324], [-80.1461975, 25.7458323], [-80.1461735, 25.745838], [-80.1461639, 25.7458408], [-80.1461479, 25.7458494], [-80.1461367, 25.745858], [-80.1461271, 25.7458637], [-80.146111, 25.7458838], [-80.1460981, 25.7459011], [-80.1460884, 25.7459155], [-80.1460835, 25.7459299], [-80.1460771, 25.7459414], [-80.1460642, 25.7459485], [-80.1460515, 25.7459485], [-80.1460323, 25.7459541], [-80.1460194, 25.7459671], [-80.1459234, 25.7460171], [-80.1457234, 25.746104], [-80.1455969, 25.7461596], [-80.1454945, 25.7462067], [-80.1454146, 25.7462279], [-80.1453268, 25.7462404], [-80.145231, 25.746247], [-80.1451896, 25.7462367], [-80.1451515, 25.7462162], [-80.1451388, 25.7462075], [-80.1451261, 25.7462002], [-80.1451134, 25.7461943], [-80.1451022, 25.7461914], [-80.1450863, 25.7461913], [-80.1450735, 25.7461927], [-80.1450607, 25.7461998], [-80.1450558, 25.7462084], [-80.1450557, 25.7462229], [-80.1450556, 25.7462345], [-80.1450587, 25.7462504], [-80.1450634, 25.7462706], [-80.1450712, 25.7462851], [-80.1450775, 25.7462953], [-80.145087, 25.7463054], [-80.1450965, 25.7463141], [-80.1451093, 25.7463214], [-80.1451792, 25.7463507000001], [-80.1452317, 25.7463698], [-80.145246, 25.74638], [-80.1452475, 25.7463902], [-80.1452427, 25.7463988], [-80.1452282, 25.7464189], [-80.1451914, 25.7464346], [-80.1450413, 25.7464482], [-80.1449823, 25.7464565], [-80.144923, 25.7464836], [-80.1448959, 25.7464849], [-80.144872, 25.7464876], [-80.1448512, 25.7464861], [-80.1448019, 25.746467], [-80.144767, 25.7464466], [-80.1447527, 25.7464378], [-80.144732, 25.7464348], [-80.1447176, 25.7464333], [-80.1447002, 25.7464231], [-80.1446827, 25.7464129], [-80.1446636, 25.7464041], [-80.1446493, 25.7463939], [-80.1446382, 25.7463837], [-80.1446223, 25.7463764], [-80.1446112, 25.746372], [-80.1446016, 25.7463676], [-80.1445825, 25.7463631], [-80.1445682, 25.7463616], [-80.1445554, 25.7463615], [-80.1445394, 25.7463672], [-80.1444815999999, 25.7464261], [-80.1444321, 25.7464359], [-80.1443873, 25.7464559], [-80.1443616, 25.7464789], [-80.1443323, 25.7465481], [-80.1443144, 25.7465985], [-80.1442999, 25.7466244], [-80.1442775, 25.7466344], [-80.1442056, 25.7466499], [-80.1441448, 25.7466741], [-80.1440728, 25.746704], [-80.1440487, 25.7467241], [-80.144028, 25.7467269], [-80.1440088, 25.7467268], [-80.143969, 25.7467193], [-80.1439483, 25.7467076], [-80.1439372, 25.7466989], [-80.1439261, 25.7466916], [-80.1439166, 25.7466843], [-80.1439039, 25.7466785], [-80.1438863, 25.7466755], [-80.1438735999999, 25.746674], [-80.1438657, 25.7466681], [-80.1438578, 25.746658], [-80.1438498, 25.7466522], [-80.1438323, 25.7466448], [-80.1438132, 25.7466418], [-80.1437828, 25.7466503], [-80.1437668, 25.7466618], [-80.1437539, 25.7466733], [-80.1437363, 25.7466833], [-80.1437235, 25.7466904], [-80.1437091, 25.7466976], [-80.1436963, 25.7467062], [-80.1436866, 25.7467148], [-80.1436802, 25.7467234], [-80.1436689, 25.7467378], [-80.1436593, 25.7467479], [-80.1436465, 25.7467521], [-80.1436257, 25.7467578], [-80.1436081, 25.7467635], [-80.1436001, 25.7467692], [-80.1435808, 25.7467864], [-80.143568, 25.7467979], [-80.1435551, 25.7468108], [-80.1435439, 25.7468209], [-80.1435327, 25.7468280000001], [-80.1435199, 25.7468323], [-80.1435055, 25.7468322], [-80.1434944, 25.7468293], [-80.1434864, 25.7468249], [-80.1434753, 25.7468219], [-80.1434641, 25.7468219], [-80.1434386, 25.7468203], [-80.1434274, 25.746826], [-80.1434098, 25.7468345], [-80.1433921, 25.746859], [-80.14322, 25.7470502], [-80.1432036, 25.747105], [-80.1432045, 25.747209], [-80.1432055, 25.747287], [-80.1432274, 25.7473421], [-80.1432369, 25.7473493], [-80.1432465, 25.7473494], [-80.1432577, 25.7473451], [-80.1432673, 25.7473379], [-80.143293, 25.7473208], [-80.1433042, 25.7473165], [-80.143317, 25.7473137], [-80.1433313, 25.7473109], [-80.1433808, 25.7473097], [-80.1434366, 25.7473115], [-80.1434493, 25.7473188], [-80.1434826, 25.7473507], [-80.1435049, 25.747361], [-80.1435767, 25.7473585], [-80.1435958, 25.7473658], [-80.1436163, 25.7473934], [-80.1436162, 25.7474079], [-80.1436145, 25.7474266], [-80.1435743, 25.7474611], [-80.1435738, 25.7475319], [-80.1435593, 25.7475563], [-80.1435256, 25.7475836], [-80.1435223, 25.747598], [-80.1435204, 25.7476356], [-80.1435282, 25.7476616], [-80.14356, 25.7476748], [-80.1436031, 25.7476794], [-80.1436174, 25.7476853], [-80.1436317, 25.7476911], [-80.1436444, 25.7477013], [-80.1436506, 25.7477172], [-80.1436792, 25.7477434], [-80.1437046, 25.7477537], [-80.1437317, 25.7477625], [-80.1437748, 25.7477613], [-80.1438529, 25.7477603], [-80.1438769, 25.7477532], [-80.1438834, 25.7477446], [-80.1439026, 25.7477346], [-80.1439122, 25.7477346], [-80.1439297, 25.7477362], [-80.1439425, 25.7477363], [-80.1439584, 25.7477364], [-80.1439743, 25.7477393], [-80.1439903, 25.7477394], [-80.1440126, 25.7477381], [-80.1440446, 25.7477354], [-80.1440701, 25.7477312], [-80.1440957, 25.747727], [-80.1441244, 25.7477243], [-80.1441612, 25.7477187], [-80.1441899, 25.747716], [-80.1442122, 25.7477147], [-80.144241, 25.7477105], [-80.1442553, 25.7477106], [-80.1443016, 25.7477123], [-80.1443717, 25.7477171], [-80.1444387, 25.7477247], [-80.1445199, 25.7477439], [-80.1445963, 25.747766], [-80.1446346, 25.7477677], [-80.1446649, 25.747765], [-80.1446745, 25.7477622], [-80.1446889, 25.7477565], [-80.1447113, 25.7477508], [-80.1447289, 25.747748], [-80.1447464, 25.7477452], [-80.1447704, 25.747741], [-80.144788, 25.7477383], [-80.1448103, 25.7477355], [-80.1448311, 25.7477327], [-80.1448727, 25.7477084], [-80.1448968, 25.7476927], [-80.144916, 25.7476798], [-80.1449464, 25.7476684], [-80.144972, 25.7476628], [-80.1450103, 25.747663], [-80.1450549, 25.7476647], [-80.1450708, 25.7476763], [-80.1450739, 25.7476894], [-80.1450736, 25.747724], [-80.1450638, 25.7477601000001], [-80.1450349, 25.7477917000001], [-80.1450331, 25.7478177], [-80.1448719, 25.7480494], [-80.1446915, 25.7482896], [-80.1446239, 25.7483586], [-80.1446143, 25.7483758], [-80.1446142, 25.7483845], [-80.1446093, 25.7483931], [-80.1445966, 25.748396], [-80.1445678, 25.7483958], [-80.1445583, 25.7483957], [-80.1445471, 25.7483957], [-80.1445343, 25.748397], [-80.1445183, 25.7484027], [-80.1445071, 25.7484099], [-80.1445038, 25.7484258], [-80.1444842, 25.7484834], [-80.1444839, 25.7485326], [-80.1444815, 25.7486366], [-80.1444525, 25.748687], [-80.1444156, 25.7487128], [-80.1443182, 25.7487151], [-80.1443133, 25.7487411], [-80.1443017, 25.7487959], [-80.1442708, 25.7488766], [-80.1441987, 25.748921], [-80.1441296, 25.7489813], [-80.144006, 25.7490947], [-80.1439769999999, 25.7491264], [-80.1439433, 25.7491507], [-80.1439178, 25.7491592], [-80.1438922, 25.7491692], [-80.1438138, 25.749189], [-80.1437367, 25.7492622], [-80.1436724, 25.7493254], [-80.1436704, 25.7493861], [-80.1436703, 25.7494034], [-80.1436702, 25.7494164], [-80.1436315, 25.7494668000001], [-80.1435978, 25.7495013], [-80.1435765, 25.7495691], [-80.1435504, 25.7496469], [-80.1435357, 25.7496989], [-80.1435146, 25.7497435], [-80.1434823, 25.7498098], [-80.1434738, 25.7498704], [-80.1434783, 25.7499109], [-80.1434877, 25.749937], [-80.1435288, 25.7499921], [-80.1435586, 25.7500587], [-80.1436025, 25.7501731], [-80.1436006, 25.7502107], [-80.1436002, 25.7502627], [-80.1436222, 25.7503163], [-80.1436347, 25.7503496], [-80.1436751, 25.7503798], [-80.1437251, 25.7504255], [-80.1437533, 25.7504995], [-80.1438135, 25.7505795], [-80.143829, 25.750652], [-80.1438415, 25.7506869], [-80.1438825, 25.7507682], [-80.1438772, 25.7508333], [-80.1438435, 25.7508607], [-80.143778, 25.75088], [-80.1437558, 25.7508814], [-80.1436876, 25.7508801], [-80.1436674, 25.7508771], [-80.143625, 25.7508556], [-80.1436028, 25.7508304], [-80.1435373, 25.7507548], [-80.1435067, 25.7507179], [-80.1434898, 25.7506908], [-80.1434747, 25.7506607], [-80.1434637, 25.7506233], [-80.1434637999999, 25.7506116], [-80.1434586, 25.7505865], [-80.1434406, 25.7505709], [-80.1434163, 25.7505476], [-80.1433717, 25.7505368], [-80.1432366, 25.7504708], [-80.1431102, 25.7503798], [-80.1430923, 25.7503393], [-80.1430385, 25.7502797], [-80.1430275, 25.750258], [-80.1430314999999, 25.7501381], [-80.143041, 25.7499387], [-80.1430382, 25.7498737], [-80.1430305, 25.7498376], [-80.1430067, 25.7498244], [-80.1429718, 25.7497953], [-80.1429259, 25.7497488], [-80.1428645, 25.7496372], [-80.1428441, 25.7495923], [-80.1428251, 25.7495619], [-80.1427854, 25.7495472], [-80.1426274, 25.7495521], [-80.1425667, 25.7495532], [-80.1425428, 25.7495545], [-80.1425268, 25.7495544], [-80.1425173, 25.7495543], [-80.1425093, 25.7495499]]}, "properties": {"project": "PH7113", "date": "19751101", "kind": "Natural.Mean High Water", "source": "TP00425"}}, {"type": "Feature", "geometry": {"type": "LineString", "coordinates": [[-80.1591611, 25.7457456], [-80.1591949, 25.7458174], [-80.1592065, 25.7458438], [-80.1592117, 25.7458653], [-80.159222, 25.7458976], [-80.1592311, 25.7459144], [-80.1592469, 25.7459204], [-80.1592744, 25.7459385], [-80.159283, 25.7460269], [-80.1592969, 25.7461249], [-80.1592884, 25.7461989], [-80.1592553, 25.746219], [-80.1592354, 25.7462332], [-80.1592287, 25.7462535], [-80.1592497, 25.7462715], [-80.1593221, 25.7462791], [-80.159355, 25.7462996], [-80.1594205, 25.7463549], [-80.1594215, 25.7463955], [-80.1594055, 25.74643], [-80.1593736, 25.7464656], [-80.1593086, 25.7465142], [-80.1593044, 25.7465584], [-80.1592938, 25.7465643], [-80.1592792, 25.7465666], [-80.15927, 25.7465618], [-80.1592649, 25.7465486], [-80.1592623, 25.7465331], [-80.1592518, 25.7465282], [-80.1592413, 25.746521], [-80.1592229, 25.7465149], [-80.1592045, 25.74651], [-80.1591953, 25.7465052], [-80.1591756, 25.7465003], [-80.1591597, 25.7465014], [-80.1591465, 25.7465097], [-80.1591372, 25.7465156], [-80.1591253, 25.7465227], [-80.1591147, 25.7465238], [-80.1591003, 25.7465202], [-80.1590897, 25.7465177], [-80.1590792, 25.7465093], [-80.1590701, 25.7464985], [-80.1590596, 25.7464901], [-80.1590478, 25.7464852], [-80.1590372, 25.7464876], [-80.1590266, 25.7464935], [-80.1590212999999, 25.7465018], [-80.1589848, 25.746621], [-80.1590084, 25.7466402], [-80.1590308, 25.7466416], [-80.1590427, 25.7466416], [-80.1590599, 25.7466322], [-80.1590811, 25.7466263], [-80.1590969, 25.746624], [-80.159114, 25.7466229], [-80.1591299, 25.746623], [-80.1591549, 25.7466268], [-80.1591641, 25.7466316], [-80.1591798, 25.7466424], [-80.1591916, 25.746652], [-80.1592021, 25.746664], [-80.159206, 25.7466724], [-80.1592086, 25.7466808], [-80.1592164, 25.746694], [-80.1592216, 25.7467048], [-80.1592268, 25.7467143], [-80.1592294, 25.7467239], [-80.1592358, 25.7467419], [-80.159237, 25.746755], [-80.1592368, 25.746786], [-80.1592391, 25.7468446], [-80.1592164, 25.7468791], [-80.1592058, 25.7468885], [-80.1591912, 25.7468932], [-80.1591794, 25.7468956], [-80.1591675, 25.7468967], [-80.1591503, 25.7468966], [-80.1591293, 25.7468953], [-80.1591042, 25.7468903], [-80.1590885, 25.7468855], [-80.1590674, 25.7468782], [-80.1590517, 25.7468674], [-80.1590425, 25.7468601], [-80.1590254, 25.7468505000001], [-80.1590109, 25.746848], [-80.1589991, 25.7468491], [-80.1589885, 25.7468551], [-80.1589857, 25.7468682], [-80.1589856, 25.7468849], [-80.1589855, 25.746904], [-80.1589853, 25.7469291], [-80.1589851, 25.7469553], [-80.158981, 25.7469816], [-80.1589637, 25.7470006], [-80.1589518, 25.7470077], [-80.1589332, 25.7470219], [-80.1589253, 25.7470314], [-80.158908, 25.7470552], [-80.1588946, 25.7470814], [-80.1588918, 25.7470981], [-80.1588916, 25.7471303], [-80.1589047, 25.7471459], [-80.1589205, 25.747152], [-80.1589402, 25.7471581], [-80.1589559, 25.7471713], [-80.1589638, 25.7471809], [-80.1589597, 25.7471988], [-80.1589265, 25.7472296], [-80.1588775, 25.7472556], [-80.1588485, 25.7472662], [-80.1588313, 25.7472685], [-80.1588194, 25.7472684], [-80.158801, 25.7472683], [-80.1587932, 25.7472539], [-80.1587933, 25.7472384], [-80.158796, 25.7472253], [-80.1588027, 25.7472146], [-80.1588093, 25.7472062000001], [-80.1588226, 25.7471956], [-80.1588279, 25.7471825], [-80.1588255, 25.7471598], [-80.1588084, 25.7471513], [-80.1587979, 25.7471453], [-80.1587874, 25.7471416], [-80.1587769, 25.747132], [-80.1587677, 25.747126], [-80.1587572, 25.7471188], [-80.158744, 25.7471163], [-80.1587348, 25.7471175], [-80.1587229, 25.7471258], [-80.1587201, 25.7471436], [-80.1587239, 25.7471604], [-80.1587278, 25.7471759], [-80.1587329, 25.7471939], [-80.1587355, 25.7472058], [-80.1587367, 25.7472237], [-80.15873, 25.7472368], [-80.158718, 25.7472523], [-80.1587008, 25.7472617], [-80.1586823, 25.7472664], [-80.1586586, 25.747271], [-80.158644, 25.7472722], [-80.1586255, 25.7472804], [-80.1586189, 25.7472911], [-80.158624, 25.7473067], [-80.1586345, 25.7473234], [-80.1586423, 25.7473366], [-80.1586486, 25.7473713], [-80.1586471, 25.7473952], [-80.1586167, 25.7474057], [-80.1585943, 25.7474044000001], [-80.1585786, 25.7473972], [-80.1585681, 25.7473863], [-80.1585616, 25.7473708], [-80.1585511, 25.7473588], [-80.1585367, 25.7473515], [-80.1585275, 25.7473479], [-80.1585236, 25.7473383], [-80.1585224, 25.7473252], [-80.1585264, 25.7473121], [-80.1585292, 25.7472978], [-80.1585293, 25.7472846], [-80.1585188, 25.7472726], [-80.1585083, 25.7472642], [-80.1584965, 25.747251], [-80.1584847, 25.747245], [-80.1584716, 25.7472401], [-80.1584584, 25.7472388], [-80.1584452, 25.7472435], [-80.1584359, 25.7472495], [-80.1584305, 25.7472602], [-80.1584264, 25.747284], [-80.1584276, 25.747302], [-80.1584432, 25.7473295], [-80.1584484, 25.7473439], [-80.1584522, 25.7473606], [-80.1584547, 25.7473809], [-80.158456, 25.7473964], [-80.1584558, 25.7474155], [-80.1583907999999, 25.7474785], [-80.1583246, 25.7475127], [-80.158293, 25.7475137], [-80.1582732, 25.7475112], [-80.1582587, 25.747504], [-80.1582536, 25.7474908], [-80.1582497, 25.7474824], [-80.1582458, 25.7474693], [-80.1582406, 25.7474585000001], [-80.1582328, 25.7474477], [-80.1582236, 25.7474345], [-80.1582158, 25.7474297], [-80.1582026, 25.7474284], [-80.1581855, 25.7474259], [-80.1581696, 25.7474258], [-80.1581485, 25.7474281], [-80.1581261, 25.7474292], [-80.158109, 25.7474303], [-80.1580904, 25.7474469], [-80.1580903, 25.74746], [-80.1580915, 25.7474791], [-80.1580991, 25.747515], [-80.1581265, 25.7475653], [-80.1581512, 25.7476072], [-80.1581535, 25.7476574], [-80.1581481, 25.7476788], [-80.1581069, 25.7477168], [-80.1580752, 25.7477333], [-80.1580619, 25.7477524], [-80.1580709, 25.7477787], [-80.1580943, 25.7478302], [-80.158114, 25.7478374], [-80.1581245, 25.7478387], [-80.1581588, 25.7478353], [-80.1581878, 25.7478355], [-80.158201, 25.7478439], [-80.1582062, 25.7478535], [-80.1582061, 25.7478678], [-80.1581994, 25.7478821], [-80.1581888, 25.7478928], [-80.1581742, 25.7479035], [-80.1581609, 25.7479141], [-80.158145, 25.7479308], [-80.1581304, 25.7479378], [-80.1580961, 25.7479436], [-80.158079, 25.7479435], [-80.1580592, 25.7479434], [-80.158046, 25.7479433], [-80.1580341, 25.7479468], [-80.1580208, 25.7479587], [-80.1580141, 25.7479754], [-80.1580113, 25.7480016], [-80.1579966, 25.7480386], [-80.157986, 25.7480457], [-80.157978, 25.7480528], [-80.1579635, 25.7480527], [-80.1579477, 25.748055], [-80.1579371, 25.7480561], [-80.1579252, 25.7480572], [-80.1579081, 25.7480548], [-80.1578963, 25.7480428], [-80.1578911, 25.7480332], [-80.1578859, 25.7480212], [-80.1578834, 25.7480057], [-80.1578835, 25.7479878], [-80.157885, 25.747971], [-80.1578917, 25.7479568], [-80.1578971, 25.7479353], [-80.1578972, 25.747921], [-80.157892, 25.7479078], [-80.1578828, 25.747903], [-80.1578564, 25.7479064], [-80.1578457, 25.7479231], [-80.1578417, 25.7479338], [-80.1578376, 25.7479576], [-80.1578349, 25.7479684], [-80.1578308, 25.7479851000001], [-80.1578267, 25.7480053], [-80.157824, 25.7480161], [-80.1578041, 25.7480362], [-80.1577763, 25.748048], [-80.1577166, 25.7481014], [-80.1576968, 25.7481109], [-80.1576836, 25.7481108], [-80.1576665, 25.7480999], [-80.15766, 25.7480856], [-80.1576455, 25.7480831], [-80.1576205, 25.7480865], [-80.1576125, 25.7480948], [-80.1575992, 25.7481103], [-80.1575912, 25.7481174], [-80.1575806, 25.7481269], [-80.1575555, 25.7481399], [-80.1575199, 25.7481337], [-80.1574936, 25.7481264], [-80.1574778, 25.7481179], [-80.1574621, 25.7481107], [-80.1574463, 25.7481058], [-80.1574357, 25.7481046], [-80.1574212, 25.7481105], [-80.1574053, 25.7481211], [-80.1574012, 25.7481342], [-80.1573984, 25.7481629], [-80.1574088, 25.7481844], [-80.1574337, 25.7482108], [-80.1574336, 25.7482251], [-80.1574242, 25.7482418], [-80.1573513, 25.7482987], [-80.1573127, 25.748357], [-80.1572993, 25.7483868], [-80.1572647, 25.7484224], [-80.1572619, 25.7484462], [-80.1572749, 25.7484726], [-80.1572946, 25.7484858], [-80.1573104, 25.7484967], [-80.1573168, 25.7485122000001], [-80.1573181, 25.7485254], [-80.157314, 25.7485361], [-80.1573087, 25.7485456], [-80.1572981, 25.7485539], [-80.1572743, 25.7485562], [-80.1572625, 25.7485561], [-80.157252, 25.7485489], [-80.1572415, 25.7485404], [-80.1572297, 25.7485344], [-80.1572126, 25.7485295], [-80.1572007, 25.7485235], [-80.1571759, 25.7484875], [-80.1571642, 25.7484696], [-80.1571617, 25.7484552], [-80.1571565, 25.748442], [-80.1571526, 25.7484313], [-80.1571514, 25.7484181], [-80.1571476, 25.748399], [-80.1571477, 25.7483811], [-80.1571518, 25.7483608], [-80.1571612, 25.7483382], [-80.1571745, 25.7483168], [-80.1571825, 25.7482977], [-80.1571866, 25.7482798], [-80.1571881, 25.7482572], [-80.1571882, 25.7482452], [-80.1571777, 25.748244], [-80.1571645, 25.7482439], [-80.1571446, 25.7482569], [-80.1571034, 25.7483008], [-80.1570849, 25.7483151], [-80.1570703, 25.7483162], [-80.1570532, 25.7483101], [-80.1570362, 25.7483005], [-80.1570297, 25.7482897], [-80.1570245, 25.7482789], [-80.1570153, 25.7482729], [-80.1570008, 25.7482728], [-80.1569006, 25.7482686], [-80.1568651, 25.7482601], [-80.1567941, 25.7482203], [-80.1567586, 25.7482093], [-80.156739, 25.7481913], [-80.1567338, 25.7481745], [-80.1567182, 25.7481458], [-80.1566985, 25.7481313], [-80.1566988, 25.7480848], [-80.1566937, 25.7480645], [-80.1566898, 25.7480525], [-80.1566847, 25.7480381], [-80.1566795, 25.7480297], [-80.1566716, 25.7480189], [-80.1566638, 25.7480105], [-80.1566546, 25.7480033000001], [-80.1566362, 25.7479984], [-80.1566164, 25.7479983], [-80.156594, 25.7479982], [-80.1565795, 25.7479981], [-80.1565663, 25.747998], [-80.1565478, 25.7479979], [-80.156532, 25.7479978], [-80.1565162, 25.7479978], [-80.156503, 25.7479929], [-80.1564925, 25.7479857], [-80.1564781, 25.7479748], [-80.1564703, 25.7479688], [-80.1564375, 25.7479364], [-80.1563995, 25.7479063], [-80.156372, 25.7478751], [-80.1563616, 25.7478536], [-80.1563393, 25.7478439], [-80.156309, 25.747833], [-80.1562841, 25.7478173], [-80.1562607, 25.7477766], [-80.1562412, 25.7477383], [-80.1561743, 25.7476853], [-80.1561429, 25.7476505], [-80.156118, 25.7476229], [-80.1561076, 25.7476026000001], [-80.1561077, 25.7475918], [-80.1561091, 25.7475787], [-80.1561119, 25.7475572], [-80.1561147, 25.7475369], [-80.1561148, 25.7475226], [-80.1561083, 25.7475046], [-80.1560952, 25.7474938], [-80.1560847, 25.7474878], [-80.1560715, 25.7474877], [-80.156057, 25.7474864], [-80.1560438, 25.7474888], [-80.1560346, 25.7474935], [-80.156024, 25.7475018], [-80.156012, 25.7475148], [-80.1560053, 25.7475315], [-80.1559986, 25.7475494], [-80.1559491, 25.7476422], [-80.1559132, 25.7476862], [-80.1558973, 25.7476981], [-80.1558788, 25.7477039], [-80.1558617, 25.7477062], [-80.1558445, 25.7477073], [-80.1558195, 25.7477072], [-80.1557944, 25.7477082], [-80.1557799, 25.7477105], [-80.1557651, 25.7477439], [-80.1557558, 25.7477665], [-80.1557491, 25.7477808], [-80.1557397, 25.7477927], [-80.1557251999999, 25.7477974], [-80.155712, 25.7477985], [-80.1556949, 25.7477912], [-80.1556871, 25.7477852], [-80.1556819, 25.7477732], [-80.1556794, 25.7477565], [-80.1556702, 25.7477421], [-80.1556624, 25.7477325], [-80.1556493, 25.7477229], [-80.1556296, 25.7477084], [-80.1556164, 25.7477024], [-80.1555915, 25.7476843], [-80.1554894, 25.7475775], [-80.1554528, 25.7475331], [-80.1554096, 25.7475006], [-80.1553939, 25.7474707], [-80.1553914, 25.7474599], [-80.1553876, 25.747442], [-80.1553784, 25.7474276], [-80.1553666, 25.747418], [-80.1553482, 25.7474119], [-80.155339, 25.7474094], [-80.1553219, 25.7474058], [-80.1553127, 25.7473997], [-80.155297, 25.7473853], [-80.1552487, 25.7473218], [-80.1551991, 25.7472486], [-80.1551598, 25.7472054], [-80.1551312, 25.7471468], [-80.1550919, 25.7471083], [-80.1550816, 25.7470748], [-80.155083, 25.7470641], [-80.1550897, 25.747051], [-80.1550937, 25.7470415], [-80.1550965, 25.7470248], [-80.1550966, 25.7470080000001], [-80.1550914, 25.7469925], [-80.155081, 25.7469769], [-80.1550719, 25.7469637], [-80.1550667, 25.7469494], [-80.1550628, 25.7469374], [-80.1550563, 25.7469266], [-80.1550485, 25.7469194], [-80.1550366, 25.746911], [-80.1550262, 25.7469014], [-80.1550184, 25.7468882], [-80.1550158, 25.7468786], [-80.1550107, 25.7468571], [-80.1550029, 25.7468368], [-80.1549977, 25.746826], [-80.1549873, 25.7468104], [-80.1549559, 25.7467744], [-80.1549323, 25.746748], [-80.1549178, 25.7467443], [-80.1549008, 25.7467347], [-80.1548849, 25.7467382], [-80.1548822, 25.7467465], [-80.154895, 25.7468027], [-80.1549065, 25.7468529], [-80.1549417, 25.7469104], [-80.1549508, 25.746926], [-80.154956, 25.7469392], [-80.1549612, 25.7469535], [-80.1549651, 25.7469655], [-80.1549663, 25.7469774], [-80.1549649, 25.7469894], [-80.1549609, 25.7469989], [-80.1549503, 25.7470048], [-80.1549358, 25.7470047], [-80.1549266, 25.7470011], [-80.1549161, 25.7469951], [-80.1549016, 25.7469902], [-80.1548858, 25.7469877], [-80.1548568, 25.7469852], [-80.1548344, 25.746985], [-80.1548172, 25.7469933], [-80.1548105, 25.7470028], [-80.1548078, 25.7470159]]}, "properties": {"project": "PH7113", "date": "19751101", "kind": "Natural.Mean High Water", "source": "TP00425"}}, {"type": "Feature", "geometry": {"type": "LineString", "coordinates": [[-80.1424433, 25.7470125], [-80.1424834, 25.7469867], [-80.1425188, 25.7469464], [-80.1425351, 25.7469003], [-80.1425614, 25.7467863], [-80.1425682, 25.7467286], [-80.1425866, 25.7466131], [-80.1426409, 25.7461684], [-80.1427094, 25.7457426]]}, "properties": {"project": "PH7113", "date": "19751101", "kind": "Natural.Mean High Water", "source": "TP00425"}}, {"type": "Feature", "geometry": {"type": "LineString", "coordinates": [[-80.1626299, 25.7457836], [-80.1626463, 25.7457704], [-80.1626542, 25.7457587], [-80.1626551, 25.7457501], [-80.1626517, 25.7457392], [-80.1626449, 25.7457298], [-80.1626302, 25.7457313], [-80.1626199, 25.7457343], [-80.162606, 25.7457413], [-80.1625948, 25.7457498], [-80.1625904, 25.7457623], [-80.1625929, 25.7457755], [-80.1626143, 25.7457835], [-80.1626299, 25.7457836]]}, "properties": {"project": "PH7113", "date": "19751101", "kind": "Natural.Mean High Water", "source": "TP00425"}}, {"type": "Feature", "geometry": {"type": "LineString", "coordinates": [[-80.1427094, 25.7457426], [-80.1426266, 25.745719]]}, "properties": {"project": "PH7113", "date": "19751101", "kind": "Undetermined Alongshore Feature", "source": "TP00425"}}, {"type": "Feature", "geometry": {"type": "LineString", "coordinates": [[-80.1603032, 25.7455598], [-80.1603369, 25.7455509], [-80.1603403, 25.7455372], [-80.1603421, 25.7455281], [-80.1603389, 25.7455114], [-80.1603322, 25.7455022], [-80.1603239, 25.7454915], [-80.1603155, 25.7454839], [-80.1603055, 25.7454747], [-80.1602989, 25.745467], [-80.1602788, 25.7454578], [-80.1602637, 25.7454577], [-80.1602469, 25.7454591], [-80.1602367, 25.7454652], [-80.16023, 25.7454712], [-80.1602366, 25.7454834], [-80.1602466, 25.7454941], [-80.1602482, 25.7455032], [-80.1602498, 25.7455185], [-80.1602564, 25.7455322], [-80.1602631, 25.7455429], [-80.1602731, 25.745552], [-80.1602848, 25.7455552], [-80.1603032, 25.7455598]]}, "properties": {"project": "PH7113", "date": "19751101", "kind": "Natural.Mean High Water", "source": "TP00425"}}, {"type": "Feature", "geometry": {"type": "LineString", "coordinates": [[-80.1594760999999, 25.745388], [-80.1594906, 25.7453798], [-80.1594934, 25.7453643], [-80.1594857, 25.7453356], [-80.1594818, 25.7453224], [-80.1594792, 25.7453116], [-80.1594701, 25.7452996], [-80.1594504, 25.7452912], [-80.1594425, 25.745284], [-80.1594399, 25.7452756], [-80.15944, 25.7452648], [-80.1594374, 25.7452565], [-80.1594296, 25.7452469], [-80.1594165, 25.7452396], [-80.1594033, 25.7452348], [-80.1593875, 25.7452323], [-80.1593769, 25.745237], [-80.1593518, 25.7452548], [-80.1593434, 25.7453228], [-80.1593511, 25.7453419], [-80.1593721, 25.7453647], [-80.1594181, 25.7453853], [-80.1594444, 25.7453914], [-80.1594760999999, 25.745388]]}, "properties": {"project": "PH7113", "date": "19751101", "kind": "Natural.Mean High Water", "source": "TP00425"}}, {"type": "Feature", "geometry": {"type": "LineString", "coordinates": [[-80.1690596, 25.6816397], [-80.1688894, 25.6816471], [-80.1685442, 25.6816621], [-80.1683179, 25.6816819], [-80.1680892, 25.681706], [-80.1678396, 25.6817383], [-80.1675851, 25.6817897], [-80.1673798, 25.6818097], [-80.1672771, 25.6818218], [-80.1671698, 25.6818211], [-80.1671067, 25.6818461], [-80.1670391, 25.6818458], [-80.1670065, 25.6818371], [-80.1669763, 25.6818264], [-80.1668036, 25.6818486], [-80.1667405, 25.6818631], [-80.1667218, 25.6818841], [-80.1667077, 25.6818882], [-80.1666728, 25.6818838], [-80.1666682, 25.6818711], [-80.1666613, 25.6818584], [-80.1666498, 25.6818435], [-80.1666243, 25.6818202], [-80.1665098, 25.6818512], [-80.1663952, 25.6818991], [-80.1663043, 25.6818944], [-80.1662553, 25.6819068], [-80.1662296, 25.6819087], [-80.1662133, 25.6819065], [-80.1661738, 25.6818979], [-80.1661551, 25.6818956], [-80.1661318, 25.6818955], [-80.1661038, 25.6818975]]}, "properties": {"project": "PH7113", "date": "19751101", "kind": "Natural.Mean High Water", "source": "TP00425"}}, {"type": "Feature", "geometry": {"type": "LineString", "coordinates": [[-80.1781068, 25.6858929], [-80.1780954, 25.6858590000001], [-80.1780306, 25.6857868], [-80.1776208, 25.6860444], [-80.1772274, 25.6862936], [-80.177122, 25.6863669], [-80.1770339, 25.6862988], [-80.1768321, 25.6861435], [-80.176577, 25.6859413], [-80.1763729, 25.6857902], [-80.1761665, 25.6856284], [-80.1758302, 25.6853667], [-80.1756051999999, 25.6851964], [-80.1753478, 25.6849985], [-80.1752133, 25.6848879], [-80.1750626, 25.6847708], [-80.1747935, 25.6845623], [-80.1746335, 25.6844409], [-80.1745245, 25.6843558], [-80.1743738, 25.6842388], [-80.1742462, 25.6841366], [-80.1739702, 25.6839259], [-80.1733974, 25.6834833], [-80.173256, 25.6833684], [-80.1730264, 25.6831896], [-80.1729707, 25.6831492], [-80.172913, 25.6830622], [-80.1727328, 25.6828351], [-80.17264, 25.6827586], [-80.1724429, 25.6826074], [-80.1722365, 25.6824415], [-80.1721114, 25.6823373], [-80.1717982, 25.6821094], [-80.1715824, 25.681954], [-80.1713713, 25.6818049], [-80.1712089, 25.6816836], [-80.1711416, 25.6816494], [-80.1710927, 25.6816364], [-80.1710414, 25.6816361], [-80.1707964, 25.6816622], [-80.1705351, 25.6816903], [-80.1703578, 25.6817083], [-80.1701151, 25.6817302], [-80.1700638, 25.6817341], [-80.17001, 25.6817613], [-80.1699817, 25.6818034], [-80.1699745, 25.6818456], [-80.1699764, 25.6819005], [-80.1699854, 25.6819449], [-80.1700155, 25.6819789], [-80.1700898, 25.6820258], [-80.1702315, 25.6821005], [-80.1703593, 25.6821604], [-80.1703917, 25.6821986], [-80.1704052, 25.6822684], [-80.1704073, 25.6823022], [-80.1703406, 25.6825068], [-80.1702765, 25.6826691], [-80.1702715, 25.6827177], [-80.1702805, 25.6827621], [-80.1703246, 25.6827919], [-80.1703596, 25.6827921], [-80.1704203, 25.6827819], [-80.1704786, 25.6827801], [-80.1707442, 25.6828006], [-80.1710751, 25.6828215], [-80.1711682, 25.6828537], [-80.1712168, 25.6829068], [-80.1712372, 25.6829872], [-80.1712408, 25.6831394], [-80.1712077, 25.6832047], [-80.1711492, 25.6832445], [-80.1710628, 25.6832588], [-80.1709509, 25.6832539], [-80.1708974, 25.6832304], [-80.1708162, 25.6831771], [-80.1707305, 25.6830921], [-80.1706748, 25.6830601], [-80.1705933, 25.6830448], [-80.1705164, 25.6830402000001], [-80.1704137, 25.6830607], [-80.1702501, 25.6831126], [-80.1701541, 25.6831649], [-80.1700907, 25.68323], [-80.1699472, 25.6834236], [-80.1699023, 25.6835078], [-80.1698756, 25.6836577], [-80.169884, 25.6837866], [-80.1699207, 25.683884], [-80.1699715, 25.683954], [-80.1700341, 25.6840008], [-80.1702572, 25.6840993], [-80.1708383, 25.6843666], [-80.1710196, 25.6844437]]}, "properties": {"project": "PH7113", "date": "19751101", "kind": "Man-made", "source": "TP00425"}}, {"type": "Feature", "geometry": {"type": "LineString", "coordinates": [[-80.1588418, 25.7476921], [-80.1588644, 25.7476891], [-80.1588767, 25.7476718], [-80.1588768, 25.7476577], [-80.1588735, 25.7476387], [-80.1588666, 25.747623], [-80.1588581, 25.7476072], [-80.158853, 25.7475882], [-80.1588496, 25.7475709], [-80.1588445, 25.7475583], [-80.1588359, 25.747544], [-80.1588238, 25.7475282], [-80.1587943, 25.7475218], [-80.1587716, 25.7475327], [-80.1587612, 25.7475389], [-80.158728, 25.7475513], [-80.1587157, 25.7475733], [-80.1587139, 25.7475874], [-80.1587155, 25.7476032], [-80.1587206, 25.747619], [-80.158731, 25.7476316], [-80.1587464999999, 25.7476396], [-80.1587639, 25.7476476000001], [-80.1587777, 25.7476587], [-80.1587863, 25.7476682], [-80.1588054, 25.7476809], [-80.1588139999999, 25.7476841], [-80.1588245, 25.7476873], [-80.1588418, 25.7476921]]}, "properties": {"project": "PH7113", "date": "19751101", "kind": "Natural.Mean High Water", "source": "TP00425"}}, {"type": "Feature", "geometry": {"type": "LineString", "coordinates": [[-80.1593382, 25.74758], [-80.1593573, 25.7475723], [-80.1593644, 25.7475613], [-80.1593645, 25.7475455], [-80.1593611, 25.7475282], [-80.1593612, 25.7475124], [-80.1593615, 25.7474825], [-80.1593581, 25.7474715], [-80.1593529, 25.7474557], [-80.1593478, 25.7474415], [-80.1593392, 25.7474273], [-80.1593271, 25.7474241], [-80.1593167, 25.747424], [-80.1593027, 25.7474255], [-80.1592853, 25.7474301], [-80.1592223, 25.7474896], [-80.1592135, 25.7475037], [-80.1592134, 25.7475163], [-80.1592273, 25.7475258], [-80.1592394, 25.7475369], [-80.1592549, 25.7475449], [-80.1592792, 25.7475592], [-80.159293, 25.7475687], [-80.1593017, 25.7475735], [-80.1593137999999, 25.7475767], [-80.1593243, 25.7475784], [-80.1593382, 25.74758]]}, "properties": {"project": "PH7113", "date": "19751101", "kind": "Natural.Mean High Water", "source": "TP00425"}}, {"type": "Feature", "geometry": {"type": "LineString", "coordinates": [[-80.1456494, 25.7473543], [-80.1456167, 25.7474065]]}, "properties": {"project": "PH7113", "date": "19751101", "kind": "Pier", "source": "TP00425"}}, {"type": "Feature", "geometry": {"type": "LineString", "coordinates": [[-80.1457457, 25.7474084], [-80.1456494, 25.7473543]]}, "properties": {"project": "PH7113", "date": "19751101", "kind": "Pier", "source": "TP00425"}}, {"type": "Feature", "geometry": {"type": "LineString", "coordinates": [[-80.14567, 25.7473215], [-80.1456494, 25.7473543]]}, "properties": {"project": "PH7113", "date": "19751101", "kind": "Pier", "source": "TP00425"}}, {"type": "Feature", "geometry": {"type": "LineString", "coordinates": [[-80.1548078, 25.7470159], [-80.1548069, 25.7471461], [-80.1548027, 25.7471747], [-80.1547735, 25.7472032], [-80.1547127, 25.7472219], [-80.154706, 25.747241], [-80.1547111, 25.7472637], [-80.1547518, 25.7472854], [-80.1548833, 25.7473399], [-80.1549136, 25.7473485], [-80.1550695, 25.7474891], [-80.1550918, 25.7474964], [-80.1551867, 25.7475112], [-80.1552248, 25.7475222], [-80.1552524, 25.7475439], [-80.1552654, 25.7475619000001], [-80.1552849, 25.7476073], [-80.155311, 25.7476469], [-80.1553356, 25.7477103], [-80.1553351, 25.74777], [-80.155327, 25.7477986], [-80.1552939, 25.7478247], [-80.1552752, 25.7478497], [-80.1552751, 25.7478735], [-80.1552802, 25.7478939], [-80.1553064, 25.7479119], [-80.1553433, 25.7479253], [-80.1553972, 25.7479387], [-80.1554497, 25.7479784], [-80.1555126, 25.7480373], [-80.1555609, 25.7481009], [-80.155625, 25.7481753], [-80.1556827, 25.7482198], [-80.1556892, 25.7482341], [-80.1556891, 25.7482497], [-80.1556876, 25.7482676], [-80.1556849, 25.7482771], [-80.1556809, 25.7482902], [-80.1556768, 25.7483093], [-80.155674, 25.7483272], [-80.1556713, 25.7483391], [-80.1556712, 25.7483523], [-80.155679, 25.7483607], [-80.1556896, 25.7483619], [-80.1557001, 25.7483608], [-80.1557186, 25.7483561], [-80.1557331, 25.748355], [-80.1557608, 25.7483552], [-80.1558293, 25.7483723], [-80.1559301, 25.748466], [-80.1560307, 25.7485967], [-80.1560674, 25.7486244], [-80.156116, 25.7486569], [-80.1561593, 25.7486799], [-80.156209, 25.7487482], [-80.1562285, 25.7487817], [-80.1562795, 25.7488417], [-80.1563309, 25.7488504], [-80.1563796, 25.7488555], [-80.1564019, 25.7488687], [-80.1564294, 25.7488975], [-80.1564398, 25.7489191], [-80.1564423, 25.748937], [-80.1564435, 25.7489513], [-80.1564448, 25.7489657], [-80.1564486, 25.7489812], [-80.1564524, 25.7489968], [-80.1564576, 25.7490111], [-80.1564628, 25.7490291], [-80.1564692, 25.7490506], [-80.1564731, 25.7490649], [-80.1564809, 25.7490734], [-80.1564941, 25.7490794], [-80.1565059, 25.7490842], [-80.1565164, 25.7490915], [-80.1565374, 25.7491023], [-80.1565466, 25.7491107], [-80.1565504, 25.7491227], [-80.1565489, 25.7491514], [-80.1565474, 25.7491752], [-80.1565447, 25.7491883], [-80.1565275, 25.7492002], [-80.1564216, 25.7492521], [-80.1563424, 25.7492767], [-80.156229, 25.7492773], [-80.1561681, 25.7493008], [-80.1561431, 25.7493054], [-80.1561101, 25.7493064], [-80.156093, 25.7493039], [-80.1560693, 25.749299], [-80.1560588, 25.7492942], [-80.1560456, 25.7492846], [-80.1560325, 25.7492737], [-80.1560221, 25.7492617], [-80.1560169, 25.7492462], [-80.1560117, 25.749233], [-80.1560014, 25.7492055], [-80.155987, 25.7491935], [-80.1559725, 25.7491862], [-80.1559541, 25.7491825], [-80.1559356, 25.7491824], [-80.1559158, 25.7491835], [-80.1558695, 25.7492035], [-80.1557914, 25.7492461000001], [-80.1557834, 25.7492687], [-80.1557813, 25.7493726], [-80.15576, 25.7494035], [-80.155719, 25.7494283], [-80.1556991, 25.7494342], [-80.1556793, 25.7494377], [-80.1556384, 25.7494422], [-80.1556121, 25.749442], [-80.1555817, 25.7494454], [-80.1555646, 25.7494477], [-80.1555434, 25.7494524], [-80.1555263, 25.7494571], [-80.1555157, 25.7494642], [-80.155509, 25.7494785], [-80.1555102, 25.7494952], [-80.1555193, 25.749512], [-80.1555416, 25.7495228], [-80.1555574, 25.7495325], [-80.155577, 25.7495469], [-80.1555967, 25.7495566], [-80.1556112, 25.7495686], [-80.1556203, 25.7495866], [-80.1556228, 25.7496081], [-80.1556024, 25.7496903], [-80.155567, 25.7498525], [-80.1555517, 25.7499647], [-80.1555575, 25.7500686], [-80.1555752, 25.7501738], [-80.1555903, 25.7503791], [-80.1555886, 25.7504265], [-80.1555628, 25.7507878], [-80.15553, 25.7511109], [-80.1555168, 25.7513769], [-80.1555166, 25.7514055], [-80.1555566, 25.7515081], [-80.1555581, 25.7516145], [-80.1555295, 25.7518149], [-80.1555176, 25.7518987], [-80.155519, 25.7520318], [-80.1555314, 25.7520696], [-80.1555343, 25.7522198], [-80.155471, 25.7523606], [-80.155459, 25.7524528], [-80.1554587, 25.7524862], [-80.1554416, 25.7525118], [-80.1554189, 25.7525168], [-80.1553832, 25.7525133], [-80.1553115, 25.752446], [-80.1552846, 25.7524151], [-80.1552302, 25.7524353], [-80.1550432, 25.7525201], [-80.1548143, 25.752617], [-80.1546377, 25.7526651], [-80.1545632, 25.7526882], [-80.1543597, 25.7526656], [-80.1541271, 25.7526478], [-80.1539567, 25.7526182], [-80.1537536, 25.7525863], [-80.15369, 25.7526289], [-80.1535044, 25.7526708], [-80.1533729, 25.7527253], [-80.1532982, 25.7527535], [-80.1532616, 25.7528147], [-80.1532524, 25.7528372], [-80.1532522, 25.7528576], [-80.153261, 25.7528884], [-80.1532591, 25.7529028], [-80.1531659, 25.7529165], [-80.1530761, 25.752932], [-80.1529153, 25.7528946], [-80.1528324, 25.7529534], [-80.1527097, 25.7530366], [-80.1527005, 25.7530632], [-80.1526338, 25.7532326], [-80.1525792, 25.7532835], [-80.1525494, 25.7533406], [-80.1525196, 25.7533998], [-80.152481, 25.7534241], [-80.1524561, 25.7534342], [-80.1524537, 25.7534506], [-80.1524736, 25.75351], [-80.1524002, 25.7536631], [-80.1523351, 25.753763], [-80.1523028, 25.7538569], [-80.1523044, 25.7539572], [-80.1523011, 25.7541004], [-80.1522441, 25.7541656], [-80.1522256, 25.7542248], [-80.1521979, 25.7543127], [-80.1521864, 25.7543351], [-80.1520792, 25.7544757], [-80.1520496, 25.7545124], [-80.1519069, 25.7545586], [-80.1518377, 25.7545909], [-80.151717, 25.7547273], [-80.1516088, 25.7550091], [-80.1515651, 25.7551132], [-80.1515287, 25.7551539], [-80.1515159, 25.7551698], [-80.1515033, 25.7551778], [-80.1514787999999, 25.7551803], [-80.1514494, 25.7551801], [-80.1513997, 25.7551839], [-80.1513407, 25.7552122], [-80.1512998, 25.7552427], [-80.1512132, 25.7553424], [-80.1511403, 25.75543], [-80.1511356, 25.7554504], [-80.1511757, 25.7555022], [-80.1511544, 25.7555181], [-80.1511224, 25.7555609], [-80.1510951, 25.7555914], [-80.1510499, 25.7555891], [-80.1510272, 25.7555992], [-80.1509949, 25.7556911], [-80.1509562, 25.755742], [-80.1509014, 25.7558154], [-80.1509437, 25.7559098], [-80.150948, 25.7559364], [-80.1509226, 25.7560079], [-80.150909, 25.756016], [-80.1508705, 25.756026], [-80.1508548, 25.7560157], [-80.1508368, 25.7559971], [-80.150772, 25.7558985], [-80.1507109, 25.7559166], [-80.1506973, 25.7559165], [-80.1506323999999, 25.7558261], [-80.1506007999999, 25.7558239], [-80.1505827, 25.7558319], [-80.1505735, 25.7558523], [-80.1505595, 25.7559034], [-80.1506107, 25.7560142], [-80.1506441, 25.7560963], [-80.1506685, 25.7561558], [-80.1506534, 25.7562109], [-80.1506075, 25.756313], [-80.1505394, 25.7563597], [-80.1504867, 25.7564535], [-80.1504706, 25.7564923], [-80.150475, 25.7565087], [-80.1504975, 25.7565211], [-80.1505269, 25.7565274], [-80.1505426, 25.7565377], [-80.1505583, 25.7565562], [-80.150551, 25.756634], [-80.1505414, 25.7567137], [-80.1505229, 25.7567729], [-80.1504583, 25.7569527], [-80.1504488, 25.7570136000001], [-80.1503885, 25.757073], [-80.1502928, 25.7571829], [-80.1501111, 25.757321], [-80.1499838, 25.7574247], [-80.1498565, 25.7575303], [-80.1498155, 25.7575731], [-80.1497995, 25.7575996], [-80.1498016, 25.757618], [-80.1498059, 25.7576446], [-80.149808, 25.7576774], [-80.1498032, 25.7577162], [-80.1497938, 25.7577592], [-80.1496725, 25.7578199], [-80.1495186, 25.7578517], [-80.1494124, 25.7578531], [-80.1493108, 25.7578341], [-80.1490876, 25.7577673], [-80.1489864, 25.7576992], [-80.1488927, 25.757616], [-80.1487042, 25.7573548], [-80.1486286, 25.7572312], [-80.1485534, 25.7570435], [-80.1483208, 25.7564892], [-80.1482342, 25.7563143], [-80.1480525, 25.7559771], [-80.1479485999999, 25.7558482], [-80.1478385, 25.7557886], [-80.1477112, 25.7557647], [-80.1475923, 25.7557589], [-80.1473498, 25.755787], [-80.1471232, 25.7557882], [-80.1469803, 25.7557605], [-80.1468167, 25.7556543], [-80.1465327, 25.7553627], [-80.1464674, 25.7551815], [-80.1463507, 25.7548601], [-80.1463582, 25.7544125], [-80.1463956, 25.7537366], [-80.1463793, 25.7530426], [-80.1463231, 25.7523765], [-80.1462617, 25.7518579], [-80.1462018, 25.7517074], [-80.1461241, 25.7514812], [-80.1460328, 25.7511779], [-80.1459878, 25.7511289], [-80.1459486, 25.7510774], [-80.1458815, 25.7509436], [-80.1458313, 25.7508407], [-80.1456739, 25.750655], [-80.145519, 25.7505335], [-80.1454286, 25.7505022], [-80.1453127, 25.750463], [-80.1452109, 25.7504342], [-80.1451062, 25.7504182], [-80.1449957, 25.7504227], [-80.1449503, 25.7504353], [-80.1449019, 25.7504606], [-80.1448562, 25.7505219], [-80.1448331, 25.7505808], [-80.1447874999999, 25.7506216], [-80.1447505, 25.7506419], [-80.1447166, 25.7506263], [-80.1446914, 25.7505877], [-80.1446354, 25.7505001], [-80.1445702, 25.7503798], [-80.1445188, 25.7503099], [-80.1444653, 25.7502171], [-80.1444148, 25.7501373], [-80.1443484, 25.750056], [-80.1442916, 25.7499589], [-80.1442744, 25.7499184], [-80.1442588, 25.7498619], [-80.1442368, 25.7498228], [-80.1442502, 25.7497304], [-80.144283, 25.7496107], [-80.1443398, 25.7494737], [-80.144406, 25.749373], [-80.1444561, 25.7492808], [-80.1445236, 25.7492133], [-80.1445784, 25.7491443], [-80.14467, 25.7490509], [-80.1447278, 25.7489963], [-80.1447809, 25.7489388], [-80.1448356, 25.7488712], [-80.1448695, 25.7488223], [-80.1449323, 25.7487374], [-80.1449903, 25.7486525], [-80.1450418, 25.7485907], [-80.1450965, 25.7485318], [-80.1451222, 25.7485074000001], [-80.1451351, 25.7484932], [-80.1451391, 25.7484821], [-80.145146, 25.748469], [-80.1451528, 25.748462], [-80.1451995, 25.7484052], [-80.1452478, 25.7483506], [-80.1452817, 25.7483002], [-80.1453139, 25.7482542], [-80.1453333, 25.7482167], [-80.1453528, 25.7481648], [-80.1453675, 25.7481245], [-80.1453932, 25.7480914], [-80.1454287, 25.748041], [-80.1454464, 25.7480166], [-80.1454738, 25.7479748], [-80.1454933, 25.7479359], [-80.1455015, 25.7479042000001], [-80.1455114, 25.7478609], [-80.1455242, 25.7478437], [-80.1455485, 25.7477961], [-80.1455662, 25.7477803], [-80.1455872, 25.74774], [-80.1456033, 25.7477199], [-80.1456259, 25.7476781], [-80.1456484, 25.7476566], [-80.1456596, 25.7476494], [-80.1456645, 25.7476393], [-80.145663, 25.7476307], [-80.1456632, 25.747596], [-80.1456683, 25.7475498], [-80.1456781, 25.7475166], [-80.1456991, 25.7474821], [-80.1457314, 25.7474317], [-80.1457457, 25.7474084]]}, "properties": {"project": "PH7113", "date": "19751101", "kind": "Natural.Mean High Water", "source": "TP00425"}}, {"type": "Feature", "geometry": {"type": "LineString", "coordinates": [[-80.1629664, 25.7161021], [-80.1629874, 25.7161023], [-80.1629875, 25.7160854], [-80.162969, 25.7160641], [-80.1629458, 25.7160513], [-80.1629365, 25.7160386], [-80.1629204, 25.7160153], [-80.1629158, 25.7159962], [-80.162916, 25.7159814], [-80.1629137, 25.7159645], [-80.1629068, 25.7159582], [-80.1628858, 25.7159559], [-80.1628741, 25.7159685], [-80.162867, 25.715979], [-80.1628389, 25.7159937], [-80.1628155, 25.7160062], [-80.1628037999999, 25.7160167], [-80.1627989999999, 25.7160294], [-80.1627942, 25.7160483], [-80.1627941, 25.7160631], [-80.162794, 25.71608], [-80.1628055, 25.7160949], [-80.1628288, 25.7160992], [-80.1628429, 25.7160951], [-80.1628546, 25.7160804], [-80.1628664, 25.7160678], [-80.1628851, 25.7160573], [-80.1629038, 25.7160574], [-80.1629177, 25.7160617], [-80.1629316, 25.7160766], [-80.1629432, 25.7160915], [-80.1629664, 25.7161021]]}, "properties": {"project": "PH7113", "date": "19751101", "kind": "Natural.Mean High Water", "source": "TP00425"}}, {"type": "Feature", "geometry": {"type": "LineString", "coordinates": [[-80.1603059, 25.7466335], [-80.1603342, 25.7466099], [-80.1603399, 25.7465946], [-80.16034, 25.7465827], [-80.1603344, 25.7465708], [-80.1603308, 25.7465555], [-80.1603271, 25.7465419], [-80.1603253, 25.74653], [-80.1603217, 25.7465113], [-80.1603125, 25.7464942], [-80.160305, 25.7464823], [-80.1602901, 25.7464788], [-80.1602713, 25.746477], [-80.1602525, 25.7464837], [-80.1602393, 25.7464887], [-80.160215, 25.7464869], [-80.1601962, 25.7464783], [-80.1601776, 25.746468], [-80.1601626, 25.7464611], [-80.1601495, 25.746461], [-80.1601288, 25.7464575], [-80.1601138, 25.7464591], [-80.160095, 25.7464641], [-80.1600856, 25.7464708], [-80.1600818, 25.746481], [-80.1600798, 25.7464963], [-80.1600835, 25.7465099], [-80.1600777, 25.7465252], [-80.1600702, 25.7465302], [-80.1600719, 25.7465472], [-80.1600831, 25.7465575], [-80.1600962, 25.7465677], [-80.1601112, 25.7465712], [-80.1601393, 25.7465748], [-80.1601636, 25.7465783], [-80.1601917, 25.7465887], [-80.1602179, 25.7466007], [-80.1602683999999, 25.7466299], [-80.1603059, 25.7466335]]}, "properties": {"project": "PH7113", "date": "19751101", "kind": "Natural.Mean High Water", "source": "TP00425"}}, {"type": "Feature", "geometry": {"type": "LineString", "coordinates": [[-80.1604622, 25.746541], [-80.1604829, 25.7465309], [-80.1604868, 25.7465173000001], [-80.1604776, 25.7464952], [-80.1604701, 25.7464832], [-80.1604683, 25.746473], [-80.1604684, 25.7464645], [-80.1604665999999, 25.746456], [-80.1604573, 25.7464475], [-80.1604498, 25.7464423], [-80.1604404, 25.7464423], [-80.1604235, 25.7464524], [-80.1604159, 25.7464608], [-80.1604102, 25.746471], [-80.1604081999999, 25.7464812], [-80.1604063, 25.7464914], [-80.1604062, 25.7465033], [-80.1604117, 25.7465169], [-80.1604192, 25.7465271], [-80.1604266, 25.746534], [-80.1604416, 25.7465358], [-80.1604622, 25.746541]]}, "properties": {"project": "PH7113", "date": "19751101", "kind": "Natural.Mean High Water", "source": "TP00425"}}, {"type": "Feature", "geometry": {"type": "LineString", "coordinates": [[-80.1717843, 25.7503782], [-80.1718677, 25.7504284], [-80.171916, 25.7504628], [-80.1720168, 25.7504992], [-80.1721132, 25.7505236], [-80.1721919, 25.7505877], [-80.1722875, 25.7507354], [-80.1724181, 25.7509072], [-80.1728068, 25.7512317], [-80.1728895, 25.7513435], [-80.1728279, 25.751363], [-80.1727181, 25.7513545], [-80.1725515, 25.7513098], [-80.1723631, 25.7512331], [-80.1717862, 25.7508042], [-80.1713412, 25.7503782], [-80.1712603, 25.7503204], [-80.171187, 25.7502459], [-80.1710478, 25.7501591], [-80.1709639, 25.7500894], [-80.1707466, 25.7498708], [-80.1706314, 25.7497507], [-80.1705606, 25.7496906], [-80.1704138, 25.7495727], [-80.1702355, 25.7494188], [-80.1700808, 25.7492937], [-80.1700256, 25.7492623], [-80.1697398, 25.7490338], [-80.1694486, 25.7488244], [-80.169349, 25.7487402], [-80.1692441, 25.7486441], [-80.1691443, 25.7485957], [-80.1690181, 25.7485473], [-80.1689285, 25.7485348], [-80.1687544, 25.7485386], [-80.1686223, 25.7485713], [-80.1685485, 25.7485732], [-80.1684982, 25.7486016], [-80.1684455, 25.7486013], [-80.1684113, 25.7485915], [-80.1683718, 25.7485841], [-80.1683454, 25.7485816], [-80.1683191, 25.7485767], [-80.1682795, 25.7485741], [-80.1682584, 25.7485739], [-80.1682347, 25.748569], [-80.168211, 25.7485641], [-80.16819, 25.7485568], [-80.1681795, 25.7485472], [-80.1681717, 25.7485329], [-80.1681692, 25.7485161], [-80.1681693, 25.7484946], [-80.1681589, 25.7484802], [-80.1681405, 25.7484682], [-80.1681221, 25.7484562], [-80.1681116, 25.7484489], [-80.1680986, 25.7484321], [-80.1680882, 25.7484082], [-80.1680805, 25.7483819], [-80.1680674, 25.7483579], [-80.1680491, 25.7483363], [-80.1680466, 25.7483172], [-80.1680468, 25.7482933], [-80.1680496, 25.7482766], [-80.1680524, 25.7482456], [-80.1680526, 25.7482217], [-80.1680448, 25.7482026], [-80.1680264, 25.7481881], [-80.1680133, 25.7481785], [-80.1680029, 25.7481641], [-80.1679951, 25.7481426], [-80.1679926, 25.7481235], [-80.1679848, 25.7481067000001], [-80.1679718, 25.7480899], [-80.167956, 25.7480827], [-80.1679428, 25.7480754], [-80.167935, 25.7480658], [-80.1679298, 25.7480586], [-80.1679351, 25.7480491], [-80.1679562, 25.7480469], [-80.1679721, 25.7480398], [-80.1679722, 25.7480231], [-80.1679618, 25.7480111], [-80.1679329, 25.747987], [-80.1677832, 25.7479026], [-80.1677437, 25.7479024], [-80.167675, 25.7479163], [-80.1676168, 25.7479398], [-80.1674718, 25.7479366], [-80.1673242, 25.7479286], [-80.1672979, 25.7479237], [-80.1672821, 25.7479093], [-80.1672743, 25.7478949], [-80.1672692, 25.7478805], [-80.167264, 25.747859], [-80.1672563, 25.7478399], [-80.1672327, 25.7478159], [-80.1672196, 25.7478038], [-80.1672039, 25.7477918], [-80.1671934, 25.7477822], [-80.1671803, 25.747763], [-80.1671778, 25.7477463], [-80.167178, 25.7477224], [-80.1671756, 25.7476914], [-80.167173, 25.7476722], [-80.1671759, 25.7476436], [-80.1671813, 25.7476174], [-80.1671922, 25.7475792], [-80.1672107, 25.7475674], [-80.1672319, 25.7475484], [-80.1672373, 25.7475293], [-80.1672375, 25.7475054], [-80.1672271, 25.7474887], [-80.1672245, 25.7474767], [-80.167222, 25.7474648], [-80.1672326, 25.7474457], [-80.1672433, 25.7474291], [-80.167254, 25.7474148], [-80.16727, 25.7473886], [-80.1672806, 25.747372], [-80.1672861, 25.7473457], [-80.1672862, 25.747329], [-80.1672811, 25.7472979], [-80.1672679, 25.7472979], [-80.1672416, 25.7472953], [-80.1671703, 25.7473045], [-80.1670942, 25.7472634], [-80.1670574, 25.7472369], [-80.1670576, 25.7472178], [-80.1670682, 25.7472036], [-80.1670841, 25.7471893], [-80.1670922, 25.7471703000001], [-80.1670949, 25.7471512], [-80.1670927, 25.7470986], [-80.1670615, 25.747034], [-80.1670301, 25.7469908], [-80.166996, 25.7469739], [-80.1669196, 25.7469615], [-80.1668379, 25.7469515], [-80.1667745, 25.7469631], [-80.166743, 25.7469534], [-80.1667431, 25.746939], [-80.1667511, 25.7469176], [-80.1667539, 25.7468937], [-80.1667541, 25.7468698], [-80.1667516, 25.7468531], [-80.1667517, 25.7468364], [-80.1667571, 25.7468221], [-80.1667809, 25.7468031], [-80.1667969, 25.7467841], [-80.1668181, 25.7467651], [-80.1668288, 25.7467413], [-80.1668343, 25.7467151], [-80.1668345, 25.746684], [-80.1668267, 25.7466673], [-80.1668189, 25.7466529], [-80.1668084, 25.7466433], [-80.16679, 25.7466408], [-80.1667715, 25.7466431], [-80.1667609, 25.746655], [-80.1667503, 25.7466645], [-80.1667396, 25.7466763], [-80.1667237, 25.7466930000001], [-80.1667025, 25.7467048], [-80.1666813, 25.7467142], [-80.1666549, 25.7467188], [-80.1666259, 25.7467234], [-80.1665943, 25.7467233], [-80.16656, 25.7467207], [-80.1665284, 25.7467157], [-80.1664889, 25.7467083], [-80.16646, 25.7466962], [-80.1664311, 25.746677], [-80.1664102, 25.7466553], [-80.166363, 25.7466097], [-80.1663499, 25.7465929], [-80.1663369, 25.7465737], [-80.1663211, 25.7465641], [-80.1663053, 25.7465616], [-80.1662816, 25.7465662], [-80.166271, 25.7465757000001], [-80.1662629, 25.74659], [-80.1662576, 25.7466043], [-80.1662521, 25.7466282], [-80.1662545, 25.7466616], [-80.1662649, 25.7466832], [-80.166278, 25.7466976], [-80.1662885, 25.746712], [-80.166291, 25.7467263], [-80.1662909, 25.7467406], [-80.166288, 25.7467717], [-80.1662827, 25.7467836], [-80.1662825, 25.7468051], [-80.1662825, 25.746817], [-80.1662823, 25.7468457], [-80.1662716, 25.7468671], [-80.1662636, 25.746879], [-80.1662503, 25.7468956], [-80.1662397, 25.7469027], [-80.1662291, 25.7469122], [-80.1661974, 25.7469168], [-80.1661816, 25.7469143], [-80.1661314, 25.746926], [-80.1660997, 25.7469354], [-80.1660732, 25.7469471], [-80.1660495, 25.7469494], [-80.1659782999999, 25.7469514], [-80.1659545, 25.7469512], [-80.1659176, 25.7469486], [-80.1658912, 25.7469556], [-80.1658700999999, 25.7469579], [-80.1658384, 25.7469625], [-80.1658067, 25.7469695], [-80.1657803, 25.7469765], [-80.1657645, 25.7469788], [-80.165754, 25.7469764], [-80.165754, 25.7469668], [-80.1657594, 25.7469549], [-80.1657911, 25.7469384], [-80.165807, 25.7469289], [-80.1658336, 25.7469028], [-80.1658416, 25.7468861], [-80.1658523, 25.7468599], [-80.1658551, 25.746836], [-80.1658553, 25.7468145], [-80.1658422, 25.7468001], [-80.1658264, 25.7467929], [-80.1658001, 25.7467904], [-80.1657711, 25.7467902], [-80.1657368, 25.7467948], [-80.1657024, 25.7468113], [-80.1656865, 25.7468255], [-80.1656705, 25.7468398], [-80.1656519, 25.7468588], [-80.1656308, 25.7468706], [-80.16557, 25.7468822], [-80.1655305, 25.7468819], [-80.1654724, 25.7468864000001], [-80.1654513, 25.7468863], [-80.1653645, 25.7468595], [-80.1653066, 25.7468424], [-80.1652513, 25.7468326], [-80.1652223, 25.7468324], [-80.1652012, 25.7468323], [-80.1651775, 25.7468322], [-80.1651669, 25.7468393], [-80.1651641, 25.746856], [-80.1651798, 25.7468752], [-80.1651824, 25.7468871], [-80.1651586, 25.7468989], [-80.1651454, 25.7469012], [-80.1651032, 25.746901], [-80.1650795, 25.7468985], [-80.1650504999999, 25.7468887], [-80.1650268, 25.7468791], [-80.1650111, 25.746867], [-80.1649901, 25.7468574], [-80.1649532, 25.74685], [-80.1649269, 25.7468474], [-80.1648874, 25.7468353], [-80.1648611, 25.7468208], [-80.1648428, 25.7468064], [-80.1648218, 25.7467847], [-80.1648009, 25.746756], [-80.1647932, 25.7467344], [-80.1647828, 25.7467081], [-80.1647777, 25.7466794], [-80.1647753, 25.7466531], [-80.1647781, 25.7466269], [-80.1647887, 25.746615], [-80.1648178, 25.7466128], [-80.1648387, 25.746632], [-80.1648544, 25.7466512], [-80.1648754, 25.7466657], [-80.1648913, 25.7466562], [-80.164902, 25.7466276], [-80.1649049, 25.7466013], [-80.1649076, 25.7465823], [-80.1649026, 25.7465464], [-80.1648869, 25.7465296], [-80.1648607, 25.7465103], [-80.1648238, 25.746503], [-80.1648003, 25.7464718], [-80.1648246, 25.7463883], [-80.1648249, 25.7463501], [-80.164825, 25.7463358], [-80.1648092, 25.7463333], [-80.164796, 25.7463309], [-80.1647457, 25.7463545], [-80.1646506, 25.7463897], [-80.1643753, 25.7465362], [-80.1643013, 25.7465549], [-80.1641405, 25.7465444], [-80.1640167, 25.7465365], [-80.1638771, 25.7465047], [-80.163806, 25.7464924], [-80.1637272, 25.7464513], [-80.1636118, 25.7463575]]}, "properties": {"project": "PH7113", "date": "19751101", "kind": "Natural.Mean High Water", "source": "TP00425"}}, {"type": "Feature", "geometry": {"type": "LineString", "coordinates": [[-80.1790247, 25.746257], [-80.1789652, 25.746336], [-80.1788973, 25.7463356], [-80.1788258, 25.7463352], [-80.1787256, 25.7463508]]}, "properties": {"project": "PH7113", "date": "19751101", "kind": "Man-made", "source": "TP00425"}}, {"type": "Feature", "geometry": {"type": "LineString", "coordinates": [[-80.1790247, 25.746257], [-80.1790364, 25.7461195]]}, "properties": {"project": "PH7113", "date": "19751101", "kind": "Undetermined.Approximate", "source": "TP00425"}}, {"type": "Feature", "geometry": {"type": "LineString", "coordinates": [[-80.2010335, 25.7472557], [-80.2009403, 25.7472552], [-80.2008294, 25.7472536], [-80.2007684, 25.7472462], [-80.2007108, 25.7472348], [-80.2006787, 25.7472276], [-80.2006367, 25.7472103], [-80.2005825, 25.7471819], [-80.2004598, 25.7471169], [-80.2003924, 25.7470884], [-80.2003182, 25.7470609], [-80.2002585, 25.7470415], [-80.2002075, 25.7470311], [-80.200151, 25.7470228], [-80.2000379, 25.7470151], [-80.1999603, 25.7470077], [-80.1998872, 25.7469962], [-80.1997703, 25.7469931], [-80.1996366, 25.7469501], [-80.1994878, 25.746903], [-80.1993052, 25.7468662], [-80.1991199, 25.7468202], [-80.1990279, 25.7467985], [-80.1988848, 25.7467725], [-80.1987767, 25.7467574], [-80.1986015, 25.7467286], [-80.1984627, 25.7467053], [-80.1983721, 25.7466942], [-80.1982539, 25.7466618], [-80.1980818, 25.7466092], [-80.1979986, 25.7465783], [-80.1979155, 25.746554], [-80.1977972, 25.7465308], [-80.197711, 25.7465251], [-80.1975209, 25.746528], [-80.1973659, 25.7465324], [-80.1972826, 25.7465174], [-80.1970899, 25.7464766000001], [-80.1968151, 25.7464751], [-80.1962873, 25.7464748], [-80.1962259, 25.7464679], [-80.1959891, 25.7464652], [-80.1959379, 25.7464689], [-80.1957346, 25.7464704], [-80.195663, 25.7464727], [-80.1955327, 25.7464945], [-80.1953075, 25.7465012], [-80.1952359, 25.7464981], [-80.1951818, 25.7464925], [-80.1951088, 25.7464828], [-80.1949745, 25.746453], [-80.1949146, 25.7464487], [-80.194802, 25.7464533], [-80.1947083, 25.7464687], [-80.1944015, 25.7464728], [-80.1942673, 25.7464737], [-80.1941749, 25.7464765], [-80.1940263, 25.7464756], [-80.1939356, 25.7464735], [-80.1938179, 25.7464646], [-80.1937472, 25.7464593], [-80.1936059, 25.7464552], [-80.1935406, 25.7464598], [-80.1934591, 25.7464593], [-80.1933196, 25.7464438], [-80.1932526, 25.7464401], [-80.1931365, 25.746446], [-80.1930567, 25.7464522], [-80.1929988, 25.7464486], [-80.1929281, 25.74644], [-80.1928467, 25.7464198], [-80.1927399, 25.7464044], [-80.1926131, 25.7463939], [-80.1924427, 25.7463929], [-80.1922651, 25.7463968], [-80.1920946, 25.7464139000001], [-80.1919458, 25.7464295], [-80.1917771, 25.7464548], [-80.191514, 25.7465009], [-80.1914251, 25.746507], [-80.1913109, 25.7465064], [-80.1912476, 25.746488], [-80.191159, 25.7464546], [-80.1911283, 25.7464479], [-80.1910449, 25.7464474], [-80.1908654, 25.7464579], [-80.1907766, 25.7464492], [-80.1905231, 25.7464133], [-80.1904779, 25.7464064], [-80.1903129, 25.7464137], [-80.1901498, 25.7464095], [-80.1899559, 25.7464051], [-80.1898835, 25.7463899], [-80.1897369, 25.7463579], [-80.1895939, 25.7463259], [-80.1894909, 25.7462925], [-80.1893987, 25.7462493], [-80.1893266, 25.7461931], [-80.1893087, 25.7461618], [-80.1893001, 25.7460961]]}, "properties": {"project": "PH7113", "date": "19751101", "kind": "Natural.Mean High Water", "source": "TP00425"}}, {"type": "Feature", "geometry": {"type": "LineString", "coordinates": [[-80.1893001, 25.7460961], [-80.1893263, 25.7459665]]}, "properties": {"project": "PH7113", "date": "19751101", "kind": "Undetermined.Approximate", "source": "TP00425"}}, {"type": "Feature", "geometry": {"type": "LineString", "coordinates": [[-80.161263, 25.6833084], [-80.1612687, 25.6829512], [-80.1612797, 25.6829089], [-80.1613122, 25.6828863], [-80.1613536, 25.6828801], [-80.1614722, 25.6828677], [-80.1616806, 25.6828494], [-80.1618567, 25.6828341], [-80.1620616, 25.6828125], [-80.162421, 25.6827804], [-80.1628955, 25.6827262], [-80.1631794, 25.6827001], [-80.163325, 25.6826847], [-80.1635101, 25.6826695], [-80.1637078, 25.6826478], [-80.1641642, 25.6826033], [-80.1644302, 25.6825739], [-80.1646387, 25.6825539], [-80.1648687, 25.6825292], [-80.1649316, 25.6825263], [-80.16498, 25.6825315], [-80.1650481, 25.6825497], [-80.1651036, 25.6825745], [-80.1651697, 25.6826285], [-80.1652392, 25.6827103], [-80.1652533, 25.6827397], [-80.1653105, 25.6830345], [-80.1653523, 25.6832268], [-80.1653923, 25.6834207], [-80.1653882, 25.6834809], [-80.1653518, 25.6835522], [-80.1652849, 25.6836251], [-80.1651515, 25.6836976], [-80.1646773, 25.6837014], [-80.1644402, 25.6837065], [-80.1642661, 25.6837055], [-80.1640774, 25.6837126], [-80.1639786, 25.6837169], [-80.1636392, 25.6837214], [-80.1635584, 25.683721], [-80.1633967, 25.6837233], [-80.1631991, 25.6837319], [-80.1630267, 25.6837326], [-80.1629889, 25.6837405], [-80.1629116, 25.6837563], [-80.162685, 25.6837973], [-80.1625502, 25.6838128], [-80.1623526, 25.683828], [-80.1621173, 25.6838364], [-80.1618873, 25.6838465], [-80.1617508, 25.6838489], [-80.1616664, 25.6838468], [-80.1615983, 25.6838302], [-80.161532, 25.683807], [-80.1614874, 25.6837742], [-80.1614088, 25.6837119], [-80.1613627, 25.6836319], [-80.1613059, 25.6835115]]}, "properties": {"project": "PH7113", "date": "19751101", "kind": "Man-made", "source": "TP00425"}}, {"type": "Feature", "geometry": {"type": "LineString", "coordinates": [[-80.1425093, 25.7495499], [-80.1423848, 25.7495608], [-80.1422826, 25.7495703]]}, "properties": {"project": "PH7113", "date": "19751101", "kind": "Pier", "source": "TP00425"}}, {"type": "Feature", "geometry": {"type": "LineString", "coordinates": [[-80.1745067, 25.7496994], [-80.1742893, 25.7498556], [-80.1741378, 25.7499882], [-80.1740548, 25.7500281], [-80.1739836, 25.7500421], [-80.1739285, 25.7500408], [-80.1739052, 25.7500368], [-80.1738862, 25.7500271], [-80.1738725, 25.7500184], [-80.1738641, 25.7500087], [-80.1738567, 25.7499981], [-80.1738547, 25.7499827], [-80.173854, 25.7499347], [-80.1738606, 25.7498944], [-80.1739013, 25.7498399], [-80.1739642, 25.7497865], [-80.1740536, 25.7497351], [-80.1741006, 25.7496922], [-80.1741626, 25.7496147], [-80.1742427, 25.7495393], [-80.1742471, 25.7495202], [-80.1742493, 25.7495058], [-80.1742847, 25.7494493], [-80.174321, 25.7494063], [-80.1743657, 25.7493797], [-80.1744145, 25.749378], [-80.1744814, 25.7493736], [-80.1745227, 25.7493777], [-80.1745418, 25.7493807], [-80.1745555, 25.7493885], [-80.1745735, 25.7493982], [-80.174585, 25.7494117], [-80.1745987, 25.7494329], [-80.1746059, 25.749456], [-80.1746079, 25.7494762], [-80.1746099, 25.7494896], [-80.1746087, 25.7495127], [-80.1746044, 25.7495309], [-80.1745776, 25.7495711], [-80.1745476, 25.7496074], [-80.1745293, 25.7496447], [-80.1745239, 25.7496639], [-80.1745227, 25.7496783], [-80.1745067, 25.7496994]]}, "properties": {"project": "PH7113", "date": "19751101", "kind": "Natural.Mean High Water", "source": "TP00425"}}, {"type": "Feature", "geometry": {"type": "LineString", "coordinates": [[-80.1598443, 25.7238105], [-80.1598584, 25.723839], [-80.1598811, 25.7238598], [-80.1599009, 25.7238806], [-80.1599349, 25.723917], [-80.1599776, 25.7239431], [-80.1600003, 25.7239562], [-80.1600172, 25.7239899], [-80.1600341, 25.724034], [-80.1601016, 25.7241766], [-80.1600985, 25.7242128], [-80.1600895, 25.7242722], [-80.1600856, 25.7244222], [-80.1601024, 25.7244611], [-80.1600385, 25.7246211], [-80.1599892, 25.7247243], [-80.1599631, 25.7247862], [-80.1599056, 25.7248376], [-80.1598341, 25.7248604], [-80.1598281, 25.7249044], [-80.1598445, 25.7250053], [-80.1597667, 25.7251083], [-80.1597122, 25.7251365], [-80.1596808, 25.7251363], [-80.159658, 25.7251361], [-80.1596437, 25.7251387], [-80.1596322, 25.7251438], [-80.1596178, 25.7251592], [-80.1596121, 25.7251695], [-80.1596034, 25.7251798], [-80.1595663, 25.7251848], [-80.1595607, 25.7251666], [-80.1595322, 25.7251639], [-80.1594658, 25.725254], [-80.1594055, 25.725308], [-80.159371, 25.725344], [-80.1593539, 25.7253387], [-80.1593511, 25.7253283], [-80.1593598, 25.7253103], [-80.1593656, 25.7252948], [-80.1593658, 25.7252767], [-80.1593659, 25.725256], [-80.159366, 25.7252405], [-80.1593662, 25.7252121]]}, "properties": {"project": "PH7113", "date": "19751101", "kind": "Natural.Mean High Water", "source": "TP00425"}}, {"type": "Feature", "geometry": {"type": "LineString", "coordinates": [[-80.1550556, 25.7236532], [-80.1551514, 25.7237492], [-80.1552793, 25.7237398], [-80.1554197, 25.7238727], [-80.1553317, 25.7239474], [-80.1553629, 25.7239760000001], [-80.1554599, 25.7238994000001], [-80.1554912, 25.7239239], [-80.1557519, 25.7241713], [-80.1557857, 25.7241471], [-80.1558083, 25.724129], [-80.1558397, 25.7241251], [-80.1558913, 25.7241254], [-80.1559181, 25.7241398], [-80.1559331, 25.7242435], [-80.1559261, 25.724278], [-80.1559101, 25.7243226000001], [-80.1560973, 25.7245046], [-80.1555462, 25.7250257]]}, "properties": {"project": "PH7113", "date": "19751101", "kind": "Man-made", "source": "TP00425"}}, {"type": "Feature", "geometry": {"type": "LineString", "coordinates": [[-80.1551572, 25.7235562], [-80.1550556, 25.7236532]]}, "properties": {"project": "PH7113", "date": "19751101", "kind": "Pier", "source": "TP00425"}}, {"type": "Feature", "geometry": {"type": "LineString", "coordinates": [[-80.1598443, 25.7238105], [-80.1598081, 25.7237955], [-80.1597602, 25.7237952], [-80.1596965, 25.7237611], [-80.1596489, 25.7237125], [-80.1596545, 25.7236788], [-80.1595826, 25.7236712], [-80.1595322, 25.7236516], [-80.1594607, 25.7235885], [-80.1593945, 25.7235423], [-80.1593204, 25.7234815], [-80.159302, 25.7234453], [-80.1592781, 25.7234307], [-80.1592593, 25.7234571], [-80.1592694, 25.7235439], [-80.1592713, 25.7236428000001], [-80.1592677, 25.7237803], [-80.1592908, 25.7239034], [-80.159335, 25.7240484], [-80.159387, 25.7242368], [-80.1594018, 25.7243936], [-80.1594191, 25.7245843], [-80.1594123, 25.7247989], [-80.1593918, 25.725064], [-80.1593662, 25.7252121]]}, "properties": {"project": "PH7113", "date": "19751101", "kind": "Natural.Apparent.Mangrove Or Cypress", "source": "TP00425"}}, {"type": "Feature", "geometry": {"type": "LineString", "coordinates": [[-80.1674127, 25.6851183], [-80.1674765, 25.6850772], [-80.1676021, 25.6850072], [-80.1677798, 25.6849214], [-80.1677738, 25.6848536], [-80.1677645, 25.6847858], [-80.1677117999999, 25.6846545], [-80.1676397, 25.6845113], [-80.167556, 25.6843886], [-80.1674786, 25.6843072], [-80.1673932, 25.6842007], [-80.1672644, 25.684038], [-80.1671629, 25.6839152], [-80.1670583, 25.6837704], [-80.1670003999999, 25.6836758], [-80.166933, 25.6835517], [-80.1668977, 25.6834868], [-80.166861, 25.6834012], [-80.1668227, 25.6833038], [-80.1668035, 25.6832551], [-80.1667523, 25.6831341], [-80.1667111, 25.6829866], [-80.1666527, 25.6827507], [-80.1665972, 25.6825472], [-80.1665668, 25.6824793], [-80.1665217, 25.6824231], [-80.16647, 25.682386], [-80.1664294, 25.6823755], [-80.166301, 25.6823806], [-80.1659515, 25.6824095], [-80.1657189, 25.682445], [-80.1656618, 25.6824756], [-80.1656127, 25.6825239], [-80.1655879, 25.6825856], [-80.1655694, 25.6826841], [-80.1655814, 25.6828211], [-80.1656066, 25.6829332], [-80.1656301, 25.683057], [-80.1657393999999, 25.6834698], [-80.1658608, 25.6837635], [-80.1659298, 25.683895], [-80.1660035, 25.6840352], [-80.1661834, 25.6843293], [-80.1663057, 25.6845081], [-80.1664153, 25.6846368], [-80.16657, 25.6848247], [-80.1666699, 25.6849327], [-80.1667668, 25.6850231], [-80.1668396, 25.6850706], [-80.1669012999999, 25.6850769], [-80.1672098, 25.6851051], [-80.1673007, 25.685124]]}, "properties": {"project": "PH7113", "date": "19751101", "kind": "Man-made", "source": "TP00425"}}, {"type": "Feature", "geometry": {"type": "LineString", "coordinates": [[-80.1580934, 25.7490397], [-80.1581181, 25.7490332], [-80.1581231, 25.7490243], [-80.1581232, 25.7490132], [-80.1581257, 25.749002], [-80.1581258, 25.7489931], [-80.1581259, 25.7489819], [-80.1581186, 25.748973], [-80.1581112, 25.748964], [-80.1581014, 25.748955], [-80.1580941, 25.7489438], [-80.1580843, 25.7489371], [-80.158077, 25.7489304], [-80.1580598, 25.7489213], [-80.1580475, 25.7489168], [-80.1580376, 25.748919], [-80.1580302, 25.7489256], [-80.1580228, 25.7489345], [-80.1580227, 25.7489479], [-80.1580226, 25.748959], [-80.1580299, 25.7489702], [-80.1580372, 25.7489814], [-80.158047, 25.7489949], [-80.1580543, 25.7490083], [-80.158064, 25.7490262], [-80.1580763, 25.749033], [-80.1580934, 25.7490397]]}, "properties": {"project": "PH7113", "date": "19751101", "kind": "Natural.Mean High Water", "source": "TP00425"}}, {"type": "Feature", "geometry": {"type": "LineString", "coordinates": [[-80.1577047, 25.7489017], [-80.1577188, 25.7488874], [-80.1577222, 25.7488721], [-80.1577162, 25.748864], [-80.1577125, 25.7488555], [-80.1577064, 25.7488491], [-80.1576966, 25.7488461], [-80.1576817, 25.7488452], [-80.1576709, 25.7488447], [-80.1576611, 25.748845], [-80.1576493, 25.7488484], [-80.157646, 25.7488602], [-80.1576454, 25.7488691], [-80.1576505, 25.7488806], [-80.1576622, 25.7488883], [-80.1576696, 25.7488939], [-80.1576831, 25.7489007], [-80.1577047, 25.7489017]]}, "properties": {"project": "PH7113", "date": "19751101", "kind": "Natural.Mean High Water", "source": "TP00425"}}, {"type": "Feature", "geometry": {"type": "LineString", "coordinates": [[-80.1577535, 25.748701], [-80.1578102, 25.7486924], [-80.1578226, 25.7486813], [-80.1578276, 25.7486635], [-80.1578228, 25.7486456], [-80.1578106, 25.7486388], [-80.1577983, 25.7486298], [-80.157791, 25.7486209], [-80.1577787, 25.7486119], [-80.1577615, 25.7486073], [-80.1577443, 25.7486072], [-80.1577245, 25.7486183], [-80.1577268, 25.7486473], [-80.1577242, 25.7486629], [-80.1577216, 25.7486807], [-80.1577314, 25.7486897], [-80.1577535, 25.748701]]}, "properties": {"project": "PH7113", "date": "19751101", "kind": "Natural.Mean High Water", "source": "TP00425"}}, {"type": "Feature", "geometry": {"type": "LineString", "coordinates": [[-80.1574307, 25.7487147000001], [-80.1575169, 25.748713], [-80.1575268, 25.7487086], [-80.1575343, 25.7486975], [-80.1575393, 25.7486841], [-80.1575369, 25.7486729], [-80.1575198, 25.7486595], [-80.15751, 25.7486438], [-80.1575101, 25.7486259], [-80.1575053, 25.748617], [-80.1574955, 25.7486058], [-80.1574783, 25.7486057], [-80.1574635, 25.7486034], [-80.1574438, 25.748601], [-80.1574266, 25.7486032], [-80.1574093, 25.7486097], [-80.1573895, 25.7486186], [-80.157382, 25.7486319], [-80.1573819, 25.748652], [-80.1573941, 25.7486699], [-80.1574087, 25.74869], [-80.1574111, 25.7487012], [-80.1574307, 25.7487147000001]]}, "properties": {"project": "PH7113", "date": "19751101", "kind": "Natural.Mean High Water", "source": "TP00425"}}, {"type": "Feature", "geometry": {"type": "LineString", "coordinates": [[-80.1581846, 25.7486662], [-80.1582038, 25.7486568], [-80.1582091, 25.7486427], [-80.158211, 25.7486301], [-80.1582041, 25.7486175], [-80.1581972, 25.7486064], [-80.1581903, 25.7485969], [-80.15818, 25.7485858], [-80.1581678, 25.7485811], [-80.1581557, 25.748581], [-80.1581469, 25.7485857], [-80.1581364, 25.7486013], [-80.1581346, 25.7486108], [-80.1581345, 25.7486281], [-80.1581379, 25.7486391], [-80.158143, 25.7486486], [-80.1581568, 25.7486613], [-80.1581846, 25.7486662]]}, "properties": {"project": "PH7113", "date": "19751101", "kind": "Natural.Mean High Water", "source": "TP00425"}}, {"type": "Feature", "geometry": {"type": "LineString", "coordinates": [[-80.1583244, 25.7485662], [-80.1583506, 25.7485585], [-80.1583506, 25.748549], [-80.1583438, 25.7485364], [-80.1583386, 25.7485254], [-80.1583387, 25.7485159], [-80.1583388, 25.7485033], [-80.1583267, 25.7484859], [-80.1583147, 25.7484717], [-80.158299, 25.74847], [-80.1582781, 25.7484778], [-80.1582676, 25.7484856], [-80.1582623, 25.748495], [-80.1582588, 25.7485044], [-80.1582587, 25.7485154], [-80.1582621, 25.7485359], [-80.1582707, 25.7485423], [-80.1582811, 25.7485486], [-80.1582915, 25.7485566], [-80.1583001, 25.7485629], [-80.1583244, 25.7485662]]}, "properties": {"project": "PH7113", "date": "19751101", "kind": "Natural.Mean High Water", "source": "TP00425"}}, {"type": "Feature", "geometry": {"type": "LineString", "coordinates": [[-80.1581111, 25.7484847], [-80.1581304, 25.7484706], [-80.1581444, 25.7484502], [-80.1581497, 25.7484361], [-80.1581568, 25.7484188], [-80.1581621, 25.7484031], [-80.1581623, 25.7483826], [-80.1581432999999, 25.7483652], [-80.1581311, 25.7483604], [-80.1580981, 25.7483633], [-80.1580928, 25.7483712], [-80.1580806, 25.7483821], [-80.1580683, 25.7483962], [-80.1580509, 25.7484040000001], [-80.1580369, 25.7484039], [-80.1580195, 25.7484054], [-80.1580004, 25.7484069], [-80.1579812, 25.7484115], [-80.1579673, 25.7484177], [-80.1579584999999, 25.7484287], [-80.157948, 25.7484459], [-80.1579444, 25.7484585], [-80.1579426, 25.7484727], [-80.1579389, 25.7484978], [-80.1579406, 25.7485105], [-80.1579561, 25.7485231], [-80.15797, 25.7485311], [-80.1579873, 25.7485359], [-80.1580012, 25.7485391], [-80.1580116, 25.7485455], [-80.1580377, 25.7485394], [-80.1580448, 25.7485252], [-80.1580554, 25.7485048], [-80.1580624, 25.748497], [-80.1580781, 25.7484908], [-80.1581111, 25.7484847]]}, "properties": {"project": "PH7113", "date": "19751101", "kind": "Natural.Mean High Water", "source": "TP00425"}}, {"type": "Feature", "geometry": {"type": "LineString", "coordinates": [[-80.1575806, 25.7484211], [-80.1576276, 25.7483902], [-80.1576375, 25.7483836], [-80.1576376, 25.7483635], [-80.1576328, 25.7483523], [-80.1576254, 25.7483456000001], [-80.1576131, 25.748341], [-80.1576009, 25.7483365000001], [-80.1575861, 25.7483275], [-80.1575764, 25.7483185], [-80.1575665, 25.7483140000001], [-80.1575518, 25.7483094], [-80.1575395, 25.7483094], [-80.1575247, 25.7483138], [-80.1575123, 25.7483226], [-80.1575024, 25.7483315], [-80.1574949, 25.7483426], [-80.1574948, 25.7483537], [-80.1574947, 25.7483693], [-80.157502, 25.7483828], [-80.1575143, 25.7483918], [-80.157529, 25.7483963], [-80.1575388, 25.7484008], [-80.1575437, 25.7484142], [-80.1575584, 25.748421], [-80.1575707, 25.7484211], [-80.1575806, 25.7484211]]}, "properties": {"project": "PH7113", "date": "19751101", "kind": "Natural.Mean High Water", "source": "TP00425"}}, {"type": "Feature", "geometry": {"type": "LineString", "coordinates": [[-80.1550556, 25.7236532], [-80.154543, 25.7231727]]}, "properties": {"project": "PH7113", "date": "19751101", "kind": "Man-made", "source": "TP00425"}}, {"type": "Feature", "geometry": {"type": "LineString", "coordinates": [[-80.154543, 25.7231727], [-80.1544716, 25.7231133], [-80.1543673, 25.7231001]]}, "properties": {"project": "PH7113", "date": "19751101", "kind": "Man-made", "source": "TP00425"}}, {"type": "Feature", "geometry": {"type": "LineString", "coordinates": [[-80.154543, 25.7231727], [-80.1546378, 25.7230919]]}, "properties": {"project": "PH7113", "date": "19751101", "kind": "Pier", "source": "TP00425"}}, {"type": "Feature", "geometry": {"type": "LineString", "coordinates": [[-80.1503517, 25.7278721], [-80.1503814, 25.7278533], [-80.150385, 25.7278388], [-80.1503821, 25.7278247], [-80.1503706, 25.727811], [-80.1503531, 25.7278087], [-80.1503426, 25.7278086], [-80.1503281, 25.7278108], [-80.150321, 25.7278166], [-80.150315, 25.7278248], [-80.1503119, 25.7278393], [-80.1503113, 25.7278556], [-80.1503137, 25.7278638], [-80.1503252, 25.7278715], [-80.1503382, 25.727873], [-80.1503517, 25.7278721]]}, "properties": {"project": "PH7113", "date": "19751101", "kind": "Natural.Mean High Water", "source": "TP00425"}}, {"type": "Feature", "geometry": {"type": "LineString", "coordinates": [[-80.1674284, 25.685205], [-80.1675147, 25.6851907], [-80.1676711, 25.6851662], [-80.1677762, 25.6851499], [-80.1678904, 25.6851463], [-80.1682216, 25.6851398], [-80.1685713, 25.6851397], [-80.1687252, 25.6851384], [-80.1688815, 25.6851287], [-80.169061, 25.685134], [-80.1691473, 25.6851239], [-80.1691392, 25.6849422], [-80.1689107, 25.6849472], [-80.168616, 25.6847491], [-80.1682516, 25.6845083], [-80.1679221, 25.6842867], [-80.1678641, 25.6842441], [-80.1677297, 25.6841271], [-80.1676046, 25.6840018], [-80.1675028, 25.6838913], [-80.1674242, 25.6837937], [-80.1673342, 25.6836685], [-80.1672649, 25.6835689], [-80.1671867, 25.6834226], [-80.1671063, 25.6832489], [-80.1670581, 25.6831282], [-80.166992, 25.6829229], [-80.1669576, 25.6828361], [-80.1669282, 25.6827113000001], [-80.166917, 25.6826394], [-80.1669198, 25.682576], [-80.1669228, 25.6824704], [-80.1669537, 25.6823967], [-80.1670053, 25.6823463], [-80.1670404, 25.6823232], [-80.1670872, 25.6822981], [-80.1671247, 25.6822836], [-80.1671877, 25.6822734], [-80.1672693, 25.6822675], [-80.1673742, 25.6822702], [-80.1674907, 25.6822835], [-80.1676561, 25.6822993], [-80.1678308, 25.6823298], [-80.1679379, 25.6823537], [-80.1680774, 25.6824094], [-80.1682493, 25.6824886], [-80.1684468, 25.6825974], [-80.1685883, 25.6826975], [-80.1687134, 25.682806], [-80.1688754, 25.6829865], [-80.16894, 25.6830883], [-80.1690389, 25.6832832], [-80.1691563, 25.6834888], [-80.1693134, 25.6836967], [-80.1694127, 25.683843], [-80.1695611, 25.6839622], [-80.1697443, 25.6841027], [-80.1698255, 25.6841581], [-80.1699998, 25.684233], [-80.1703276, 25.6843785], [-80.1705181, 25.6844683], [-80.1708226, 25.6846074], [-80.1709017, 25.6846374]]}, "properties": {"project": "PH7113", "date": "19751101", "kind": "Man-made", "source": "TP00425"}}, {"type": "Feature", "geometry": {"type": "LineString", "coordinates": [[-80.1577304, 25.7482321], [-80.1577496, 25.7482212], [-80.1577566, 25.7482133], [-80.1577619, 25.7482008], [-80.157769, 25.7481851], [-80.1577725, 25.7481709], [-80.1577604, 25.7481646], [-80.1577483, 25.7481629], [-80.1577309, 25.7481644], [-80.1577187, 25.7481675], [-80.1577134, 25.7481769], [-80.1577098, 25.7481863], [-80.1577063, 25.7481973], [-80.1577062, 25.7482083], [-80.1577061, 25.7482178], [-80.1577113, 25.7482273], [-80.1577304, 25.7482321]]}, "properties": {"project": "PH7113", "date": "19751101", "kind": "Natural.Mean High Water", "source": "TP00425"}}, {"type": "Feature", "geometry": {"type": "LineString", "coordinates": [[-80.1579083, 25.7483953], [-80.1579293, 25.748386], [-80.1579345, 25.7483781], [-80.1579363, 25.7483687], [-80.1579399, 25.7483577], [-80.15794, 25.748342], [-80.1579314, 25.7483246], [-80.1579263, 25.7483088], [-80.1579212, 25.7482915000001], [-80.1579179, 25.7482773], [-80.1579127, 25.7482615], [-80.1579041, 25.7482567], [-80.1578972, 25.7482425], [-80.1578956, 25.748233], [-80.1579008, 25.7482252], [-80.1579096, 25.7482127], [-80.1579166, 25.7482048], [-80.1579255, 25.7481797], [-80.1579256, 25.7481639], [-80.1579222, 25.7481497], [-80.157905, 25.7481307], [-80.1578946, 25.7481212], [-80.1578859, 25.748118], [-80.1578686, 25.7481164], [-80.1578529, 25.7481163], [-80.1578459, 25.7481225], [-80.1578423, 25.7481351], [-80.1578388, 25.7481493], [-80.15783, 25.7481618], [-80.1578177, 25.7481759], [-80.1578124, 25.7481853], [-80.1578071, 25.7481979], [-80.1578018, 25.7482168], [-80.1577999, 25.7482309], [-80.1578222, 25.748283], [-80.1578583, 25.748332], [-80.1578616, 25.7483667], [-80.1578719, 25.7483809], [-80.1578858, 25.7483857], [-80.1579083, 25.7483953]]}, "properties": {"project": "PH7113", "date": "19751101", "kind": "Natural.Mean High Water", "source": "TP00425"}}, {"type": "Feature", "geometry": {"type": "LineString", "coordinates": [[-80.1425299, 25.7480388], [-80.1423289, 25.7480405]]}, "properties": {"project": "PH7113", "date": "19751101", "kind": "Undetermined Alongshore Feature", "source": "TP00425"}}, {"type": "Feature", "geometry": {"type": "LineString", "coordinates": [[-80.1425093, 25.7495499], [-80.1425094, 25.7495384], [-80.1425174, 25.7495312], [-80.1425287, 25.7495183], [-80.1425352, 25.7495082], [-80.1425464, 25.7494953], [-80.1425545, 25.7494852], [-80.142569, 25.7494665], [-80.1425902, 25.7494001], [-80.142597, 25.7493395], [-80.1425966, 25.7491835], [-80.1426002, 25.749117], [-80.1426167, 25.7490449], [-80.1426172, 25.748977], [-80.1426094, 25.748948], [-80.1426065, 25.7489162], [-80.1426034, 25.7488989], [-80.1426068, 25.7488758], [-80.1426197, 25.7488585], [-80.1426203, 25.7487675], [-80.1426111, 25.7487154], [-80.1426134, 25.7486186], [-80.1426219, 25.7485551], [-80.1426206, 25.7485118], [-80.1426113, 25.7484756], [-80.1426133, 25.7484265000001], [-80.1426091, 25.7483455], [-80.142592, 25.748279], [-80.1425862, 25.7482009], [-80.1425708, 25.7481286], [-80.1425519, 25.7480837], [-80.1425299, 25.7480388]]}, "properties": {"project": "PH7113", "date": "19751101", "kind": "Natural.Mean High Water", "source": "TP00425"}}, {"type": "Feature", "geometry": {"type": "LineString", "coordinates": [[-80.1582712, 25.7482226], [-80.1582906, 25.7481928], [-80.1582958, 25.7481834], [-80.1582977, 25.7481692], [-80.1582978, 25.7481566], [-80.1582944, 25.748144], [-80.1582858, 25.7481329], [-80.1582701, 25.7481297], [-80.1582563, 25.7481218], [-80.1582442, 25.7481138], [-80.1582268, 25.7481058], [-80.1582043, 25.7480994], [-80.1581835, 25.7480898], [-80.1581697, 25.748074], [-80.1581611, 25.7480535], [-80.158156, 25.7480424], [-80.1581509, 25.7480298], [-80.1581422, 25.7480187], [-80.1581302, 25.7480077], [-80.1581128, 25.748006], [-80.1581023, 25.7480138], [-80.1580918, 25.7480248], [-80.1580813, 25.7480357], [-80.1580742, 25.7480451], [-80.158069, 25.748053], [-80.1580654, 25.7480734], [-80.1580653, 25.7480844], [-80.1580686, 25.7481002], [-80.1580738, 25.7481097], [-80.1580842, 25.7481192], [-80.1580945, 25.7481303], [-80.1581188, 25.7481383000001], [-80.1581309, 25.7481494], [-80.1581465, 25.7481605], [-80.1581603, 25.7481732], [-80.1581793, 25.7481874], [-80.1582001, 25.7481939], [-80.158214, 25.7481971], [-80.1582226, 25.7482082], [-80.158233, 25.7482177], [-80.1582434, 25.7482225], [-80.1582538, 25.7482225], [-80.1582712, 25.7482226]]}, "properties": {"project": "PH7113", "date": "19751101", "kind": "Natural.Mean High Water", "source": "TP00425"}}, {"type": "Feature", "geometry": {"type": "LineString", "coordinates": [[-80.1584715, 25.7479325], [-80.158482, 25.7479152], [-80.1584839, 25.7479026], [-80.1584822, 25.7478884], [-80.1584806, 25.7478774], [-80.1584789, 25.7478679], [-80.1584668, 25.7478569], [-80.1584582, 25.7478505], [-80.1584356, 25.7478504], [-80.1584199, 25.7478566], [-80.1584111, 25.7478628], [-80.1584041, 25.7478707], [-80.158404, 25.7478801], [-80.158404, 25.7478927], [-80.1584125, 25.7479101], [-80.1584211, 25.7479212], [-80.1584368, 25.747926], [-80.1584472, 25.7479276], [-80.1584715, 25.7479325]]}, "properties": {"project": "PH7113", "date": "19751101", "kind": "Natural.Mean High Water", "source": "TP00425"}}, {"type": "Feature", "geometry": {"type": "LineString", "coordinates": [[-80.1444629, 25.7476733], [-80.1444905, 25.7476633], [-80.1444968, 25.7476508], [-80.1444957, 25.7476406], [-80.1444819, 25.7476315], [-80.1444682, 25.7476223], [-80.144457, 25.7476154], [-80.1444471, 25.7476086], [-80.1444358, 25.7476028], [-80.1444158, 25.7475993], [-80.1444008, 25.747597], [-80.1443845, 25.7475991], [-80.1443707, 25.7476036], [-80.1443607, 25.7476103], [-80.1443593, 25.7476217], [-80.144363, 25.747633], [-80.1443754, 25.7476456], [-80.1443916, 25.7476536], [-80.1444054, 25.7476594], [-80.1444179, 25.7476651], [-80.1444391, 25.747672], [-80.1444629, 25.7476733]]}, "properties": {"project": "PH7113", "date": "19751101", "kind": "Natural.Mean High Water", "source": "TP00425"}}, {"type": "Feature", "geometry": {"type": "LineString", "coordinates": [[-80.1441217, 25.7427763], [-80.1441488, 25.7427822], [-80.1441744, 25.742778], [-80.1442128, 25.742758], [-80.1442722, 25.7427107], [-80.1443252, 25.742659], [-80.1443558, 25.7426159], [-80.1443736, 25.7425784], [-80.1443899, 25.7425279], [-80.1444112, 25.7424558], [-80.1444274, 25.7424198000001], [-80.1444823, 25.7423291], [-80.1445097, 25.7422816], [-80.1445277, 25.7422283], [-80.1445505, 25.7421547], [-80.144604, 25.7420337], [-80.1446463, 25.7419213], [-80.1446674, 25.7418737]]}, "properties": {"project": "PH7113", "date": "19751101", "kind": "Natural.Mean High Water", "source": "TP00425"}}, {"type": "Feature", "geometry": {"type": "LineString", "coordinates": [[-80.1446674, 25.7418737], [-80.1445729, 25.7418328]]}, "properties": {"project": "PH7113", "date": "19751101", "kind": "Undetermined Alongshore Feature", "source": "TP00425"}}, {"type": "Feature", "geometry": {"type": "LineString", "coordinates": [[-80.1603687, 25.7453306], [-80.1604143, 25.7452852], [-80.1604212, 25.7452639], [-80.160418, 25.7452411], [-80.1604097, 25.7452335], [-80.1603996, 25.7452334], [-80.1603778, 25.7452257], [-80.1603677, 25.7452256], [-80.1603577, 25.7452256], [-80.1603458, 25.7452331], [-80.1603441, 25.7452468], [-80.160344, 25.7452559], [-80.1603439, 25.7452711], [-80.1603438, 25.7452817], [-80.1603371, 25.7452893], [-80.1603336, 25.7452984], [-80.1603318, 25.7453182], [-80.1603435, 25.7453289], [-80.1603687, 25.7453306]]}, "properties": {"project": "PH7113", "date": "19751101", "kind": "Natural.Mean High Water", "source": "TP00425"}}, {"type": "Feature", "geometry": {"type": "LineString", "coordinates": [[-80.1425299, 25.7480388], [-80.1425512, 25.7479667], [-80.142558, 25.7479161], [-80.142571, 25.7476648], [-80.1425781, 25.7475594], [-80.142572, 25.7475247], [-80.1425692, 25.7474683], [-80.1425507, 25.7473786], [-80.1425415, 25.7473309], [-80.1425433, 25.7473034], [-80.1425358, 25.7472413], [-80.1425299, 25.7471632], [-80.1425097, 25.7470938], [-80.142494, 25.747059], [-80.1424433, 25.7470125]]}, "properties": {"project": "PH7113", "date": "19751101", "kind": "Natural.Mean High Water", "source": "TP00425"}}, {"type": "Feature", "geometry": {"type": "LineString", "coordinates": [[-80.1424433, 25.7470125], [-80.1423588, 25.7470076], [-80.142271, 25.7470115]]}, "properties": {"project": "PH7113", "date": "19751101", "kind": "Undetermined Alongshore Feature", "source": "TP00425"}}, {"type": "Feature", "geometry": {"type": "LineString", "coordinates": [[-80.1589706, 25.7479259], [-80.1590142, 25.7479104], [-80.1590264, 25.7479042000001], [-80.1590317, 25.7478932], [-80.1590335, 25.7478837], [-80.1590336, 25.7478711], [-80.1590319, 25.7478585], [-80.1590268, 25.7478506], [-80.1590181, 25.7478443], [-80.1590077, 25.7478411], [-80.1589868, 25.7478394], [-80.1589625, 25.7478424], [-80.1589554, 25.7478534], [-80.1589484, 25.7478612], [-80.158938, 25.7478674], [-80.158924, 25.7478721], [-80.1589117, 25.7478893], [-80.1589029, 25.7479003], [-80.1589063, 25.7479114], [-80.1589237, 25.7479193], [-80.1589393, 25.7479289], [-80.1589706, 25.7479259]]}, "properties": {"project": "PH7113", "date": "19751101", "kind": "Natural.Mean High Water", "source": "TP00425"}}, {"type": "Feature", "geometry": {"type": "LineString", "coordinates": [[-80.1582431, 25.7477753], [-80.1582536, 25.7477596], [-80.1582555, 25.7477423], [-80.1582555, 25.7477328], [-80.1582434, 25.7477233], [-80.1582365, 25.7477154], [-80.1582314, 25.7477043], [-80.1582227, 25.7476995], [-80.1582106, 25.7476963], [-80.1581984, 25.7476978], [-80.1581914, 25.7477041], [-80.1581879, 25.7477151000001], [-80.1581895, 25.7477356], [-80.158198, 25.7477498], [-80.1582015, 25.7477593], [-80.1582066, 25.7477687], [-80.1582222, 25.7477783], [-80.1582431, 25.7477753]]}, "properties": {"project": "PH7113", "date": "19751101", "kind": "Natural.Mean High Water", "source": "TP00425"}}, {"type": "Feature", "geometry": {"type": "LineString", "coordinates": [[-80.1586539, 25.7477131], [-80.1586713, 25.74771], [-80.1586783, 25.7477038], [-80.1586836, 25.7476959], [-80.1586854, 25.7476818], [-80.1586716, 25.7476706], [-80.1586629, 25.7476674], [-80.1586455, 25.7476673], [-80.1586315, 25.7476767], [-80.1586297, 25.7476893], [-80.1586383, 25.7477035], [-80.1586539, 25.7477131]]}, "properties": {"project": "PH7113", "date": "19751101", "kind": "Natural.Mean High Water", "source": "TP00425"}}, {"type": "Feature", "geometry": {"type": "LineString", "coordinates": [[-80.1591155, 25.7478338], [-80.1591713, 25.7478153], [-80.1591835, 25.747809], [-80.1591906, 25.7477996], [-80.1591976, 25.7477871], [-80.1591994, 25.7477729], [-80.1591908, 25.7477634], [-80.1591787, 25.7477523], [-80.1591666, 25.7477428], [-80.1591545, 25.7477301], [-80.1591424, 25.747719], [-80.1591321, 25.7477048], [-80.1591253, 25.7476906], [-80.1591149, 25.7476748], [-80.1591063, 25.7476637], [-80.1590959, 25.7476605], [-80.1590785, 25.7476588], [-80.1590646, 25.7476603], [-80.1590506, 25.7476728], [-80.1590401, 25.7476854], [-80.1590313, 25.7476963], [-80.1590191, 25.7476994], [-80.1590052, 25.7476993], [-80.1589843, 25.7476992], [-80.1589722, 25.7476976], [-80.1589566, 25.7476943], [-80.158934, 25.7476942], [-80.1589218, 25.7476973], [-80.1589061, 25.7477051], [-80.1589042, 25.7477255], [-80.158918, 25.7477414], [-80.1589353, 25.7477525], [-80.1589578, 25.7477621], [-80.1589804, 25.7477638], [-80.1590047, 25.7477686], [-80.1590255, 25.7477782], [-80.1590393, 25.747794], [-80.1590479, 25.747813], [-80.15906, 25.7478241], [-80.1590791, 25.7478305], [-80.1590912, 25.7478321], [-80.1591155, 25.7478338]]}, "properties": {"project": "PH7113", "date": "19751101", "kind": "Natural.Mean High Water", "source": "TP00425"}}, {"type": "Feature", "geometry": {"type": "LineString", "coordinates": [[-80.1583653, 25.7477051], [-80.1583776, 25.747691], [-80.1583794, 25.7476753], [-80.1583795, 25.7476658], [-80.1583778, 25.7476548], [-80.1583762, 25.7476406], [-80.1583728, 25.7476296], [-80.1583659, 25.7476201], [-80.1583573, 25.747609], [-80.1583469, 25.7475963], [-80.1583191, 25.7475915], [-80.1582896, 25.7475818], [-80.1582757, 25.7475881], [-80.1582669, 25.7475974], [-80.1582546, 25.7476163], [-80.1582563, 25.7476305], [-80.1582666, 25.7476431], [-80.1582753, 25.7476479], [-80.1582891, 25.7476543], [-80.1583082, 25.7476623], [-80.158322, 25.7476734], [-80.1583306, 25.7476891], [-80.158341, 25.7476987], [-80.1583653, 25.7477051]]}, "properties": {"project": "PH7113", "date": "19751101", "kind": "Natural.Mean High Water", "source": "TP00425"}}, {"type": "Feature", "geometry": {"type": "LineString", "coordinates": [[-80.1563556999999, 25.6861458], [-80.1563352, 25.6860888000001], [-80.1563073, 25.6858992], [-80.1562976, 25.6857855], [-80.1562513, 25.6855313], [-80.1562253, 25.6853739], [-80.1561807, 25.6851766], [-80.1561398, 25.68504], [-80.1560558, 25.684797], [-80.1559984, 25.6846337], [-80.155906, 25.6843982], [-80.1558295, 25.6842727], [-80.1557986, 25.6842024], [-80.155718, 25.6840731], [-80.155681, 25.6839782], [-80.1556671, 25.6838758], [-80.155639, 25.6837013], [-80.1556096, 25.6834321], [-80.1555985, 25.6832217], [-80.1555951, 25.6831118], [-80.1555775, 25.6829412], [-80.1555516, 25.6827554], [-80.1555296, 25.6826113], [-80.1554623, 25.6823797], [-80.155401, 25.6821785], [-80.1553646, 25.6820002], [-80.1553159, 25.6817821], [-80.1552794999999, 25.681617], [-80.1552675, 25.6815393], [-80.1552497, 25.6813971], [-80.1552333, 25.6813382], [-80.1552031, 25.6811827], [-80.155169, 25.6809684], [-80.155151, 25.6808565], [-80.1551166, 25.6806915], [-80.1550989, 25.6805398], [-80.1550766, 25.6804392], [-80.1550093, 25.6802058], [-80.1549483, 25.6799573], [-80.1549117, 25.6798131], [-80.154875, 25.6796726], [-80.154867, 25.6796195], [-80.1548443, 25.6795758], [-80.1548329, 25.6794166], [-80.1547963, 25.6792762], [-80.1547452, 25.6791073], [-80.1547253, 25.6789613], [-80.1547019, 25.6787186], [-80.1546981, 25.6786674], [-80.154687, 25.6784684], [-80.1546657, 25.6782258], [-80.1546578, 25.6781613], [-80.1546322, 25.6779376], [-80.1546078, 25.6778352], [-80.1545364, 25.6775846], [-80.1545037, 25.6774708], [-80.1545003, 25.6773628], [-80.154464, 25.6771845], [-80.1544335, 25.6770573], [-80.1544006, 25.6769719], [-80.1543559, 25.6767878], [-80.1543314, 25.6767157], [-80.1543173, 25.6766304], [-80.1542868, 25.676507], [-80.1542663, 25.6764501], [-80.154219, 25.6763494], [-80.1541984999999, 25.6762792], [-80.1541661, 25.6761407], [-80.1541295, 25.6759832], [-80.1540885, 25.6758712], [-80.1540188, 25.6756794], [-80.1538647, 25.675292], [-80.1537908, 25.6751002], [-80.1537313, 25.6749331], [-80.1536924, 25.674823], [-80.1536471, 25.6747223], [-80.153606, 25.6746179], [-80.1534699, 25.6743519], [-80.1534391, 25.6742797], [-80.153398, 25.674179], [-80.1533631, 25.6740822], [-80.1533287, 25.6739247], [-80.1532862, 25.6737274], [-80.1532665, 25.6735511], [-80.1532486, 25.6734146], [-80.1532077, 25.6732893], [-80.1531445, 25.6730616], [-80.1531181, 25.6729459], [-80.15309, 25.6727866], [-80.153078, 25.6727069], [-80.1530868, 25.672652], [-80.1530925, 25.6724361], [-80.1531023, 25.6722334], [-80.1531156, 25.6721274], [-80.1531418, 25.6719665], [-80.1531506, 25.6719002], [-80.1531682, 25.6717753], [-80.1531921, 25.6716598], [-80.1532328, 25.6715199], [-80.1532563, 25.6714499], [-80.1532967, 25.6713497], [-80.1533138, 25.6712949], [-80.1533268, 25.6712286], [-80.1533566, 25.6711549], [-80.1534248, 25.6709696], [-80.1534798, 25.670879], [-80.1535368999999, 25.6707903], [-80.1536108, 25.6706903], [-80.1536701, 25.6705883], [-80.1537336, 25.6704731], [-80.153778, 25.6703976], [-80.1538562, 25.6702844], [-80.1538965, 25.670205], [-80.1539451, 25.6701314], [-80.154019, 25.6700295], [-80.1541075, 25.6699277], [-80.1541644, 25.6698617], [-80.1541856, 25.669824], [-80.154264, 25.6696691], [-80.1542979, 25.6696086], [-80.1543527, 25.6695559], [-80.154416, 25.6694748], [-80.1544518, 25.6694257], [-80.1544731, 25.6693747], [-80.1544881, 25.6693255], [-80.1545115, 25.6692745], [-80.1545622, 25.6691971], [-80.1546318, 25.6691104], [-80.1547288, 25.6689973], [-80.1548005, 25.6689048], [-80.154868, 25.6688219], [-80.1549227, 25.6687653], [-80.154965, 25.668705], [-80.1550348, 25.6685841], [-80.1550814, 25.6685086], [-80.1551278, 25.6684425], [-80.1551764, 25.668367], [-80.1552778, 25.6682293], [-80.1553961, 25.6680462], [-80.1554576, 25.6679329], [-80.1555274, 25.6678064], [-80.1555508, 25.6677591], [-80.155587, 25.6676589], [-80.155642, 25.6675702], [-80.1556929, 25.667472], [-80.1557778, 25.6672925], [-80.1557906, 25.6672509], [-80.1558393, 25.6671602], [-80.1558926, 25.667048]]}, "properties": {"project": "PH7113", "date": "19751101", "kind": "Natural.Mean High Water", "source": "TP00425"}}, {"type": "Feature", "geometry": {"type": "LineString", "coordinates": [[-80.1496397, 25.7277484], [-80.1496521, 25.7277347], [-80.1496571, 25.7277205], [-80.1496552999999, 25.7277049], [-80.149644, 25.7276937], [-80.1496313, 25.7276905], [-80.1496175, 25.72769], [-80.1496028, 25.7276917], [-80.1495939, 25.7276978], [-80.1495884, 25.7277103], [-80.1495898, 25.7277209], [-80.1495991, 25.7277299], [-80.1496108, 25.7277389], [-80.1496211, 25.727746], [-80.1496397, 25.7277484]]}, "properties": {"project": "PH7113", "date": "19751101", "kind": "Natural.Mean High Water", "source": "TP00425"}}, {"type": "Feature", "geometry": {"type": "LineString", "coordinates": [[-80.1550245, 25.7255144], [-80.1548483, 25.725682], [-80.1548549, 25.7260194], [-80.1549864999999, 25.726136], [-80.1551626, 25.7262935], [-80.1557533, 25.7268354], [-80.1557935, 25.7268519], [-80.1560649, 25.7268596], [-80.1561412, 25.72686], [-80.1563354, 25.7266884]]}, "properties": {"project": "PH7113", "date": "19751101", "kind": "Man-made", "source": "TP00425"}}, {"type": "Feature", "geometry": {"type": "LineString", "coordinates": [[-80.1550764, 25.72547], [-80.155442, 25.7258034], [-80.1553991, 25.7258417], [-80.1553411, 25.7257987], [-80.1550245, 25.7255144]]}, "properties": {"project": "PH7113", "date": "19751101", "kind": "Pier", "source": "TP00425"}}, {"type": "Feature", "geometry": {"type": "LineString", "coordinates": [[-80.157322, 25.7258081], [-80.1569365, 25.7254361], [-80.1569613, 25.7254179], [-80.1573469, 25.7257778]]}, "properties": {"project": "PH7113", "date": "19751101", "kind": "Pier", "source": "TP00425"}}, {"type": "Feature", "geometry": {"type": "LineString", "coordinates": [[-80.155501, 25.7250701], [-80.1551419, 25.7254074], [-80.1550764, 25.72547]]}, "properties": {"project": "PH7113", "date": "19751101", "kind": "Man-made", "source": "TP00425"}}, {"type": "Feature", "geometry": {"type": "LineString", "coordinates": [[-80.1564951, 25.6868457], [-80.1564955, 25.6867794], [-80.1564607, 25.6866731], [-80.1563759, 25.6862482], [-80.1563556999999, 25.6861458]]}, "properties": {"project": "PH7113", "date": "19751101", "kind": "Man-made", "source": "TP00425"}}, {"type": "Feature", "geometry": {"type": "LineString", "coordinates": [[-80.1716012, 25.6859702], [-80.172032, 25.6863868], [-80.1723771, 25.6867288], [-80.1724999, 25.6868394], [-80.1725391, 25.6868903], [-80.1725972999999, 25.6869118], [-80.172767, 25.6869761], [-80.1728274, 25.6870145], [-80.1729642, 25.6871188]]}, "properties": {"project": "PH7113", "date": "19751101", "kind": "Man-made", "source": "TP00425"}}, {"type": "Feature", "geometry": {"type": "LineString", "coordinates": [[-80.1555462, 25.7250257], [-80.1559364, 25.7253673], [-80.155889, 25.7254036], [-80.1557106, 25.7252542], [-80.155501, 25.7250701]]}, "properties": {"project": "PH7113", "date": "19751101", "kind": "Pier", "source": "TP00425"}}, {"type": "Feature", "geometry": {"type": "LineString", "coordinates": [[-80.1615571, 25.744932], [-80.1615596, 25.7449511], [-80.1615464, 25.7449606], [-80.1615305, 25.74497], [-80.1615173, 25.7449723], [-80.1615015, 25.7449723], [-80.1614909, 25.744977], [-80.1614777, 25.7449864], [-80.161467, 25.7449959], [-80.1614591, 25.7450054], [-80.1614589, 25.7450222000001], [-80.1614589, 25.7450317], [-80.1614588, 25.745046], [-80.1614534, 25.7450579], [-80.1614481, 25.7450699], [-80.1614401, 25.7450746], [-80.1614295, 25.7450841], [-80.1614189, 25.745096], [-80.1614161, 25.7451103], [-80.1614134, 25.7451246], [-80.1614107, 25.7451365], [-80.1614105, 25.7451556], [-80.1614077999999, 25.7451675], [-80.1613998, 25.745177], [-80.1613919, 25.7451889], [-80.1613839, 25.7451961], [-80.161368, 25.7452079], [-80.1613574, 25.7452126], [-80.1613337, 25.7452125], [-80.1613205, 25.7452148], [-80.1613074, 25.7452052], [-80.1612916, 25.7451955], [-80.1612758, 25.7451859], [-80.1612574, 25.7451786], [-80.1612337, 25.7451737], [-80.1612074, 25.7451712], [-80.1611916, 25.7451711000001], [-80.1611679, 25.7451685], [-80.1611522, 25.7451517], [-80.1611443, 25.7451397], [-80.1611339, 25.7451277], [-80.1611234, 25.7451157], [-80.1611209, 25.7451014], [-80.1611183, 25.7450871], [-80.1611132, 25.7450679], [-80.161108, 25.7450512], [-80.1611081, 25.7450369], [-80.1611056, 25.7450225], [-80.1611004, 25.7450058], [-80.1610926, 25.7449986], [-80.1610821, 25.7449937], [-80.1610636, 25.7449912], [-80.1610505, 25.7449888], [-80.1610346, 25.7449887], [-80.1610161999999, 25.7449814], [-80.1610084, 25.7449742], [-80.1609953, 25.744955], [-80.1609928, 25.7449407], [-80.1609903, 25.7449263], [-80.1609799, 25.7449048], [-80.1609773, 25.7448952], [-80.1609618, 25.7448474], [-80.1609593, 25.7448306], [-80.1609646, 25.7448235], [-80.1609936, 25.7448237], [-80.1610094, 25.7448261], [-80.1610331, 25.7448287], [-80.1610463, 25.7448287], [-80.1610648, 25.7448288000001], [-80.1610754, 25.7448194], [-80.1610913, 25.7448003], [-80.161094, 25.7447908], [-80.1610915, 25.7447788], [-80.1610758, 25.7447644], [-80.1610652, 25.744762], [-80.1610415, 25.7447618], [-80.1610178, 25.7447641], [-80.1609914, 25.7447687], [-80.1609754999999, 25.7447686], [-80.1609571, 25.7447685], [-80.1609387, 25.7447565000001], [-80.1608943, 25.7447037], [-80.1608629999999, 25.7446462], [-80.1608605, 25.7446271], [-80.160858, 25.7446103], [-80.1608476, 25.7445936], [-80.1608451, 25.7445697], [-80.1608478, 25.744553], [-80.1608986, 25.7444554], [-80.1609308, 25.7443767], [-80.1609362, 25.74436], [-80.1609494, 25.7443553], [-80.1609811, 25.7443484], [-80.1609972, 25.7443174], [-80.161, 25.7442936], [-80.1609922, 25.7442768], [-80.1609843, 25.7442696], [-80.1609817, 25.74426], [-80.1609792, 25.7442433000001], [-80.1609741, 25.7442289], [-80.1609636, 25.7442145], [-80.1609479, 25.7442025], [-80.1609294, 25.7442], [-80.1609057, 25.7442047], [-80.1608897999999, 25.7442117000001], [-80.1608633, 25.7442259], [-80.1608474, 25.7442473], [-80.1608393, 25.7442616], [-80.1608339, 25.7442807], [-80.1608284, 25.7443141], [-80.1608414, 25.7443452], [-80.1608465, 25.7443691], [-80.1608464, 25.7443882], [-80.1608383, 25.7444049], [-80.1608303, 25.7444215], [-80.1608224, 25.7444286], [-80.1607852, 25.7444643], [-80.1607667, 25.7444618], [-80.1607536, 25.7444593], [-80.1607378, 25.7444568], [-80.1607193, 25.7444519], [-80.1606904, 25.7444494], [-80.1606745, 25.7444541], [-80.1606586, 25.7444683], [-80.1606533, 25.7444754], [-80.1606295, 25.7444825], [-80.1606058, 25.7444823], [-80.1605768, 25.744475], [-80.1605584, 25.7444701], [-80.1605505, 25.7444653], [-80.16054, 25.7444605], [-80.1605268, 25.7444556], [-80.1604925, 25.7444673], [-80.1604344, 25.7444813], [-80.1604238, 25.7444813], [-80.1603999, 25.7445002], [-80.1603972, 25.7445169], [-80.1604076, 25.7445385], [-80.1604101, 25.7445552], [-80.1603968, 25.7445719], [-80.1603862, 25.7445814], [-80.1603676, 25.7446004], [-80.1603543, 25.744617], [-80.1603516, 25.744642], [-80.1603564, 25.7446598], [-80.1603759, 25.7446777], [-80.1603905, 25.7446858], [-80.1604012, 25.7446929], [-80.1604051, 25.7447027], [-80.160405, 25.7447116], [-80.1603990999999, 25.7447222], [-80.1603883, 25.744724], [-80.1603765999999, 25.744715], [-80.1603629, 25.7447025], [-80.1603453, 25.7446935], [-80.1603277, 25.7446899], [-80.1603159, 25.7446898], [-80.1602993, 25.7446826], [-80.1602896, 25.7446763], [-80.1602788, 25.7446709], [-80.1602681, 25.7446664], [-80.1602583, 25.7446646], [-80.1602455, 25.7446619], [-80.1602037, 25.7446615], [-80.1601956, 25.7446877], [-80.1602033, 25.7447188], [-80.1602032, 25.7447331], [-80.160203, 25.7447522000001], [-80.1602003, 25.7447618], [-80.1601845, 25.7447688], [-80.1601739, 25.7447759], [-80.1601632, 25.7447902], [-80.1601631, 25.7448022], [-80.1601657, 25.7448165], [-80.1601709, 25.7448261], [-80.1601761, 25.7448357], [-80.1602809, 25.7449246], [-80.1602858, 25.7449772000001], [-80.1603037, 25.7450609], [-80.1603299, 25.7450945000001], [-80.1603297, 25.7451136], [-80.160327, 25.7451303], [-80.1603163, 25.7451421], [-80.1603084, 25.7451469], [-80.1602952, 25.7451444], [-80.16029, 25.7451372], [-80.1602821, 25.74513], [-80.1602769, 25.7451204], [-80.1602665, 25.7451108], [-80.1602586, 25.745106], [-80.1602506999999, 25.745094], [-80.1602403, 25.7450844], [-80.1602297, 25.7450819], [-80.1602166, 25.7450771], [-80.1602034, 25.7450794], [-80.160198, 25.7450937], [-80.1601979, 25.745108], [-80.1601672, 25.7451592], [-80.1601681, 25.7452296], [-80.1601438, 25.7453095], [-80.1601237, 25.74535], [-80.1601038, 25.7453726], [-80.1600877, 25.7454011], [-80.1600979, 25.7454525], [-80.1601175, 25.7454753], [-80.1601412, 25.7454802], [-80.1601543, 25.7454911], [-80.1601489, 25.7455185], [-80.1601422, 25.7455292], [-80.1601224, 25.745541], [-80.1601052, 25.7455469], [-80.160084, 25.7455515], [-80.1600498, 25.7455525], [-80.160026, 25.7455524], [-80.1599917, 25.7455558], [-80.1599653, 25.7455652], [-80.1599454, 25.7455782], [-80.1599256, 25.7455853], [-80.1599031, 25.7455983], [-80.1598872, 25.7456125], [-80.1598713, 25.7456184], [-80.1598568, 25.7456195], [-80.1598397, 25.7456158], [-80.1598279, 25.7456074], [-80.1598161, 25.745593], [-80.1598017, 25.7455774], [-80.1597899, 25.7455642], [-80.1597716, 25.7455509], [-80.1597545, 25.7455389], [-80.1597401, 25.7455316], [-80.159727, 25.7455208], [-80.1597074, 25.7454909], [-80.1596984, 25.7454633], [-80.1596854, 25.7454275], [-80.1596751, 25.745394], [-80.1596687, 25.7453724], [-80.1596688, 25.7453497], [-80.1596795, 25.7453319], [-80.1596876, 25.7453081], [-80.1596876999999, 25.7452913], [-80.1596813, 25.745271], [-80.1596998, 25.7452616], [-80.1597182, 25.7452653], [-80.1597393, 25.7452678], [-80.1597657, 25.7452631], [-80.159771, 25.7452536], [-80.1597724, 25.7452417], [-80.1597685999999, 25.7452202], [-80.1597609, 25.7451974], [-80.1597478, 25.745183], [-80.159727, 25.7451352], [-80.159718, 25.7451076], [-80.1597194, 25.7450981], [-80.1597314, 25.7450791], [-80.1597447, 25.7450588], [-80.1597501, 25.745041], [-80.1597529, 25.7450243], [-80.159753, 25.7450111], [-80.1597452, 25.7449932], [-80.159723, 25.7449644], [-80.1596941, 25.7449391], [-80.1596692, 25.7449223], [-80.1596484, 25.7448875], [-80.1596393, 25.74486], [-80.1596381, 25.7448493], [-80.1596381, 25.7448397], [-80.1596501, 25.7448243], [-80.1596607, 25.7448172], [-80.1596726, 25.7448101], [-80.1596885, 25.7447994], [-80.1597125, 25.744759], [-80.159718, 25.7447315], [-80.1597199, 25.7446468], [-80.1597202, 25.7446109], [-80.159715, 25.7445942], [-80.159694, 25.7445881], [-80.1596703, 25.7445832], [-80.1596492, 25.7445795], [-80.1596308, 25.7445746], [-80.1596163, 25.7445662], [-80.1596045, 25.7445589], [-80.1595954, 25.7445493], [-80.1595875, 25.7445385], [-80.159581, 25.7445242], [-80.1595772, 25.7445074], [-80.159576, 25.7444907], [-80.1595788, 25.7444716], [-80.1595842, 25.7444442], [-80.1595897, 25.744418], [-80.1595924, 25.7444036], [-80.1595873, 25.7443869], [-80.1595821, 25.7443737], [-80.1595783, 25.7443546], [-80.1595823, 25.7443415], [-80.1596023, 25.7443118], [-80.1596104, 25.7442915], [-80.1596079, 25.7442724], [-80.1595961, 25.7442568], [-80.1595896, 25.7442412], [-80.1595885, 25.7442162], [-80.1595872, 25.744203], [-80.1595626, 25.7441456], [-80.1595535, 25.7441288], [-80.1595457, 25.7441156], [-80.1595365, 25.7441024], [-80.1595274, 25.744088], [-80.1595222, 25.7440761], [-80.1595197, 25.7440653], [-80.1595198, 25.7440462], [-80.1595199, 25.7440271], [-80.1595241, 25.7439925], [-80.1595336, 25.7439639], [-80.159543, 25.7439365], [-80.1595603, 25.7439139], [-80.1595749, 25.7438973], [-80.1596015, 25.7438688], [-80.1596201, 25.7438486], [-80.1596294, 25.7438319], [-80.1596271, 25.7437853], [-80.1595709, 25.7437146], [-80.1595058, 25.7435936], [-80.1594774, 25.7435194], [-80.1594735, 25.7435015], [-80.1594723, 25.7434836], [-80.1594725, 25.7434549], [-80.1594851, 25.7433583], [-80.1594759, 25.7433487], [-80.1594403, 25.7433461], [-80.1594193, 25.7433447], [-80.1593825, 25.7433207], [-80.1593379, 25.7432858], [-80.1593077, 25.7432677], [-80.1592711, 25.7432317], [-80.1592176, 25.7431454], [-80.1591916, 25.743101], [-80.1591864, 25.7430819], [-80.1591825, 25.7430711], [-80.1591826, 25.7430592], [-80.1591814, 25.7430461], [-80.1591815, 25.7430282], [-80.1591817, 25.743009], [-80.1591818, 25.7429876], [-80.1591833, 25.7429697], [-80.1591834, 25.742947], [-80.1591783, 25.7429183], [-80.1591719, 25.7428968], [-80.1591026, 25.7428199], [-80.1590766, 25.7427637], [-80.1589619, 25.7425744], [-80.1589137, 25.7424989], [-80.1589045, 25.7424833], [-80.158902, 25.7424665], [-80.1589021, 25.7424522], [-80.1589101, 25.7424379], [-80.1589221, 25.7424213], [-80.1589369, 25.7423891], [-80.158953, 25.7423462], [-80.1589598, 25.7423164], [-80.1589456, 25.7422769], [-80.1589326, 25.7422399], [-80.1589209, 25.7422219], [-80.158917, 25.7422135], [-80.1589158, 25.7421992], [-80.1589224, 25.7421885], [-80.1589344, 25.7421802], [-80.1589595, 25.7421684], [-80.1589727, 25.7421613], [-80.1589926, 25.7421518], [-80.1590111, 25.742146], [-80.1590309, 25.7421425], [-80.1590744, 25.7421464], [-80.1591706, 25.7421493], [-80.1591943, 25.7421554], [-80.1592087, 25.7421722], [-80.1592192, 25.742177], [-80.1592336, 25.7421819], [-80.1592508, 25.7421808], [-80.159264, 25.7421761], [-80.1592693, 25.7421678], [-80.1592615, 25.742151], [-80.1592484, 25.7421402], [-80.159234, 25.7421246], [-80.1592223, 25.7421114], [-80.1592079, 25.7420922], [-80.1591921999999, 25.742073], [-80.1591817, 25.7420634], [-80.1591686, 25.7420526], [-80.1591542, 25.7420453], [-80.1591344, 25.7420428], [-80.1591173, 25.7420439], [-80.159104, 25.7420486], [-80.1590961, 25.7420533], [-80.1590895, 25.7420593000001], [-80.1590723, 25.7420675], [-80.1590617, 25.7420675], [-80.1590499, 25.742059], [-80.1590381, 25.7420458], [-80.1589188, 25.7419532], [-80.1588295, 25.7419061], [-80.158736, 25.7418877], [-80.1586688, 25.7418801], [-80.158632, 25.7418716], [-80.1585992, 25.7418463], [-80.1585993, 25.741832], [-80.1585994, 25.7418141], [-80.1585903, 25.7417985], [-80.1585668, 25.7417685], [-80.1585576, 25.7417613], [-80.1585497, 25.7417565], [-80.1585366, 25.7417504], [-80.1585287, 25.7417444], [-80.1585248, 25.741736], [-80.158521, 25.7417252], [-80.1585132, 25.7417097], [-80.1585066, 25.7416989], [-80.1584962, 25.7416869], [-80.1584857, 25.7416773], [-80.1584686, 25.7416688], [-80.1584581, 25.7416652], [-80.1584397, 25.7416603], [-80.1584278, 25.7416543000001], [-80.1584147, 25.741647], [-80.1584016, 25.7416398], [-80.1583964, 25.7416314], [-80.1583873, 25.7416122], [-80.1583822, 25.7415907], [-80.1583796, 25.741574], [-80.1583692, 25.7415548], [-80.1583627, 25.7415405], [-80.158351, 25.7415249], [-80.15833, 25.7415116], [-80.1583129, 25.7415032], [-80.1582892, 25.741497], [-80.1582747, 25.7414922], [-80.1582314, 25.7414657], [-80.1581449, 25.7413947], [-80.1580742, 25.7413274], [-80.1580273, 25.7412472], [-80.1580182, 25.7412256], [-80.1580104, 25.7412089], [-80.1579973, 25.7411969], [-80.1579882, 25.7411849], [-80.1579751, 25.7411681], [-80.1579476, 25.7411464], [-80.1579384, 25.7411416], [-80.1579239, 25.7411343], [-80.1579148, 25.7411235], [-80.1578939, 25.74109], [-80.1578862, 25.7410685], [-80.1578745, 25.7410409], [-80.1578588, 25.7410205], [-80.1578431, 25.7410061], [-80.157809, 25.7409797], [-80.1576791, 25.7408929], [-80.1576355, 25.7409046], [-80.157518, 25.7409326], [-80.1574676, 25.7409729], [-80.1574516, 25.7409943], [-80.1574554, 25.7410242], [-80.1574735, 25.7410625], [-80.1575531, 25.7411895], [-80.1575895, 25.7412518], [-80.15763, 25.7413094], [-80.1576825, 25.7413491], [-80.1577006, 25.7413945], [-80.1577568, 25.7414713], [-80.1577934, 25.7415169], [-80.1578429, 25.7415972], [-80.1579601, 25.7416098], [-80.1580193, 25.7416352], [-80.1580704, 25.7416737], [-80.1581151, 25.7416883], [-80.1581333, 25.7417302], [-80.1581683, 25.7418175]]}, "properties": {"project": "PH7113", "date": "19751101", "kind": "Natural.Mean High Water", "source": "TP00425"}}, {"type": "Feature", "geometry": {"type": "LineString", "coordinates": [[-80.1446674, 25.7418737], [-80.1447056, 25.7418797], [-80.1447408, 25.7418655], [-80.1447921, 25.7418325], [-80.1449252, 25.7417322], [-80.1449943, 25.7416633], [-80.1450152, 25.7416403], [-80.1450667, 25.7415799], [-80.1451087, 25.7415079], [-80.1451555, 25.7414273], [-80.1452397, 25.7412559], [-80.1453271, 25.7410715], [-80.1453741, 25.7409735], [-80.1453807, 25.7409403], [-80.1453921, 25.7409014], [-80.145405, 25.7408812]]}, "properties": {"project": "PH7113", "date": "19751101", "kind": "Natural.Mean High Water", "source": "TP00425"}}, {"type": "Feature", "geometry": {"type": "LineString", "coordinates": [[-80.145405, 25.7408812], [-80.145319, 25.7408404]]}, "properties": {"project": "PH7113", "date": "19751101", "kind": "Undetermined Alongshore Feature", "source": "TP00425"}}, {"type": "Feature", "geometry": {"type": "LineString", "coordinates": [[-80.145405, 25.7408812], [-80.1454512, 25.7409003], [-80.1455405, 25.7408994], [-80.1455853, 25.7408852], [-80.145638, 25.7408653], [-80.1456844, 25.7408554], [-80.1457307, 25.7408413], [-80.1457676, 25.7408212], [-80.1458157, 25.7407869], [-80.1458558, 25.7407481], [-80.145909, 25.7406791], [-80.1459557, 25.7406114], [-80.1460155, 25.740502], [-80.1460494, 25.7404502], [-80.1460703, 25.7404156], [-80.1461059, 25.7403465], [-80.1461512, 25.7402586], [-80.1462014, 25.7401564], [-80.146242, 25.7400613]]}, "properties": {"project": "PH7113", "date": "19751101", "kind": "Natural.Mean High Water", "source": "TP00425"}}, {"type": "Feature", "geometry": {"type": "LineString", "coordinates": [[-80.146242, 25.7400613], [-80.1461353, 25.7399727]]}, "properties": {"project": "PH7113", "date": "19751101", "kind": "Undetermined Alongshore Feature", "source": "TP00425"}}, {"type": "Feature", "geometry": {"type": "LineString", "coordinates": [[-80.169361, 25.7424645], [-80.169206, 25.7423824], [-80.1690721, 25.7423005], [-80.1689881, 25.7422355], [-80.1689068, 25.7421777], [-80.1688413, 25.7421176], [-80.1687758, 25.7420504], [-80.1687261, 25.7419952], [-80.1686658, 25.7419543], [-80.1684665, 25.7417883], [-80.1683197999999, 25.7416562], [-80.1681862, 25.7415288], [-80.1678953, 25.741274], [-80.1677145, 25.741113], [-80.1675022, 25.7409184], [-80.1673503, 25.740779], [-80.1671982, 25.7406611], [-80.1670748, 25.7405744], [-80.1669334, 25.7404399], [-80.1666713, 25.7402163], [-80.1665114, 25.7400745], [-80.1664276, 25.7399976], [-80.166357, 25.7399136], [-80.1663362, 25.7398729], [-80.1663129, 25.7398035000001], [-80.1662762, 25.739777], [-80.1662237, 25.7397457], [-80.1661764, 25.7397215]]}, "properties": {"project": "PH7113", "date": "19751101", "kind": "Natural.Mean High Water", "source": "TP00425"}}, {"type": "Feature", "geometry": {"type": "LineString", "coordinates": [[-80.1754025, 25.6872107], [-80.1755143, 25.6872156], [-80.1756773, 25.6872503], [-80.1758542, 25.6872936], [-80.1759474, 25.6873089], [-80.1761385, 25.6873163], [-80.1763646, 25.6873197], [-80.176409, 25.6873157], [-80.1764838, 25.6872781], [-80.1766267, 25.6871881], [-80.1766758, 25.687163], [-80.1767364, 25.6871633], [-80.1768436999999, 25.6871639], [-80.1768694, 25.6871535], [-80.1769115, 25.6871305], [-80.1769538, 25.6870906], [-80.1769704, 25.6870421], [-80.1769918, 25.6869915], [-80.1770223, 25.6869537], [-80.1770645, 25.6869222], [-80.1771113, 25.6869056], [-80.1771932, 25.6868617], [-80.1773643, 25.6867232], [-80.1774789, 25.6866731], [-80.1775443, 25.6866587], [-80.1777262, 25.6866534], [-80.1781157, 25.6866345], [-80.1783746, 25.686619], [-80.178489, 25.6866091], [-80.1785802, 25.6865674], [-80.1786622, 25.6865002], [-80.178735, 25.6864267], [-80.1787683, 25.6863276], [-80.178776, 25.6862262], [-80.1787648, 25.6861691], [-80.1787303, 25.6860886], [-80.1786912, 25.6860208], [-80.1785775, 25.6859336], [-80.1784893, 25.6858739], [-80.1784568, 25.685861], [-80.1784055, 25.6858671], [-80.1783727, 25.6858838], [-80.1783514, 25.6859259], [-80.1783489, 25.6859513], [-80.1783696, 25.6859915], [-80.1784834, 25.6860661], [-80.1785645, 25.6861321], [-80.1785898, 25.686185], [-80.1785963, 25.6862569], [-80.1785935, 25.6863203], [-80.1785676, 25.6863666], [-80.1784996, 25.686419], [-80.1783734, 25.6864627], [-80.178238, 25.686483], [-80.1780701, 25.6864884], [-80.1779419, 25.6864877], [-80.1778463, 25.6864808], [-80.1778162, 25.6864511], [-80.1777978, 25.6864109], [-80.1777981, 25.6863707], [-80.1778031, 25.6863306], [-80.1778266, 25.6862948], [-80.1778291, 25.6862653], [-80.1778225, 25.6862145], [-80.1778089, 25.6861616], [-80.1778934, 25.6860776], [-80.1780831, 25.685954], [-80.1780787, 25.685916], [-80.1781068, 25.6858929]]}, "properties": {"project": "PH7113", "date": "19751101", "kind": "Natural.Mean High Water", "source": "TP00425"}}, {"type": "Feature", "geometry": {"type": "LineString", "coordinates": [[-80.1716012, 25.6859702], [-80.1715643, 25.685913], [-80.1715069, 25.6857817]]}, "properties": {"project": "PH7113", "date": "19751101", "kind": "Pier", "source": "TP00425"}}, {"type": "Feature", "geometry": {"type": "LineString", "coordinates": [[-80.1674284, 25.685205], [-80.1672978, 25.6852085]]}, "properties": {"project": "PH7113", "date": "19751101", "kind": "Undetermined.Approximate", "source": "TP00425"}}, {"type": "Feature", "geometry": {"type": "LineString", "coordinates": [[-80.1674127, 25.6851183], [-80.1673007, 25.685124]]}, "properties": {"project": "PH7113", "date": "19751101", "kind": "Undetermined.Approximate", "source": "TP00425"}}, {"type": "Feature", "geometry": {"type": "LineString", "coordinates": [[-80.1712367, 25.6850787], [-80.1713992, 25.6855106], [-80.1715069, 25.6857817]]}, "properties": {"project": "PH7113", "date": "19751101", "kind": "Man-made", "source": "TP00425"}}, {"type": "Feature", "geometry": {"type": "LineString", "coordinates": [[-80.1628212, 25.6848702], [-80.1628606, 25.6849105], [-80.1630246, 25.6851206], [-80.1631176, 25.6851698], [-80.1632893, 25.6852785], [-80.1633849, 25.6852812], [-80.1634759, 25.6852775], [-80.1637207, 25.6852704], [-80.1639516, 25.6852675], [-80.1644646, 25.6852556], [-80.1648587, 25.6852452], [-80.1653204, 25.6852373], [-80.1656189, 25.6852284], [-80.1658148, 25.6852296], [-80.1659105, 25.6852153], [-80.1660294, 25.685216], [-80.1662159, 25.6852171], [-80.1664373999999, 25.6852078], [-80.1667172, 25.6852115], [-80.1667732, 25.6852012], [-80.1668852, 25.6851955], [-80.1670274, 25.6851985], [-80.1671696, 25.6852077], [-80.1672978, 25.6852085]]}, "properties": {"project": "PH7113", "date": "19751101", "kind": "Man-made", "source": "TP00425"}}, {"type": "Feature", "geometry": {"type": "LineString", "coordinates": [[-80.1628212, 25.6848702], [-80.1626728, 25.6847552]]}, "properties": {"project": "PH7113", "date": "19751101", "kind": "Undetermined.Approximate", "source": "TP00425"}}, {"type": "Feature", "geometry": {"type": "LineString", "coordinates": [[-80.1627362999999, 25.6846838], [-80.162894, 25.6847988]]}, "properties": {"project": "PH7113", "date": "19751101", "kind": "Undetermined.Approximate", "source": "TP00425"}}, {"type": "Feature", "geometry": {"type": "LineString", "coordinates": [[-80.1710648, 25.684651], [-80.1711291, 25.6847971], [-80.1712367, 25.6850787]]}, "properties": {"project": "PH7113", "date": "19751101", "kind": "Pier", "source": "TP00425"}}, {"type": "Feature", "geometry": {"type": "LineString", "coordinates": [[-80.1710648, 25.684651], [-80.1709017, 25.6846374]]}, "properties": {"project": "PH7113", "date": "19751101", "kind": "Undetermined.Approximate", "source": "TP00425"}}, {"type": "Feature", "geometry": {"type": "LineString", "coordinates": [[-80.1710196, 25.6844437], [-80.1712016, 25.6844215]]}, "properties": {"project": "PH7113", "date": "19751101", "kind": "Undetermined.Approximate", "source": "TP00425"}}, {"type": "Feature", "geometry": {"type": "LineString", "coordinates": [[-80.1712016, 25.6844215], [-80.1713626, 25.6844097], [-80.1714276, 25.6844418], [-80.1720479, 25.6847643], [-80.1725056, 25.6849972], [-80.1725962, 25.6850421], [-80.172652, 25.6850762], [-80.1729071, 25.6852699], [-80.173146, 25.6854487], [-80.1733755, 25.6856359], [-80.1736861, 25.6858996], [-80.1739969, 25.6861359], [-80.1741268, 25.6862338], [-80.1742382, 25.6863168], [-80.1745582, 25.6865637], [-80.1748249, 25.6867702], [-80.1753584, 25.6871788], [-80.1754025, 25.6872107]]}, "properties": {"project": "PH7113", "date": "19751101", "kind": "Man-made", "source": "TP00425"}}, {"type": "Feature", "geometry": {"type": "LineString", "coordinates": [[-80.146242, 25.7400613], [-80.1463199, 25.7400964], [-80.146409, 25.74012], [-80.1464441, 25.7401231], [-80.1464872, 25.7401133], [-80.1465672, 25.7400863], [-80.1466872, 25.7400306], [-80.1467194, 25.7399976], [-80.1467757, 25.7399257], [-80.1468128, 25.7398696], [-80.146853, 25.7398265], [-80.1468964, 25.7397747], [-80.1469367, 25.7397143], [-80.146969, 25.7396552], [-80.1470079, 25.7395789], [-80.1470564, 25.7394766], [-80.1470873, 25.739406]]}, "properties": {"project": "PH7113", "date": "19751101", "kind": "Natural.Mean High Water", "source": "TP00425"}}, {"type": "Feature", "geometry": {"type": "LineString", "coordinates": [[-80.1470873, 25.739406], [-80.1470255999999, 25.7393541]]}, "properties": {"project": "PH7113", "date": "19751101", "kind": "Undetermined Alongshore Feature", "source": "TP00425"}}, {"type": "Feature", "geometry": {"type": "LineString", "coordinates": [[-80.1618579, 25.711879], [-80.161984, 25.7118565], [-80.162131, 25.7118383], [-80.1623386, 25.7118311], [-80.1626139, 25.7118263], [-80.1626697, 25.7118457], [-80.1626977, 25.7118458], [-80.162721, 25.7118438], [-80.1627562, 25.7118187], [-80.1628055, 25.711764], [-80.1628923, 25.7116948], [-80.1629343, 25.711693], [-80.1629926, 25.7116891], [-80.1630346, 25.7116914], [-80.163188, 25.7117599], [-80.1632134, 25.7118023], [-80.1632225, 25.7118362000001], [-80.1632315, 25.7118763], [-80.1632312, 25.7119165], [-80.1632026, 25.7120093], [-80.163076, 25.71211], [-80.1630546, 25.7121648], [-80.1630707, 25.7121881], [-80.1631149, 25.7122095], [-80.1631122, 25.7122623], [-80.1630907, 25.7123361], [-80.1630368, 25.7123738], [-80.1629458, 25.7123817], [-80.1628781, 25.7123919], [-80.1628382, 25.7124318], [-80.1628168, 25.7124845], [-80.1627277, 25.7125537], [-80.1626667, 25.712602], [-80.1626572, 25.7126273], [-80.1626571, 25.7126442], [-80.1626757, 25.7126569], [-80.1626967, 25.7126592], [-80.1627294, 25.7126509], [-80.1628436, 25.7126516], [-80.162904, 25.7126899], [-80.1629663, 25.7127896], [-80.1630032, 25.7128447], [-80.1630023, 25.7129673], [-80.1628969, 25.7130364], [-80.1627632, 25.7131454], [-80.1626385, 25.7133095], [-80.1625871, 25.7133219], [-80.1625218, 25.7133215], [-80.1624867, 25.7133319], [-80.1624796, 25.7133509], [-80.1624954, 25.7134249], [-80.1624998, 25.7134672], [-80.1624737, 25.7135262], [-80.1623892, 25.7135996], [-80.1623098, 25.7136266], [-80.1622537, 25.7136326], [-80.1622232, 25.7136684], [-80.1621343, 25.7137038], [-80.1621015, 25.7137332], [-80.1621105, 25.7137734], [-80.1621567, 25.7138434], [-80.1621914, 25.7138752], [-80.1622635, 25.713901], [-80.1623378, 25.7139564], [-80.1623982, 25.7139884], [-80.1624331, 25.713997], [-80.1624704, 25.7139973], [-80.1625428, 25.713985], [-80.1626216, 25.7140488], [-80.1626773, 25.7140872], [-80.1627403, 25.7140918], [-80.1627753, 25.7140856], [-80.1628127, 25.7140795], [-80.1628454, 25.7140649], [-80.1628899, 25.7140398], [-80.1629344, 25.7140042], [-80.1630988, 25.7138445000001], [-80.1631385, 25.7138363], [-80.1632969, 25.713871], [-80.163483, 25.7139334], [-80.1635178, 25.7139547], [-80.1635804, 25.71401], [-80.1636037, 25.7140164], [-80.1636619, 25.714021], [-80.1637509, 25.7139771], [-80.1638209, 25.7139712], [-80.1639305, 25.713974], [-80.1640422, 25.7140021], [-80.164084, 25.7140234], [-80.1642652, 25.7141322], [-80.1643142, 25.7141325], [-80.1643607, 25.7141454], [-80.1644002, 25.7141626], [-80.1644164, 25.7141838], [-80.1644301, 25.7142282], [-80.1644274, 25.7142852], [-80.1643553, 25.7145785], [-80.1643132, 25.7146057], [-80.1642801, 25.7146626], [-80.164205, 25.7147361], [-80.1642162, 25.7147953], [-80.1642253, 25.7148291], [-80.1642131999999, 25.7148924], [-80.1642199, 25.7149326], [-80.1642198, 25.7149495], [-80.1642104, 25.7149579], [-80.164201, 25.7149684], [-80.1641986, 25.7149895], [-80.1642031, 25.7150044], [-80.1642169, 25.7150298], [-80.1642192, 25.7150425], [-80.1642191, 25.7150594], [-80.1642143, 25.7150762], [-80.1642049, 25.7150846], [-80.1641838, 25.7150951], [-80.1641674, 25.7151034], [-80.1641487, 25.7151139], [-80.16413, 25.7151222], [-80.1641136, 25.7151264], [-80.164095, 25.7151284], [-80.1640857, 25.7151241], [-80.1640694, 25.7151134], [-80.1640555, 25.7151091], [-80.1640438, 25.7151112], [-80.1640344, 25.7151175], [-80.1640156, 25.7151364], [-80.1639872, 25.7151954], [-80.1639047, 25.715328], [-80.1638507, 25.7153763], [-80.1638294, 25.7154163], [-80.1637732, 25.7154561], [-80.1636678, 25.7155125], [-80.1636236, 25.7155102], [-80.1636026, 25.7155037], [-80.1635816, 25.7154994], [-80.1635607, 25.7154971000001], [-80.1635442, 25.7155118], [-80.1635348, 25.715535], [-80.1635182, 25.7155645], [-80.16349, 25.7156045], [-80.1634688, 25.7156234], [-80.1634524, 25.7156381], [-80.1634383, 25.7156485], [-80.1634382, 25.7156654], [-80.1634381, 25.7156844], [-80.1634519999999, 25.7156972], [-80.1634424, 25.7157288], [-80.1634191, 25.7157308], [-80.1634122, 25.715716], [-80.1634123, 25.7157054], [-80.163417, 25.7156949], [-80.1634218, 25.715678], [-80.1634243, 25.7156632], [-80.163408, 25.7156568], [-80.16338, 25.7156524], [-80.1633335, 25.7156289], [-80.1633196, 25.7156162], [-80.1633057, 25.7156034], [-80.1632848, 25.7155927], [-80.1632685, 25.7155884], [-80.1632475, 25.7155862], [-80.1632266, 25.7155861], [-80.1632032, 25.7155923], [-80.1631961, 25.715607], [-80.163196, 25.7156239], [-80.1631958, 25.715645], [-80.1631841, 25.7156598], [-80.1631724, 25.7156597], [-80.1631537, 25.7156617], [-80.1631281, 25.7156573], [-80.1630537, 25.7156294], [-80.1629768, 25.7156163], [-80.1629442, 25.715614], [-80.1628792, 25.7155672], [-80.162849, 25.715548], [-80.1628327, 25.7155479], [-80.162821, 25.7155478], [-80.162807, 25.7155477], [-80.162793, 25.7155561], [-80.1627719, 25.7155665], [-80.1627626, 25.7155686], [-80.1627439, 25.7155685], [-80.1627276, 25.7155684], [-80.1627137, 25.715562], [-80.1626951, 25.7155513], [-80.1626718, 25.7155406], [-80.1626602, 25.7155384], [-80.1626392, 25.7155341], [-80.1626276, 25.715534], [-80.1626088, 25.7155445], [-80.1625783, 25.7155718], [-80.1625266, 25.7156349], [-80.1624816, 25.7157297], [-80.1624506, 25.7158288], [-80.1624667, 25.7158648], [-80.1625268, 25.7159391], [-80.1625382, 25.715975], [-80.1625353, 25.7160574], [-80.1624909, 25.7160677], [-80.1624046, 25.7160757], [-80.1623439, 25.7160732], [-80.1622974, 25.7160624], [-80.1622741, 25.7160538], [-80.1622532, 25.7160389], [-80.162237, 25.716024], [-80.1622254, 25.7160113], [-80.1622045, 25.7159985], [-80.1621789, 25.7159899], [-80.1621556, 25.7159876], [-80.1621323, 25.7159896], [-80.1621043, 25.7159895], [-80.162081, 25.7159893], [-80.1620693, 25.7159914], [-80.1620436, 25.7160039], [-80.1620272, 25.7160144], [-80.1620108, 25.7160248], [-80.1619944, 25.716029], [-80.1619781, 25.7160268], [-80.1619618, 25.7160203], [-80.1618968, 25.7159862], [-80.1618015, 25.7159328], [-80.1617736, 25.71592], [-80.1617434, 25.7159156], [-80.1617059, 25.7159301], [-80.1616893, 25.7159744000001], [-80.161684, 25.7160694], [-80.1616463, 25.7161178], [-80.1616344, 25.7161536], [-80.1615852, 25.7161851], [-80.1614803, 25.7161823], [-80.1613531, 25.7163548], [-80.1612494, 25.7165211], [-80.1611418, 25.7165564], [-80.1611158, 25.7166176], [-80.1610798, 25.716761], [-80.1610138, 25.7168493], [-80.1609151, 25.7169565], [-80.1608214, 25.7170173], [-80.1607996, 25.7171375], [-80.1607737, 25.7171691], [-80.160694, 25.7172257], [-80.1604831, 25.7173702], [-80.1604523, 25.7174355], [-80.1603515, 25.7175173], [-80.1602767, 25.7175444], [-80.1602344, 25.7175864], [-80.1601081, 25.7176406], [-80.1600708, 25.7176404000001], [-80.1600475, 25.717636], [-80.1600288, 25.7176317], [-80.1600125, 25.7176316], [-80.1599915, 25.7176399], [-80.1599751, 25.7176525], [-80.1599494, 25.7176545], [-80.1599307, 25.7176543], [-80.1599191, 25.7176522], [-80.1599098, 25.7176542], [-80.1598934, 25.7176605], [-80.1598604, 25.7177089], [-80.1598439, 25.7177257], [-80.1596874, 25.717767], [-80.1596546, 25.7177901], [-80.1596521, 25.7178133], [-80.1596751, 25.7178641], [-80.1596749, 25.7178853], [-80.1596725, 25.7179021], [-80.1596161, 25.717961], [-80.1595572, 25.7180473], [-80.1595081, 25.7180596], [-80.1594753, 25.7180806], [-80.1594771, 25.7181588], [-80.1594534, 25.7182135], [-80.159404, 25.7182682], [-80.1592509, 25.718487], [-80.1591548, 25.7185498], [-80.1591379, 25.7186321], [-80.1590255, 25.7187075000001], [-80.1589155, 25.7187513], [-80.158908, 25.7188209], [-80.1588751, 25.718863], [-80.1588119, 25.7189028], [-80.1587464999999, 25.7189108], [-80.1585992, 25.7189586], [-80.1584725, 25.719074], [-80.1584257, 25.7190865], [-80.1583768, 25.7190883], [-80.1583557, 25.7190966], [-80.1583394, 25.7191007], [-80.1583184, 25.7191006], [-80.1582811, 25.7191004], [-80.1582624, 25.7191024], [-80.1582507, 25.7191045], [-80.1582226, 25.7191212], [-80.1581968, 25.7191379], [-80.1581663, 25.7191652], [-80.1581383, 25.7191693], [-80.158108, 25.7191712], [-80.158094, 25.7191712], [-80.1580846, 25.7191732], [-80.1580683, 25.7191816], [-80.1580565, 25.7191942], [-80.1580448, 25.7192047], [-80.1580376, 25.7192258], [-80.1580329, 25.7192363], [-80.1580327, 25.7192659], [-80.1580062, 25.7193798], [-80.1579405, 25.7194365], [-80.1578069, 25.7195371], [-80.1578021, 25.7195561], [-80.1578066, 25.7195751], [-80.1578299, 25.7195858], [-80.157902, 25.7196095], [-80.1579368, 25.719635], [-80.1580495, 25.7198575], [-80.1580491, 25.7199145], [-80.158002, 25.7199861], [-80.1579573, 25.7200365], [-80.157882, 25.720129], [-80.1578447, 25.7201267], [-80.1578308, 25.7201203], [-80.1578121, 25.7201139], [-80.1577912, 25.7201116], [-80.1577772, 25.7201115], [-80.1577631, 25.720122], [-80.1577584, 25.7201326], [-80.1577583, 25.7201452], [-80.1577745, 25.7201601], [-80.1578046, 25.720192], [-80.1578045, 25.7202025], [-80.1578044, 25.7202237], [-80.1577267, 25.7203267], [-80.1576823, 25.7203392], [-80.1575843, 25.7203428], [-80.1575562, 25.7203532], [-80.1575446, 25.7203553], [-80.1575329, 25.7203552], [-80.1575189, 25.7203551], [-80.1575073, 25.7203424], [-80.1575005, 25.7203254], [-80.157489, 25.7203042], [-80.1574775, 25.7202767], [-80.1574613, 25.7202597], [-80.1574427, 25.720249], [-80.1574264, 25.7202405], [-80.1574032, 25.7202235], [-80.1573754, 25.7202064], [-80.1572967, 25.7201193], [-80.1572111, 25.7200259], [-80.1571715, 25.7200193], [-80.1571295, 25.7200212], [-80.1570521, 25.7200841], [-80.1570424, 25.7201242], [-80.1570445999999, 25.7201474], [-80.1571281, 25.7202134], [-80.1571699, 25.7202432], [-80.1571744, 25.720258], [-80.157179, 25.7202792], [-80.1571531, 25.7203129], [-80.1571041, 25.7203168], [-80.1570689, 25.7203462], [-80.1570475, 25.7203946], [-80.1570488, 25.7205404], [-80.1570596, 25.7206672], [-80.1570842, 25.720811], [-80.1570789, 25.7209018], [-80.1570106, 25.7210007], [-80.156952, 25.7210490000001], [-80.1568819, 25.7210676], [-80.156814, 25.7210989], [-80.1567814, 25.7210902], [-80.1567675, 25.7210775], [-80.1567536, 25.721069], [-80.1567327, 25.7210583], [-80.1567234, 25.721054], [-80.1567048, 25.7210433], [-80.1566931999999, 25.7210306], [-80.1566747, 25.7210115], [-80.1566561, 25.7209966], [-80.1566422, 25.7209859], [-80.156619, 25.7209731], [-80.1566027, 25.7209688], [-80.1565794, 25.7209623], [-80.1565584, 25.7209643], [-80.156542, 25.7209769], [-80.1565279, 25.7209874], [-80.1565092, 25.7209957], [-80.1564929, 25.7209998], [-80.1564789, 25.7209998], [-80.1564648, 25.7210039], [-80.1564485, 25.721008], [-80.1564368, 25.7210164], [-80.1564296, 25.7210375], [-80.1564247, 25.7210713], [-80.1564314, 25.7211093], [-80.156443, 25.7211242], [-80.1564639, 25.721137], [-80.1564779, 25.7211413], [-80.1564778, 25.7211519], [-80.1564754, 25.7211645], [-80.1564659, 25.7211793], [-80.1564425, 25.7211981], [-80.1563885, 25.7212506], [-80.1562804, 25.7213641], [-80.1562382, 25.7213892], [-80.1561216, 25.7213864], [-80.1560868, 25.7213714], [-80.1560845, 25.7213566], [-80.15608, 25.7213376], [-80.1560731, 25.7213228], [-80.1560545, 25.72131], [-80.1560429, 25.7213036], [-80.1560267, 25.721295], [-80.156001, 25.7212907], [-80.1559847, 25.7212927], [-80.1559637, 25.7212989], [-80.1558654, 25.721349], [-80.1558536, 25.7213637], [-80.1558534, 25.7213912], [-80.1559644, 25.7215186], [-80.1559688, 25.7215588], [-80.1559493, 25.7216854], [-80.1559692, 25.7218397], [-80.1559524, 25.7219051], [-80.1559613, 25.7219707], [-80.1559281, 25.7220381], [-80.1558434, 25.7221496], [-80.1558475, 25.7222299], [-80.1558393, 25.722403], [-80.1557639, 25.7224998], [-80.1556047, 25.7225855], [-80.1555299, 25.7226188], [-80.1554715, 25.7226227], [-80.1554436, 25.7226183], [-80.1554063, 25.7226076], [-80.1553877, 25.722599], [-80.1553621, 25.7225946], [-80.1553341, 25.7225945], [-80.1552875, 25.7225963], [-80.1552618, 25.7226025000001], [-80.1552314, 25.7226129], [-80.155201, 25.7226296], [-80.1550812, 25.722743], [-80.1550345, 25.7227575], [-80.1547845, 25.722811], [-80.1547634, 25.7228236], [-80.1547262, 25.7228149], [-80.1546772, 25.7228125], [-80.1546375, 25.7228249], [-80.1545952, 25.7228627], [-80.1545786, 25.7229049], [-80.1545574, 25.7229364], [-80.1545363, 25.7229596], [-80.1544964, 25.7229868], [-80.1544495, 25.7230309], [-80.1544097, 25.7230433], [-80.154384, 25.7230474], [-80.1543374, 25.7230471], [-80.1543071, 25.7230469], [-80.1542721, 25.7230467], [-80.1542488, 25.7230466], [-80.1541927, 25.7230547], [-80.154174, 25.7230673], [-80.1541739, 25.7230842], [-80.1541855, 25.7230948], [-80.1542134, 25.7230992], [-80.1542507, 25.7230994], [-80.1543673, 25.7231001]]}, "properties": {"project": "PH7113", "date": "19751101", "kind": "Natural.Mean High Water", "source": "TP00425"}}, {"type": "Feature", "geometry": {"type": "LineString", "coordinates": [[-80.1612582, 25.711603], [-80.161291, 25.7115758], [-80.1612888, 25.7115567], [-80.1612819, 25.7115419], [-80.1612773, 25.7115313], [-80.1612634, 25.7115249], [-80.1612494, 25.7115185], [-80.1612308, 25.711512], [-80.1612169, 25.7115035], [-80.1612029, 25.7115013], [-80.1611773, 25.7114969], [-80.1611516, 25.7114989], [-80.1611094, 25.7115304], [-80.1611023, 25.7115514], [-80.1611091, 25.7115811], [-80.1611346, 25.711596], [-80.1611789, 25.7116047], [-80.1612582, 25.711603]]}, "properties": {"project": "PH7113", "date": "19751101", "kind": "Natural.Mean High Water", "source": "TP00425"}}, {"type": "Feature", "geometry": {"type": "LineString", "coordinates": [[-80.1611404, 25.6835127], [-80.1611509, 25.6836754], [-80.161174, 25.6837093], [-80.1613383, 25.6838835], [-80.1615379, 25.6840114], [-80.1619161, 25.6842671], [-80.1621273, 25.6844183], [-80.16222, 25.6844865], [-80.1622571, 25.6845226], [-80.1623567, 25.6846225], [-80.1623797, 25.6846543], [-80.1626728, 25.6847552]]}, "properties": {"project": "PH7113", "date": "19751101", "kind": "Man-made", "source": "TP00425"}}, {"type": "Feature", "geometry": {"type": "LineString", "coordinates": [[-80.1611404, 25.6835127], [-80.1611348, 25.6833119]]}, "properties": {"project": "PH7113", "date": "19751101", "kind": "Undetermined.Approximate", "source": "TP00425"}}, {"type": "Feature", "geometry": {"type": "LineString", "coordinates": [[-80.161263, 25.6833084], [-80.1613059, 25.6835115]]}, "properties": {"project": "PH7113", "date": "19751101", "kind": "Undetermined.Approximate", "source": "TP00425"}}, {"type": "Feature", "geometry": {"type": "LineString", "coordinates": [[-80.1568276, 25.7262483], [-80.1564531, 25.7258966], [-80.1564712, 25.7258804], [-80.1565203, 25.7259132], [-80.1568502, 25.726224]]}, "properties": {"project": "PH7113", "date": "19751101", "kind": "Pier", "source": "TP00425"}}, {"type": "Feature", "geometry": {"type": "LineString", "coordinates": [[-80.1586676, 25.7258748], [-80.1586324, 25.7260941]]}, "properties": {"project": "PH7113", "date": "19751101", "kind": "Undetermined.Approximate", "source": "TP00425"}}, {"type": "Feature", "geometry": {"type": "LineString", "coordinates": [[-80.1568502, 25.726224], [-80.157322, 25.7258081]]}, "properties": {"project": "PH7113", "date": "19751101", "kind": "Man-made", "source": "TP00425"}}, {"type": "Feature", "geometry": {"type": "LineString", "coordinates": [[-80.1575376, 25.7257809], [-80.1576297, 25.7257632], [-80.1578203, 25.7257643], [-80.1580154, 25.7257878], [-80.158179, 25.7258111], [-80.1582598, 25.7258075], [-80.1583676, 25.7257837], [-80.1584552, 25.7257679000001], [-80.1585696, 25.7257727000001], [-80.1586278, 25.7257893], [-80.1586635, 25.725826], [-80.1586676, 25.7258748]]}, "properties": {"project": "PH7113", "date": "19751101", "kind": "Natural.Mean High Water", "source": "TP00425"}}, {"type": "Feature", "geometry": {"type": "LineString", "coordinates": [[-80.1573469, 25.7257778], [-80.1574484, 25.725691], [-80.1575376, 25.7257809]]}, "properties": {"project": "PH7113", "date": "19751101", "kind": "Man-made", "source": "TP00425"}}, {"type": "Feature", "geometry": {"type": "LineString", "coordinates": [[-80.1666948, 25.7119831], [-80.1667688, 25.7118318], [-80.1667821, 25.7117813], [-80.1667736, 25.7117618], [-80.1667565, 25.7117461], [-80.1667223, 25.7117304], [-80.1667009, 25.7117225], [-80.1666666, 25.7117067], [-80.1666624, 25.7116911], [-80.1666626, 25.7116639], [-80.1666714, 25.7116406], [-80.16668, 25.711629], [-80.1666974, 25.7116096], [-80.1667061, 25.7115902], [-80.1667149, 25.7115513], [-80.1667152, 25.7115163], [-80.1667154, 25.7114852], [-80.1667157, 25.7114424], [-80.1667295, 25.7113141], [-80.1667732, 25.7112015], [-80.1668255, 25.7110929], [-80.1668818, 25.7110309], [-80.1669551, 25.7109924], [-80.1669685, 25.7109147], [-80.1668921999999, 25.7107664], [-80.1668325, 25.7107038], [-80.1666656, 25.7106250000001], [-80.1664514, 25.7105421], [-80.1663183, 25.7105375], [-80.1660428, 25.7106176], [-80.1657368, 25.7107793], [-80.1656166, 25.710763], [-80.1654579, 25.7107388], [-80.1653375, 25.7107614], [-80.1650916, 25.7109156], [-80.1649402, 25.7110665], [-80.1649054, 25.7111363], [-80.1649006, 25.7111986], [-80.1649218, 25.7112493], [-80.1650069, 25.7113548], [-80.1650539, 25.7113979], [-80.1650752, 25.7114136], [-80.1651009, 25.7114293], [-80.1651266, 25.7114333], [-80.165161, 25.7114335], [-80.1652555, 25.7114302], [-80.1652984, 25.7114382], [-80.1653283, 25.7114539], [-80.1653411, 25.7114735], [-80.165358, 25.7115086], [-80.1653621, 25.7115358], [-80.1653619, 25.711567], [-80.1653616, 25.7116059], [-80.1653092, 25.7117417], [-80.1653258, 25.7118119], [-80.165377, 25.7118627], [-80.1654283, 25.7118981], [-80.1654624, 25.7119333], [-80.1654924, 25.7119451], [-80.1655182, 25.7119453], [-80.1655828, 25.7119223], [-80.1656345, 25.7119031], [-80.1657248, 25.7118842], [-80.1658017, 25.711943], [-80.165853, 25.7119783], [-80.1660418, 25.7119988], [-80.1661361, 25.7120266], [-80.1662218, 25.7120582], [-80.1664023, 25.7120398], [-80.1664497, 25.7120245], [-80.1664626, 25.7120129], [-80.16648, 25.7119858], [-80.166493, 25.7119664], [-80.1665146, 25.7119548], [-80.1665446, 25.7119589], [-80.166566, 25.7119668], [-80.1665831, 25.7119786], [-80.1665959, 25.7119942], [-80.166613, 25.712006], [-80.1666431, 25.7120062], [-80.1666602, 25.7120102], [-80.1666948, 25.7119831]]}, "properties": {"project": "PH7113", "date": "19751101", "kind": "Natural.Mean High Water", "source": "TP00425"}}, {"type": "Feature", "geometry": {"type": "LineString", "coordinates": [[-80.1679948, 25.7103614], [-80.1680415, 25.7103426], [-80.1680626, 25.7103237], [-80.168072, 25.7103132], [-80.1680815, 25.7102964], [-80.1680839, 25.7102858], [-80.1680887, 25.7102668], [-80.1680912, 25.7102457], [-80.1680983, 25.7102246], [-80.1681031, 25.7102078], [-80.1681148, 25.7101952], [-80.1681266, 25.7101868], [-80.168136, 25.7101763], [-80.1681594, 25.7101616], [-80.1681689, 25.7101363], [-80.1681667, 25.7101131], [-80.1681505, 25.7100982], [-80.1681389, 25.7100876], [-80.1681204, 25.7100684], [-80.1681182, 25.7100536], [-80.1681206, 25.7100325], [-80.1681209, 25.7099987], [-80.1681261, 25.7099248], [-80.1681217, 25.7098868], [-80.1680917, 25.7098401], [-80.1680314, 25.7097848], [-80.1679848, 25.7097846], [-80.1679477, 25.7097569], [-80.1678778, 25.7097438], [-80.1677938, 25.7097412], [-80.1676654, 25.7097616], [-80.1675904, 25.7098267], [-80.1675201, 25.7098706], [-80.1674377, 25.7099843], [-80.167402, 25.7100833], [-80.1674014, 25.71017], [-80.1674009, 25.710246], [-80.1674424, 25.7103181], [-80.1675517, 25.7103567], [-80.1676027, 25.7103972], [-80.1676329, 25.7104185], [-80.1676655, 25.7104186], [-80.1676842, 25.7104145], [-80.1677076, 25.7104083], [-80.1677263, 25.7104063], [-80.1677589, 25.7104128], [-80.1677752, 25.7104172], [-80.1677892, 25.7104172], [-80.1678102, 25.7104131], [-80.1678312, 25.7104027], [-80.167857, 25.7103902], [-80.1678757, 25.7103818000001], [-80.1679037, 25.7103735], [-80.1679201, 25.7103715], [-80.1679434, 25.7103695], [-80.1679948, 25.7103614]]}, "properties": {"project": "PH7113", "date": "19751101", "kind": "Natural.Mean High Water", "source": "TP00425"}}, {"type": "Feature", "geometry": {"type": "LineString", "coordinates": [[-80.1586588, 25.683304], [-80.1587399, 25.6833763], [-80.1589371, 25.6835127], [-80.1589628, 25.683498], [-80.1590287, 25.6834097], [-80.1590991, 25.6833425], [-80.1591906, 25.6832669], [-80.1592679, 25.6832125], [-80.1593452, 25.6831664], [-80.1594528, 25.6831142], [-80.159565, 25.6830705], [-80.1596421, 25.6830498], [-80.1597425, 25.6830314], [-80.1597892, 25.6830253], [-80.1600225, 25.6829971], [-80.1602885, 25.6829775], [-80.1607877, 25.6829339], [-80.1608973, 25.6829261], [-80.1609347, 25.6829157], [-80.1610327, 25.6829078], [-80.1610598, 25.6830284], [-80.1611348, 25.6833119]]}, "properties": {"project": "PH7113", "date": "19751101", "kind": "Man-made", "source": "TP00425"}}, {"type": "Feature", "geometry": {"type": "LineString", "coordinates": [[-80.1776903, 25.6719397], [-80.1776915, 25.6717768], [-80.1775144, 25.6717807], [-80.1775146, 25.6719437], [-80.1776903, 25.6719397]]}, "properties": {"project": "PH7113", "date": "19751101", "kind": "Man-made", "source": "TP00425"}}, {"type": "Feature", "geometry": {"type": "LineString", "coordinates": [[-80.1731946, 25.7104416], [-80.1731918, 25.7105134], [-80.1733355, 25.7106347], [-80.17334, 25.7106622], [-80.1734257, 25.7107493], [-80.1734233, 25.7107662], [-80.1734138, 25.7107788], [-80.1733998, 25.7107787], [-80.1733835, 25.7107765], [-80.1733673, 25.7107658], [-80.1733441, 25.7107488], [-80.1733185, 25.7107423], [-80.1732905, 25.71074], [-80.1732718, 25.7107463], [-80.1732671, 25.7107589], [-80.1732623, 25.7107737], [-80.1732552, 25.7107884], [-80.1732435, 25.7107905], [-80.1732295, 25.7107904], [-80.1732132, 25.7107903], [-80.1731899, 25.7107838], [-80.1731596, 25.7107816], [-80.1731339, 25.7107856], [-80.1730849, 25.7108023], [-80.1730146, 25.7108399], [-80.1729561, 25.7108797], [-80.172907, 25.7108858], [-80.1728348, 25.7108811], [-80.1727441, 25.7108426], [-80.172679, 25.7108126], [-80.1726488, 25.710804], [-80.1726232, 25.7107891], [-80.172607, 25.7107721], [-80.1725861, 25.7107551], [-80.1725699, 25.7107444], [-80.1725374, 25.7107252], [-80.1725141, 25.7107124], [-80.1724841, 25.7106742], [-80.1724588, 25.7106149], [-80.1724685, 25.71056], [-80.1724573, 25.7105051], [-80.1724529, 25.710467], [-80.1724578, 25.7104248], [-80.1724534, 25.7103952000001], [-80.1724141, 25.71034], [-80.1723957, 25.7102956], [-80.1724031, 25.710247], [-80.1724363, 25.710169], [-80.1724344, 25.7101014], [-80.1724375, 25.7099916], [-80.1724213, 25.7099725], [-80.1723957, 25.7099681], [-80.1723794, 25.7099659], [-80.1723654, 25.7099658], [-80.172349, 25.7099699], [-80.1723373, 25.7099783], [-80.1723232, 25.7099994], [-80.1723158, 25.7100585], [-80.1722876, 25.7100879], [-80.1722619, 25.7100983], [-80.1722432, 25.7101024], [-80.1722245, 25.7101023], [-80.1721989, 25.7101001], [-80.1721733, 25.7100936000001], [-80.1721547, 25.710085], [-80.1721384, 25.7100786], [-80.1721268, 25.7100722], [-80.1721058, 25.7100679], [-80.1720895, 25.7100678], [-80.1720592, 25.7100697], [-80.1720148, 25.7100716], [-80.1719636, 25.7100565], [-80.1719451, 25.7100416], [-80.1719219, 25.7100267], [-80.1718939, 25.7100202], [-80.171866, 25.7100158], [-80.1718357, 25.7100114], [-80.1718101, 25.7100091], [-80.1717774, 25.7100047], [-80.1717589, 25.7099941], [-80.1717403, 25.7099834], [-80.1717194, 25.7099685], [-80.1716962, 25.7099557], [-80.1716799, 25.7099514], [-80.1716496, 25.7099427], [-80.171638, 25.7099406], [-80.171617, 25.7099383], [-80.1715913, 25.7099382], [-80.171575, 25.7099423], [-80.1715632, 25.7099613], [-80.1715537, 25.7099908], [-80.1715369, 25.7100583], [-80.1715411, 25.7101196], [-80.1714356, 25.7101993], [-80.1713793, 25.7102539], [-80.1713295, 25.710374], [-80.171252, 25.7104412], [-80.1710534, 25.7104992], [-80.1709346, 25.7104858], [-80.1708925, 25.7104941], [-80.1708899, 25.7105342], [-80.1709079, 25.7106357], [-80.1709052, 25.7106822], [-80.170886, 25.7107666], [-80.1708671, 25.7107981], [-80.1708367, 25.7108149], [-80.1708039, 25.7108316], [-80.1707758, 25.7108525], [-80.1707617, 25.7108694], [-80.1707313, 25.7108776], [-80.170715, 25.7108797], [-80.1707033, 25.7108796], [-80.1706848, 25.7108605], [-80.1706685, 25.710854], [-80.1706499, 25.7108518], [-80.1706242, 25.7108517], [-80.1706032, 25.7108516], [-80.170587, 25.7108451], [-80.1705684, 25.7108345], [-80.1705381, 25.7108322], [-80.1705171, 25.7108321], [-80.1704937, 25.7108383], [-80.170475, 25.7108424], [-80.1704564, 25.7108444], [-80.1704307, 25.7108442], [-80.1704027, 25.710842], [-80.1703748, 25.7108334], [-80.1703562, 25.7108227], [-80.170333, 25.7108162], [-80.1703166, 25.7108161], [-80.1702956, 25.710816], [-80.1702467, 25.7108115], [-80.1702211, 25.7108008], [-80.1701956, 25.7107859], [-80.1701817, 25.710771], [-80.1701585, 25.7107561], [-80.1701398, 25.7107517], [-80.1701003, 25.710741], [-80.1699885, 25.7107129], [-80.1699352, 25.7106682], [-80.1699097, 25.7106448], [-80.1698794, 25.7106383], [-80.1698702, 25.7106319], [-80.1698563, 25.7106086], [-80.1698495, 25.7105895], [-80.169845, 25.7105663], [-80.1698264, 25.7105493], [-80.1698078, 25.7105386], [-80.1697241, 25.7105149], [-80.1696289, 25.7104425], [-80.1695874, 25.7103852], [-80.1694714, 25.7102937], [-80.1694041, 25.7102448], [-80.1693438, 25.7102022], [-80.1692927, 25.710166], [-80.1692582, 25.7100982], [-80.1692001, 25.7100746], [-80.1691326, 25.7100488], [-80.1690886, 25.7100085], [-80.1690004, 25.7099488], [-80.1689075, 25.7098997000001], [-80.1688308, 25.7098507], [-80.1687656, 25.7098355], [-80.1686983, 25.7097929], [-80.1686753, 25.7097547], [-80.1685662, 25.7096738], [-80.1685129, 25.7096207], [-80.1685062, 25.7095911], [-80.1684969, 25.7095783], [-80.1684807, 25.7095571], [-80.1684552, 25.7095464], [-80.1684412, 25.70954], [-80.168425, 25.7095293], [-80.1683971, 25.7095165], [-80.1683322, 25.7094612], [-80.1682858, 25.709425], [-80.168251, 25.7093931], [-80.1682256, 25.7093571], [-80.1682027, 25.7092915], [-80.1681799999999, 25.7092068]]}, "properties": {"project": "PH7113", "date": "19751101", "kind": "Natural.Mean High Water", "source": "TP00425"}}, {"type": "Feature", "geometry": {"type": "LineString", "coordinates": [[-80.1787256, 25.7463508], [-80.178652, 25.7464054], [-80.1786036, 25.7464213], [-80.1785356, 25.7464355], [-80.1784318, 25.7464543], [-80.1783707, 25.746509], [-80.1783096, 25.7465523], [-80.1782505, 25.7465762], [-80.1781483, 25.7466226], [-80.1780892, 25.7466433], [-80.1780068, 25.7466574], [-80.177878, 25.7466858], [-80.1776972, 25.7467219], [-80.1776185, 25.7467344], [-80.1774969, 25.7467434], [-80.1772486, 25.7467355], [-80.1771646, 25.7467269], [-80.1770914, 25.7467135], [-80.1769097, 25.7466315], [-80.176607, 25.7464727], [-80.1764361, 25.7463746], [-80.1763791, 25.7463419], [-80.1763258, 25.7463043], [-80.1762902, 25.7462863], [-80.1762438, 25.7462731], [-80.1761689, 25.7462532], [-80.1760796, 25.7462349], [-80.1759673, 25.7461905], [-80.1757784, 25.7461182], [-80.1757357, 25.7460921], [-80.1757126, 25.7460725], [-80.1756575, 25.7460204], [-80.1755686, 25.7459583], [-80.1754957, 25.7459094], [-80.1753958, 25.7458748], [-80.1752017, 25.7457862], [-80.1750698, 25.7457272], [-80.174988, 25.7456749], [-80.174908, 25.7456032], [-80.1748601, 25.745556], [-80.174805, 25.7455136], [-80.1747161, 25.7454483], [-80.1746095, 25.7453619], [-80.1745828, 25.7453359], [-80.1745599, 25.745292], [-80.1745388, 25.7452466], [-80.1745265, 25.7452093], [-80.174516, 25.7451833], [-80.1744911, 25.7451573], [-80.1744698, 25.7451491], [-80.1744536, 25.7451538], [-80.1744534, 25.7451813], [-80.1744569, 25.7451992], [-80.1744461, 25.7452056], [-80.1743925, 25.7452069], [-80.1743604, 25.7452018], [-80.1743407, 25.7451969], [-80.1743122, 25.7451902], [-80.1742694, 25.7451754000001], [-80.1742444, 25.7451704], [-80.1742123, 25.7451589], [-80.174182, 25.7451539], [-80.1741338, 25.745152], [-80.1741016, 25.7451518], [-80.1740801, 25.7451533], [-80.1740192, 25.745174], [-80.1739474, 25.7452221], [-80.1738916, 25.7452849], [-80.1738464, 25.7453559], [-80.1737849, 25.7454672], [-80.173752, 25.7455609], [-80.1737495, 25.745671], [-80.173751, 25.7457163], [-80.1737718, 25.7458022], [-80.1738247, 25.745911], [-80.1738741, 25.7460003], [-80.1739468, 25.7460881], [-80.1740248999999, 25.7461663], [-80.1741421, 25.7462689], [-80.174295, 25.746388], [-80.1744087, 25.7464842], [-80.174462, 25.7465346], [-80.174556, 25.7466258], [-80.1746004, 25.7466795], [-80.1746376, 25.7467202], [-80.174657, 25.7467543], [-80.1747743, 25.7468554], [-80.1748952, 25.7469386], [-80.1750356, 25.7470528], [-80.1750872, 25.7470968], [-80.1751477, 25.7471263], [-80.1752153, 25.747172], [-80.1752828, 25.7472323], [-80.1753254, 25.7472778], [-80.175382, 25.7473575], [-80.1754385999999, 25.7474452], [-80.1754865, 25.7474909], [-80.1755523, 25.7475398], [-80.1756147, 25.7475742], [-80.1756841, 25.7476053], [-80.1757358, 25.7476283], [-80.1757857, 25.7476431], [-80.1758393, 25.747658], [-80.175873, 25.7476874], [-80.1758924, 25.7477215], [-80.1759279, 25.7477638], [-80.1759526, 25.7478076], [-80.1759524, 25.7478319], [-80.1759379, 25.7478723], [-80.1758823, 25.7479011], [-80.1755254, 25.7480819], [-80.1754842, 25.7480882], [-80.1754663, 25.7480881], [-80.1754342, 25.7480798], [-80.1754164, 25.74807], [-80.1753986, 25.7480585], [-80.1753791, 25.7480357], [-80.1753667999999, 25.7480114], [-80.1753403, 25.7479594], [-80.1752908, 25.7478912], [-80.1751915, 25.7477805], [-80.1750635, 25.7476745], [-80.1750013, 25.7476191], [-80.1748664, 25.7474969], [-80.1747704, 25.7474138], [-80.1746675, 25.7473096], [-80.1745699, 25.7472054], [-80.1745416, 25.7471632], [-80.1745168, 25.7471307], [-80.1744831, 25.7471013], [-80.1743765, 25.7470084], [-80.1742413, 25.7469105], [-80.1741666, 25.7468583], [-80.1741221, 25.7468321], [-80.1740813, 25.7467947], [-80.1740193, 25.7467198000001], [-80.1739305, 25.7466352], [-80.1738221, 25.7465439], [-80.1735912, 25.7463305], [-80.1735185, 25.7462524], [-80.1733924, 25.7461448], [-80.1732715, 25.7460534000001], [-80.1732234999999, 25.7460127], [-80.1731952, 25.7459705], [-80.1731741, 25.7459202], [-80.1731585, 25.7458456], [-80.1731344, 25.7457144], [-80.1731293, 25.7456771], [-80.1731197, 25.7455233], [-80.1731131, 25.7454326], [-80.1730975, 25.7453742], [-80.1730045, 25.7451179]]}, "properties": {"project": "PH7113", "date": "19751101", "kind": "Natural.Mean High Water", "source": "TP00425"}}, {"type": "Feature", "geometry": {"type": "LineString", "coordinates": [[-80.1604093, 25.7450449], [-80.1604228, 25.7450358], [-80.1604246, 25.7450176], [-80.160418, 25.7450069], [-80.1603995, 25.7450038], [-80.1603827, 25.7450052], [-80.1603693, 25.7450081], [-80.1603508, 25.7450096], [-80.1603507, 25.7450217], [-80.1603591, 25.7450263], [-80.1603724, 25.7450325], [-80.1603858, 25.7450387], [-80.1604093, 25.7450449]]}, "properties": {"project": "PH7113", "date": "19751101", "kind": "Natural.Mean High Water", "source": "TP00425"}}, {"type": "Feature", "geometry": {"type": "LineString", "coordinates": [[-80.1636118, 25.7463575], [-80.163495, 25.7462381], [-80.1634446, 25.7461416], [-80.1633766, 25.7460577], [-80.1632802, 25.7458971], [-80.1632435, 25.7458563], [-80.1632177, 25.7457773], [-80.1632127, 25.7457367], [-80.163213, 25.7457033], [-80.163213, 25.7456937], [-80.1632026, 25.7456841], [-80.1631895, 25.7456721], [-80.1631816, 25.7456649], [-80.1631658, 25.74566], [-80.1631421, 25.7456575], [-80.1631184, 25.745655], [-80.1631052, 25.7456549], [-80.1630682, 25.7456714], [-80.1629627, 25.7456708], [-80.1628388, 25.7456653], [-80.1627703, 25.7456625], [-80.1627252, 25.7456909], [-80.1626883, 25.7456979], [-80.1626408, 25.7456952], [-80.1626039, 25.7456902], [-80.1625723, 25.74569], [-80.1625591, 25.7456924], [-80.1625353, 25.745697], [-80.1625168, 25.7457064], [-80.1625035, 25.7457231], [-80.1625034, 25.7457374], [-80.1625033, 25.7457494], [-80.1625032, 25.7457613], [-80.1624979, 25.7457708], [-80.1624846, 25.7457827], [-80.1624662, 25.745785], [-80.1624477, 25.745792], [-80.1624291, 25.7458015], [-80.1624159, 25.7458085], [-80.1624053, 25.7458109], [-80.1623948, 25.745806], [-80.162387, 25.7457941], [-80.1623818, 25.7457845], [-80.1623766, 25.7457773], [-80.1623766, 25.7457653], [-80.1623846, 25.7457534], [-80.1623952, 25.745744], [-80.1624085, 25.7457369], [-80.1624138, 25.7457273], [-80.1624166, 25.745713], [-80.1624166, 25.7457011], [-80.1624246, 25.7456916], [-80.1624273, 25.7456797], [-80.1624301, 25.745663], [-80.1624382, 25.7456367], [-80.1624357, 25.74562], [-80.16242, 25.745596], [-80.1623911, 25.7455839], [-80.1623071, 25.7455357], [-80.1622046, 25.7454754], [-80.1621128, 25.7454176], [-80.1620183, 25.745343], [-80.161945, 25.7452781], [-80.1618902, 25.745199], [-80.1617802, 25.7450837], [-80.1617331, 25.7450381], [-80.1616703, 25.7449613], [-80.1616442, 25.7449301], [-80.1616337, 25.7449205], [-80.1616126, 25.744918], [-80.1615994, 25.7449179], [-80.161581, 25.7449202], [-80.1615571, 25.744932]]}, "properties": {"project": "PH7113", "date": "19751101", "kind": "Natural.Apparent.Mangrove Or Cypress", "source": "TP00425"}}, {"type": "Feature", "geometry": {"type": "LineString", "coordinates": [[-80.1605644, 25.7449621], [-80.1605846, 25.7449577], [-80.1605897, 25.7449471], [-80.1605915, 25.7449319], [-80.1605915, 25.7449212], [-80.1605899, 25.7449121], [-80.16059, 25.7449014], [-80.1605901, 25.7448908], [-80.1605969, 25.7448802], [-80.1605986, 25.744868], [-80.1605869, 25.7448619], [-80.1605735, 25.7448542], [-80.1605584, 25.7448556000001], [-80.160555, 25.7448678], [-80.1605398, 25.7448738000001], [-80.1605297, 25.7448752], [-80.160518, 25.7448782], [-80.1605045, 25.7448827], [-80.1604944, 25.7448902], [-80.1604876, 25.7449024], [-80.1604892, 25.7449115], [-80.1604958, 25.7449191], [-80.1605025, 25.7449268], [-80.1605108, 25.744936], [-80.1605242, 25.7449497], [-80.1605325, 25.7449543], [-80.1605426, 25.7449589], [-80.1605644, 25.7449621]]}, "properties": {"project": "PH7113", "date": "19751101", "kind": "Natural.Mean High Water", "source": "TP00425"}}, {"type": "Feature", "geometry": {"type": "LineString", "coordinates": [[-80.1724242, 25.7452975], [-80.172444, 25.7452847], [-80.1724584, 25.7452702], [-80.1724603, 25.7452492], [-80.172455, 25.7452362], [-80.1724534, 25.7452216], [-80.1724427, 25.7452102], [-80.1724268, 25.7451923], [-80.172393, 25.7451662], [-80.1723344, 25.7451093], [-80.1722901, 25.745054], [-80.1722155, 25.744992], [-80.17218, 25.7449578], [-80.1721337, 25.7449236], [-80.1720484, 25.7448648], [-80.1720039, 25.7448387], [-80.1719434, 25.7447898], [-80.1719042, 25.7447782], [-80.1718702, 25.7447894], [-80.1718629, 25.7448039], [-80.171861, 25.7448217], [-80.1718858, 25.744851], [-80.1719462, 25.7449047], [-80.1720263, 25.7449602], [-80.1720779, 25.7449929], [-80.17214, 25.745058], [-80.1721772, 25.745097], [-80.1722128, 25.745115], [-80.1722803, 25.7451802], [-80.1723406, 25.7452452], [-80.172378, 25.7452697], [-80.1724064, 25.7452877], [-80.1724242, 25.7452975]]}, "properties": {"project": "PH7113", "date": "19751101", "kind": "Natural.Mean High Water", "source": "TP00425"}}, {"type": "Feature", "geometry": {"type": "LineString", "coordinates": [[-80.1608607, 25.7448498], [-80.1609011, 25.7448409], [-80.1609096, 25.7448333], [-80.1609147, 25.7448197000001], [-80.1609147, 25.7448105], [-80.1609098, 25.7448014], [-80.1609015, 25.7447907], [-80.1608881, 25.7447754], [-80.1608532, 25.7447341], [-80.1608398, 25.7447265], [-80.160828, 25.7447249], [-80.1608146, 25.7447217], [-80.1608062, 25.7447263], [-80.1607977, 25.7447399], [-80.1607959, 25.7447521], [-80.1607958, 25.7447642], [-80.1607958, 25.7447764], [-80.1608074, 25.7447932], [-80.1608141, 25.7447993], [-80.1608224, 25.7448085], [-80.160824, 25.7448176], [-80.1608273, 25.7448268], [-80.1608289, 25.7448359], [-80.1608355, 25.7448496], [-80.1608607, 25.7448498]]}, "properties": {"project": "PH7113", "date": "19751101", "kind": "Natural.Mean High Water", "source": "TP00425"}}, {"type": "Feature", "geometry": {"type": "LineString", "coordinates": [[-80.1427094, 25.7457426], [-80.1427429, 25.7457471], [-80.1427956, 25.7457373], [-80.1428516, 25.7457102], [-80.1428964999999, 25.7456815], [-80.1429222, 25.7456542], [-80.1429578, 25.7455822], [-80.1429741, 25.7455419], [-80.1429905, 25.7454784], [-80.1430071, 25.7453947], [-80.1430298, 25.745337], [-80.143051, 25.745275], [-80.1430772, 25.7451813], [-80.1430888, 25.7451207], [-80.1431249, 25.7449822], [-80.1431579, 25.7448235], [-80.1431974, 25.7446576]]}, "properties": {"project": "PH7113", "date": "19751101", "kind": "Natural.Mean High Water", "source": "TP00425"}}, {"type": "Feature", "geometry": {"type": "LineString", "coordinates": [[-80.1431974, 25.7446576], [-80.1431423, 25.7446356]]}, "properties": {"project": "PH7113", "date": "19751101", "kind": "Undetermined Alongshore Feature", "source": "TP00425"}}, {"type": "Feature", "geometry": {"type": "LineString", "coordinates": [[-80.1564951, 25.6868457], [-80.1563129, 25.6868864]]}, "properties": {"project": "PH7113", "date": "19751101", "kind": "Undetermined Alongshore Feature", "source": "TP00425"}}, {"type": "Feature", "geometry": {"type": "LineString", "coordinates": [[-80.1564951, 25.6868457], [-80.1565255, 25.6869861], [-80.1565661, 25.6871588], [-80.15658, 25.6872593000001], [-80.1565955, 25.6874261], [-80.1566069, 25.6875986]]}, "properties": {"project": "PH7113", "date": "19751101", "kind": "Man-made", "source": "TP00425"}}, {"type": "Feature", "geometry": {"type": "LineString", "coordinates": [[-80.1563556999999, 25.6861458], [-80.1561589, 25.6861826]]}, "properties": {"project": "PH7113", "date": "19751101", "kind": "Undetermined Alongshore Feature", "source": "TP00425"}}, {"type": "Feature", "geometry": {"type": "LineString", "coordinates": [[-80.1740318, 25.6901924], [-80.17403, 25.6902642]]}, "properties": {"project": "PH7113", "date": "19751101", "kind": "Pier", "source": "TP00425"}}, {"type": "Feature", "geometry": {"type": "LineString", "coordinates": [[-80.17578, 25.690122], [-80.1757456, 25.6901873], [-80.1756981, 25.6902821]]}, "properties": {"project": "PH7113", "date": "19751101", "kind": "Man-made", "source": "TP00425"}}, {"type": "Feature", "geometry": {"type": "LineString", "coordinates": [[-80.1744739, 25.690085], [-80.1744173, 25.6900911], [-80.1744169, 25.6901502]]}, "properties": {"project": "PH7113", "date": "19751101", "kind": "Pier", "source": "TP00425"}}, {"type": "Feature", "geometry": {"type": "LineString", "coordinates": [[-80.1743257, 25.6912025], [-80.1743886, 25.6912021], [-80.1744074, 25.6911832], [-80.1744146, 25.6911558], [-80.1743643, 25.6910076], [-80.1743483, 25.6909569], [-80.1743534, 25.6909019], [-80.1743678, 25.690845], [-80.1744053, 25.6908156], [-80.1744614999999, 25.6907821], [-80.1744661, 25.6904526], [-80.1744739, 25.690085]]}, "properties": {"project": "PH7113", "date": "19751101", "kind": "Man-made", "source": "TP00425"}}, {"type": "Feature", "geometry": {"type": "LineString", "coordinates": [[-80.176066, 25.6900475], [-80.1760425, 25.690077], [-80.1759537, 25.6901061], [-80.1758884, 25.6901163], [-80.1758394, 25.6901202], [-80.17578, 25.690122]]}, "properties": {"project": "PH7113", "date": "19751101", "kind": "Undetermined Alongshore Feature", "source": "TP00425"}}, {"type": "Feature", "geometry": {"type": "LineString", "coordinates": [[-80.1758425, 25.6899869], [-80.1758354, 25.6900167], [-80.17578, 25.690122]]}, "properties": {"project": "PH7113", "date": "19751101", "kind": "Man-made", "source": "TP00425"}}, {"type": "Feature", "geometry": {"type": "LineString", "coordinates": [[-80.1759591, 25.6900005], [-80.1758425, 25.6899869]]}, "properties": {"project": "PH7113", "date": "19751101", "kind": "Undetermined Alongshore Feature", "source": "TP00425"}}, {"type": "Feature", "geometry": {"type": "LineString", "coordinates": [[-80.1759053, 25.6897586], [-80.1758786, 25.6898352], [-80.1758425, 25.6899869]]}, "properties": {"project": "PH7113", "date": "19751101", "kind": "Man-made", "source": "TP00425"}}, {"type": "Feature", "geometry": {"type": "LineString", "coordinates": [[-80.176035, 25.6898086], [-80.1759053, 25.6897586]]}, "properties": {"project": "PH7113", "date": "19751101", "kind": "Undetermined Alongshore Feature", "source": "TP00425"}}, {"type": "Feature", "geometry": {"type": "LineString", "coordinates": [[-80.1759286, 25.6896918], [-80.1759053, 25.6897586]]}, "properties": {"project": "PH7113", "date": "19751101", "kind": "Man-made", "source": "TP00425"}}, {"type": "Feature", "geometry": {"type": "LineString", "coordinates": [[-80.1760498, 25.6896946], [-80.1759286, 25.6896918]]}, "properties": {"project": "PH7113", "date": "19751101", "kind": "Undetermined Alongshore Feature", "source": "TP00425"}}, {"type": "Feature", "geometry": {"type": "LineString", "coordinates": [[-80.1744739, 25.690085], [-80.1744764, 25.6899625], [-80.1744813, 25.6896034]]}, "properties": {"project": "PH7113", "date": "19751101", "kind": "Man-made", "source": "TP00425"}}, {"type": "Feature", "geometry": {"type": "LineString", "coordinates": [[-80.1744813, 25.6896034], [-80.1744337, 25.6896012], [-80.1744496, 25.6895096], [-80.174499, 25.6895112]]}, "properties": {"project": "PH7113", "date": "19751101", "kind": "Man-made", "source": "TP00425"}}, {"type": "Feature", "geometry": {"type": "LineString", "coordinates": [[-80.1759439, 25.6895061], [-80.1759335, 25.6896517], [-80.1759286, 25.6896918]]}, "properties": {"project": "PH7113", "date": "19751101", "kind": "Man-made", "source": "TP00425"}}, {"type": "Feature", "geometry": {"type": "LineString", "coordinates": [[-80.1760558, 25.6895024], [-80.1759439, 25.6895061]]}, "properties": {"project": "PH7113", "date": "19751101", "kind": "Undetermined Alongshore Feature", "source": "TP00425"}}, {"type": "Feature", "geometry": {"type": "LineString", "coordinates": [[-80.1759964, 25.6891644], [-80.1760021, 25.689181], [-80.175978, 25.6892844], [-80.1759445, 25.6894109], [-80.1759439, 25.6895061]]}, "properties": {"project": "PH7113", "date": "19751101", "kind": "Man-made", "source": "TP00425"}}, {"type": "Feature", "geometry": {"type": "LineString", "coordinates": [[-80.1761114, 25.6892196], [-80.1760863, 25.6891413], [-80.1759964, 25.6891644]]}, "properties": {"project": "PH7113", "date": "19751101", "kind": "Pier", "source": "TP00425"}}, {"type": "Feature", "geometry": {"type": "LineString", "coordinates": [[-80.1567154, 25.6891168], [-80.1565627, 25.6891216]]}, "properties": {"project": "PH7113", "date": "19751101", "kind": "Undetermined Alongshore Feature", "source": "TP00425"}}, {"type": "Feature", "geometry": {"type": "LineString", "coordinates": [[-80.1567317, 25.6937821], [-80.1567669, 25.6936868], [-80.1568081, 25.6935739], [-80.1568083, 25.6935357], [-80.1568104, 25.6934814], [-80.156809, 25.6934432], [-80.1568027, 25.6934138], [-80.1567968, 25.6933374], [-80.1567978, 25.6931877], [-80.1568184, 25.6930248], [-80.1568422, 25.6928752], [-80.1568261, 25.6928531], [-80.1568237, 25.692743], [-80.1568659, 25.6927212000001], [-80.1568687, 25.6925612], [-80.1568591, 25.6923115], [-80.1568535, 25.6921911], [-80.156825, 25.6920911], [-80.1568289, 25.6919972], [-80.1568359, 25.6919267], [-80.1568372999999, 25.6917271], [-80.156825, 25.6916272], [-80.1568226, 25.6915156], [-80.1567838, 25.6915065], [-80.1567831999999, 25.6913641], [-80.1568191, 25.6913232], [-80.1568396, 25.691175], [-80.1568561, 25.6909065], [-80.1568673, 25.6906907], [-80.1568825, 25.6905998], [-80.1568828, 25.6905601], [-80.1568655, 25.6904822], [-80.1568229, 25.6903278], [-80.1567915, 25.6901793], [-80.1567815, 25.6899913], [-80.1567891, 25.6898299], [-80.1567864, 25.6897535], [-80.1567579, 25.689604], [-80.156742, 25.6894959], [-80.156747, 25.6893804], [-80.1567601, 25.6892952], [-80.1567646, 25.6892441], [-80.1567442, 25.6891795], [-80.1567154, 25.6891168]]}, "properties": {"project": "PH7113", "date": "19751101", "kind": "Natural.Mean High Water", "source": "TP00425"}}, {"type": "Feature", "geometry": {"type": "LineString", "coordinates": [[-80.1533999, 25.7290368], [-80.1534338, 25.7290105], [-80.1534406, 25.7289943], [-80.1534408, 25.7289740000001], [-80.1534296, 25.7289638], [-80.153405, 25.7289555], [-80.1533714, 25.7289513], [-80.1533355, 25.7289531], [-80.1533063, 25.728959], [-80.1532928, 25.728965], [-80.1532815, 25.7289751], [-80.1532769, 25.7289853], [-80.1532768, 25.7289954], [-80.1532925, 25.7290036], [-80.1533194, 25.7290038], [-80.1533441, 25.7290039], [-80.1533575, 25.729006], [-80.1533665, 25.7290142], [-80.1533731, 25.7290224], [-80.1533843, 25.7290326], [-80.1533999, 25.7290368]]}, "properties": {"project": "PH7113", "date": "19751101", "kind": "Natural.Mean High Water", "source": "TP00425"}}, {"type": "Feature", "geometry": {"type": "LineString", "coordinates": [[-80.1545772, 25.7288038], [-80.1546518, 25.7287189], [-80.1546722, 25.7286967], [-80.154715, 25.7286705], [-80.1547017, 25.7286501], [-80.154686, 25.7286439], [-80.1546614, 25.7286397], [-80.1546457, 25.7286376], [-80.1546322, 25.7286375], [-80.154621, 25.7286395], [-80.1546097, 25.7286475], [-80.1545984, 25.7286597], [-80.1545983, 25.7286759], [-80.1545982, 25.7286983], [-80.154598, 25.7287166], [-80.1545911, 25.7287368], [-80.1545776, 25.728751], [-80.1545573, 25.728761], [-80.1545461, 25.7287671], [-80.1545393, 25.7287772], [-80.1545392, 25.7287873], [-80.1545503, 25.7288016], [-80.1545772, 25.7288038]]}, "properties": {"project": "PH7113", "date": "19751101", "kind": "Natural.Mean High Water", "source": "TP00425"}}, {"type": "Feature", "geometry": {"type": "LineString", "coordinates": [[-80.1565447, 25.7284941], [-80.1564635, 25.7285668], [-80.1564118, 25.7285726], [-80.1563625, 25.7285683], [-80.1561971, 25.7284799], [-80.1561433, 25.7284735], [-80.1560468, 25.7284791], [-80.1558831, 25.7284659], [-80.1557328, 25.728461]]}, "properties": {"project": "PH7113", "date": "19751101", "kind": "Man-made", "source": "TP00425"}}, {"type": "Feature", "geometry": {"type": "LineString", "coordinates": [[-80.1566643, 25.7283993], [-80.1565447, 25.7284941]]}, "properties": {"project": "PH7113", "date": "19751101", "kind": "Undetermined.Approximate", "source": "TP00425"}}, {"type": "Feature", "geometry": {"type": "LineString", "coordinates": [[-80.1509427, 25.728267], [-80.1509642, 25.7282604], [-80.1509739, 25.7282531], [-80.1509783, 25.7282376], [-80.1509757, 25.7282291], [-80.1509715, 25.7282199], [-80.1509575, 25.7282142], [-80.150943, 25.7282191], [-80.1509317, 25.7282296], [-80.1509211, 25.7282373], [-80.1509133, 25.728245], [-80.1509128, 25.728257], [-80.1509193, 25.7282658], [-80.1509427, 25.728267]]}, "properties": {"project": "PH7113", "date": "19751101", "kind": "Natural.Mean High Water", "source": "TP00425"}}, {"type": "Feature", "geometry": {"type": "LineString", "coordinates": [[-80.156286, 25.7279643], [-80.1566094, 25.7282344], [-80.1566807, 25.7282999], [-80.1566895, 25.7283263], [-80.1566917, 25.7283385], [-80.1566893, 25.7283527], [-80.1566643, 25.7283993]]}, "properties": {"project": "PH7113", "date": "19751101", "kind": "Man-made", "source": "TP00425"}}, {"type": "Feature", "geometry": {"type": "LineString", "coordinates": [[-80.1506096, 25.7280766], [-80.1506423, 25.7280592], [-80.1506494, 25.7280497], [-80.1506504, 25.7280353], [-80.1506443, 25.7280257], [-80.1506373, 25.7280153], [-80.1506295, 25.7280089], [-80.1506145, 25.7280072], [-80.1505987, 25.7280063], [-80.1505846, 25.7280038], [-80.1505739999999, 25.7279998], [-80.1505662, 25.7279926000001], [-80.1505618, 25.7279845], [-80.1505619, 25.7279758], [-80.150562, 25.7279606], [-80.1505541, 25.7279542], [-80.1505427, 25.7279493], [-80.1505286, 25.7279485], [-80.1505172, 25.7279508], [-80.1505066, 25.7279547], [-80.1505003, 25.7279611], [-80.150495, 25.727969], [-80.150501, 25.7279898], [-80.1505106, 25.7280034], [-80.1505569, 25.7280595], [-80.1505797, 25.7280764], [-80.1505902, 25.7280788], [-80.1506096, 25.7280766]]}, "properties": {"project": "PH7113", "date": "19751101", "kind": "Natural.Mean High Water", "source": "TP00425"}}, {"type": "Feature", "geometry": {"type": "LineString", "coordinates": [[-80.1504533, 25.7279664], [-80.1504657999999, 25.7279629], [-80.1504729, 25.7279534], [-80.1504715, 25.7279384], [-80.1504631, 25.7279261], [-80.1504607, 25.7279157], [-80.1504537, 25.7279079], [-80.1504362, 25.7279065], [-80.1504252, 25.7279078], [-80.1504151, 25.7279154], [-80.150408, 25.7279253], [-80.1504119, 25.7279399], [-80.1504234, 25.7279499], [-80.1504343, 25.7279568], [-80.1504423, 25.7279618], [-80.1504533, 25.7279664]]}, "properties": {"project": "PH7113", "date": "19751101", "kind": "Natural.Mean High Water", "source": "TP00425"}}, {"type": "Feature", "geometry": {"type": "LineString", "coordinates": [[-80.1737241, 25.6888386], [-80.1738918, 25.6892071], [-80.1738937, 25.689262], [-80.1739123, 25.689615], [-80.1739381, 25.6899278], [-80.1739304, 25.6900334], [-80.1739182, 25.6901072], [-80.1739184, 25.6902614]]}, "properties": {"project": "PH7113", "date": "19751101", "kind": "Man-made", "source": "TP00425"}}, {"type": "Feature", "geometry": {"type": "LineString", "coordinates": [[-80.1738145, 25.6889172], [-80.1737662, 25.6888261], [-80.1737241, 25.6888386]]}, "properties": {"project": "PH7113", "date": "19751101", "kind": "Pier", "source": "TP00425"}}, {"type": "Feature", "geometry": {"type": "LineString", "coordinates": [[-80.1758471, 25.6887378], [-80.1758741, 25.6888084], [-80.1759964, 25.6891644]]}, "properties": {"project": "PH7113", "date": "19751101", "kind": "Man-made", "source": "TP00425"}}, {"type": "Feature", "geometry": {"type": "LineString", "coordinates": [[-80.1736781, 25.6887348], [-80.1737241, 25.6888386]]}, "properties": {"project": "PH7113", "date": "19751101", "kind": "Man-made", "source": "TP00425"}}, {"type": "Feature", "geometry": {"type": "LineString", "coordinates": [[-80.1759790999999, 25.6887964], [-80.1759493, 25.688718], [-80.1758471, 25.6887378]]}, "properties": {"project": "PH7113", "date": "19751101", "kind": "Pier", "source": "TP00425"}}, {"type": "Feature", "geometry": {"type": "LineString", "coordinates": [[-80.1736791, 25.6886017], [-80.1737203, 25.6887139], [-80.1736781, 25.6887348]]}, "properties": {"project": "PH7113", "date": "19751101", "kind": "Pier", "source": "TP00425"}}, {"type": "Feature", "geometry": {"type": "LineString", "coordinates": [[-80.1566853, 25.6883436], [-80.1564928, 25.6883558]]}, "properties": {"project": "PH7113", "date": "19751101", "kind": "Undetermined Alongshore Feature", "source": "TP00425"}}, {"type": "Feature", "geometry": {"type": "LineString", "coordinates": [[-80.1567154, 25.6891168], [-80.1567635, 25.6891095], [-80.1567558, 25.6890166], [-80.1567362, 25.6888252], [-80.1567069, 25.688537], [-80.1566853, 25.6883436]]}, "properties": {"project": "PH7113", "date": "19751101", "kind": "Man-made", "source": "TP00425"}}, {"type": "Feature", "geometry": {"type": "LineString", "coordinates": [[-80.174499, 25.6895112], [-80.1745126, 25.6894536], [-80.174555, 25.6893989], [-80.1745856, 25.6893526], [-80.1746164, 25.689283], [-80.1746492, 25.68926], [-80.1746866, 25.6892412], [-80.174773, 25.6892269], [-80.1748128, 25.689206], [-80.1748596, 25.6891745], [-80.174909, 25.6891157], [-80.1749257, 25.6890608], [-80.1748631, 25.689014], [-80.1749054, 25.6889593], [-80.1749596, 25.6888836], [-80.1749852, 25.6888837], [-80.1750535, 25.688789], [-80.1753926, 25.688305], [-80.1754205, 25.6883073], [-80.1757389, 25.6884549], [-80.1758471, 25.6887378]]}, "properties": {"project": "PH7113", "date": "19751101", "kind": "Man-made", "source": "TP00425"}}, {"type": "Feature", "geometry": {"type": "LineString", "coordinates": [[-80.1734001, 25.6881407], [-80.1735083, 25.6883514], [-80.1736781, 25.6887348]]}, "properties": {"project": "PH7113", "date": "19751101", "kind": "Man-made", "source": "TP00425"}}, {"type": "Feature", "geometry": {"type": "LineString", "coordinates": [[-80.1735417, 25.6882481], [-80.173475, 25.6881104], [-80.1734001, 25.6881407]]}, "properties": {"project": "PH7113", "date": "19751101", "kind": "Pier", "source": "TP00425"}}, {"type": "Feature", "geometry": {"type": "LineString", "coordinates": [[-80.1756981, 25.6902821], [-80.1756653, 25.6903474], [-80.1754636, 25.6908448], [-80.1753656, 25.6908633], [-80.175234, 25.6910126], [-80.1750355, 25.6912322]]}, "properties": {"project": "PH7113", "date": "19751101", "kind": "Man-made", "source": "TP00425"}}, {"type": "Feature", "geometry": {"type": "LineString", "coordinates": [[-80.1566069, 25.6875986], [-80.1564018, 25.687622]]}, "properties": {"project": "PH7113", "date": "19751101", "kind": "Undetermined Alongshore Feature", "source": "TP00425"}}, {"type": "Feature", "geometry": {"type": "LineString", "coordinates": [[-80.1566853, 25.6883436], [-80.1566876, 25.6883174], [-80.1566778, 25.6882147], [-80.1566719, 25.6881636], [-80.1566682, 25.6880991], [-80.1566582, 25.6880327], [-80.1566289, 25.687737], [-80.1566069, 25.6875986]]}, "properties": {"project": "PH7113", "date": "19751101", "kind": "Man-made", "source": "TP00425"}}, {"type": "Feature", "geometry": {"type": "LineString", "coordinates": [[-80.1729642, 25.6871188], [-80.1730777, 25.6872356], [-80.1731575, 25.6874896], [-80.1731755, 25.6875848], [-80.1731725, 25.6876819], [-80.1731863, 25.6877158], [-80.1732805, 25.6879086], [-80.1733473, 25.6880378], [-80.1734001, 25.6881407]]}, "properties": {"project": "PH7113", "date": "19751101", "kind": "Man-made", "source": "TP00425"}}, {"type": "Feature", "geometry": {"type": "LineString", "coordinates": [[-80.1729642, 25.6871188], [-80.1730135, 25.6870831], [-80.1729303, 25.6869644]]}, "properties": {"project": "PH7113", "date": "19751101", "kind": "Pier", "source": "TP00425"}}, {"type": "Feature", "geometry": {"type": "LineString", "coordinates": [[-80.17403, 25.6902642], [-80.1739184, 25.6902614]]}, "properties": {"project": "PH7113", "date": "19751101", "kind": "Pier", "source": "TP00425"}}, {"type": "Feature", "geometry": {"type": "LineString", "coordinates": [[-80.1656065, 25.6819322], [-80.1654967, 25.682025], [-80.1652946, 25.6819224], [-80.1651684, 25.6819703], [-80.1651004, 25.6820164], [-80.165077, 25.6820268], [-80.1650631, 25.6820225], [-80.1650445, 25.6820118], [-80.1650259, 25.6820075], [-80.1648603, 25.6820087], [-80.1647645, 25.6820419], [-80.1647179, 25.6820438], [-80.1646853, 25.6820394], [-80.1646713, 25.682035], [-80.1646504, 25.6820286], [-80.1646271, 25.6820242], [-80.1645944, 25.682024], [-80.1645804, 25.6820388], [-80.1645593, 25.6820534], [-80.1645336, 25.6820596], [-80.1645103, 25.6820595], [-80.1644846, 25.6820572], [-80.164459, 25.6820592], [-80.1644356, 25.6820675], [-80.1644146, 25.6820716], [-80.1643889, 25.6820736], [-80.1643679, 25.6820735], [-80.1643517, 25.682067], [-80.1643331, 25.6820606], [-80.1642957, 25.6820625], [-80.1642653, 25.682075], [-80.1642536, 25.6820812], [-80.1641648, 25.6821103], [-80.1641018, 25.6821269], [-80.1640389, 25.682118], [-80.1639897, 25.6821473], [-80.1638149, 25.6821485], [-80.1637889, 25.6821906], [-80.1637375, 25.6822135], [-80.1636512, 25.682213], [-80.1635534, 25.6821998], [-80.1635137, 25.6822017], [-80.1634717, 25.6822078], [-80.1634414, 25.6822118], [-80.1633994, 25.6822179], [-80.1633737, 25.6822156], [-80.1633597, 25.6822156], [-80.1633458, 25.6822134], [-80.1633225, 25.6822111], [-80.1632874, 25.6822215], [-80.1632687, 25.6822319], [-80.1631262, 25.6822755], [-80.1630771, 25.6822858], [-80.1630445, 25.6822898], [-80.1630144, 25.6822579], [-80.1629818, 25.6822451], [-80.1629586, 25.6822386], [-80.1629399, 25.6822364], [-80.1629073, 25.6822362], [-80.1628979, 25.6822425], [-80.1628885, 25.682253], [-80.1628768, 25.6822614], [-80.1628558, 25.6822676], [-80.1628301, 25.6822759], [-80.1627974, 25.6822736], [-80.1627718, 25.6822713], [-80.1627578, 25.6822713], [-80.1627438, 25.6822712], [-80.1627251, 25.6822816], [-80.1627087, 25.6822921], [-80.162676, 25.6823025], [-80.1626317, 25.6823065], [-80.162599, 25.6823084], [-80.1625546, 25.6823187], [-80.1625313, 25.682327], [-80.1624799, 25.6823394], [-80.1624379, 25.6823434], [-80.1624053, 25.6823432], [-80.1623726, 25.682343], [-80.1623516, 25.6823429], [-80.1623213, 25.6823406], [-80.162277, 25.6823424], [-80.1622607, 25.6823445], [-80.1622397, 25.6823465], [-80.1621324, 25.6823543], [-80.1620461, 25.6823623], [-80.1619808, 25.682364], [-80.161948, 25.6823786], [-80.1619201, 25.6823721], [-80.1618549, 25.6823569], [-80.1617803, 25.6823565], [-80.1616984, 25.6824046], [-80.1616634, 25.6824065], [-80.1615936, 25.6823871], [-80.161554, 25.6823742], [-80.1615261, 25.6823698], [-80.161512, 25.6823782], [-80.1614933, 25.6823865], [-80.1614723, 25.6823906], [-80.1614304, 25.6823883], [-80.1614164, 25.6823819], [-80.1614025, 25.6823733], [-80.1613862, 25.6823648], [-80.1613653, 25.6823626], [-80.1613536, 25.6823646], [-80.1613162, 25.6823707], [-80.1612905, 25.6823854], [-80.1612226, 25.6824272], [-80.1611573, 25.682429], [-80.1611084, 25.6824266], [-80.1610687, 25.6824221], [-80.1610361, 25.6824262], [-80.1610104, 25.682426], [-80.1609894, 25.6824259], [-80.1609732, 25.6824195], [-80.1609452, 25.682413], [-80.1609266, 25.6824129], [-80.1609103, 25.6824149], [-80.1608307, 25.6824588], [-80.1608026, 25.6824692], [-80.1606954, 25.6824707], [-80.1606396, 25.6824429], [-80.1606046, 25.6824469], [-80.1605812, 25.6824637], [-80.1605275, 25.6824634], [-80.160488, 25.6824505], [-80.1604694, 25.682444], [-80.1604297, 25.682448], [-80.160418, 25.6824628], [-80.1604039, 25.6824775], [-80.1603828, 25.6824964], [-80.1603687, 25.6825047], [-80.1603454, 25.6825109], [-80.1602497, 25.6825146], [-80.160203, 25.6825333], [-80.1601587, 25.6825331], [-80.1601284, 25.6825308], [-80.1601074, 25.6825286], [-80.1600911, 25.6825243], [-80.1600655, 25.6825199], [-80.1600516, 25.6825135], [-80.1600307, 25.6825028], [-80.1600144, 25.6825006], [-80.1599887, 25.6824983], [-80.159949, 25.6825108], [-80.159928, 25.6825191], [-80.1596597, 25.6825408], [-80.1596292, 25.6825681], [-80.1596058, 25.6825743], [-80.1595965, 25.6825721], [-80.1595873, 25.6825594], [-80.1595711, 25.6825403], [-80.1595432, 25.6825211], [-80.1595037, 25.6825103], [-80.1594594, 25.6825058], [-80.1594221, 25.6825035], [-80.1593871, 25.6825075], [-80.1593544999999, 25.6825094], [-80.1593312, 25.6825093], [-80.1592939, 25.6825091], [-80.1592729, 25.682509], [-80.1592495, 25.6825173], [-80.1592331, 25.6825278], [-80.1592191, 25.6825361], [-80.1592004, 25.6825402], [-80.1591771, 25.682538], [-80.1591585, 25.6825273], [-80.1591423, 25.6825167], [-80.1591121, 25.6824996], [-80.1590887999999, 25.6824931], [-80.1590516, 25.6824845], [-80.1590283, 25.6824738], [-80.1589493, 25.6824311], [-80.1589122, 25.6824139], [-80.1588842, 25.6824053], [-80.158854, 25.6823925], [-80.1588191, 25.6823881], [-80.1586792, 25.6823915], [-80.1586347, 25.6824145], [-80.1585041, 25.6824179], [-80.1582358, 25.6824438], [-80.1580397, 25.6824829], [-80.1580393, 25.682542], [-80.1580599, 25.6825865], [-80.1581199, 25.6826798], [-80.1581499, 25.6827222], [-80.15818, 25.6827562], [-80.1582749, 25.682856], [-80.1583165, 25.6829028], [-80.1584896, 25.6831488], [-80.1585592, 25.6832105], [-80.1586588, 25.683304]]}, "properties": {"project": "PH7113", "date": "19751101", "kind": "Natural.Mean High Water", "source": "TP00425"}}, {"type": "Feature", "geometry": {"type": "LineString", "coordinates": [[-80.1661038, 25.6818975], [-80.1658357, 25.6819014], [-80.1657934999999, 25.6819327], [-80.1656065, 25.6819322]]}, "properties": {"project": "PH7113", "date": "19751101", "kind": "Pier", "source": "TP00425"}}, {"type": "Feature", "geometry": {"type": "LineString", "coordinates": [[-80.1690596, 25.6816397], [-80.1691859, 25.6815876], [-80.1693329, 25.681563], [-80.1694988, 25.6815175], [-80.1695945, 25.681499], [-80.1697832, 25.6815191], [-80.1698787, 25.6815281], [-80.1700752, 25.6815055], [-80.170165, 25.6814977], [-80.1702767, 25.68149], [-80.17033, 25.6814704], [-80.1703704, 25.6814524], [-80.1703962, 25.681416], [-80.1704112, 25.681373], [-80.1704114, 25.6813448], [-80.1704062, 25.6813049], [-80.1703844, 25.6812733], [-80.1703353, 25.6812332], [-80.1701967, 25.6811445], [-80.1699779, 25.6810188], [-80.1695641, 25.6807577], [-80.1690937, 25.6804829], [-80.1688348, 25.6803255], [-80.1686179, 25.6801866], [-80.1685559, 25.6801497], [-80.1684484, 25.6800761], [-80.1683483, 25.6799959], [-80.1681919, 25.6798424], [-80.1680647, 25.6797023], [-80.1680211, 25.6796506], [-80.167916, 25.6795024], [-80.1678688, 25.6794424], [-80.1678217, 25.6793708], [-80.1677818, 25.6793059], [-80.1677256, 25.6792259], [-80.1676277, 25.6790943], [-80.167546, 25.6789893], [-80.1674335, 25.6788526], [-80.1673426, 25.6787542], [-80.16725, 25.6786459], [-80.1671936, 25.6785891], [-80.1671372, 25.678539], [-80.1669279, 25.678362], [-80.1668696999999, 25.6783119], [-80.166715, 25.6781816], [-80.1665713, 25.6780431], [-80.1663601, 25.677876], [-80.1661254, 25.6776673], [-80.1654411, 25.6770777], [-80.1653228, 25.6769775], [-80.165281, 25.6769375], [-80.165239, 25.6769173], [-80.1651695, 25.6769119000001], [-80.1651144, 25.6769315], [-80.1650002, 25.6770354], [-80.1648455, 25.6771623], [-80.1646689, 25.6772906], [-80.1645439, 25.6773629], [-80.1644098, 25.6774202], [-80.1642317, 25.6774939], [-80.1640685, 25.6775394], [-80.1639566, 25.6775669], [-80.1638009, 25.677586], [-80.163669, 25.6775952], [-80.1634914, 25.6775991], [-80.1633485999999, 25.67759], [-80.163184, 25.6775625], [-80.163025, 25.6775317], [-80.1628441, 25.6774726], [-80.1626598, 25.6773969], [-80.1625739999999, 25.6773516], [-80.16243, 25.6772695], [-80.1623225, 25.6771876], [-80.1622479, 25.6771291], [-80.1621043, 25.676984], [-80.1619425, 25.6768205], [-80.1617989, 25.6766736], [-80.1617043, 25.6765752], [-80.1616426, 25.6765085], [-80.1615425, 25.67642], [-80.1614553, 25.6763283], [-80.1614353, 25.6762999], [-80.161288, 25.6761597], [-80.1612555, 25.6761015], [-80.1612303, 25.676035], [-80.161225, 25.6760117], [-80.1612152, 25.6758358], [-80.1612398, 25.6757314], [-80.1612826, 25.6756288], [-80.1613473, 25.6755346], [-80.1614376, 25.6754489], [-80.1615461, 25.6753832], [-80.1616617, 25.675339], [-80.1617736, 25.6753198], [-80.1619054, 25.6753222], [-80.1620498, 25.6753429], [-80.1621957, 25.6754234], [-80.1623356, 25.6755752], [-80.1625411, 25.6757721], [-80.1627194, 25.675934], [-80.1627577, 25.6759575], [-80.1627906, 25.6759709], [-80.1628381, 25.6759779], [-80.1628985, 25.6759765], [-80.1629609, 25.6759587], [-80.1630306, 25.6759391000001], [-80.1630746, 25.6759344], [-80.1631369, 25.6759298], [-80.1631953999999, 25.6759401], [-80.163252, 25.6759636], [-80.1633157, 25.6760105], [-80.163454, 25.676139], [-80.1638087, 25.6764695], [-80.164047, 25.6766865], [-80.1641052, 25.6767317], [-80.164149, 25.6767551], [-80.1641874, 25.6767653], [-80.164224, 25.6767688], [-80.1643339, 25.6767628], [-80.1644072, 25.6767516], [-80.1644788999999, 25.6767073], [-80.1646151, 25.6766035], [-80.1646813, 25.6765574], [-80.1646961, 25.6765426], [-80.1647091, 25.6765161], [-80.1647038999999, 25.6764647], [-80.1646824, 25.6764015], [-80.1646442, 25.6763631], [-80.1643714, 25.6761028], [-80.163964, 25.6757189], [-80.1637203, 25.6754902], [-80.1636476, 25.6754201], [-80.1633293, 25.6751163], [-80.1631748, 25.6749628], [-80.1629892, 25.6747925], [-80.162942, 25.6747442], [-80.1628201, 25.674624], [-80.1627656, 25.6745656000001], [-80.1626966, 25.6744806], [-80.1626223, 25.6743724], [-80.162559, 25.6742708], [-80.1625248, 25.674186], [-80.1625051, 25.6741228], [-80.1624335, 25.6738835], [-80.1623082999999, 25.6734614], [-80.1621204, 25.6728548], [-80.1621043, 25.6727917], [-80.1620757, 25.672692], [-80.1620612, 25.6726803], [-80.1620487, 25.6726321], [-80.1619592, 25.672333], [-80.1619021, 25.6721253], [-80.1617393, 25.6715835], [-80.1616982, 25.6714489], [-80.1616711, 25.6713857], [-80.1615322, 25.6710913], [-80.161388, 25.6707802], [-80.1611533, 25.6702994], [-80.1610595, 25.6701081], [-80.1607673, 25.6694843], [-80.1607366, 25.6694244], [-80.1604588, 25.6688372], [-80.16041, 25.6687423], [-80.160365, 25.6686342], [-80.160304, 25.6684597], [-80.1602196, 25.6682303], [-80.1601657, 25.668079], [-80.1599395, 25.6674489], [-80.159927, 25.6674024], [-80.1598023, 25.6670476], [-80.1597484, 25.6668633], [-80.1597083, 25.6667414], [-80.1596861, 25.6667075], [-80.1596569, 25.6666207], [-80.1596056, 25.6664931], [-80.1595493, 25.6663712], [-80.1595064, 25.6662865], [-80.1594781, 25.6662469], [-80.1594019, 25.666126], [-80.1593367, 25.6660456], [-80.1593071, 25.6660016], [-80.159221, 25.6658828], [-80.1591569, 25.6658081], [-80.159115, 25.6657606], [-80.1589966, 25.6656405], [-80.1588755, 25.6655396], [-80.1588396, 25.6655158], [-80.1587641, 25.665477], [-80.1586723, 25.6654517], [-80.1586029, 25.6654277], [-80.1585272, 25.6654171], [-80.1584906, 25.6654119]]}, "properties": {"project": "PH7113", "date": "19751101", "kind": "Man-made", "source": "TP00425"}}, {"type": "Feature", "geometry": {"type": "LineString", "coordinates": [[-80.1627362999999, 25.6846838], [-80.1626266, 25.6845539], [-80.1625282, 25.6844497], [-80.1624148, 25.6843109], [-80.1624226, 25.6842833], [-80.1624534, 25.6842454], [-80.1625491, 25.6841838], [-80.1627481, 25.6840813], [-80.1628398, 25.6840542], [-80.162962, 25.6840238], [-80.1630459, 25.6840208], [-80.1637589, 25.6840077], [-80.164043, 25.6840024], [-80.1641364, 25.6840046], [-80.1642223, 25.6839948000001], [-80.1644625, 25.6839927], [-80.1648476, 25.683988], [-80.165124, 25.6839826], [-80.1652727, 25.6839818], [-80.1654882, 25.6839761], [-80.1655472, 25.6839782], [-80.1656079, 25.68402], [-80.1656706, 25.6840618], [-80.1658704, 25.6843842], [-80.166057, 25.6846789], [-80.1660737, 25.6847464], [-80.1660677, 25.6847964], [-80.1660521, 25.6848378], [-80.166006, 25.6848893], [-80.1659276, 25.6849286], [-80.1658359, 25.6849523], [-80.1657101, 25.6849533], [-80.1654794, 25.6849623], [-80.1651762, 25.6849692], [-80.1647454, 25.684972], [-80.1643602, 25.6849818], [-80.1641638, 25.6849911], [-80.1637215, 25.6849989], [-80.1633879, 25.6850074], [-80.1633365, 25.6849932], [-80.1632091, 25.684939], [-80.1629430999999, 25.6848165], [-80.162894, 25.6847988]]}, "properties": {"project": "PH7113", "date": "19751101", "kind": "Man-made", "source": "TP00425"}}, {"type": "Feature", "geometry": {"type": "LineString", "coordinates": [[-80.1675541, 25.7093427], [-80.1675821, 25.7093407], [-80.1675961, 25.7093345], [-80.1676032, 25.7093261], [-80.1676033, 25.7093134], [-80.1675987, 25.7093007], [-80.1675848, 25.7092858], [-80.1675639, 25.7092772], [-80.1675522, 25.709273], [-80.1675336, 25.7092707], [-80.1675126, 25.7092748], [-80.1675055, 25.7092854], [-80.1674984, 25.7093043], [-80.1674983, 25.709317], [-80.1675076, 25.7093276], [-80.1675262, 25.7093362], [-80.1675355, 25.7093384], [-80.1675541, 25.7093427]]}, "properties": {"project": "PH7113", "date": "19751101", "kind": "Natural.Mean High Water", "source": "TP00425"}}, {"type": "Feature", "geometry": {"type": "LineString", "coordinates": [[-80.1758778, 25.6902937], [-80.1756981, 25.6902821]]}, "properties": {"project": "PH7113", "date": "19751101", "kind": "Undetermined Alongshore Feature", "source": "TP00425"}}, {"type": "Feature", "geometry": {"type": "LineString", "coordinates": [[-80.17403, 25.6902642], [-80.1740287, 25.6903149]]}, "properties": {"project": "PH7113", "date": "19751101", "kind": "Pier", "source": "TP00425"}}, {"type": "Feature", "geometry": {"type": "LineString", "coordinates": [[-80.1739184, 25.6902614], [-80.1739185, 25.6903946], [-80.1739136, 25.6904305], [-80.173883, 25.6904704], [-80.1737662, 25.6905057], [-80.1734155, 25.6906108]]}, "properties": {"project": "PH7113", "date": "19751101", "kind": "Man-made", "source": "TP00425"}}, {"type": "Feature", "geometry": {"type": "LineString", "coordinates": [[-80.1687016, 25.6521207], [-80.1687742, 25.6521147], [-80.1687761, 25.6520313], [-80.1687645, 25.652016], [-80.1687608, 25.6519854], [-80.1686973, 25.6519803], [-80.1687008, 25.6520379], [-80.1686087, 25.6520386], [-80.168597, 25.6520503], [-80.1686042, 25.6521244], [-80.1686276, 25.6521269], [-80.1687016, 25.6521207]]}, "properties": {"project": "PH7113", "date": "19710801", "kind": "Man-made", "source": "TP00427"}}, {"type": "Feature", "geometry": {"type": "LineString", "coordinates": [[-80.1721064, 25.6519612], [-80.172103, 25.6519999]]}, "properties": {"project": "PH7113", "date": "19710801", "kind": "Pier", "source": "TP00427"}}, {"type": "Feature", "geometry": {"type": "LineString", "coordinates": [[-80.1721064, 25.6519612], [-80.1721246, 25.6519641], [-80.1723044, 25.6519624], [-80.1723093, 25.6519099], [-80.1722926, 25.6519015], [-80.1720884, 25.6519032], [-80.1720804, 25.651957], [-80.1721064, 25.6519612]]}, "properties": {"project": "PH7113", "date": "19710801", "kind": "Man-made", "source": "TP00427"}}, {"type": "Feature", "geometry": {"type": "LineString", "coordinates": [[-80.1706149, 25.652031], [-80.1706235, 25.6518609], [-80.170568, 25.6518505], [-80.1705652, 25.6518941], [-80.1705565, 25.6519041], [-80.170533, 25.6519085], [-80.170517, 25.6519006], [-80.1705097, 25.6518826], [-80.1705124, 25.6518513], [-80.1704767, 25.6518444], [-80.1704691, 25.6518589], [-80.1704569, 25.6520223], [-80.1706149, 25.652031]]}, "properties": {"project": "PH7113", "date": "19710801", "kind": "Man-made", "source": "TP00427"}}, {"type": "Feature", "geometry": {"type": "LineString", "coordinates": [[-80.1754486, 25.6514932], [-80.1755831, 25.6514806], [-80.175621, 25.6517625], [-80.1754949, 25.6517752], [-80.1754486, 25.6514932]]}, "properties": {"project": "PH7113", "date": "19710801", "kind": "Man-made", "source": "TP00427"}}, {"type": "Feature", "geometry": {"type": "LineString", "coordinates": [[-80.1818443, 25.6507374], [-80.1818001, 25.6506951]]}, "properties": {"project": "PH7113", "date": "19710801", "kind": "Pier", "source": "TP00427"}}, {"type": "Feature", "geometry": {"type": "LineString", "coordinates": [[-80.1818001, 25.6506951], [-80.1816895, 25.650775], [-80.1816626, 25.6507469], [-80.1816168, 25.6506748], [-80.1817157, 25.6506088], [-80.1818001, 25.6506951]]}, "properties": {"project": "PH7113", "date": "19710801", "kind": "Man-made", "source": "TP00427"}}, {"type": "Feature", "geometry": {"type": "LineString", "coordinates": [[-80.1684032, 25.6548466], [-80.1684664, 25.654854]]}, "properties": {"project": "PH7113", "date": "19710801", "kind": "Pier", "source": "TP00427"}}, {"type": "Feature", "geometry": {"type": "LineString", "coordinates": [[-80.168507, 25.6548588], [-80.1685037, 25.6548223]]}, "properties": {"project": "PH7113", "date": "19710801", "kind": "Pier", "source": "TP00427"}}, {"type": "Feature", "geometry": {"type": "LineString", "coordinates": [[-80.1686163, 25.6548909], [-80.1686067, 25.6548229], [-80.1685037, 25.6548223]]}, "properties": {"project": "PH7113", "date": "19710801", "kind": "Pier", "source": "TP00427"}}, {"type": "Feature", "geometry": {"type": "LineString", "coordinates": [[-80.1684032, 25.6548466], [-80.1684686, 25.6547829], [-80.168384, 25.654708], [-80.1682606, 25.6548301], [-80.1683294, 25.6548867], [-80.1683554, 25.6548868], [-80.1684032, 25.6548466]]}, "properties": {"project": "PH7113", "date": "19710801", "kind": "Man-made", "source": "TP00427"}}, {"type": "Feature", "geometry": {"type": "LineString", "coordinates": [[-80.1685037, 25.6548223], [-80.1684947, 25.6547517], [-80.1685886, 25.6547274], [-80.1685693, 25.6546032]]}, "properties": {"project": "PH7113", "date": "19710801", "kind": "Pier", "source": "TP00427"}}, {"type": "Feature", "geometry": {"type": "LineString", "coordinates": [[-80.1746738, 25.6545951], [-80.1746024, 25.6546540000001]]}, "properties": {"project": "PH7113", "date": "19710801", "kind": "Pier", "source": "TP00427"}}, {"type": "Feature", "geometry": {"type": "LineString", "coordinates": [[-80.1746738, 25.6545951], [-80.1746944, 25.6546257], [-80.1746252, 25.6546818]]}, "properties": {"project": "PH7113", "date": "19710801", "kind": "Pier", "source": "TP00427"}}, {"type": "Feature", "geometry": {"type": "LineString", "coordinates": [[-80.1746285, 25.6545195], [-80.1746404, 25.6545453], [-80.1746738, 25.6545951]]}, "properties": {"project": "PH7113", "date": "19710801", "kind": "Pier", "source": "TP00427"}}, {"type": "Feature", "geometry": {"type": "LineString", "coordinates": [[-80.1795818, 25.654565], [-80.1795744, 25.6545106], [-80.1792923, 25.6545161], [-80.1792939, 25.6545687], [-80.1794117, 25.6545745], [-80.1795818, 25.654565]]}, "properties": {"project": "PH7113", "date": "19710801", "kind": "Man-made", "source": "TP00427"}}, {"type": "Feature", "geometry": {"type": "LineString", "coordinates": [[-80.1746285, 25.6545195], [-80.174502, 25.6546465], [-80.1744162, 25.6545757], [-80.1745526, 25.6544438], [-80.1746285, 25.6545195]]}, "properties": {"project": "PH7113", "date": "19710801", "kind": "Man-made", "source": "TP00427"}}, {"type": "Feature", "geometry": {"type": "LineString", "coordinates": [[-80.1746285, 25.6545195], [-80.174678, 25.6544772], [-80.1746647, 25.6543484], [-80.1746079, 25.6543421]]}, "properties": {"project": "PH7113", "date": "19710801", "kind": "Pier", "source": "TP00427"}}, {"type": "Feature", "geometry": {"type": "LineString", "coordinates": [[-80.1687016, 25.6521207], [-80.1687036, 25.6521919]]}, "properties": {"project": "PH7113", "date": "19710801", "kind": "Pier", "source": "TP00427"}}, {"type": "Feature", "geometry": {"type": "LineString", "coordinates": [[-80.1602673, 25.6515604000001], [-80.160265, 25.6515829000001], [-80.1602634, 25.6516582], [-80.1602138, 25.6516569], [-80.1601987, 25.6516665], [-80.1601586, 25.6516677], [-80.1601583, 25.651721], [-80.1601208, 25.6517256], [-80.1601199999999, 25.6516859], [-80.1600999, 25.6516674], [-80.1600625, 25.6516676], [-80.1600635, 25.6515931], [-80.16007, 25.6515849], [-80.1601475, 25.6515873], [-80.1601652, 25.6515709], [-80.1602005, 25.6515706], [-80.1602235, 25.651562], [-80.1602673, 25.6515604000001]]}, "properties": {"project": "PH7113", "date": "19730301", "kind": "Man-made", "source": "TP00428"}}, {"type": "Feature", "geometry": {"type": "LineString", "coordinates": [[-80.1602673, 25.6515604000001], [-80.1605855, 25.651303], [-80.1605754, 25.6512843], [-80.1602716, 25.6509749], [-80.1596308, 25.6503302]]}, "properties": {"project": "PH7113", "date": "19730301", "kind": "Pier", "source": "TP00428"}}, {"type": "Feature", "geometry": {"type": "LineString", "coordinates": [[-80.1558148, 25.6666115], [-80.1557989, 25.6666263], [-80.155775, 25.6666622], [-80.1557774, 25.6666791], [-80.1558045, 25.6667007], [-80.1558614, 25.6667483], [-80.1559688, 25.6668379], [-80.1559686, 25.6668694], [-80.1559118, 25.6669896], [-80.1558926, 25.667048]]}, "properties": {"project": "PH7113", "date": "19730301", "kind": "Man-made", "source": "TP00428"}}, {"type": "Feature", "geometry": {"type": "LineString", "coordinates": [[-80.1559655, 25.6664811], [-80.1559264, 25.6665077], [-80.1558148, 25.6666115]]}, "properties": {"project": "PH7113", "date": "19730301", "kind": "Man-made", "source": "TP00428"}}, {"type": "Feature", "geometry": {"type": "LineString", "coordinates": [[-80.1560362, 25.6664275], [-80.1560213, 25.666443], [-80.1559655, 25.6664811]]}, "properties": {"project": "PH7113", "date": "19730301", "kind": "Man-made", "source": "TP00428"}}, {"type": "Feature", "geometry": {"type": "LineString", "coordinates": [[-80.1560362, 25.6664275], [-80.1559407, 25.6663548]]}, "properties": {"project": "PH7113", "date": "19730301", "kind": "Undetermined Alongshore Feature", "source": "TP00428"}}, {"type": "Feature", "geometry": {"type": "LineString", "coordinates": [[-80.1561668, 25.6663065], [-80.1560839, 25.666378], [-80.1560362, 25.6664275]]}, "properties": {"project": "PH7113", "date": "19730301", "kind": "Man-made", "source": "TP00428"}}, {"type": "Feature", "geometry": {"type": "LineString", "coordinates": [[-80.1563023, 25.6661895], [-80.1562252, 25.6662561], [-80.1561668, 25.6663065]]}, "properties": {"project": "PH7113", "date": "19730301", "kind": "Man-made", "source": "TP00428"}}, {"type": "Feature", "geometry": {"type": "LineString", "coordinates": [[-80.1561668, 25.6663065], [-80.1560151, 25.6661757]]}, "properties": {"project": "PH7113", "date": "19730301", "kind": "Undetermined Alongshore Feature", "source": "TP00428"}}, {"type": "Feature", "geometry": {"type": "LineString", "coordinates": [[-80.1563023, 25.6661895], [-80.1561833, 25.6660983]]}, "properties": {"project": "PH7113", "date": "19730301", "kind": "Undetermined Alongshore Feature", "source": "TP00428"}}, {"type": "Feature", "geometry": {"type": "LineString", "coordinates": [[-80.1566641, 25.6659], [-80.1565239, 25.6660011], [-80.1563714, 25.6661297], [-80.1563023, 25.6661895]]}, "properties": {"project": "PH7113", "date": "19730301", "kind": "Man-made", "source": "TP00428"}}, {"type": "Feature", "geometry": {"type": "LineString", "coordinates": [[-80.1566641, 25.6659], [-80.1566388, 25.6658699]]}, "properties": {"project": "PH7113", "date": "19730301", "kind": "Undetermined Alongshore Feature", "source": "TP00428"}}, {"type": "Feature", "geometry": {"type": "LineString", "coordinates": [[-80.1569705, 25.6657244], [-80.1568609, 25.665788], [-80.1566913, 25.6658805], [-80.1566641, 25.6659]]}, "properties": {"project": "PH7113", "date": "19730301", "kind": "Man-made", "source": "TP00428"}}, {"type": "Feature", "geometry": {"type": "LineString", "coordinates": [[-80.1569705, 25.6657244], [-80.1569483, 25.6657018]]}, "properties": {"project": "PH7113", "date": "19730301", "kind": "Undetermined Alongshore Feature", "source": "TP00428"}}, {"type": "Feature", "geometry": {"type": "LineString", "coordinates": [[-80.1576943, 25.665411], [-80.1575329, 25.6654642], [-80.1573595999999, 25.6655398], [-80.1571951, 25.6656143], [-80.1570281, 25.665691], [-80.1569705, 25.6657244]]}, "properties": {"project": "PH7113", "date": "19730301", "kind": "Man-made", "source": "TP00428"}}, {"type": "Feature", "geometry": {"type": "LineString", "coordinates": [[-80.158125, 25.6653547], [-80.1580181, 25.6653702], [-80.1578864, 25.6653773], [-80.1578503, 25.6653805], [-80.1576943, 25.665411]]}, "properties": {"project": "PH7113", "date": "19730301", "kind": "Man-made", "source": "TP00428"}}, {"type": "Feature", "geometry": {"type": "LineString", "coordinates": [[-80.1584906, 25.6654119], [-80.1583882, 25.6653972], [-80.1582294, 25.6653692], [-80.1581834, 25.6653633], [-80.158125, 25.6653547]]}, "properties": {"project": "PH7113", "date": "19730301", "kind": "Man-made", "source": "TP00428"}}, {"type": "Feature", "geometry": {"type": "LineString", "coordinates": [[-80.1584735, 25.6652828], [-80.1584906, 25.6654119]]}, "properties": {"project": "PH7113", "date": "19730301", "kind": "Undetermined Alongshore Feature", "source": "TP00428"}}, {"type": "Feature", "geometry": {"type": "LineString", "coordinates": [[-80.1581263, 25.6651751], [-80.158125, 25.6653547]]}, "properties": {"project": "PH7113", "date": "19730301", "kind": "Undetermined Alongshore Feature", "source": "TP00428"}}, {"type": "Feature", "geometry": {"type": "LineString", "coordinates": [[-80.1575866, 25.6650251], [-80.1576943, 25.665411]]}, "properties": {"project": "PH7113", "date": "19730301", "kind": "Undetermined Alongshore Feature", "source": "TP00428"}}, {"type": "Feature", "geometry": {"type": "LineString", "coordinates": [[-80.1854822, 25.7911007], [-80.1854797, 25.7910321]]}, "properties": {"project": "PH7113", "date": "19720201", "kind": "Shoreline/Alongshore Feature Boundary", "source": "TP00435"}}, {"type": "Feature", "geometry": {"type": "LineString", "coordinates": [[-80.142112, 25.7746379], [-80.1421005, 25.7745994]]}, "properties": {"project": "PH7113", "date": "19720201", "kind": "Shoreline/Alongshore Feature Boundary", "source": "TP00435"}}, {"type": "Feature", "geometry": {"type": "LineString", "coordinates": [[-80.1418467, 25.7741625], [-80.14181, 25.7741078]]}, "properties": {"project": "PH7113", "date": "19720201", "kind": "Shoreline/Alongshore Feature Boundary", "source": "TP00435"}}, {"type": "Feature", "geometry": {"type": "LineString", "coordinates": [[-80.1316375, 25.7685121], [-80.1316504, 25.7683679]]}, "properties": {"project": "PH7113", "date": "19720201", "kind": "Man-made", "source": "TP00435"}}, {"type": "Feature", "geometry": {"type": "LineString", "coordinates": [[-80.1937684, 25.7553206], [-80.1936889999999, 25.7553707]]}, "properties": {"project": "PH7113", "date": "19720201", "kind": "Shoreline/Alongshore Feature Boundary", "source": "TP00435"}}, {"type": "Feature", "geometry": {"type": "LineString", "coordinates": [[-80.2297591, 25.7326257], [-80.2297084, 25.7325784]]}, "properties": {"project": "PH7113", "date": "19720201", "kind": "Shoreline/Alongshore Feature Boundary", "source": "TP00435"}}, {"type": "Feature", "geometry": {"type": "LineString", "coordinates": [[-80.2303518, 25.7321748], [-80.230448, 25.7321710000001]]}, "properties": {"project": "PH7113", "date": "19720201", "kind": "Shoreline/Alongshore Feature Boundary", "source": "TP00435"}}, {"type": "Feature", "geometry": {"type": "LineString", "coordinates": [[-80.2310744, 25.7316717], [-80.2311331, 25.7316555]]}, "properties": {"project": "PH7113", "date": "19720201", "kind": "Shoreline/Alongshore Feature Boundary", "source": "TP00435"}}, {"type": "Feature", "geometry": {"type": "LineString", "coordinates": [[-80.2318111, 25.7317022], [-80.2318536, 25.7316671]]}, "properties": {"project": "PH7113", "date": "19720201", "kind": "Shoreline/Alongshore Feature Boundary", "source": "TP00435"}}, {"type": "Feature", "geometry": {"type": "LineString", "coordinates": [[-80.2327936, 25.7317993], [-80.2328484, 25.7317597]]}, "properties": {"project": "PH7113", "date": "19720201", "kind": "Shoreline/Alongshore Feature Boundary", "source": "TP00435"}}, {"type": "Feature", "geometry": {"type": "LineString", "coordinates": [[-80.2331551, 25.7296165], [-80.2329881, 25.7295278]]}, "properties": {"project": "PH7113", "date": "19720201", "kind": "Shoreline/Alongshore Feature Boundary", "source": "TP00435"}}, {"type": "Feature", "geometry": {"type": "LineString", "coordinates": [[-80.2330179, 25.7277083], [-80.2330404, 25.727656]]}, "properties": {"project": "PH7113", "date": "19720201", "kind": "Shoreline/Alongshore Feature Boundary", "source": "TP00435"}}, {"type": "Feature", "geometry": {"type": "LineString", "coordinates": [[-80.2333319, 25.7272978], [-80.2333756, 25.727262]]}, "properties": {"project": "PH7113", "date": "19720201", "kind": "Shoreline/Alongshore Feature Boundary", "source": "TP00435"}}, {"type": "Feature", "geometry": {"type": "LineString", "coordinates": [[-80.2337814, 25.7269952], [-80.233826, 25.726972]]}, "properties": {"project": "PH7113", "date": "19720201", "kind": "Shoreline/Alongshore Feature Boundary", "source": "TP00435"}}, {"type": "Feature", "geometry": {"type": "LineString", "coordinates": [[-80.2348417, 25.7269329], [-80.2348882, 25.7268992]]}, "properties": {"project": "PH7113", "date": "19720201", "kind": "Shoreline/Alongshore Feature Boundary", "source": "TP00435"}}, {"type": "Feature", "geometry": {"type": "LineString", "coordinates": [[-80.2355003, 25.7263262], [-80.2355305, 25.7262612]]}, "properties": {"project": "PH7113", "date": "19720201", "kind": "Shoreline/Alongshore Feature Boundary", "source": "TP00435"}}, {"type": "Feature", "geometry": {"type": "LineString", "coordinates": [[-80.1563354, 25.7266884], [-80.156367, 25.7266561]]}, "properties": {"project": "PH7113", "date": "19720201", "kind": "Shoreline/Alongshore Feature Boundary", "source": "TP00435"}}, {"type": "Feature", "geometry": {"type": "LineString", "coordinates": [[-80.1568276, 25.7262483], [-80.1568502, 25.726224]]}, "properties": {"project": "PH7113", "date": "19720201", "kind": "Shoreline/Alongshore Feature Boundary", "source": "TP00435"}}, {"type": "Feature", "geometry": {"type": "LineString", "coordinates": [[-80.157322, 25.7258081], [-80.1573469, 25.7257778]]}, "properties": {"project": "PH7113", "date": "19720201", "kind": "Shoreline/Alongshore Feature Boundary", "source": "TP00435"}}, {"type": "Feature", "geometry": {"type": "LineString", "coordinates": [[-80.155501, 25.7250701], [-80.1555462, 25.7250257]]}, "properties": {"project": "PH7113", "date": "19720201", "kind": "Shoreline/Alongshore Feature Boundary", "source": "TP00435"}}, {"type": "Feature", "geometry": {"type": "LineString", "coordinates": [[-80.1550245, 25.7255144], [-80.1550764, 25.72547]]}, "properties": {"project": "PH7113", "date": "19720201", "kind": "Shoreline/Alongshore Feature Boundary", "source": "TP00435"}}]}