{"type": "FeatureCollection", "features": [{"type": "Feature", "geometry": {"type": "LineString", "coordinates": [[-80.1777211, 25.6864295], [-80.1780664, 25.6861457], [-80.1780713, 25.6861147], [-80.1780035, 25.6860128], [-80.1779647, 25.686004], [-80.1778139, 25.6860971], [-80.1770555, 25.6865807]]}, "properties": {"project": "FL3502", "date": "19350125", "kind": "Man-made", "source": "T05627"}}, {"type": "Feature", "geometry": {"type": "LineString", "coordinates": [[-80.1689518, 25.6854792], [-80.1690394, 25.6854038], [-80.1691221, 25.6853462], [-80.1691464, 25.685293], [-80.1691514, 25.6852044], [-80.1691418, 25.6851689], [-80.1691127, 25.6851424], [-80.1690301, 25.6851424], [-80.1689573, 25.6851248], [-80.1688312, 25.6850362], [-80.1687779, 25.6849875], [-80.1686177, 25.6849566], [-80.1684671, 25.6849523], [-80.1683797, 25.6849657], [-80.168297, 25.6850189], [-80.1682531, 25.6851208], [-80.168214, 25.6852715], [-80.1682236, 25.6853645], [-80.1682623, 25.6854354], [-80.1683398, 25.685524], [-80.1684223, 25.6855726], [-80.1685291, 25.6855859], [-80.168636, 25.6855592], [-80.1687575, 25.6855015], [-80.1688789, 25.6855058], [-80.1689081, 25.6855058], [-80.1689518, 25.6854792]]}, "properties": {"project": "FL3502", "date": "19350125", "kind": "Natural.Mean High Water", "source": "T05627"}}, {"type": "Feature", "geometry": {"type": "LineString", "coordinates": [[-80.1731228, 25.6942], [-80.1731571, 25.6940449], [-80.1733228, 25.6936991], [-80.1733912, 25.6934997], [-80.1735179, 25.6932293], [-80.1737566, 25.6928393], [-80.1739513, 25.6925821], [-80.1741897, 25.6923516], [-80.1744571999999, 25.692121], [-80.1748219, 25.6918681], [-80.1750651, 25.6916686], [-80.1753133, 25.6914026], [-80.1756054, 25.6910036], [-80.1758099, 25.6907021], [-80.1758733, 25.6905204], [-80.175937, 25.6902235], [-80.1759713, 25.690033], [-80.1760252, 25.6897981], [-80.1760303, 25.6896298], [-80.1758854, 25.6891691], [-80.1756191, 25.6887174], [-80.175556, 25.6886731], [-80.1754929, 25.6886599], [-80.1754103, 25.6886909], [-80.175347, 25.6887575], [-80.1753129, 25.6888417], [-80.1752545, 25.6889215], [-80.1749625, 25.6892451000001], [-80.1747242, 25.6894403], [-80.1745442, 25.6896088], [-80.1744955, 25.6897063], [-80.1744613, 25.6897905], [-80.1744709, 25.6898702], [-80.1744755, 25.6899987], [-80.1744459, 25.6902557], [-80.1744214, 25.6904241], [-80.1743961, 25.6909824], [-80.1744054, 25.6911906], [-80.1744247, 25.6913058], [-80.1744148, 25.6913767], [-80.1743468, 25.6914077], [-80.1740845, 25.6914079], [-80.1739534, 25.6913815], [-80.1739049, 25.6913416], [-80.1738564, 25.6913106], [-80.1736913, 25.6913019], [-80.1735942, 25.691302], [-80.1735456, 25.6913064], [-80.1735358, 25.6913242], [-80.1735358, 25.6913729], [-80.173526, 25.6914039], [-80.1734628, 25.6914261], [-80.1732103, 25.6914175], [-80.1730986, 25.6913998], [-80.1730257, 25.6913999], [-80.1729821, 25.6913689], [-80.1729774, 25.6912847], [-80.1730118, 25.6910454], [-80.1730702999999, 25.6909435], [-80.1732599, 25.690837], [-80.1736, 25.6907614], [-80.1738673, 25.6906682], [-80.1739256, 25.6906061], [-80.1739356, 25.6904422], [-80.1739701, 25.6902029], [-80.1739557, 25.6901054], [-80.1739315, 25.6900124], [-80.1739464, 25.6898219], [-80.1739465, 25.6897731], [-80.1739272, 25.6897333], [-80.1738933, 25.6896934], [-80.1738885, 25.6896403], [-80.1738935, 25.6895649000001], [-80.173879, 25.6895029], [-80.1738016, 25.6893568], [-80.1737678, 25.6892416], [-80.173734, 25.6891176], [-80.1736856, 25.6890201000001], [-80.1735791, 25.6888164], [-80.1735114, 25.6886525], [-80.1734631, 25.6884931], [-80.1734099, 25.6883469], [-80.173289, 25.6880989], [-80.173231, 25.6879394], [-80.1731489, 25.6876869], [-80.1730473, 25.6874123], [-80.1729795, 25.687306], [-80.172834, 25.6872042], [-80.1724847, 25.6870229], [-80.1721549, 25.6867706], [-80.1720289, 25.6866244], [-80.1719756, 25.6865181], [-80.1719515, 25.6864517], [-80.1719127, 25.6864074], [-80.1717963, 25.6863278], [-80.1716411, 25.6861684], [-80.1714862, 25.6858805], [-80.1713363, 25.6855528], [-80.1712202, 25.6852737], [-80.1711961, 25.685163], [-80.171109, 25.6849947], [-80.1710171, 25.6847909], [-80.1710026, 25.6847511], [-80.1710172, 25.6847112], [-80.171061, 25.6846846], [-80.1712261, 25.6846933], [-80.1714397, 25.6847596], [-80.1717502, 25.6849233], [-80.1718473, 25.6849542], [-80.1720026, 25.6849984], [-80.1723083, 25.68514], [-80.1727206, 25.6854055], [-80.1729631, 25.6856003], [-80.17339, 25.6859101], [-80.1739088, 25.6863483], [-80.1742483, 25.6866316], [-80.1748981, 25.6871982], [-80.1752085, 25.6874239], [-80.1752861, 25.6875214], [-80.1753247, 25.6876188], [-80.1753924, 25.687827], [-80.1754116, 25.6879599], [-80.1754503, 25.6880263], [-80.1755085, 25.6880617], [-80.1755813, 25.688075], [-80.1757174, 25.6880394], [-80.1759214, 25.6880038], [-80.1761206, 25.6879992], [-80.176242, 25.6879592], [-80.1764123, 25.6878129], [-80.1765535, 25.6875957], [-80.1766751, 25.6874848], [-80.1768746, 25.6872942], [-80.1770351, 25.6871345], [-80.1771858, 25.6870591], [-80.1774579, 25.686957], [-80.177662, 25.6869125], [-80.1780263, 25.6868989], [-80.1782789, 25.68685], [-80.1784879, 25.6867568], [-80.1786144, 25.6866326], [-80.1786485, 25.6865218], [-80.1786343, 25.6863623], [-80.1785665, 25.6862206], [-80.1783968, 25.6860834], [-80.1783239, 25.6860702], [-80.1782754, 25.6860791], [-80.1782559, 25.6861057], [-80.178251, 25.6861189], [-80.1782461, 25.6861677], [-80.1782848, 25.6862208], [-80.1784545, 25.6863979], [-80.1784737999999, 25.6864599], [-80.1784737, 25.6865308], [-80.1784445, 25.6865884], [-80.1783472, 25.6866417], [-80.1781383, 25.6866906], [-80.1779343, 25.6866952], [-80.1778178, 25.686682], [-80.1777693, 25.6866554], [-80.1777354, 25.6865801], [-80.1777015, 25.6865048], [-80.1777065, 25.686465], [-80.1777211, 25.6864295]]}, "properties": {"project": "FL3502", "date": "19350125", "kind": "Natural.Mean High Water", "source": "T05627"}}, {"type": "Feature", "geometry": {"type": "LineString", "coordinates": [[-80.1551855, 25.6834622], [-80.1553422, 25.6837872], [-80.1554631, 25.6840707], [-80.1554967, 25.6842922], [-80.1555594, 25.6845093], [-80.1556899, 25.6848371], [-80.155738, 25.6850763], [-80.1558153, 25.6853022], [-80.1558973, 25.6855547], [-80.1559504, 25.6857673], [-80.1560082, 25.6860198], [-80.1560855, 25.6861837], [-80.1561435, 25.6863343], [-80.1561916, 25.6865868], [-80.1562253, 25.6867773], [-80.1562589, 25.6869589], [-80.1562731, 25.6871672], [-80.1563212, 25.6874241], [-80.1563643, 25.6877121], [-80.1564124, 25.6879557], [-80.1564364, 25.6881285], [-80.156436, 25.6883146], [-80.156426, 25.6884608], [-80.156445, 25.6887266], [-80.1564737, 25.688926], [-80.1564781, 25.6891652], [-80.1564776, 25.6894178], [-80.1564967, 25.6896304], [-80.1564911, 25.6899849], [-80.1565198, 25.6902418], [-80.1565239, 25.6906406], [-80.1565087, 25.6909862], [-80.1564839, 25.6912432], [-80.1564736, 25.6915179]]}, "properties": {"project": "FL3502", "date": "19350125", "kind": "Natural.Mean High Water", "source": "T05627"}}, {"type": "Feature", "geometry": {"type": "LineString", "coordinates": [[-80.1551666, 25.683423], [-80.1547093, 25.6834527], [-80.154727, 25.6835061], [-80.1551855, 25.6834622]]}, "properties": {"project": "FL3502", "date": "19350125", "kind": "Jetty.Bare", "source": "T05627"}}, {"type": "Feature", "geometry": {"type": "LineString", "coordinates": [[-80.1551666, 25.683423], [-80.1551855, 25.6834622]]}, "properties": {"project": "FL3502", "date": "19350125", "kind": "Shoreline/Alongshore Feature Boundary", "source": "T05627"}}, {"type": "Feature", "geometry": {"type": "LineString", "coordinates": [[-80.1555574, 25.6832333], [-80.1547178, 25.6833201], [-80.1547106, 25.6832599], [-80.1555708, 25.6831704]]}, "properties": {"project": "FL3502", "date": "19350125", "kind": "Jetty.Bare", "source": "T05627"}}, {"type": "Feature", "geometry": {"type": "LineString", "coordinates": [[-80.1555708, 25.6831704], [-80.1555574, 25.6832333]]}, "properties": {"project": "FL3502", "date": "19350125", "kind": "Shoreline/Alongshore Feature Boundary", "source": "T05627"}}, {"type": "Feature", "geometry": {"type": "LineString", "coordinates": [[-80.1770555, 25.6865807], [-80.1769826, 25.6865763], [-80.1769341, 25.6865498], [-80.176876, 25.6864834], [-80.1768567, 25.6863948], [-80.1768423, 25.686284], [-80.1767648, 25.6861467], [-80.1765176, 25.6858988], [-80.1763042, 25.6857395], [-80.1759937, 25.6855669], [-80.1757462, 25.685412], [-80.1755814, 25.6852748], [-80.1754358, 25.685173], [-80.1751448, 25.6849694], [-80.1749653, 25.6848455], [-80.174752, 25.684664], [-80.1744804, 25.6844117], [-80.1742961, 25.6842656], [-80.1741264, 25.6841639], [-80.1739614, 25.6840754], [-80.1738158, 25.6840046], [-80.1736752, 25.6838984], [-80.1735297, 25.6837567], [-80.1734425, 25.6836416], [-80.1731467, 25.6833937], [-80.172817, 25.6831059], [-80.1725502, 25.682889], [-80.172235, 25.6826633], [-80.1718081, 25.6823889], [-80.1715171, 25.6821942], [-80.1713909, 25.6821146], [-80.1712891, 25.6820216], [-80.171188, 25.681894]]}, "properties": {"project": "FL3502", "date": "19350125", "kind": "Natural.Mean High Water", "source": "T05627"}}, {"type": "Feature", "geometry": {"type": "LineString", "coordinates": [[-80.171188, 25.681894], [-80.171134, 25.6818711], [-80.1709932, 25.6818623], [-80.1704492, 25.681907], [-80.1699829, 25.6819561], [-80.1699585, 25.6819871], [-80.1699487, 25.682058], [-80.1699631, 25.6821289], [-80.1700261, 25.6822086], [-80.1701571, 25.6823016], [-80.170293, 25.6823591], [-80.1703851, 25.6824255], [-80.1704189, 25.6825318], [-80.1704089999999, 25.6826381], [-80.1703407, 25.6828287], [-80.1702189, 25.6830459], [-80.1701798, 25.6831655], [-80.1700189, 25.6835201], [-80.169897, 25.6838126], [-80.1698286, 25.684012], [-80.1698188, 25.6840696], [-80.1698333, 25.6841317], [-80.1699012, 25.6841715], [-80.1701584, 25.6842821], [-80.1708426, 25.6845961], [-80.1709396, 25.6846536], [-80.1709638, 25.6846935], [-80.170954, 25.6847555], [-80.1708811, 25.6848132], [-80.1707742, 25.6848399], [-80.1707208, 25.6848399], [-80.1702404, 25.6846054], [-80.1697989, 25.6843665], [-80.1697503, 25.6843577], [-80.1696969, 25.6843621], [-80.1696434, 25.6844065], [-80.1694436, 25.6847832], [-80.1692193, 25.6852929], [-80.1691608, 25.6854037], [-80.169083, 25.6854747], [-80.1688691, 25.6855989], [-80.1686213, 25.6856478], [-80.1684173, 25.685648], [-80.1683057, 25.6856215], [-80.1682329, 25.6855551], [-80.1681409, 25.6854311], [-80.168112, 25.685307], [-80.1681122, 25.6852007], [-80.1681464, 25.6850855], [-80.1682292, 25.6849525], [-80.1683458, 25.6848815], [-80.168545, 25.6848459], [-80.1687295999999, 25.6848502], [-80.1687927, 25.6848679], [-80.1689186999999, 25.684983], [-80.1689964, 25.6850051], [-80.1690887, 25.6850095], [-80.1691858, 25.6849917], [-80.1692637, 25.6849163], [-80.1694002, 25.6846238], [-80.1695414, 25.6843844], [-80.169561, 25.6843179], [-80.1695562, 25.6842692], [-80.1694011, 25.6841275], [-80.1691781, 25.6838929], [-80.168965, 25.6835785], [-80.1688052, 25.6832773], [-80.1686551, 25.6830736], [-80.1684078, 25.6828611], [-80.1681022, 25.6826531], [-80.167811, 25.6825204], [-80.1676654, 25.6824984], [-80.1675828, 25.6825073], [-80.1674906, 25.6824985], [-80.1673789, 25.682472], [-80.1672478, 25.6824721], [-80.167136, 25.6825032], [-80.1670486, 25.6825121], [-80.1669029, 25.6825122], [-80.1668057, 25.6825256], [-80.1666891, 25.6825522], [-80.166252, 25.6825836], [-80.1659072, 25.6826015], [-80.1655234999999, 25.6826372], [-80.1650571, 25.6826863], [-80.1644985, 25.6827532], [-80.1639885, 25.6827978], [-80.1634785, 25.6828514], [-80.1631434, 25.6828870000001], [-80.1629005, 25.6829271], [-80.1623807, 25.6829717], [-80.1618416, 25.6830297], [-80.1613753, 25.683061], [-80.1608701, 25.6831146], [-80.1601415, 25.6831992], [-80.1591215, 25.6832974], [-80.1583054, 25.6833865], [-80.1575088, 25.683458], [-80.1571105, 25.6835114], [-80.1570085, 25.6835159], [-80.156926, 25.6834716], [-80.1568872, 25.6834362], [-80.1568242, 25.6834141], [-80.1567659, 25.6834141], [-80.1566931, 25.6833832], [-80.1565815, 25.6833035], [-80.1564893, 25.6832814], [-80.1562125, 25.6832993], [-80.1558093, 25.6833394], [-80.1554887, 25.683384], [-80.1551666, 25.683423]]}, "properties": {"project": "FL3502", "date": "19350125", "kind": "Man-made", "source": "T05627"}}, {"type": "Feature", "geometry": {"type": "LineString", "coordinates": [[-80.1563874, 25.6942168], [-80.1564211, 25.6942939], [-80.1564412, 25.6944143], [-80.156434, 25.6946088], [-80.1564101, 25.6947045], [-80.1563659, 25.6948588], [-80.1563014, 25.6949638], [-80.156237, 25.6950379], [-80.1562065, 25.6950534], [-80.1561219, 25.6950504]]}, "properties": {"project": "FL3502", "date": "19350125", "kind": "Natural.Mean High Water", "source": "T05627"}}, {"type": "Feature", "geometry": {"type": "LineString", "coordinates": [[-80.1728214, 25.6943508], [-80.172831, 25.6944128], [-80.1728065, 25.6945192], [-80.1727627, 25.6945946], [-80.1727335, 25.694599], [-80.1726607, 25.6945946], [-80.172583, 25.6945903], [-80.172515, 25.6946169], [-80.1724906, 25.6946701], [-80.1724856, 25.6947277], [-80.1725147, 25.6947897], [-80.1725777, 25.6948428], [-80.172597, 25.6949137], [-80.1726504, 25.6949358], [-80.1727427, 25.6949446], [-80.1728349, 25.6949401], [-80.1728787, 25.6949223], [-80.1729177, 25.694847], [-80.1729517, 25.6948159], [-80.17301, 25.6947982], [-80.1730538, 25.6947583], [-80.1730927999999, 25.6946785], [-80.1730978, 25.6946164], [-80.1730785, 25.69455], [-80.1730592, 25.6944791], [-80.173069, 25.6944348], [-80.1731273, 25.6943993], [-80.1731468, 25.6943639], [-80.1731468999999, 25.694324], [-80.1731275, 25.6942664], [-80.1731228, 25.6942]]}, "properties": {"project": "FL3502", "date": "19350125", "kind": "Undetermined.Approximate", "source": "T05627"}}, {"type": "Feature", "geometry": {"type": "LineString", "coordinates": [[-80.1718745, 25.6942319], [-80.1710052, 25.6941927], [-80.1696161, 25.6941937], [-80.1666438, 25.6941604], [-80.1660708, 25.6941165], [-80.1660611, 25.69409], [-80.1660514, 25.6940545], [-80.1661097, 25.6940456], [-80.1667507, 25.6941072], [-80.1674792, 25.6941244], [-80.1681884, 25.694115], [-80.1688586, 25.6941145], [-80.1696357, 25.6941051], [-80.1704905, 25.6941222], [-80.1716173, 25.6941302], [-80.1719864, 25.6941299]]}, "properties": {"project": "FL3502", "date": "19350125", "kind": "Man-made", "source": "T05627"}}, {"type": "Feature", "geometry": {"type": "LineString", "coordinates": [[-80.1719864, 25.6941299], [-80.1722294, 25.6940766], [-80.1724431, 25.6940321], [-80.1726568, 25.6940319], [-80.1727831, 25.6940496], [-80.1728607, 25.6941293], [-80.1728605, 25.6941913], [-80.1728313, 25.6942711], [-80.1728214, 25.6943508]]}, "properties": {"project": "FL3502", "date": "19350125", "kind": "Natural.Mean High Water", "source": "T05627"}}, {"type": "Feature", "geometry": {"type": "LineString", "coordinates": [[-80.1564736, 25.6915179], [-80.1565073, 25.6916548], [-80.1565605, 25.6921332], [-80.1565563, 25.6925931], [-80.1565421, 25.692945], [-80.1565246, 25.6932383], [-80.1565104, 25.6935778], [-80.1564828, 25.693871], [-80.1564657, 25.6939822000001], [-80.1564655, 25.6940439], [-80.1564418, 25.6940933], [-80.1563874, 25.6942168]]}, "properties": {"project": "FL3502", "date": "19350125", "kind": "Natural.Mean High Water", "source": "T05627"}}, {"type": "Feature", "geometry": {"type": "LineString", "coordinates": [[-80.1564736, 25.6915179], [-80.1562405, 25.6915136]]}, "properties": {"project": "FL3502", "date": "19350125", "kind": "Undetermined Alongshore Feature", "source": "T05627"}}, {"type": "Feature", "geometry": {"type": "LineString", "coordinates": [[-80.1555574, 25.6832333], [-80.1568217, 25.6831064], [-80.1569436, 25.6830508], [-80.1570594, 25.6830229], [-80.1574187, 25.6829894], [-80.1577355, 25.6829225], [-80.1581374, 25.6828944], [-80.158582, 25.682833], [-80.1589231, 25.6827995], [-80.1591484, 25.6827716], [-80.1592702, 25.6827826], [-80.1594285, 25.6827825], [-80.1595381, 25.6827602], [-80.1597087, 25.6827378], [-80.1600436, 25.6827154], [-80.1603908, 25.6826652], [-80.1607075, 25.6826483], [-80.161146, 25.6826035], [-80.1617184, 25.6825587], [-80.1619255, 25.6825252], [-80.1621203, 25.6825307], [-80.1622421, 25.6825361], [-80.1623518, 25.6825083], [-80.1627659, 25.6824691], [-80.1630948, 25.6824355], [-80.1633749, 25.6824131], [-80.1634846, 25.6823908], [-80.1636064, 25.6823463], [-80.1639353, 25.6823127], [-80.1649401, 25.6822454], [-80.1654152, 25.6821895], [-80.1657562, 25.6821615], [-80.1661885, 25.68215], [-80.1663286, 25.6821222], [-80.1664748, 25.6821054], [-80.166761, 25.6821052], [-80.1670046, 25.6820606], [-80.1672483, 25.6820048], [-80.1674431, 25.6820103], [-80.1676563, 25.6819934], [-80.1677842, 25.6819711], [-80.1678999, 25.6819433], [-80.1680765, 25.6819431], [-80.1682958, 25.6819319], [-80.1685637, 25.6818983], [-80.1686977, 25.681876], [-80.1689169, 25.6818759], [-80.1690997, 25.681848], [-80.169258, 25.6818201], [-80.1694407, 25.6818199000001], [-80.1695443, 25.6817976], [-80.16966, 25.6817587], [-80.1697513, 25.6817697], [-80.1698366, 25.6817752], [-80.1699279, 25.6817585], [-80.1700741, 25.6817417], [-80.1703664, 25.6817192]]}, "properties": {"project": "FL3502", "date": "19350125", "kind": "Man-made", "source": "T05627"}}, {"type": "Feature", "geometry": {"type": "LineString", "coordinates": [[-80.1605951, 25.712062], [-80.1604591, 25.712071], [-80.1603473, 25.7121153000001], [-80.1601625, 25.7121864], [-80.1600945, 25.7121997], [-80.1600411, 25.7121864], [-80.160012, 25.7121421], [-80.1600073, 25.7120978], [-80.1600511, 25.7120579], [-80.1601143, 25.7120225], [-80.1601824, 25.711956], [-80.1602359, 25.7119072], [-80.1603429, 25.7118717], [-80.1605178, 25.7118361], [-80.1606976, 25.7118094], [-80.1607219, 25.7117917], [-80.1607317, 25.7117651], [-80.1606929, 25.7117252], [-80.1606589, 25.7117075], [-80.1606299, 25.7116588], [-80.1606591, 25.7116189], [-80.1607563, 25.711579], [-80.1607758, 25.7115391], [-80.1607808, 25.7114726], [-80.1607906, 25.7114061], [-80.1608344, 25.7113662], [-80.1610046, 25.7112731], [-80.1610582, 25.7112199], [-80.1611069, 25.7111534], [-80.1611556, 25.7110825], [-80.1611605, 25.7110116], [-80.1611947, 25.7109451], [-80.1612386, 25.7108166], [-80.1612971, 25.7107146], [-80.1613749, 25.710688], [-80.1615789, 25.7106879], [-80.1617781, 25.7106744], [-80.1620016, 25.7106255], [-80.1622302, 25.7105013], [-80.1623954, 25.7104613], [-80.1626091, 25.7104656], [-80.1627548, 25.7104965], [-80.162983, 25.7105584], [-80.1631286, 25.7105893], [-80.1632452, 25.7105937], [-80.1633327, 25.7105582], [-80.163459, 25.7105404], [-80.1635854, 25.7105093], [-80.1637555, 25.7104383], [-80.163911, 25.710416], [-80.1640228, 25.7103672], [-80.1642561, 25.710336], [-80.1643533, 25.7103005], [-80.1644214, 25.7102561], [-80.1645088, 25.7102428], [-80.1645526, 25.710225], [-80.164611, 25.710163], [-80.1647129999999, 25.7101407], [-80.1649608, 25.7101361], [-80.1651307, 25.7101626], [-80.1653687, 25.7101624], [-80.1655291, 25.7101313], [-80.1656749, 25.7100692], [-80.1658161, 25.7099362], [-80.1659232, 25.7097766], [-80.166118, 25.7094885], [-80.1661861, 25.7094485], [-80.1662541, 25.709444], [-80.1663318, 25.7094661], [-80.1665066, 25.7094837], [-80.1666718, 25.7094748], [-80.1667399, 25.7094437], [-80.166774, 25.7093816], [-80.1668228, 25.7092664], [-80.1669445, 25.7091246], [-80.1669738, 25.7090448], [-80.1670084, 25.7086859], [-80.1670037, 25.7086194], [-80.1669747, 25.7085264], [-80.1669651, 25.7084777], [-80.1669797, 25.7084289], [-80.1670381, 25.7084067], [-80.1670915, 25.7084288], [-80.1671689, 25.7085661], [-80.1672028, 25.7086414], [-80.1673387, 25.7087255], [-80.1674746, 25.7087697], [-80.1675814, 25.7088228], [-80.1676735, 25.7088848], [-80.167824, 25.7089423], [-80.1679016, 25.7090264], [-80.1679889, 25.7090972], [-80.1681392, 25.7092522], [-80.1682167, 25.7093762], [-80.1682554, 25.7094515], [-80.1683475, 25.7095356], [-80.1684446, 25.7095621], [-80.1685078, 25.7095842], [-80.1685368, 25.7096241], [-80.1685707, 25.7096861], [-80.168692, 25.7097879], [-80.1689248, 25.7099516], [-80.169143, 25.7101819], [-80.1695117, 25.7104386], [-80.16973, 25.7105891], [-80.1699871, 25.7108281], [-80.1701132, 25.7109122], [-80.1703705, 25.7110139], [-80.1703948, 25.7110139], [-80.1704239, 25.7109962], [-80.170458, 25.7109651], [-80.170526, 25.7109651], [-80.1706377, 25.710996], [-80.1706863, 25.710996], [-80.1707153999999, 25.7109738], [-80.1707885, 25.7108453], [-80.1708129, 25.7107876], [-80.170813, 25.7107345], [-80.1707452, 25.7106282], [-80.1707356, 25.7105662], [-80.17076, 25.7105041], [-80.1708135, 25.7104864], [-80.1708717, 25.7104907], [-80.1709591, 25.7105438], [-80.1710368, 25.7105482], [-80.1711534, 25.7105083], [-80.1712312, 25.7104683], [-80.1712896, 25.7104151], [-80.1713141, 25.7103265], [-80.1713919, 25.7102511000001], [-80.1714163, 25.7101935], [-80.1714164, 25.7101403], [-80.1713825, 25.7100783], [-80.1713389, 25.7100119], [-80.171339, 25.7099720000001], [-80.1714119, 25.7099542], [-80.1715381, 25.7099719], [-80.1717129, 25.7100293], [-80.1718585, 25.7101134], [-80.1719556, 25.7101399], [-80.1721062, 25.7101487], [-80.1722422, 25.7101308], [-80.1724415, 25.7100332], [-80.1725436, 25.7099755], [-80.1726019, 25.7099755], [-80.1726602, 25.7100065], [-80.1726649, 25.7100552], [-80.1726406, 25.7101128], [-80.1725432, 25.7102414], [-80.1725139, 25.7103034], [-80.1725235, 25.7104053], [-80.1725573, 25.7104806], [-80.1726058, 25.710547], [-80.1726057, 25.7106179], [-80.1725715, 25.7107243], [-80.1725616, 25.7107952], [-80.1725858, 25.7108483], [-80.1726586, 25.7108837], [-80.1727985, 25.7109011], [-80.1729063, 25.7109146], [-80.1730763, 25.7109011], [-80.1731978, 25.7108789], [-80.1733289, 25.7108921], [-80.1734309, 25.7109097], [-80.1734649, 25.7109008], [-80.1734796, 25.7108521], [-80.1734652, 25.7107502], [-80.1734605, 25.7106394], [-80.1734413, 25.710511], [-80.1734317, 25.7104534], [-80.1734415, 25.7104002], [-80.1734465, 25.7103337], [-80.1734125999999, 25.710285], [-80.1733495, 25.7102452], [-80.1732573, 25.7102275], [-80.173233, 25.710201], [-80.1732185, 25.7101655], [-80.1731894, 25.7101434], [-80.1731409, 25.7100991], [-80.173141, 25.7100593], [-80.1731799, 25.7100149], [-80.173384, 25.7099572], [-80.1737921, 25.709917], [-80.1741808, 25.7099078], [-80.1743508, 25.7099033], [-80.1744333, 25.7099209], [-80.1745887, 25.7099341], [-80.175055, 25.7099515], [-80.1753659, 25.7099867], [-80.175594, 25.7100574], [-80.1757008, 25.710106], [-80.1757882, 25.7101193], [-80.1758756, 25.7101724], [-80.1759241, 25.7101901], [-80.175997, 25.71019], [-80.1760505, 25.7101634], [-80.17607, 25.7101146], [-80.1760555, 25.7100792], [-80.1758761, 25.7098932], [-80.1757257, 25.7097649], [-80.1754978, 25.7095258], [-80.1753281, 25.7093797], [-80.175299, 25.7093088], [-80.1753137, 25.7092512], [-80.1753332, 25.7091936], [-80.1753334, 25.7090873], [-80.1753093, 25.7089765], [-80.1752027, 25.7088526], [-80.175125, 25.7088083], [-80.1750619, 25.7087862], [-80.1750376, 25.7087951], [-80.175023, 25.7088394], [-80.1750082, 25.7089369], [-80.1749742, 25.7089547], [-80.1749451, 25.7089547], [-80.1749305, 25.7089547], [-80.1748868, 25.708906], [-80.1747996, 25.7087953], [-80.1747609, 25.7087244], [-80.1747513, 25.7086447], [-80.1746883, 25.708534], [-80.174601, 25.7085074], [-80.1745572, 25.7085119], [-80.1745183, 25.7085341], [-80.174494, 25.7085784], [-80.1744599, 25.7086006], [-80.1744016, 25.7086051], [-80.1743725, 25.7085829], [-80.1743678, 25.7084899], [-80.1743438, 25.7083393], [-80.1742615, 25.7081931], [-80.1740771, 25.7080648], [-80.1739898, 25.7080206], [-80.1739169, 25.7080073], [-80.1738392, 25.7080162], [-80.1737761, 25.7080119], [-80.1736887, 25.7079853], [-80.1736255, 25.7079721], [-80.1735818, 25.707981], [-80.1735381, 25.7080076], [-80.1735039, 25.7080874], [-80.1734747, 25.7081007], [-80.1734359, 25.7080919], [-80.1734069, 25.7080299], [-80.173407, 25.7079368], [-80.1734218, 25.7078482], [-80.1734316, 25.7077862], [-80.1734074, 25.7077197], [-80.1733346, 25.7076666], [-80.1731308, 25.707587], [-80.1729802, 25.7075561], [-80.1728443, 25.7075429], [-80.1727665, 25.7075518], [-80.1726742, 25.7075918], [-80.1725235, 25.7076628], [-80.1724457, 25.7076673], [-80.1723292, 25.7076541], [-80.1722321, 25.7075965], [-80.1721933, 25.7075833], [-80.1721738, 25.7075922], [-80.1721447, 25.7075966], [-80.1721204, 25.7075789], [-80.1721156, 25.7075435], [-80.1721595, 25.7074725], [-80.1721596, 25.7074282], [-80.1721208, 25.707384], [-80.1720237, 25.7073309], [-80.171946, 25.7073309], [-80.1718148, 25.7073443], [-80.1716836, 25.7073666], [-80.1715671, 25.7073667], [-80.171504, 25.7073357], [-80.1714846, 25.707287], [-80.1714507, 25.7072604], [-80.1713973, 25.7072339], [-80.1713293, 25.7072295], [-80.1712613, 25.707203], [-80.1712226, 25.7071587], [-80.1712032, 25.7071144], [-80.171145, 25.7070923], [-80.1710672, 25.7070968], [-80.1709847, 25.7070702], [-80.1708537, 25.7070172], [-80.1708002, 25.7070172], [-80.1707711, 25.7070305], [-80.1707224, 25.7070926], [-80.1706592, 25.7071104], [-80.1705426, 25.7070972], [-80.1704699, 25.7070485], [-80.1704554, 25.7070042], [-80.1704506, 25.7069466], [-80.1704215, 25.7069112], [-80.1703487, 25.7068846], [-80.1702564, 25.7068758], [-80.1701884, 25.7068936], [-80.1701155, 25.7069424], [-80.1700377, 25.7069513], [-80.1699795, 25.7069381], [-80.1699262, 25.7068716], [-80.1698679, 25.7068274], [-80.1698048, 25.7068141], [-80.1697271, 25.7068231], [-80.1696785, 25.7068452], [-80.1696007, 25.7068497], [-80.1694016, 25.706841], [-80.1692754, 25.7068101], [-80.1691977, 25.706757], [-80.1691299, 25.7066861], [-80.1690863, 25.7065887], [-80.169033, 25.7065311], [-80.1689651, 25.7064869], [-80.1689263, 25.7064293], [-80.1688584, 25.7063762], [-80.1686886, 25.7062966], [-80.1686061, 25.7062302], [-80.1685334, 25.7061195], [-80.1684413999999, 25.705991], [-80.1684221, 25.7059202], [-80.1684319, 25.7058537], [-80.1684417, 25.7057961], [-80.1684321, 25.7057385], [-80.1683595, 25.7056145], [-80.1681947, 25.705402], [-80.1679911, 25.705185], [-80.1679767, 25.7051186], [-80.1679865, 25.7050211], [-80.1679769, 25.7049591], [-80.1679382, 25.7049059], [-80.16788, 25.7048395], [-80.1678704, 25.7047819], [-80.1678705, 25.704742], [-80.1678414, 25.7046933], [-80.1677832, 25.7046402], [-80.1677445, 25.7045516], [-80.1677448, 25.7043832], [-80.1677255, 25.7043168], [-80.1677061, 25.7042947], [-80.1676624, 25.7043168], [-80.1676428, 25.7043789], [-80.1675894, 25.7044055], [-80.1675311, 25.7043878], [-80.1675263, 25.7043568], [-80.1675604, 25.7043213], [-80.167609, 25.7042814], [-80.1676285, 25.7042371], [-80.1676287, 25.7041618], [-80.167619, 25.7041086], [-80.1676337, 25.7040599], [-80.1677018, 25.7040111], [-80.1677456, 25.7039402], [-80.1677361, 25.7038427], [-80.1676635, 25.7036966], [-80.1676344, 25.7036656], [-80.1675957, 25.7035637], [-80.1675378, 25.7033599], [-80.167509, 25.7031827], [-80.1675286, 25.7030985], [-80.1675287, 25.7030188], [-80.1674852, 25.7029346], [-80.1673543, 25.7028062], [-80.1673252, 25.7027398], [-80.1673254, 25.7026335], [-80.1673353, 25.7025227], [-80.1673209, 25.7024252000001], [-80.1672677, 25.7023411], [-80.1671657, 25.7023146], [-80.1671367, 25.7022659], [-80.1671417, 25.7021861], [-80.1671127, 25.7020842], [-80.166977, 25.7019337], [-80.1668412, 25.7018274], [-80.166783, 25.7017344], [-80.1667832, 25.7016237], [-80.1668222, 25.7015838], [-80.1668951, 25.7015571], [-80.166968, 25.7014995], [-80.1669778, 25.7014685], [-80.166973, 25.7014242], [-80.1669391, 25.7013843], [-80.1668954, 25.701371], [-80.1668468, 25.7013755], [-80.1668129, 25.7013711], [-80.1668032, 25.7013357], [-80.166813, 25.7012869], [-80.1669005, 25.7012248], [-80.167027, 25.7011184], [-80.1670903999999, 25.7010032], [-80.1671343, 25.7008791], [-80.1671247, 25.7008392], [-80.1671442, 25.7008038], [-80.1671927, 25.7008037], [-80.1672316, 25.7007904], [-80.1673483, 25.7007239], [-80.167499, 25.7006617], [-80.1677419, 25.7006217], [-80.1678878, 25.7005462], [-80.1680385, 25.7004753000001], [-80.1682233, 25.7003378], [-80.1683644, 25.7001649], [-80.1684229, 25.7000806], [-80.1684425, 25.699961], [-80.1685204, 25.6998723], [-80.1687004, 25.6997304], [-80.1687977, 25.699624], [-80.168827, 25.6995398], [-80.1688708, 25.6994911], [-80.168934, 25.6994556], [-80.1689997, 25.6993913], [-80.169007, 25.699358], [-80.1690023, 25.6993137], [-80.168978, 25.6992783], [-80.1689757, 25.6992429], [-80.1689879, 25.6992163], [-80.1690146, 25.6992074], [-80.1690462, 25.699214], [-80.1690607, 25.6992118], [-80.1690826, 25.6991985], [-80.1690924, 25.6991652], [-80.1690949, 25.6990988], [-80.169112, 25.6990788], [-80.1691363, 25.6990788], [-80.1691678, 25.6991032], [-80.1692163, 25.6991098], [-80.1692747, 25.6990854], [-80.1692966, 25.6990521], [-80.1692968, 25.6989303], [-80.1692777, 25.6987486], [-80.1692293, 25.6986778], [-80.1691929, 25.6986556], [-80.1691443, 25.698649], [-80.1690836, 25.6986557], [-80.1690326, 25.6986713], [-80.1689621, 25.6986802], [-80.168882, 25.6986647], [-80.1687558, 25.6985984], [-80.1687316, 25.6985563], [-80.1687317, 25.6985319], [-80.1687438, 25.6985186], [-80.1688313, 25.6985163], [-80.1690523, 25.6985095], [-80.1691495, 25.6984895000001], [-80.1692054, 25.6984496], [-80.1692347, 25.6983809], [-80.1692323, 25.6983455], [-80.1691935, 25.69833], [-80.169038, 25.6983213], [-80.1687418, 25.6983259], [-80.1686883, 25.6983414], [-80.1686276, 25.6983415], [-80.1685718, 25.6983305], [-80.1685305, 25.6982884], [-80.1684991, 25.6982064], [-80.1684579, 25.6981577], [-80.1684142, 25.6981445], [-80.1683487, 25.6981423], [-80.1682564, 25.6981557], [-80.1681689, 25.6981801], [-80.1680305, 25.6981802]]}, "properties": {"project": "FL3502", "date": "19350125", "kind": "Undetermined.Approximate", "source": "T05627"}}, {"type": "Feature", "geometry": {"type": "LineString", "coordinates": [[-80.1680305, 25.6981802], [-80.1677149, 25.6980763], [-80.1674043, 25.6979414], [-80.1672806, 25.6978595], [-80.167254, 25.6978241], [-80.1672516, 25.6977776], [-80.1673761, 25.6974253], [-80.1674126, 25.6974009], [-80.1674587, 25.6973986], [-80.167534, 25.6974296], [-80.1683297, 25.6979119], [-80.1686377, 25.6980978], [-80.1687737, 25.6981066], [-80.169342, 25.698084]]}, "properties": {"project": "FL3502", "date": "19350125", "kind": "Man-made", "source": "T05627"}}, {"type": "Feature", "geometry": {"type": "LineString", "coordinates": [[-80.1561219, 25.6950504], [-80.1561421, 25.6951152], [-80.156196, 25.6952417], [-80.1562363, 25.6953806], [-80.1562631, 25.6955164], [-80.1562764, 25.6956583], [-80.1562659, 25.6958034], [-80.1562385, 25.6960164], [-80.1562178, 25.6961985], [-80.1561905, 25.6963251], [-80.1561731, 25.6965597], [-80.1561455, 25.6968499], [-80.1561247, 25.697103], [-80.1561209, 25.6973499], [-80.1561138, 25.6975197], [-80.1561102, 25.6976462], [-80.1560965, 25.6977234], [-80.1560658, 25.6978253], [-80.1560386, 25.6979333], [-80.1560315, 25.6980753], [-80.1560107, 25.6983593], [-80.155983, 25.6986927], [-80.1559519, 25.6990106], [-80.1559142, 25.6992545], [-80.1558427, 25.6994799], [-80.1557711, 25.6997855], [-80.1556791, 25.7001282], [-80.1555939, 25.7004338], [-80.1555223, 25.7007425], [-80.1553692, 25.7011315], [-80.1552025, 25.7016131], [-80.1550801, 25.7019466], [-80.1549473, 25.7023417], [-80.1548046, 25.7026844], [-80.1546992, 25.7028975], [-80.1546753, 25.703024], [-80.1546379, 25.7031475], [-80.1545937, 25.7032432], [-80.1545528, 25.703376], [-80.1544645, 25.7035705], [-80.1543252, 25.703833], [-80.1541995, 25.7041047], [-80.1540431, 25.7044659], [-80.1539445, 25.7047438], [-80.1538424, 25.7050309], [-80.1537914, 25.7051822], [-80.1536929, 25.7053705], [-80.1535876, 25.7055496], [-80.1535332, 25.705707], [-80.1534719, 25.7058861], [-80.1533496, 25.7061331], [-80.1532749, 25.7062782], [-80.1531832, 25.706448], [-80.1530813, 25.7066364], [-80.1529862, 25.7068093], [-80.1529658, 25.7068772], [-80.1529453, 25.706976], [-80.1528977, 25.7070625], [-80.1527688, 25.7072724], [-80.1526465, 25.7075071], [-80.1524767, 25.7077912], [-80.1523953, 25.7078992], [-80.152307, 25.7080413], [-80.1522119, 25.7082636], [-80.1520964, 25.708489], [-80.1519978, 25.7087051], [-80.1519434, 25.7088533], [-80.1518617, 25.7091064], [-80.1517494, 25.7093936], [-80.1516609, 25.7096714], [-80.1515895, 25.7098351], [-80.1515656, 25.7099462], [-80.151535, 25.7100357], [-80.1514161, 25.7102704], [-80.1513243, 25.7104865], [-80.1512699, 25.7106409], [-80.1512425, 25.7107829], [-80.1512051, 25.7108693], [-80.1511813, 25.7109341], [-80.1511334, 25.711215], [-80.1510819, 25.7115762], [-80.1510407, 25.7118972], [-80.1510066, 25.7120207], [-80.1509045, 25.7123171], [-80.150782, 25.7126351], [-80.1507072, 25.7128574], [-80.1506255, 25.7130951], [-80.1505371, 25.7132742], [-80.1504113, 25.7135922000001], [-80.1502889, 25.7138608], [-80.150136, 25.7141726], [-80.14999, 25.714432], [-80.1498337, 25.7147654], [-80.1496842, 25.7150557000001], [-80.1495416, 25.7153058], [-80.1494329, 25.7155034], [-80.1493411, 25.7157041], [-80.1492834, 25.7158245], [-80.1491746, 25.7160776], [-80.1491031, 25.7162598], [-80.149001, 25.7165963], [-80.1488784, 25.7169544], [-80.1488205, 25.7171304], [-80.1487524, 25.7173496], [-80.1486707, 25.7176182], [-80.1486194, 25.7178682], [-80.1485138, 25.7182078], [-80.148432, 25.7185289], [-80.1484079, 25.7187017], [-80.1483806, 25.718853], [-80.1483465, 25.7189579], [-80.1483089, 25.7191493], [-80.1482646, 25.7192975], [-80.1482236, 25.7195074], [-80.1481759, 25.719668], [-80.1481521, 25.7197359], [-80.1480906, 25.7200322], [-80.1480222, 25.7203595], [-80.1479404, 25.7206682], [-80.1478552, 25.7209676], [-80.1477905, 25.7211775], [-80.1477358, 25.7214646], [-80.1476878, 25.7217795], [-80.1476501, 25.7219956], [-80.1475818, 25.7222827000001], [-80.1475305, 25.722579], [-80.1475063, 25.7228167], [-80.1474991, 25.7230667], [-80.1475018, 25.7233785], [-80.1475284, 25.7236501], [-80.1475516, 25.7238939], [-80.147571, 25.7243476], [-80.1475739, 25.7245822], [-80.1475973, 25.7247056], [-80.147641, 25.7248538], [-80.1477185, 25.7250544], [-80.1477725, 25.72515], [-80.1477926, 25.7252488], [-80.1477889, 25.7253661], [-80.1477685, 25.7254587], [-80.1476699, 25.7256655], [-80.1476189, 25.7257613], [-80.1475679, 25.7259033], [-80.1475676, 25.7260453], [-80.1475945, 25.7261317], [-80.1476215, 25.7261996], [-80.1476247, 25.7262459], [-80.1476178, 25.7263199], [-80.1476177, 25.7263724], [-80.1476378999999, 25.7264372], [-80.1476986, 25.7265359], [-80.1477628, 25.7265884], [-80.1478541, 25.7266686], [-80.1479181, 25.7267797], [-80.1479855, 25.7269525], [-80.1480292, 25.7270759], [-80.1481034, 25.7272271000001], [-80.1482149, 25.7273258], [-80.148394, 25.727477], [-80.1484582, 25.7275263], [-80.1484514, 25.7275541], [-80.148431, 25.7275634], [-80.1484276, 25.7275819], [-80.1484411, 25.7276189], [-80.1484478, 25.7276467], [-80.1484443, 25.7276837], [-80.1484544, 25.7277115], [-80.1484714, 25.7277146], [-80.1485052, 25.7277053], [-80.1485458, 25.7277022], [-80.1485729, 25.7276898], [-80.148573, 25.7276775], [-80.1485561, 25.7276528], [-80.1485257, 25.7276312], [-80.1485257, 25.7276065], [-80.1485461, 25.7275911], [-80.1486577, 25.7275972]]}, "properties": {"project": "FL3502", "date": "19350125", "kind": "Natural.Mean High Water", "source": "T05627"}}, {"type": "Feature", "geometry": {"type": "LineString", "coordinates": [[-80.1561219, 25.6950504], [-80.155973, 25.6950443]]}, "properties": {"project": "FL3502", "date": "19350125", "kind": "Undetermined Alongshore Feature", "source": "T05627"}}, {"type": "Feature", "geometry": {"type": "LineString", "coordinates": [[-80.1654703, 25.7115651], [-80.1655895, 25.7114938], [-80.1656567, 25.7114021], [-80.1656792, 25.7113206], [-80.1656681, 25.7112561], [-80.1656496, 25.7112222], [-80.1656385, 25.7111679], [-80.1656386, 25.7111407], [-80.1656646, 25.7111305], [-80.1656721, 25.7111136], [-80.1656572, 25.7110966], [-80.1655308, 25.7110322], [-80.1654043, 25.7110357], [-80.1652554, 25.7110663], [-80.16514, 25.7111139], [-80.1650319, 25.7111989], [-80.1649647, 25.7113075], [-80.1649609, 25.7113686], [-80.1649719, 25.7114365], [-80.1650128, 25.7114806], [-80.165169, 25.7115246], [-80.1652471, 25.7115415], [-80.165288, 25.7115754], [-80.1653736, 25.7115821], [-80.1654257, 25.7115787], [-80.1654703, 25.7115651]]}, "properties": {"project": "FL3502", "date": "19350125", "kind": "Undetermined.Approximate", "source": "T05627"}}, {"type": "Feature", "geometry": {"type": "LineString", "coordinates": [[-80.1660385, 25.7121994], [-80.166217, 25.7122434], [-80.1662766, 25.7122433], [-80.1663547, 25.7122229], [-80.1664069, 25.7121855], [-80.1664145, 25.7121143], [-80.166448, 25.7120905], [-80.1665001, 25.7120904], [-80.1665335, 25.7121244000001], [-80.1665707, 25.7121277], [-80.1666303, 25.7121005], [-80.1666565, 25.7120326], [-80.1666566, 25.7119715], [-80.1666381, 25.7119308], [-80.1666084, 25.7118732], [-80.1666011, 25.7117985], [-80.1666161, 25.711717], [-80.1666311, 25.7116525], [-80.166635, 25.7115609], [-80.1666575, 25.7114896], [-80.1666873, 25.7114488], [-80.1666874, 25.7114081], [-80.1666689, 25.7113606], [-80.1666578, 25.7113199], [-80.1666653, 25.7112927], [-80.1666951, 25.711269], [-80.1667175, 25.7112282000001], [-80.1667176, 25.7111841], [-80.1666694, 25.7111027], [-80.1665729, 25.7109568], [-80.16648, 25.7108754], [-80.1663721, 25.7108483], [-80.1662419, 25.710845], [-80.1661675, 25.7108485], [-80.166093, 25.7108791], [-80.1660036, 25.7109402], [-80.1659291, 25.7109878], [-80.165862, 25.7110456], [-80.1657949, 25.7110965], [-80.1657464, 25.7111644], [-80.1657202, 25.7112731], [-80.1657161, 25.7114529], [-80.1657417, 25.7117075], [-80.1657525, 25.7118873], [-80.165745, 25.7119518], [-80.1657597, 25.7120231], [-80.1657968, 25.7120842], [-80.1659232, 25.7121519], [-80.1660385, 25.7121994]]}, "properties": {"project": "FL3502", "date": "19350125", "kind": "Undetermined.Approximate", "source": "T05627"}}, {"type": "Feature", "geometry": {"type": "LineString", "coordinates": [[-80.167891, 25.7104841], [-80.1679357, 25.7104433], [-80.1679805, 25.7103788], [-80.1679955, 25.7103007], [-80.1679845, 25.7101922], [-80.1679178, 25.7100463], [-80.1678583, 25.7100056], [-80.1678025, 25.7099988000001], [-80.1677132, 25.7100091], [-80.1675829, 25.7100635], [-80.1675382, 25.7101076], [-80.1675195, 25.7101619], [-80.1675082, 25.7102332], [-80.1674746, 25.7102875], [-80.1674522, 25.7103147], [-80.1674521, 25.7103521], [-80.167467, 25.710386], [-80.1675115, 25.7104199], [-80.1675413, 25.710447], [-80.1675524, 25.7104742], [-80.1675858, 25.7104945], [-80.1677086, 25.7105046], [-80.167891, 25.7104841]]}, "properties": {"project": "FL3502", "date": "19350125", "kind": "Undetermined.Approximate", "source": "T05627"}}, {"type": "Feature", "geometry": {"type": "LineString", "coordinates": [[-80.1622302, 25.7150869], [-80.1622446, 25.7153177], [-80.162222, 25.7154806], [-80.1622142, 25.7157046], [-80.1621841, 25.7158607], [-80.1621839, 25.7159626], [-80.1622729, 25.7161051], [-80.1624439, 25.7162], [-80.1625928, 25.7162134], [-80.1627863, 25.7162133], [-80.1630095, 25.7162267], [-80.163218, 25.7161994000001], [-80.1633073, 25.7161586], [-80.1633596, 25.7160975], [-80.1634119, 25.7159617], [-80.1635015, 25.7158259], [-80.1635573, 25.7157953], [-80.1636726999999, 25.7157851], [-80.1637025, 25.7157681], [-80.1637137, 25.7157443], [-80.1637622, 25.7157069], [-80.1638144, 25.7156526], [-80.1639, 25.7156118], [-80.1639597, 25.7155507], [-80.1639895, 25.7154964], [-80.1640083, 25.7154217], [-80.1640417999999, 25.7154013], [-80.1640976, 25.7153945], [-80.1641684, 25.7153639], [-80.1642355, 25.7153061], [-80.1642654, 25.7152416], [-80.164288, 25.7150957], [-80.164318, 25.7149293], [-80.1643591, 25.7148478], [-80.1644337, 25.714746], [-80.1644934, 25.7147018], [-80.1645715, 25.7146814], [-80.1645827, 25.7146644], [-80.1645791, 25.7146407], [-80.1645494, 25.7146], [-80.1644899, 25.7145627], [-80.1644714, 25.714505], [-80.164453, 25.7143692], [-80.1644308, 25.7143455], [-80.1643639, 25.7142946], [-80.1642634, 25.7142709], [-80.164122, 25.7142676], [-80.1640253, 25.7142406], [-80.1639435, 25.7142169], [-80.1638765, 25.7142169], [-80.1637277, 25.7142], [-80.1636719, 25.7142035], [-80.1636235, 25.7142307], [-80.16359, 25.7142409], [-80.1635342, 25.7142307], [-80.1634933, 25.7141934], [-80.1633484, 25.7140747], [-80.1632741, 25.7140341], [-80.163222, 25.7140273], [-80.1631773, 25.7140341], [-80.1631363, 25.7140579], [-80.163058, 25.7141462], [-80.1629536, 25.7142549], [-80.1629089, 25.7143058], [-80.1628605, 25.714333], [-80.1627897, 25.7143466], [-80.1627301, 25.7143738], [-80.1626817, 25.7144316], [-80.1626444, 25.7144791], [-80.1625699, 25.7145267], [-80.1625102, 25.7145776], [-80.1624915, 25.7146285], [-80.1624839, 25.7146998], [-80.1624578, 25.7147439], [-80.1624168, 25.7147643], [-80.1623201, 25.7147678], [-80.1622605, 25.7147984], [-80.1622381, 25.7148425], [-80.1622302, 25.7150869]]}, "properties": {"project": "FL3502", "date": "19350125", "kind": "Undetermined.Approximate", "source": "T05627"}}, {"type": "Feature", "geometry": {"type": "LineString", "coordinates": [[-80.1590414, 25.6659255], [-80.1590918, 25.6660397], [-80.1591827, 25.6661854], [-80.1593503, 25.6663961], [-80.1595443, 25.6666553], [-80.1596382, 25.6668037], [-80.159676, 25.6669169], [-80.1596881, 25.6670863000001], [-80.1597228, 25.6672183], [-80.1598196, 25.6673775], [-80.1599046, 25.6675231], [-80.1599366, 25.6676174], [-80.1599978, 25.6677764], [-80.1600451, 25.6680133], [-80.1600759, 25.6682662], [-80.1600954, 25.6684518], [-80.1601241, 25.6685918], [-80.1602144, 25.6688343], [-80.1603713, 25.6690825], [-80.1605856, 25.6694172], [-80.1606851, 25.6696113], [-80.16077, 25.6697731], [-80.1608047, 25.6699051000001], [-80.1608254, 25.6701176], [-80.160851, 25.6702791], [-80.1609241, 25.67043], [-80.1611849, 25.6708886], [-80.1613122, 25.6711474], [-80.1613559, 25.6712633], [-80.1614345, 25.6714708], [-80.1615134, 25.671646], [-80.1616449, 25.6719425], [-80.1617425, 25.6721904], [-80.1617859999999, 25.6723305], [-80.1618087, 25.6724865], [-80.1618523, 25.6726185], [-80.1618857, 25.6727209], [-80.1619237, 25.672791], [-80.1619587, 25.6728799], [-80.1619991, 25.6730469], [-80.1620573, 25.6732085], [-80.1621129, 25.6733757], [-80.1622098, 25.6736423], [-80.1622976, 25.6739116], [-80.162355, 25.6741532], [-80.1623731, 25.6742671], [-80.1623728, 25.6744282], [-80.1623574, 25.674506], [-80.1623512, 25.674556], [-80.1623725, 25.674581]]}, "properties": {"project": "FL3502", "date": "19350125", "kind": "Natural.Mean High Water", "source": "T05627"}}, {"type": "Feature", "geometry": {"type": "LineString", "coordinates": [[-80.1568237, 25.6660791], [-80.1567112, 25.665902]]}, "properties": {"project": "FL3502", "date": "19350125", "kind": "Pier", "source": "T05627"}}, {"type": "Feature", "geometry": {"type": "LineString", "coordinates": [[-80.1590414, 25.6659255], [-80.1592198, 25.665817]]}, "properties": {"project": "FL3502", "date": "19350125", "kind": "Pier", "source": "T05627"}}, {"type": "Feature", "geometry": {"type": "LineString", "coordinates": [[-80.157078, 25.6659357], [-80.1569246, 25.6657685]]}, "properties": {"project": "FL3502", "date": "19350125", "kind": "Pier", "source": "T05627"}}, {"type": "Feature", "geometry": {"type": "LineString", "coordinates": [[-80.157871, 25.6656985], [-80.1576796, 25.6657236], [-80.1575517, 25.6657626000001], [-80.1574298, 25.6658238], [-80.1571496, 25.6659128], [-80.157078, 25.6659357]]}, "properties": {"project": "FL3502", "date": "19350125", "kind": "Natural.Mean High Water", "source": "T05627"}}, {"type": "Feature", "geometry": {"type": "LineString", "coordinates": [[-80.1578197, 25.665532], [-80.1574117, 25.6657182]]}, "properties": {"project": "FL3502", "date": "19350125", "kind": "Pier", "source": "T05627"}}, {"type": "Feature", "geometry": {"type": "LineString", "coordinates": [[-80.157871, 25.6656985], [-80.1578197, 25.665532]]}, "properties": {"project": "FL3502", "date": "19350125", "kind": "Pier", "source": "T05627"}}, {"type": "Feature", "geometry": {"type": "LineString", "coordinates": [[-80.158593, 25.6655223], [-80.1584836, 25.665562], [-80.1582886, 25.6656121], [-80.1580146, 25.6656512], [-80.1579354, 25.6656901], [-80.157871, 25.6656985]]}, "properties": {"project": "FL3502", "date": "19350125", "kind": "Natural.Mean High Water", "source": "T05627"}}, {"type": "Feature", "geometry": {"type": "LineString", "coordinates": [[-80.158593, 25.6655223], [-80.1587214, 25.6655536], [-80.158872, 25.6656432], [-80.1589456, 25.665727], [-80.1590217, 25.6658807], [-80.1590414, 25.6659255]]}, "properties": {"project": "FL3502", "date": "19350125", "kind": "Natural.Mean High Water", "source": "T05627"}}, {"type": "Feature", "geometry": {"type": "LineString", "coordinates": [[-80.1583184, 25.6654841], [-80.1578197, 25.665532]]}, "properties": {"project": "FL3502", "date": "19350125", "kind": "Pier", "source": "T05627"}}, {"type": "Feature", "geometry": {"type": "LineString", "coordinates": [[-80.1578197, 25.665532], [-80.1577897, 25.6654346]]}, "properties": {"project": "FL3502", "date": "19350125", "kind": "Pier", "source": "T05627"}}, {"type": "Feature", "geometry": {"type": "LineString", "coordinates": [[-80.158593, 25.6655223], [-80.1585084, 25.6653008]]}, "properties": {"project": "FL3502", "date": "19350125", "kind": "Pier", "source": "T05627"}}, {"type": "Feature", "geometry": {"type": "LineString", "coordinates": [[-80.1623725, 25.674581], [-80.1624182, 25.6745865], [-80.1624577, 25.6745837], [-80.1624882, 25.6745726], [-80.1625187, 25.674567], [-80.1625491, 25.6745725], [-80.1625673, 25.6745892], [-80.1625885, 25.6746392], [-80.1626037, 25.6746919], [-80.1626553, 25.6747502], [-80.1626979, 25.6747919], [-80.1627069, 25.6748196], [-80.1627129, 25.6749002], [-80.162725, 25.6749418], [-80.1627706, 25.674989], [-80.1627979, 25.6750084], [-80.1628466, 25.6750278], [-80.1628709, 25.6750473], [-80.1628891, 25.6750917], [-80.1628951, 25.6751417], [-80.162892, 25.6751889], [-80.162904, 25.6752667], [-80.1629647, 25.6753639], [-80.1630285, 25.6754416], [-80.1630863, 25.6754888], [-80.1631471, 25.6755193], [-80.1632445, 25.6755442], [-80.1634148, 25.6756469], [-80.1634999, 25.6756885], [-80.1635212, 25.675719], [-80.1635363, 25.6757607], [-80.1636214, 25.6758273], [-80.163667, 25.6758856], [-80.1637002, 25.6760605], [-80.1637, 25.6761577], [-80.1636786, 25.6762133], [-80.1636267, 25.6762633], [-80.1636024, 25.6762717], [-80.1635689, 25.6762606], [-80.1635384, 25.6762634], [-80.1635232, 25.6762884], [-80.1634957, 25.6763134], [-80.1634226, 25.6763274], [-80.1632339, 25.6763219], [-80.1631547, 25.6763331], [-80.1630878, 25.6763193], [-80.1630483, 25.6762832], [-80.1629967, 25.6761943], [-80.1629025, 25.6760833], [-80.1627597, 25.6759251], [-80.162705, 25.6758723], [-80.1626381, 25.6758502], [-80.162565, 25.6758363], [-80.1624981, 25.6757975], [-80.1624586, 25.6757614], [-80.1624131, 25.6756837], [-80.1623586, 25.6755282], [-80.1623315, 25.675381], [-80.1623133, 25.6753365], [-80.1622768, 25.6753143], [-80.1621855, 25.6753005], [-80.1621641999999, 25.6752811], [-80.1621550999999, 25.6752478], [-80.1621278, 25.6752339], [-80.1621003, 25.6752367], [-80.162082, 25.6752589], [-80.1620881, 25.6752978], [-80.1620728, 25.6753228], [-80.1620454, 25.6753312], [-80.1619084, 25.6753368], [-80.1618291, 25.6753924], [-80.1617131, 25.6755758], [-80.161658, 25.6757258], [-80.1616454, 25.675937], [-80.1616696, 25.6760592], [-80.1617364, 25.6761369], [-80.1619371, 25.6762645], [-80.1620952, 25.6763644], [-80.1623507, 25.6765031], [-80.1625757, 25.6766474], [-80.1628189, 25.6768194], [-80.1632265, 25.677058], [-80.1633846, 25.6771468], [-80.1637131, 25.6773243], [-80.1638287, 25.6773687], [-80.1639382, 25.6774075], [-80.1640172, 25.6774741], [-80.1640659, 25.6775018], [-80.1641329, 25.6775018], [-80.1642667, 25.6775461], [-80.1643762, 25.6776016], [-80.1645953, 25.6776959], [-80.1646974, 25.6777325], [-80.1647208, 25.6777864], [-80.1647716, 25.6778513], [-80.1649724, 25.6778901], [-80.1651976, 25.6779455], [-80.165441, 25.6780453], [-80.1655384, 25.6780674], [-80.1656601, 25.678084], [-80.1657818, 25.6781395], [-80.1659643, 25.6782227], [-80.1661469, 25.6782781], [-80.1662868, 25.6783169], [-80.1664633, 25.6784001], [-80.1666579, 25.6785444], [-80.1668585, 25.6786831], [-80.1669983, 25.6788274], [-80.1670651, 25.6789274], [-80.1671015, 25.6790107], [-80.167144, 25.6790551], [-80.1673022, 25.6791161], [-80.1674543, 25.6792215], [-80.1675333, 25.6792993], [-80.1675933, 25.6794294], [-80.1676075, 25.6795263], [-80.1676381, 25.6796018]]}, "properties": {"project": "FL3502", "date": "19350125", "kind": "Natural.Apparent.Marsh Or Swamp", "source": "T05627"}}, {"type": "Feature", "geometry": {"type": "LineString", "coordinates": [[-80.1559296, 25.6668036], [-80.1558204, 25.6669136], [-80.1556739, 25.667147], [-80.1555455, 25.667436], [-80.1554047, 25.6678083], [-80.1552395, 25.6682417], [-80.1551415, 25.6685529], [-80.1549948, 25.6688474], [-80.1548603, 25.6691363], [-80.1548052, 25.6693141], [-80.1547133, 25.6696031], [-80.1545239, 25.6699643], [-80.1543284, 25.6703033], [-80.154194, 25.6705422], [-80.1541206, 25.6707089], [-80.154047, 25.6709756], [-80.1539489, 25.671359], [-80.153869, 25.6717368], [-80.1537952, 25.6721313], [-80.1537704, 25.6723535], [-80.1536846, 25.6726591], [-80.1535376, 25.6731369], [-80.1534577, 25.6735092], [-80.1534022, 25.6738536], [-80.1534018, 25.6740981], [-80.1534197, 25.6742869], [-80.1534861, 25.6745591], [-80.1536741, 25.6749701], [-80.1538982, 25.6755477], [-80.1540739, 25.6760308], [-80.154207, 25.6764474], [-80.1542613, 25.6767585], [-80.1543701, 25.6771917], [-80.154606, 25.6779693], [-80.1547633, 25.6785191], [-80.1548363, 25.6790254], [-80.1548715, 25.6792998], [-80.1549034, 25.6794022], [-80.1548969, 25.6794882], [-80.1549677, 25.6798578], [-80.1550645, 25.6802077], [-80.1551065, 25.680541], [-80.1551364, 25.6808021000001], [-80.1552271, 25.6811131], [-80.1552328, 25.6813631], [-80.1552383, 25.6816686], [-80.1552623, 25.6818297], [-80.155323, 25.681963], [-80.1554565, 25.6821962], [-80.1555535, 25.6824184], [-80.1556209, 25.6826354], [-80.1556372, 25.6828398], [-80.1556241, 25.6830172], [-80.1555708, 25.6831704]]}, "properties": {"project": "FL3502", "date": "19350125", "kind": "Natural.Mean High Water", "source": "T05627"}}, {"type": "Feature", "geometry": {"type": "LineString", "coordinates": [[-80.1560158, 25.6666413], [-80.1559296, 25.6668036]]}, "properties": {"project": "FL3502", "date": "19350125", "kind": "Undetermined.Approximate", "source": "T05627"}}, {"type": "Feature", "geometry": {"type": "LineString", "coordinates": [[-80.1562869, 25.6663689], [-80.156211, 25.6664134], [-80.1561073, 25.6665135], [-80.1560158, 25.6666413]]}, "properties": {"project": "FL3502", "date": "19350125", "kind": "Natural.Mean High Water", "source": "T05627"}}, {"type": "Feature", "geometry": {"type": "LineString", "coordinates": [[-80.1565903, 25.6662152], [-80.156534, 25.6662465], [-80.1563817, 25.6663133], [-80.1562869, 25.6663689]]}, "properties": {"project": "FL3502", "date": "19350125", "kind": "Natural.Mean High Water", "source": "T05627"}}, {"type": "Feature", "geometry": {"type": "LineString", "coordinates": [[-80.1562869, 25.6663689], [-80.156175, 25.6661357]]}, "properties": {"project": "FL3502", "date": "19350125", "kind": "Pier", "source": "T05627"}}, {"type": "Feature", "geometry": {"type": "LineString", "coordinates": [[-80.1568237, 25.6660791], [-80.1567839, 25.6661075], [-80.1565903, 25.6662152]]}, "properties": {"project": "FL3502", "date": "19350125", "kind": "Natural.Mean High Water", "source": "T05627"}}, {"type": "Feature", "geometry": {"type": "LineString", "coordinates": [[-80.1565903, 25.6662152], [-80.1564917, 25.6660688]]}, "properties": {"project": "FL3502", "date": "19350125", "kind": "Pier", "source": "T05627"}}, {"type": "Feature", "geometry": {"type": "LineString", "coordinates": [[-80.157078, 25.6659357], [-80.1570277, 25.6659518], [-80.1569241, 25.6660074], [-80.1568237, 25.6660791]]}, "properties": {"project": "FL3502", "date": "19350125", "kind": "Natural.Mean High Water", "source": "T05627"}}, {"type": "Feature", "geometry": {"type": "LineString", "coordinates": [[-80.1463914, 25.7512587000001], [-80.1472044, 25.7513014], [-80.1474097, 25.7512653], [-80.1474492, 25.7512221], [-80.1474415, 25.7511717], [-80.1471178, 25.7511575], [-80.1460758, 25.7511509], [-80.1460442, 25.7511941], [-80.146052, 25.7512301], [-80.1461546, 25.7512588], [-80.1463914, 25.7512587000001]]}, "properties": {"project": "FL3502", "date": "19350125", "kind": "Natural.Mean High Water", "source": "T05627"}}, {"type": "Feature", "geometry": {"type": "LineString", "coordinates": [[-80.1479487, 25.7382516], [-80.1478459, 25.7383597], [-80.1478344, 25.738383], [-80.1478142, 25.7384245], [-80.1477981, 25.7385756], [-80.1477426, 25.7386836], [-80.1476161, 25.7388132], [-80.1472207, 25.739159], [-80.1471021999999, 25.7392094], [-80.1470389999999, 25.739231], [-80.1469126, 25.7393175], [-80.1468019, 25.7394039], [-80.1467387, 25.7394327], [-80.1466992, 25.7394328], [-80.1465967, 25.7393968], [-80.1464941, 25.7393897], [-80.1463362, 25.7393826], [-80.1462493, 25.7394114], [-80.1462493, 25.7394402], [-80.1463913, 25.7394977], [-80.1464622, 25.7395553]]}, "properties": {"project": "FL3502", "date": "19350125", "kind": "Natural.Apparent.Marsh Or Swamp", "source": "T05627"}}, {"type": "Feature", "geometry": {"type": "LineString", "coordinates": [[-80.1459985, 25.7503736], [-80.1460894, 25.750298], [-80.1462238, 25.7501827], [-80.1464173, 25.7501682], [-80.1465317, 25.7501898], [-80.1466381, 25.7502581], [-80.1466617, 25.750312], [-80.1466418, 25.7503732], [-80.1465786, 25.7504021], [-80.146472, 25.7504417], [-80.1464521, 25.7504993], [-80.1464639, 25.7505353], [-80.1465704, 25.750546], [-80.1466889, 25.7505064], [-80.1469692, 25.7504774], [-80.1476362, 25.750495], [-80.1477427, 25.7505346], [-80.1477465, 25.7505885], [-80.1477307, 25.7506425], [-80.1476754, 25.750657], [-80.1476044, 25.7506282], [-80.1475136, 25.7506283], [-80.1474583, 25.7506535], [-80.1473872, 25.7506823000001], [-80.1473358, 25.7507039], [-80.1473358, 25.7507291], [-80.1473633, 25.7507615], [-80.1474541, 25.7507686], [-80.1475527, 25.7507902], [-80.1476986, 25.7508585], [-80.1477697, 25.7508584], [-80.1478487, 25.7508368], [-80.1479078, 25.7508584], [-80.1479314, 25.7509087], [-80.1479748, 25.7509123], [-80.1480143, 25.7508907], [-80.1481843, 25.7507538], [-80.1483581, 25.7507177], [-80.1485316, 25.7507680000001], [-80.1488315, 25.7508254], [-80.1490052, 25.7508253], [-80.1491315, 25.7507965], [-80.1491711, 25.7507317], [-80.1491554999999, 25.7506525], [-80.1491872, 25.7505877], [-80.1493293, 25.750566], [-80.1493926, 25.7505228], [-80.1494797, 25.7503788], [-80.1495354, 25.7501556], [-80.149552, 25.7497382], [-80.1495996, 25.7496302], [-80.1497338, 25.7495869], [-80.1498285, 25.74963], [-80.1498678, 25.749702], [-80.1498833, 25.7498315], [-80.1498668999999, 25.7501626], [-80.149898, 25.7503857], [-80.1499374, 25.7504217], [-80.1500085, 25.7504217], [-80.1501587, 25.7503136], [-80.1504595, 25.7498816], [-80.1505861, 25.7497232], [-80.1506493, 25.7497231], [-80.1506571, 25.7497735], [-80.1506016, 25.7498743], [-80.150625, 25.7499966], [-80.1506881, 25.7500614], [-80.150838, 25.7500757], [-80.1509403, 25.7502268], [-80.1509798, 25.750234], [-80.1510351, 25.7502051], [-80.1511854, 25.7500467], [-80.1512169, 25.7500755], [-80.1512247, 25.7501402], [-80.1512166, 25.7502554], [-80.1511691, 25.7503202], [-80.1511057, 25.7504498], [-80.151145, 25.7505218], [-80.1512082, 25.7505217], [-80.1512793, 25.7504857], [-80.1514059, 25.7503201], [-80.1515246, 25.7501832], [-80.1515722, 25.7500465], [-80.1516433, 25.7500176], [-80.1516906, 25.7500752], [-80.151714, 25.7501831], [-80.151698, 25.7502911], [-80.15169, 25.7503631], [-80.151761, 25.7503918], [-80.1519189, 25.7503629], [-80.1520058999999, 25.7502837], [-80.1521007, 25.7502549], [-80.1522506, 25.7502908], [-80.1525425, 25.7504058], [-80.1528582, 25.7503912], [-80.1529531, 25.7503479], [-80.1529848, 25.7502471], [-80.1529298, 25.7501536], [-80.1528984, 25.7500457], [-80.1529222, 25.7499737], [-80.1530091, 25.749952], [-80.1531274, 25.7499879], [-80.153293, 25.7500814], [-80.1533719, 25.7501245], [-80.1533877, 25.7501029], [-80.1533642, 25.7500238], [-80.1533091, 25.7499302], [-80.1533171, 25.7498511], [-80.1533724, 25.7498582], [-80.1534117, 25.7499302], [-80.1534827, 25.7499445], [-80.1535301, 25.7499301], [-80.1536567, 25.7497717], [-80.1537359, 25.7496637], [-80.1538543, 25.7496636], [-80.1539805, 25.7497067], [-80.1540437, 25.7496851], [-80.1541623, 25.7495842], [-80.1541783, 25.7494763], [-80.1541311, 25.7493683], [-80.1542023, 25.7493035], [-80.1543128, 25.7492962], [-80.1544946, 25.7492097], [-80.1547238, 25.7490513], [-80.1548661, 25.7489576], [-80.1549374, 25.7488136], [-80.1549455, 25.7486912], [-80.1549141, 25.7485977], [-80.1549064, 25.7485113], [-80.1549617, 25.7485113], [-80.1551034, 25.7486695], [-80.1551666, 25.7486839], [-80.1551903, 25.7486767], [-80.1551825, 25.7486191], [-80.1548437, 25.7482882], [-80.1548438, 25.7482306], [-80.1548833, 25.7481874], [-80.1549623, 25.7481946], [-80.1549937, 25.7482809], [-80.1550409, 25.7483385], [-80.155112, 25.7483456000001], [-80.155183, 25.748324], [-80.1552148, 25.748252], [-80.1552386, 25.7481584], [-80.1553176, 25.7481296], [-80.1554044, 25.7481583], [-80.1554122, 25.7482015000001], [-80.1553805, 25.7482807], [-80.1553645, 25.7483671], [-80.155396, 25.7483887], [-80.1554829, 25.7483742], [-80.1556173, 25.748259], [-80.1557043, 25.7481941], [-80.1557282, 25.7480502], [-80.1557521, 25.7479638], [-80.1558311, 25.7479277], [-80.1559653, 25.7479132], [-80.1560365, 25.7478484], [-80.1560209, 25.7477405], [-80.1560053, 25.7476469], [-80.155974, 25.7475246], [-80.1560056, 25.7474742], [-80.1561003, 25.7474957], [-80.1562107, 25.7475676], [-80.1562581, 25.7475532], [-80.1562661, 25.7474812], [-80.1562031, 25.7473949], [-80.1561479, 25.7473877], [-80.1561005, 25.7474021], [-80.1560769, 25.7473446], [-80.1561007, 25.7472798], [-80.1561089, 25.7471574], [-80.1560619, 25.7469271000001], [-80.1561572, 25.7466679], [-80.1564897, 25.7461639], [-80.1566799, 25.7457463], [-80.1566965, 25.7453288], [-80.156618, 25.7451129], [-80.156413, 25.7449691], [-80.1561607, 25.7448109], [-80.1560509, 25.7444655], [-80.1560835, 25.7439329], [-80.1562903, 25.7431122], [-80.1570031, 25.7418594], [-80.1570824, 25.7416434], [-80.1570828, 25.7414418], [-80.157178, 25.7411971], [-80.1573203, 25.7410674], [-80.1573205, 25.740981], [-80.1572418, 25.7408227], [-80.1573053, 25.7406787], [-80.1574791, 25.7406067], [-80.1576842, 25.7406353], [-80.1577628, 25.740808], [-80.1577623, 25.7410671], [-80.1579673, 25.7412109], [-80.1581876, 25.7415851], [-80.1582981, 25.741585], [-80.158393, 25.7414986], [-80.1584091, 25.7413258], [-80.1583779, 25.7411387], [-80.1585046, 25.7409371], [-80.1589472, 25.7405913], [-80.1596426, 25.7402166], [-80.1603377, 25.739957], [-80.1604326, 25.7398274], [-80.1604171, 25.7396978], [-80.1605593, 25.7396258], [-80.160646, 25.7396905], [-80.1607012, 25.7396904], [-80.1607644, 25.7396616], [-80.1608593, 25.7396112], [-80.1609145, 25.7396327], [-80.1609143, 25.7397119], [-80.1609537, 25.739755], [-80.1610169, 25.7397406], [-80.1611593, 25.7395462], [-80.1613887, 25.7393157], [-80.1616652, 25.739186], [-80.161981, 25.7391138], [-80.1621705, 25.739092], [-80.1623127, 25.7390056], [-80.1623128, 25.7389912], [-80.1624157, 25.7388328], [-80.1626447, 25.738739], [-80.1628737, 25.7387173], [-80.1630397, 25.7385588], [-80.1632375, 25.7383356], [-80.1634349, 25.738285], [-80.1636167, 25.7381554], [-80.1637274, 25.7380473], [-80.1637592, 25.7378961], [-80.1638857, 25.7377953], [-80.1640674, 25.737716], [-80.1642177, 25.7375647], [-80.1643284, 25.7374279], [-80.1643681, 25.7373271], [-80.1645184, 25.7371327], [-80.1646529, 25.736967], [-80.1646689, 25.7368662], [-80.1645901, 25.7367727], [-80.1645904, 25.736636], [-80.16463, 25.7365424], [-80.1646853, 25.736492], [-80.1647091, 25.73642], [-80.1647015, 25.7362976], [-80.1647094, 25.7362688], [-80.1647804999999, 25.7362256], [-80.1649384, 25.7362039], [-80.1650254, 25.7361246], [-80.165152, 25.735959], [-80.1652469, 25.7358798], [-80.1654049, 25.7358077], [-80.1655708, 25.7356996], [-80.1656736, 25.7356059], [-80.1657212, 25.7354692], [-80.1657532, 25.7352604], [-80.1658876, 25.735102], [-80.1660852, 25.7349435], [-80.1662986, 25.7347778], [-80.1663937, 25.734605], [-80.166465, 25.7344322], [-80.1664811, 25.7342954], [-80.1664576, 25.7341803], [-80.1665131, 25.7340651], [-80.166695, 25.733849], [-80.1667267, 25.7337482], [-80.1667269, 25.7336546], [-80.1666483, 25.7334675], [-80.1665302, 25.7333237], [-80.1665147, 25.7331581], [-80.1665465, 25.7330286], [-80.1667284, 25.7328629], [-80.1667839, 25.7326901], [-80.1667683, 25.7325821], [-80.1664059, 25.7322657], [-80.1659565, 25.7319709], [-80.1654439, 25.7317409], [-80.1652625, 25.7316907], [-80.1650967, 25.731698], [-80.1648442, 25.7316622], [-80.164726, 25.7315471], [-80.1646947999999, 25.7313384], [-80.1645214, 25.7312521], [-80.1643005, 25.7311947], [-80.1641742, 25.731202], [-80.1640083, 25.7312453], [-80.1637633, 25.7314254], [-80.1636843, 25.7314975], [-80.1636366, 25.7316486], [-80.1635654, 25.7317351], [-80.1634312, 25.7317567], [-80.1631233, 25.7318433], [-80.162523, 25.7320885], [-80.1623493, 25.7321174], [-80.1621597, 25.7321823], [-80.16182, 25.7323337], [-80.1617251, 25.7324777], [-80.1615827, 25.7326217], [-80.1613851, 25.7327946], [-80.1611955, 25.7328811], [-80.1609347999999, 25.7330108], [-80.16069, 25.7330542], [-80.1605479, 25.7331047], [-80.1603346, 25.7332056], [-80.160153, 25.7332129], [-80.1600424, 25.7332489]]}, "properties": {"project": "FL3502", "date": "19350125", "kind": "Undetermined.Approximate", "source": "T05627"}}, {"type": "Feature", "geometry": {"type": "LineString", "coordinates": [[-80.1488722, 25.7276207], [-80.1486577, 25.7275972]]}, "properties": {"project": "FL3502", "date": "19350125", "kind": "Undetermined.Approximate", "source": "T05627"}}, {"type": "Feature", "geometry": {"type": "LineString", "coordinates": [[-80.1600424, 25.7332489], [-80.1598055, 25.7333571], [-80.1596081, 25.7334004000001], [-80.1591977, 25.7334078], [-80.1589372, 25.733408], [-80.1586214, 25.7334658], [-80.1581159999999, 25.7335957], [-80.1576816, 25.7337471], [-80.1574999, 25.733848], [-80.1571838999999, 25.7339994], [-80.1567098, 25.7342444], [-80.1565281, 25.7343525], [-80.1563859, 25.7344029], [-80.1561805, 25.7345038], [-80.1559355, 25.7346767], [-80.1555719999999, 25.7349073], [-80.1553428, 25.735073], [-80.1550661, 25.7352747], [-80.154671, 25.7355413], [-80.1543074, 25.7357718], [-80.1539835, 25.735952], [-80.1535173, 25.7361898], [-80.1530355, 25.7363916], [-80.1526405, 25.7365718], [-80.1525299, 25.7365934], [-80.1523484, 25.736608], [-80.1521747, 25.7366369], [-80.1520404, 25.7366945], [-80.1517323, 25.7368099], [-80.1514796, 25.7368964], [-80.1512348, 25.7369469], [-80.1510295, 25.7369758], [-80.1508558, 25.7370119], [-80.1506189999999, 25.7370337], [-80.1504531, 25.7370841], [-80.1502951, 25.7371778], [-80.1501448, 25.7373147], [-80.1499866, 25.7374875], [-80.1498522, 25.7375883], [-80.1496784, 25.7376892], [-80.1492992, 25.7378334], [-80.148849, 25.737992], [-80.1486042, 25.7380713], [-80.1484068, 25.7380858], [-80.1481384, 25.7381004], [-80.1480358, 25.7381292], [-80.1479883, 25.7381724], [-80.1479487, 25.7382516]]}, "properties": {"project": "FL3502", "date": "19350125", "kind": "Natural.Mean High Water", "source": "T05627"}}, {"type": "Feature", "geometry": {"type": "LineString", "coordinates": [[-80.1547015, 25.7272355], [-80.1547319, 25.7272679], [-80.1547607, 25.7272756], [-80.1547945, 25.7272709], [-80.1548081, 25.7272616], [-80.1548115, 25.7272231], [-80.1548064999999, 25.727203], [-80.1547845, 25.727186], [-80.1547592, 25.7271737], [-80.1547338, 25.7271722], [-80.154705, 25.7271799], [-80.1546881, 25.7271954], [-80.154688, 25.7272108], [-80.1547015, 25.7272355]]}, "properties": {"project": "FL3502", "date": "19350125", "kind": "Natural.Mean High Water", "source": "T05627"}}, {"type": "Feature", "geometry": {"type": "LineString", "coordinates": [[-80.1456216, 25.747394], [-80.145448, 25.7473869], [-80.1453177, 25.7474157], [-80.1452269, 25.7474158], [-80.1450966, 25.7474231], [-80.1450137, 25.7474447], [-80.1449465, 25.7475023], [-80.1448674, 25.7475887], [-80.1447922999999, 25.7476248], [-80.1447212, 25.7476644], [-80.1446974, 25.7476968], [-80.1446895, 25.7477328], [-80.1446697, 25.7477472], [-80.1446184, 25.7477472], [-80.1445947, 25.747758], [-80.1445591, 25.747812], [-80.1444997, 25.7478661], [-80.1444484, 25.7478733], [-80.1443854, 25.7478265], [-80.1443223, 25.747805], [-80.1441841, 25.7478086], [-80.1440854, 25.7478267], [-80.1440538, 25.7478519], [-80.1440339, 25.7479203], [-80.1440102, 25.7479419], [-80.1439628, 25.7479455], [-80.1438957, 25.7479312], [-80.1438484, 25.7479348], [-80.143801, 25.747942], [-80.1437653999999, 25.7479852], [-80.143718, 25.747996], [-80.1436667, 25.7479997], [-80.1436272, 25.7480213], [-80.1435797, 25.7480897], [-80.1435164, 25.7481293], [-80.1434691, 25.7481401], [-80.1434296, 25.748133], [-80.1434218, 25.7481078], [-80.1433784, 25.748097], [-80.1433152, 25.7481114], [-80.1432717, 25.7481474000001], [-80.143248, 25.7481762], [-80.1432006, 25.7481835], [-80.1431611, 25.7481727], [-80.1430861, 25.7481871], [-80.1430071, 25.748216], [-80.1428742, 25.7482273], [-80.142729, 25.7482179], [-80.142645, 25.7481623], [-80.1425988, 25.7480601], [-80.1426051, 25.7479463]]}, "properties": {"project": "FL3502", "date": "19350125", "kind": "Undetermined.Approximate", "source": "T05627"}}, {"type": "Feature", "geometry": {"type": "LineString", "coordinates": [[-80.1426051, 25.7479463], [-80.1427277, 25.7478274], [-80.1427435, 25.7477914], [-80.1427397, 25.7477483], [-80.1427516, 25.7476979], [-80.1427872, 25.7476547], [-80.1428267, 25.7476474], [-80.1428622, 25.7476582], [-80.1428818, 25.7477266], [-80.1429251, 25.7477733], [-80.1430552, 25.7478489], [-80.1431578, 25.7478596], [-80.1432486, 25.7478451], [-80.1433434, 25.7478163], [-80.1434736, 25.7478234], [-80.1435211, 25.7477982], [-80.1435488, 25.7477514], [-80.1435371, 25.7476866], [-80.1434819, 25.7476363], [-80.1433596, 25.7476148], [-80.1431584, 25.7475609], [-80.1430692, 25.7475194], [-80.1430481, 25.747489], [-80.1430556, 25.747443], [-80.1430996, 25.7473594000001], [-80.1432777, 25.7471362], [-80.1434003, 25.7470317], [-80.1436017, 25.7469345], [-80.1437164, 25.7468588], [-80.1437914, 25.7468516], [-80.1438544, 25.7468875], [-80.1439135, 25.7469451], [-80.1439609, 25.7469559], [-80.1440398, 25.7469414], [-80.1442216, 25.7468226], [-80.1442889, 25.7467505], [-80.1443048, 25.7466678], [-80.1443523, 25.7465994], [-80.1443997, 25.7465849], [-80.1444786, 25.7466029], [-80.1446245, 25.7466604], [-80.1447309, 25.7467323], [-80.1448572, 25.746761], [-80.1449716, 25.7467646], [-80.1450861, 25.7467429], [-80.1452323, 25.7466708], [-80.145335, 25.7466204], [-80.1454813, 25.7465088], [-80.1455961, 25.7463395], [-80.1458337, 25.7459507], [-80.1459999, 25.7457347], [-80.1461699, 25.7455691], [-80.1462331, 25.7455438], [-80.1462923, 25.7455474], [-80.1463632, 25.7456265], [-80.1464223, 25.7456733], [-80.1464697, 25.7456733], [-80.1465487, 25.7456372], [-80.1466356, 25.7455796], [-80.1467027, 25.7455796], [-80.146829, 25.7455939], [-80.1469237, 25.7455866], [-80.1470383, 25.7455434], [-80.147133, 25.7455541], [-80.1471803, 25.7455469], [-80.1472831, 25.7454929], [-80.1483345, 25.7446825], [-80.1483464, 25.7446393], [-80.1482874, 25.7445638], [-80.1482243, 25.7445458], [-80.1481572, 25.7445639], [-80.1480663, 25.7446035], [-80.1479676, 25.744618], [-80.1479005, 25.7446468], [-80.1478451, 25.74469], [-80.1477661, 25.7447188], [-80.147691, 25.7447585], [-80.1475963, 25.7447657], [-80.14747, 25.744791], [-80.1474344, 25.7448306], [-80.1474027, 25.7448954], [-80.147371, 25.7449314], [-80.1472643, 25.7449854], [-80.1472328, 25.7449819], [-80.147221, 25.7449531], [-80.1472369, 25.7448811], [-80.1472568, 25.7448199], [-80.1474031, 25.7446939], [-80.147415, 25.7446399], [-80.147419, 25.7445967], [-80.1474033, 25.7445787], [-80.1473757, 25.7445751], [-80.1473283, 25.7445931], [-80.1472928, 25.7445932], [-80.1472691, 25.7445752], [-80.1472613, 25.7445104], [-80.1472733, 25.7444636], [-80.1473128, 25.7444348], [-80.1474154, 25.7444419], [-80.1475219, 25.7444563], [-80.1476324, 25.7444562], [-80.1477983, 25.7444201], [-80.1479484, 25.7443481], [-80.1480315, 25.7442544], [-80.1481264, 25.744168], [-80.1482093, 25.744132], [-80.1484619, 25.744121], [-80.1485764, 25.7440958], [-80.1486436, 25.7440525], [-80.1487347, 25.7438977], [-80.14881, 25.7437466], [-80.1488971, 25.7436205], [-80.1489051, 25.7435342], [-80.1488975, 25.7433938], [-80.1488504, 25.7432643], [-80.1487953, 25.7432103], [-80.148744, 25.7432032], [-80.1486966, 25.7432212000001], [-80.1486491, 25.7432536], [-80.1486097, 25.7432536], [-80.1485624, 25.7432177], [-80.1485192, 25.7430881], [-80.1484051, 25.7429263], [-80.1483106, 25.7428399], [-80.1482159, 25.7427896], [-80.148137, 25.7427789], [-80.1480502, 25.7427969], [-80.1479474, 25.7428761], [-80.1479039, 25.7429014000001], [-80.1478645, 25.7428906], [-80.1478408, 25.7428618], [-80.1478409, 25.7428222], [-80.1478608, 25.7427718], [-80.1479123, 25.7426674], [-80.1479403, 25.7424911], [-80.1479798, 25.7424407], [-80.1480549, 25.742401], [-80.1481024, 25.7423362], [-80.148142, 25.742239], [-80.1482212, 25.7421346], [-80.1483516, 25.7420266], [-80.1485333, 25.7419653], [-80.1487544, 25.7419076], [-80.1488965, 25.7419183], [-80.1489832, 25.7419650000001], [-80.1490345, 25.7419650000001], [-80.1490819, 25.741947], [-80.1490899, 25.7419254], [-80.149082, 25.7418966], [-80.1490584, 25.7418678], [-80.1490664, 25.7418174], [-80.1491178, 25.741749], [-80.1491928, 25.7417418], [-80.149248, 25.7417741], [-80.1493072, 25.7417777], [-80.1493704, 25.7417417], [-80.1494138, 25.7417668000001], [-80.1494531, 25.7418532], [-80.149449, 25.7419504], [-80.1494289, 25.7421123], [-80.1494326, 25.7422347], [-80.1494719, 25.742339]]}, "properties": {"project": "FL3502", "date": "19350125", "kind": "Natural.Apparent.Marsh Or Swamp", "source": "T05627"}}, {"type": "Feature", "geometry": {"type": "LineString", "coordinates": [[-80.1460168, 25.7471275], [-80.1459417, 25.7471851], [-80.1457992, 25.7474011], [-80.145593, 25.747869], [-80.145399, 25.7481751], [-80.1450665, 25.7486503], [-80.1446628, 25.7491867], [-80.1443622, 25.7495468], [-80.1442513, 25.7496944], [-80.1441919, 25.7498096], [-80.1441165, 25.7500148], [-80.1440174, 25.7502164], [-80.1439936, 25.7502955], [-80.1440013, 25.7503747], [-80.144084, 25.7504718], [-80.1443322, 25.7506768], [-80.1445253, 25.7508423], [-80.1445727, 25.7508494], [-80.1446398, 25.7508242], [-80.1447426, 25.750727], [-80.1451142, 25.7504677], [-80.1457061999999, 25.7504529], [-80.1458484, 25.7504205], [-80.1459985, 25.7503736]]}, "properties": {"project": "FL3502", "date": "19350125", "kind": "Natural.Mean High Water", "source": "T05627"}}, {"type": "Feature", "geometry": {"type": "LineString", "coordinates": [[-80.1464998, 25.7463786], [-80.1465906, 25.7463786], [-80.1466221, 25.7463965], [-80.1466221, 25.7464325], [-80.1465627, 25.7465045], [-80.1464521, 25.7465874], [-80.1464125, 25.746645], [-80.1463886, 25.7467458], [-80.1463687, 25.7468285], [-80.1463212, 25.7469006], [-80.1462738, 25.7469258], [-80.1462145, 25.7469474], [-80.1461552, 25.7469978], [-80.1460168, 25.7471275]]}, "properties": {"project": "FL3502", "date": "19350125", "kind": "Natural.Apparent.Marsh Or Swamp", "source": "T05627"}}, {"type": "Feature", "geometry": {"type": "LineString", "coordinates": [[-80.148595, 25.7446716], [-80.1481208, 25.7450065], [-80.1472434, 25.7456152], [-80.1466782, 25.7460186], [-80.146437, 25.7462095], [-80.1463697, 25.7463139], [-80.1462111, 25.7467063], [-80.146199, 25.7468071], [-80.1462187, 25.746825], [-80.1462503, 25.7468178], [-80.1462859, 25.7467602], [-80.1464049, 25.746465], [-80.1464998, 25.7463786]]}, "properties": {"project": "FL3502", "date": "19350125", "kind": "Natural.Mean High Water", "source": "T05627"}}, {"type": "Feature", "geometry": {"type": "LineString", "coordinates": [[-80.1500595, 25.7445448], [-80.1499688, 25.7445232], [-80.1497715, 25.7445161], [-80.1496294, 25.744527], [-80.1495267, 25.7445631000001], [-80.1493569, 25.7446028], [-80.1491674, 25.7446101], [-80.1490333, 25.7445957], [-80.1488834, 25.7445418], [-80.1487966, 25.7445527], [-80.1487057, 25.7445887], [-80.148595, 25.7446716]]}, "properties": {"project": "FL3502", "date": "19350125", "kind": "Natural.Apparent.Marsh Or Swamp", "source": "T05627"}}, {"type": "Feature", "geometry": {"type": "LineString", "coordinates": [[-80.1494719, 25.742339], [-80.1495271, 25.742375], [-80.149606, 25.7423713], [-80.1496454, 25.7423821], [-80.14974, 25.7424468], [-80.1498188, 25.742544], [-80.1500158, 25.7427094], [-80.1501972, 25.7427812], [-80.1503866, 25.7428099], [-80.1505602, 25.7428134], [-80.1507103, 25.7427881], [-80.1510497, 25.7427915], [-80.1512115, 25.7427878], [-80.1513061, 25.7428202], [-80.1513575, 25.7428093], [-80.1514128, 25.7427805], [-80.1514838, 25.7427913], [-80.1515824, 25.7428416], [-80.1517442, 25.7428595], [-80.1517954, 25.7428847], [-80.151902, 25.7428738], [-80.1519928, 25.7428629], [-80.1521308, 25.7429096], [-80.152395, 25.743021], [-80.1525055, 25.7430462], [-80.1525527, 25.7431073], [-80.1526277, 25.7431397], [-80.1527816, 25.7431396], [-80.1528803, 25.7431143], [-80.1529671, 25.7431215], [-80.1531013, 25.743107], [-80.1534369, 25.7430816], [-80.1535237, 25.7430923], [-80.1535512, 25.7431175], [-80.1535512, 25.7431463], [-80.1534879, 25.7432183], [-80.153472, 25.7432615], [-80.1534759, 25.7433047], [-80.1535231, 25.7433694], [-80.1536177, 25.7434522], [-80.1536886, 25.7435169], [-80.1537595, 25.7436104], [-80.1537869, 25.7437148], [-80.153763, 25.7438371], [-80.1537234, 25.7439055], [-80.1536404, 25.7439452], [-80.1535615, 25.7439488], [-80.1534431, 25.7439165], [-80.1533721, 25.7439094], [-80.1532892, 25.7439202], [-80.1532615, 25.7439526], [-80.1532535, 25.7439886], [-80.1532731, 25.7440714], [-80.1532612, 25.7441362], [-80.1531978, 25.7442262], [-80.1530872, 25.7442946], [-80.1530318, 25.744345], [-80.1529963, 25.7443487], [-80.1529766, 25.7443271], [-80.152949, 25.7443235], [-80.1528937, 25.7443307], [-80.1527477, 25.744338], [-80.1525385, 25.7443525], [-80.1524517, 25.7443454], [-80.1524004, 25.7443166], [-80.1523847, 25.744277], [-80.1523413, 25.7442555], [-80.1522387, 25.7442663], [-80.1520926, 25.7443168], [-80.1518675, 25.7443745], [-80.1516227, 25.7444395], [-80.1514924, 25.7444539], [-80.1513148, 25.7444432], [-80.1511412, 25.7444218], [-80.1509281, 25.7444111], [-80.1507781, 25.7444112], [-80.1506913, 25.7444112], [-80.1506242, 25.7444257], [-80.1505332999999, 25.7444797], [-80.1504503, 25.7445265], [-80.1502568, 25.7445554], [-80.1500595, 25.7445448]]}, "properties": {"project": "FL3502", "date": "19350125", "kind": "Undetermined.Approximate", "source": "T05627"}}, {"type": "Feature", "geometry": {"type": "LineString", "coordinates": [[-80.1464622, 25.7395553], [-80.146375, 25.7397497], [-80.1462642, 25.7398721], [-80.1460192, 25.7400306], [-80.1458691, 25.7400738], [-80.1456165, 25.7401028], [-80.1454822, 25.7401532], [-80.1453637, 25.7402325], [-80.145237, 25.7404269], [-80.1450548, 25.7407653], [-80.1448805, 25.7410893], [-80.1448091, 25.7412692], [-80.1447771, 25.7414348], [-80.144698, 25.7415284], [-80.1446347, 25.7416292], [-80.1445791, 25.7417876], [-80.1445275, 25.741946], [-80.1444798, 25.7421223], [-80.1444242, 25.7422627], [-80.1443251, 25.7425075], [-80.1442695, 25.7426551], [-80.1441981, 25.7428495], [-80.1441227, 25.7430402], [-80.1440316, 25.7432058], [-80.1439919, 25.7432994], [-80.1439601, 25.7434182], [-80.1439007, 25.7435514], [-80.1437501, 25.743825], [-80.1436669, 25.7440014], [-80.1435797, 25.7441814], [-80.1435004, 25.7443542], [-80.1434052, 25.7446133], [-80.1433457, 25.7447393], [-80.1432703, 25.7449229], [-80.1432426, 25.7450021], [-80.1432266, 25.7450849], [-80.143175, 25.7452252], [-80.1430799, 25.7454196], [-80.1430521, 25.7454988], [-80.1429848, 25.7456068], [-80.1428976, 25.7457652000001], [-80.1427471, 25.7460604], [-80.1426876, 25.746208], [-80.1426162, 25.7463844], [-80.1425646, 25.746496], [-80.1425487, 25.7465571], [-80.142517, 25.7466183], [-80.1424576, 25.7467335], [-80.1423428, 25.7468955000001], [-80.1422162, 25.7470504], [-80.1420618, 25.7472556], [-80.1418996, 25.7474428], [-80.1417334, 25.7476624], [-80.1416186, 25.7478352], [-80.1415038, 25.7479936], [-80.1413535, 25.7481665], [-80.1411913, 25.7483573], [-80.1410686, 25.7485265], [-80.1409855, 25.7486417], [-80.1408903, 25.7488541], [-80.1408545, 25.7489729], [-80.1408345, 25.7490952], [-80.1408303, 25.7492284], [-80.140842, 25.7493327], [-80.1408417, 25.7494695], [-80.1408176, 25.749671], [-80.14077, 25.7497754], [-80.1406909, 25.7498547], [-80.140671, 25.7499194], [-80.1406709, 25.7499878], [-80.1406984, 25.7500562], [-80.1408086, 25.7502037], [-80.1408872, 25.750362], [-80.1409973, 25.7505815], [-80.1410325, 25.7507038], [-80.1410559, 25.7508765], [-80.1410752, 25.7510888], [-80.1411144, 25.7512076], [-80.141252, 25.751463], [-80.1413819, 25.7516213], [-80.14152, 25.7516608], [-80.1417292, 25.7516823], [-80.1418514, 25.7517362], [-80.1419974, 25.7517397], [-80.1421514, 25.7517109], [-80.1422935, 25.7517036], [-80.1423567, 25.7516856], [-80.1424436, 25.7516495], [-80.1425897, 25.7516459], [-80.1426805, 25.7516134], [-80.1428226, 25.7516025], [-80.1430003, 25.7515988], [-80.1431345, 25.7515628], [-80.1433754, 25.7514979], [-80.1435491, 25.7514726], [-80.1436519, 25.7514258], [-80.1438496, 25.7512169], [-80.1439879, 25.7511413], [-80.1442209, 25.75108], [-80.1444301, 25.7510798], [-80.1444814, 25.7510762], [-80.1444973, 25.7510438], [-80.1444658, 25.7510006], [-80.1442886, 25.7507848], [-80.14406, 25.7506122], [-80.1438788, 25.7504683], [-80.1438395, 25.7503928], [-80.1438396, 25.7503244], [-80.1438634, 25.7502524], [-80.1439466, 25.7501192], [-80.1440139, 25.750004], [-80.1440535999999, 25.7498816], [-80.1441013, 25.7497125], [-80.1441845, 25.7495901], [-80.1444179, 25.7493236], [-80.1447621, 25.7489132], [-80.1452569, 25.7481643], [-80.14555, 25.7476747], [-80.145653, 25.7474839], [-80.145661, 25.7474335], [-80.1456216, 25.747394]]}, "properties": {"project": "FL3502", "date": "19350125", "kind": "Natural.Mean High Water", "source": "T05627"}}, {"type": "Feature", "geometry": {"type": "LineString", "coordinates": [[-80.169342, 25.698084], [-80.1696092, 25.6980705], [-80.1697161, 25.698035], [-80.1697842, 25.6979773], [-80.1698038, 25.6978798], [-80.1698187, 25.6976937], [-80.1698092, 25.6975874], [-80.1697753, 25.6975254], [-80.1697366, 25.697459], [-80.1697318, 25.697397], [-80.1697465, 25.6973482], [-80.1697805, 25.697326], [-80.1700282, 25.6973391], [-80.1700477, 25.697317], [-80.1700478, 25.6972638], [-80.1700237, 25.6971752], [-80.1700191, 25.6970246], [-80.1700046, 25.6969493], [-80.169961, 25.6968828], [-80.1699563, 25.6968208], [-80.1699615, 25.6967829], [-80.1699922, 25.6967534], [-80.1700293, 25.696741], [-80.170073, 25.6967543], [-80.1701215, 25.6967542], [-80.1701556, 25.6967409], [-80.1702675, 25.6965991], [-80.1703746, 25.6964749], [-80.1704961, 25.6964305], [-80.1705448, 25.6963729], [-80.170647, 25.696262], [-80.1707298, 25.6961424], [-80.1708026, 25.6961379], [-80.1708609, 25.6961157], [-80.1708902, 25.6960714000001], [-80.1709582, 25.6960226], [-80.1710165, 25.6960137], [-80.1710992, 25.6959516], [-80.1712013, 25.6958939], [-80.1713325, 25.6958628], [-80.1714296, 25.6958849], [-80.1714587, 25.6959336], [-80.1714586, 25.6959513], [-80.1714877, 25.6959823], [-80.1715751, 25.6960044], [-80.1715799, 25.6960575], [-80.1715458, 25.6961285], [-80.1715408, 25.6961728], [-80.1715602, 25.6962082], [-80.1716233, 25.696217], [-80.1716816, 25.6961904], [-80.1717205, 25.6961904], [-80.1717642, 25.6962036], [-80.1718613, 25.6962035], [-80.1719148, 25.6961725], [-80.1719343, 25.6961415], [-80.1719344, 25.6960617], [-80.1719685, 25.6959952], [-80.1720171, 25.6959775], [-80.1720754, 25.6959996000001], [-80.1721579, 25.6960128], [-80.1722502, 25.6959994], [-80.172362, 25.6959639], [-80.1724592, 25.695924], [-80.1724787, 25.6958708], [-80.1724742, 25.6957113], [-80.1724258, 25.6956183], [-80.1723724, 25.6955651], [-80.1722123, 25.6954899], [-80.1721006, 25.6954856], [-80.1720325, 25.6955122], [-80.1720131, 25.6955477], [-80.1720129, 25.6956053], [-80.172042, 25.6956717], [-80.1720467, 25.6957293], [-80.1720175, 25.6957781], [-80.1720028, 25.6958401], [-80.1719979, 25.69588], [-80.1719639, 25.6959022], [-80.1719299, 25.6958978], [-80.1717649, 25.6957916], [-80.1717456, 25.6957473000001], [-80.1717457, 25.6956941], [-80.1718236, 25.6955921], [-80.1718626, 25.6954991], [-80.1719355, 25.695468], [-80.1720472, 25.6954724], [-80.1721249, 25.6954501], [-80.1722319, 25.6953836], [-80.1722465, 25.6953437], [-80.1722466, 25.6952905], [-80.1722274, 25.6952108], [-80.1722129, 25.6951532], [-80.1722324, 25.6950956], [-80.1722858, 25.6950911], [-80.1723684, 25.6950734], [-80.1724268, 25.6950334], [-80.1724415, 25.6949803], [-80.1724319, 25.6949094], [-80.1723979, 25.694874], [-80.1723494, 25.6948474], [-80.172335, 25.694781], [-80.1723011, 25.6946879], [-80.1722284, 25.694626], [-80.1721994, 25.6945595], [-80.1720637, 25.6943514], [-80.1719959, 25.6942806], [-80.1718745, 25.6942319]]}, "properties": {"project": "FL3502", "date": "19350125", "kind": "Undetermined.Approximate", "source": "T05627"}}, {"type": "Feature", "geometry": {"type": "LineString", "coordinates": [[-80.1563874, 25.6942168], [-80.1561675, 25.6942169]]}, "properties": {"project": "FL3502", "date": "19350125", "kind": "Undetermined Alongshore Feature", "source": "T05627"}}, {"type": "Feature", "geometry": {"type": "LineString", "coordinates": [[-80.1579886, 25.7263656], [-80.157877, 25.7262815], [-80.1578333, 25.7262771], [-80.1577847, 25.7262949], [-80.1577458, 25.7263215], [-80.1576826, 25.7263215], [-80.1576292, 25.7263083], [-80.1575953, 25.7262728], [-80.1575175, 25.7262862], [-80.1574592, 25.7263261], [-80.1574299, 25.7263926], [-80.1574006, 25.7264591], [-80.1573471, 25.7265167], [-80.1572887, 25.7265212], [-80.1572159, 25.7264902], [-80.1571868, 25.7264902], [-80.157109, 25.7265301], [-80.1570117, 25.7265878], [-80.1568951, 25.7266100000001], [-80.156725, 25.7266013], [-80.1566764, 25.726619], [-80.1566569, 25.7266766], [-80.1566325, 25.7267342], [-80.1565887, 25.7267697], [-80.1565255, 25.7268096], [-80.1564768, 25.7268628], [-80.1564523, 25.7269647], [-80.1563939, 25.7270091], [-80.1562918, 25.7270313], [-80.1562529, 25.7270668], [-80.1561847, 25.7271599], [-80.1560921, 25.7273017], [-80.1559802, 25.7274214], [-80.1557806, 25.7276076], [-80.1557514, 25.7276564], [-80.1556979, 25.7276963], [-80.1556299, 25.7276963], [-80.1555959, 25.7276609], [-80.1555766, 25.727621], [-80.1554747, 25.7275369], [-80.1553728, 25.727475], [-80.1552854, 25.7274529], [-80.155164, 25.7274441], [-80.1550668, 25.7274353], [-80.1549211, 25.7273955], [-80.1547997, 25.7273911], [-80.1547171, 25.7274], [-80.1546101, 25.7274267], [-80.1544838, 25.7274578], [-80.1543866, 25.7274667], [-80.1543186, 25.7274535], [-80.1542604, 25.7274225], [-80.1541341, 25.7274093], [-80.1540953, 25.7273694], [-80.1540711, 25.7273296], [-80.154008, 25.7273074], [-80.1538427999999, 25.7272898], [-80.1537749, 25.7272633], [-80.1536826, 25.7272589], [-80.1536048, 25.7272723], [-80.153527, 25.7273122], [-80.1534638, 25.7273432], [-80.1533277, 25.7273477], [-80.153216, 25.7273655], [-80.1531527, 25.7274143], [-80.1530067, 25.7275429], [-80.1529435, 25.7275518], [-80.1528853, 25.7275385], [-80.1528368, 25.727481], [-80.1527835, 25.7273924], [-80.1526331, 25.7273083], [-80.1525263, 25.7272818], [-80.1523805, 25.7272686], [-80.1523028, 25.7272819], [-80.1522541, 25.7273085], [-80.1521861, 25.7273174], [-80.152089, 25.7272909], [-80.1518996, 25.7272644], [-80.1516956, 25.7272335], [-80.1515937, 25.7271849], [-80.1515499, 25.7271849], [-80.1515256, 25.7272071], [-80.1514916, 25.7272248], [-80.1514381, 25.7272248], [-80.1514139, 25.7272071], [-80.1513605, 25.7271983], [-80.1512585, 25.7271762], [-80.1511614, 25.7271142], [-80.1511421, 25.7270744], [-80.1511567, 25.7270256], [-80.1511811, 25.7269902], [-80.1511813, 25.7268971], [-80.1511377, 25.7268174], [-80.1510553, 25.7267377], [-80.1509387, 25.7267156], [-80.1507542, 25.7266892], [-80.1505406, 25.726583], [-80.1503902, 25.7265122], [-80.1503464, 25.7265122], [-80.1502784, 25.7265211], [-80.150225, 25.7265078], [-80.1501327, 25.7264857], [-80.1500599, 25.7264636], [-80.15006, 25.7264149], [-80.1501136, 25.7263528], [-80.1502403, 25.7261356], [-80.1503279, 25.7260337], [-80.1504495, 25.7259849], [-80.1505517, 25.7259051], [-80.1506343, 25.725874], [-80.1507122, 25.7258031], [-80.1508045, 25.7257853], [-80.1509357, 25.7258074], [-80.1511152, 25.7259225], [-80.1512364, 25.7260243], [-80.151314, 25.7261128], [-80.1513332, 25.7262059], [-80.1513574, 25.7262723], [-80.1514058, 25.7263432], [-80.1514057, 25.7263963], [-80.1513765, 25.7264673], [-80.1513618, 25.7265293], [-80.1513762, 25.7265957], [-80.1514248, 25.7266046], [-80.1514928, 25.7265957], [-80.1515706, 25.726538], [-80.151663, 25.7265025], [-80.1517262, 25.726467], [-80.1517652, 25.7264139], [-80.1517848, 25.7263385], [-80.1518286, 25.726303], [-80.1520424, 25.7262896], [-80.1521688, 25.7262452000001], [-80.1523243, 25.7261876], [-80.152446, 25.7260944], [-80.1525238, 25.7260412], [-80.1525724, 25.7260368], [-80.1526549, 25.7260722], [-80.1527278, 25.7260898], [-80.1528055, 25.7260809], [-80.1529611, 25.7259878], [-80.153005, 25.725939], [-80.1530584, 25.725939], [-80.1530924, 25.7259656], [-80.1530923, 25.7260099], [-80.1531068, 25.7260364], [-80.1532185, 25.7260585], [-80.153403, 25.7261204], [-80.1534709, 25.726178], [-80.1535, 25.7261824], [-80.1535486, 25.7261735], [-80.1535875, 25.7261912], [-80.1536117, 25.7261956], [-80.1536555, 25.7261823], [-80.1537334, 25.7261069], [-80.153782, 25.7260892], [-80.1538354, 25.7261024], [-80.1538888, 25.7261113], [-80.1539228, 25.7261024], [-80.1539862, 25.7259783], [-80.154001, 25.7258764], [-80.1540449, 25.725801], [-80.1541469, 25.7257744], [-80.1542295, 25.7257699], [-80.1543121, 25.7257876], [-80.1543655, 25.725792], [-80.1544773, 25.7257565], [-80.1545648, 25.7257431], [-80.1546765, 25.7257519], [-80.1547396, 25.7258006], [-80.1548075, 25.7258316], [-80.1548756, 25.7258227], [-80.1549777, 25.7257827], [-80.1551574, 25.725787], [-80.1552496, 25.7258269], [-80.1553031, 25.7258268], [-80.1553371, 25.7258091], [-80.155381, 25.7257515], [-80.1555609, 25.7256539], [-80.1558188, 25.7254499], [-80.1559015, 25.7253568], [-80.1559455, 25.7252239], [-80.1559506, 25.7251308], [-80.1559848, 25.7250156], [-80.1560093, 25.7248738], [-80.1560047, 25.7247542], [-80.1559806, 25.7246612], [-80.1559467, 25.724608], [-80.1559323, 25.7245327], [-80.155913, 25.7244707], [-80.1558354, 25.7243954], [-80.1556413, 25.724236], [-80.1556074, 25.7241829], [-80.1555541, 25.7241298], [-80.155457, 25.7240767], [-80.1553795, 25.7239881], [-80.1553116, 25.7238995], [-80.1552485, 25.723873], [-80.1551466, 25.7238465], [-80.1551078, 25.7237977], [-80.1550594, 25.7237092], [-80.1550012, 25.723656], [-80.154909, 25.7235896], [-80.1548509, 25.7234966], [-80.1547735, 25.7233017], [-80.1547594, 25.7231024], [-80.1547888, 25.722965], [-80.1549153, 25.7228542], [-80.1550952, 25.7227832], [-80.1553284, 25.7227564], [-80.1554984, 25.7227696], [-80.1556102, 25.7227518], [-80.1556783, 25.7227075], [-80.1557756, 25.7226144], [-80.1558049, 25.7225656], [-80.155805, 25.7225124], [-80.1557856, 25.7224549], [-80.1557955, 25.7223618], [-80.155859, 25.7222023], [-80.1558835, 25.7221136], [-80.1558788, 25.7220206], [-80.1558596, 25.7218921], [-80.1558354, 25.7218168], [-80.1558453, 25.7217636], [-80.1559134, 25.7216927], [-80.1561225, 25.7216128], [-80.1561614, 25.7215951], [-80.1561857, 25.7215508], [-80.1561955, 25.7214976], [-80.1562199, 25.7214887], [-80.1562538, 25.7215153], [-80.1562635, 25.7215153], [-80.1562927, 25.7214975], [-80.1563804, 25.7213867], [-80.1565117, 25.7213024], [-80.1565798, 25.7212625], [-80.1566283, 25.7212669], [-80.1566526, 25.7212891], [-80.156706, 25.7213023], [-80.156808, 25.721289], [-80.1569199, 25.7212091], [-80.1569736, 25.7210718], [-80.1569885, 25.7208901], [-80.1569693, 25.7207926], [-80.1569064, 25.7206642], [-80.1569066, 25.7205667], [-80.1569554, 25.7204515], [-80.1570332, 25.7203717], [-80.1570964, 25.7203672], [-80.1571546, 25.7204071], [-80.157208, 25.7204203], [-80.1572615, 25.7204203], [-80.1573439, 25.7204911], [-80.1573828, 25.7204955], [-80.1573974, 25.7204734], [-80.1573829, 25.7204202], [-80.1573101, 25.7203759], [-80.1572568, 25.7203228], [-80.1572569, 25.7202785], [-80.1573007, 25.7202342], [-80.1573784, 25.7202208], [-80.1574561, 25.7202562], [-80.1576209999999, 25.7204023], [-80.1577133, 25.7204156], [-80.1578008, 25.7203978], [-80.1579272, 25.7203224], [-80.1579711, 25.7202426], [-80.1579809999999, 25.7201274], [-80.1579715, 25.7200166], [-80.1579279, 25.7199413], [-80.1577921, 25.7198484], [-80.1576707, 25.7198263], [-80.1574909, 25.7198309], [-80.157457, 25.7198087], [-80.157457, 25.7197644], [-80.1574863, 25.7197157], [-80.1574962, 25.7196315], [-80.1574768999999, 25.7195517], [-80.1574382, 25.719472], [-80.1574432, 25.7194056], [-80.1574821, 25.7193745], [-80.1575355, 25.7193568], [-80.1575599, 25.7193124], [-80.1575794, 25.7192593], [-80.1576378, 25.7192371], [-80.1577155, 25.7192592], [-80.1577931, 25.7193167], [-80.1578465, 25.7193211], [-80.1579194, 25.7193033], [-80.1580312, 25.7192678], [-80.1581041, 25.7192412], [-80.1581431, 25.719188], [-80.1582015, 25.7191437], [-80.1582889, 25.7191392], [-80.1583472, 25.7191613], [-80.158386, 25.7191923], [-80.15842, 25.7191923], [-80.1584297, 25.7191701], [-80.1584298, 25.7191302], [-80.1584785, 25.7190992], [-80.1585173, 25.7190859], [-80.1585368, 25.7190637], [-80.1585369, 25.7190194], [-80.1585613, 25.7189751], [-80.1586051, 25.7189485], [-80.1586634, 25.718944], [-80.1587362, 25.7189794], [-80.1587799, 25.7189661], [-80.1587994, 25.7189306], [-80.1588482, 25.7188065], [-80.158892, 25.7187755], [-80.1589794, 25.718771], [-80.1590086, 25.7187577], [-80.1590281, 25.7187266], [-80.1590331, 25.718638], [-80.1590769, 25.7186114], [-80.1591595, 25.7185981], [-80.1592082, 25.7185626], [-80.1592618, 25.7184607], [-80.1593008, 25.718372], [-80.1593592, 25.7183277], [-80.1593884, 25.7182878], [-80.1594275, 25.7181947], [-80.1594858, 25.7181548], [-80.1595005, 25.7181238], [-80.1595103, 25.7180706], [-80.1595347, 25.7179953], [-80.1595979, 25.7179553], [-80.1596904, 25.71788], [-80.1597584, 25.7178578], [-80.1597828, 25.7178312], [-80.1597877, 25.7177869], [-80.1597829, 25.7177337], [-80.1598122, 25.7176849], [-80.1598657, 25.7176539], [-80.1599434, 25.7176671], [-80.1600599, 25.7177114], [-80.1601376, 25.7176936], [-80.1602738, 25.7176315], [-80.1603224999999, 25.717565], [-80.1603566, 25.7174985], [-80.1604295, 25.7174763], [-80.1604636, 25.7174497], [-80.1604976, 25.7174142], [-80.160624, 25.7173831], [-80.1607067, 25.7173432], [-80.1607359, 25.7172856], [-80.1607458, 25.7172014], [-80.1607265, 25.7171172], [-80.1607412, 25.7170596], [-80.1608287, 25.717033], [-80.1609064, 25.7170152], [-80.1609551, 25.7169753], [-80.1609746, 25.7169265], [-80.1609798, 25.7167404], [-80.1610042, 25.7167006], [-80.1610868, 25.7166916], [-80.1611451, 25.716665], [-80.1611743, 25.7166384], [-80.161189, 25.7165675], [-80.1612183, 25.7165010000001], [-80.1612961, 25.7164522], [-80.1613204, 25.7164301], [-80.1613302, 25.7163946], [-80.1613206, 25.7163415], [-80.1613207, 25.7162839], [-80.1613451, 25.7162307], [-80.1613792, 25.7161996], [-80.1614132, 25.7162041], [-80.1614617, 25.7162262], [-80.1615151, 25.7162306], [-80.1615735, 25.7162039], [-80.1616076, 25.7161463], [-80.1616125, 25.716102], [-80.1615981, 25.7160178], [-80.1616079, 25.7159824], [-80.1616468, 25.7159513], [-80.1617391, 25.7159513], [-80.1617488, 25.7159424], [-80.1617295, 25.7159203000001], [-80.1616081, 25.715845], [-80.1613654, 25.7157655], [-80.16121, 25.7157345], [-80.1610692, 25.7157258], [-80.1609428, 25.7157347], [-80.1608553, 25.7157702], [-80.1607775, 25.7158234], [-80.1606803, 25.715859], [-80.160588, 25.7158723], [-80.1605443, 25.7158679], [-80.1605297, 25.7158679], [-80.1604035, 25.7157883], [-80.1602919, 25.7157130000001], [-80.1602532, 25.7156333], [-80.1602679, 25.7155668], [-80.1603068, 25.7155491], [-80.1603215, 25.715518], [-80.1603264, 25.7154604], [-80.1604043, 25.7154028], [-80.1604238, 25.7153585], [-80.1604239, 25.7153142], [-80.1603802, 25.7152788], [-80.1603122, 25.7152832], [-80.1602539, 25.7152877], [-80.1602151, 25.7152611], [-80.1602006, 25.7151991], [-80.1602105, 25.7150884], [-80.1602398, 25.7150352], [-80.1602835, 25.7150218], [-80.160303, 25.7150041], [-80.1603224999999, 25.7149642], [-80.1603323, 25.7148978], [-80.160381, 25.7148578], [-80.1604539, 25.7148401], [-80.1605074, 25.7148002], [-80.1605512, 25.714747], [-80.160629, 25.7146938], [-80.1607068, 25.7146583], [-80.1607166, 25.7146361], [-80.1607215, 25.7145962], [-80.1607119, 25.7145475], [-80.1606537, 25.7145076], [-80.160644, 25.7144766], [-80.1606489, 25.7144501], [-80.160717, 25.7144367], [-80.1607898, 25.7144677], [-80.1609452, 25.7144764], [-80.1611833, 25.7144586], [-80.1613533, 25.714423], [-80.1614457, 25.7143653], [-80.1615867, 25.7143165], [-80.1616645, 25.7142766], [-80.1617424, 25.7141968], [-80.1617619, 25.7141392], [-80.161835, 25.7140151], [-80.1620248, 25.7138599], [-80.1622679, 25.7137356], [-80.16237, 25.7136602], [-80.1624285, 25.7135716], [-80.1624578, 25.7134608], [-80.1625309, 25.7133721], [-80.1626134, 25.7133677], [-80.1626523, 25.7133455], [-80.1626864999999, 25.7132613], [-80.1627546, 25.7132169], [-80.1628275, 25.7131947], [-80.1628712999999, 25.7131282], [-80.1628715, 25.7130573], [-80.1628522, 25.7129998], [-80.1627843, 25.7129378], [-80.1627212, 25.7128935], [-80.1626289, 25.7128936], [-80.1625901, 25.7128582], [-80.1625853, 25.712805], [-80.1626049, 25.7127297], [-80.1627703, 25.7125922], [-80.1629017, 25.7124548], [-80.1630138, 25.7122686], [-80.163087, 25.7120913], [-80.1630677, 25.7120337], [-80.1629997, 25.7120205], [-80.1629171, 25.7120206], [-80.1628004, 25.7120738], [-80.1626304, 25.7121005], [-80.1624846, 25.7121006], [-80.1624555, 25.7121006], [-80.1624361, 25.7121006], [-80.1623972, 25.7121184], [-80.1623728, 25.7121583], [-80.1623193, 25.7121805], [-80.162227, 25.7121805], [-80.1620765, 25.7121629], [-80.1619113, 25.7121852], [-80.1617898, 25.7122163], [-80.161678, 25.7122695], [-80.1615758, 25.7123538], [-80.1614981, 25.7123494000001], [-80.1614398, 25.712345], [-80.1613815, 25.7123628000001], [-80.1613571, 25.7123982], [-80.161357, 25.7124425], [-80.161357, 25.7124868], [-80.1613472, 25.7125001], [-80.1613083, 25.7125046], [-80.1612453, 25.7124559], [-80.1611872, 25.712354], [-80.1611534, 25.7122256], [-80.1611488, 25.7121237], [-80.1611149, 25.7120617], [-80.1610664, 25.7120218], [-80.1609741, 25.7120086], [-80.1608672, 25.7120087], [-80.1608332, 25.7120264], [-80.1608088, 25.7120884], [-80.1607796, 25.7121239], [-80.1607456, 25.7121284], [-80.1607165, 25.7121018], [-80.1606728, 25.7120664], [-80.1605951, 25.712062]]}, "properties": {"project": "FL3502", "date": "19350125", "kind": "Undetermined.Approximate", "source": "T05627"}}, {"type": "Feature", "geometry": {"type": "LineString", "coordinates": [[-80.1654702, 25.7116398], [-80.1654068, 25.7117213], [-80.1653434, 25.7118062], [-80.1653209, 25.7118707], [-80.1653245, 25.7119284], [-80.1653579, 25.7119793], [-80.1654359, 25.7120607], [-80.1654731, 25.7120708], [-80.1655513, 25.7120606], [-80.165663, 25.7120232], [-80.1657003, 25.7119892], [-80.165719, 25.7119145], [-80.165723, 25.7117821000001], [-80.1657156, 25.7117177], [-80.1656934, 25.7116905], [-80.1656153, 25.7116532], [-80.1655483, 25.7116397], [-80.1654702, 25.7116398]]}, "properties": {"project": "FL3502", "date": "19350125", "kind": "Undetermined.Approximate", "source": "T05627"}}, {"type": "Feature", "geometry": {"type": "LineString", "coordinates": [[-80.1488722, 25.7276207], [-80.1492511, 25.7276426], [-80.1497658, 25.7277974], [-80.1501542, 25.7279256], [-80.1503968, 25.728085], [-80.1505957, 25.7282134], [-80.1507608, 25.728262], [-80.1509842, 25.7283195], [-80.1512997, 25.7284611], [-80.15162, 25.7286425], [-80.1521732, 25.7289479], [-80.1525179, 25.7290895], [-80.1528142, 25.7291291], [-80.1530231, 25.7291113], [-80.1532904, 25.7290713], [-80.1540093999999, 25.7290575], [-80.1541358, 25.7290131], [-80.1543597, 25.7288225], [-80.1545349, 25.728654], [-80.154676, 25.7285343], [-80.1549775, 25.7284189], [-80.155376, 25.7283256], [-80.1558327, 25.728312], [-80.1561339, 25.7283118], [-80.1562457, 25.7282852], [-80.1563624, 25.7282231], [-80.156416, 25.7281566], [-80.1564649, 25.7280015], [-80.1565769, 25.7278419], [-80.1567082, 25.7277887], [-80.1570727, 25.7277131], [-80.1576025, 25.7275799], [-80.1578408, 25.7274512], [-80.1581229, 25.7273137], [-80.1581812, 25.7272649], [-80.1582008, 25.7271984], [-80.1582398, 25.7271231], [-80.1583322, 25.7270566], [-80.1583809, 25.7270034], [-80.1583884, 25.7269105], [-80.1583909, 25.7268793], [-80.1583766, 25.7267198], [-80.1583721, 25.7265559000001], [-80.1583867, 25.7265071], [-80.1583675, 25.726423], [-80.1582947, 25.7263566], [-80.1581927, 25.7263301], [-80.1580615, 25.7263656], [-80.1579886, 25.7263656]]}, "properties": {"project": "FL3502", "date": "19350125", "kind": "Natural.Mean High Water", "source": "T05627"}}, {"type": "Feature", "geometry": {"type": "LineString", "coordinates": [[-80.1676381, 25.6796018], [-80.1677263, 25.6797206], [-80.1677792, 25.6797961], [-80.167844, 25.6798583], [-80.167906, 25.6799071], [-80.1679796, 25.6799828], [-80.1680383, 25.6800853], [-80.1680705, 25.6801419], [-80.1681623, 25.680172], [-80.1682334, 25.6801859], [-80.1683043, 25.6802239], [-80.168363, 25.6803184], [-80.1684569, 25.6804722], [-80.1685511, 25.6805883], [-80.168613, 25.6806451], [-80.1686751, 25.6806724], [-80.1687815, 25.680724], [-80.1688643, 25.6807649], [-80.1689469, 25.6808352], [-80.169006, 25.6808732], [-80.1690963, 25.6809087], [-80.1692353, 25.6809659], [-80.169333, 25.6809961], [-80.1694397, 25.6810182], [-80.1695166, 25.6810509], [-80.1695903, 25.6811158], [-80.1696966, 25.6811917], [-80.1698059, 25.6812595], [-80.1699331, 25.681314], [-80.1701018, 25.6813822], [-80.1702676, 25.6814289], [-80.1703593, 25.6814751], [-80.1704182, 25.68154], [-80.1704266, 25.6816153], [-80.1704114, 25.6816663], [-80.1703664, 25.6817192]]}, "properties": {"project": "FL3502", "date": "19350125", "kind": "Natural.Mean High Water", "source": "T05627"}}, {"type": "Feature", "geometry": {"type": "LineString", "coordinates": [[-80.1495213, 25.7513128000001], [-80.1496625, 25.7513138]]}, "properties": {"project": "FL3502", "date": "19350125", "kind": "Undetermined.Approximate", "source": "T05627"}}, {"type": "Feature", "geometry": {"type": "LineString", "coordinates": [[-80.1496625, 25.7513138], [-80.1497304, 25.7513143], [-80.1497542, 25.7512711], [-80.1497385, 25.7512352], [-80.1497145, 25.7512206]]}, "properties": {"project": "FL3502", "date": "19350125", "kind": "Natural.Mean High Water", "source": "T05627"}}, {"type": "Feature", "geometry": {"type": "LineString", "coordinates": [[-80.1497145, 25.7512206], [-80.1496911999999, 25.7512064], [-80.1494472, 25.7511935]]}, "properties": {"project": "FL3502", "date": "19350125", "kind": "Undetermined.Approximate", "source": "T05627"}}, {"type": "Feature", "geometry": {"type": "LineString", "coordinates": [[-80.1494472, 25.7511935], [-80.1494228, 25.7511922], [-80.1481834, 25.7512073], [-80.1481202, 25.7512505], [-80.1481359, 25.7512865], [-80.1482148, 25.7512936], [-80.1488384, 25.7513077], [-80.1495213, 25.7513128000001]]}, "properties": {"project": "FL3502", "date": "19350125", "kind": "Natural.Mean High Water", "source": "T05627"}}, {"type": "Feature", "geometry": {"type": "LineString", "coordinates": [[-80.24, 25.783524439552238], [-80.2399957, 25.7835246], [-80.2399321, 25.7835227], [-80.2398602, 25.7835042], [-80.239775, 25.7834643], [-80.2396397, 25.7834166], [-80.2395829, 25.7833981]]}, "properties": {"project": "FL3502", "date": "19350123", "kind": "Natural.Mean High Water", "source": "T05628"}}, {"type": "Feature", "geometry": {"type": "LineString", "coordinates": [[-80.2396021, 25.7835377], [-80.2397207, 25.7835823], [-80.239831, 25.7836208], [-80.2399145, 25.783647], [-80.24, 25.783654946887967]]}, "properties": {"project": "FL3502", "date": "19350123", "kind": "Natural.Mean High Water", "source": "T05628"}}, {"type": "Feature", "geometry": {"type": "LineString", "coordinates": [[-80.2314509, 25.785076], [-80.2315213, 25.7850688], [-80.2316587, 25.7850529], [-80.2317526, 25.7850397], [-80.2318212, 25.7850386], [-80.2318999, 25.7850496], [-80.2319817, 25.7850788], [-80.2321604, 25.785148], [-80.232264, 25.7851865], [-80.2323609, 25.7852218], [-80.2324762, 25.7852573], [-80.2325683, 25.7852623], [-80.2326353, 25.7852627], [-80.2327224, 25.7852495], [-80.2327628, 25.7852255], [-80.2327948, 25.7851908], [-80.2328152, 25.7851484], [-80.2328154, 25.7851181], [-80.2328006, 25.7850771], [-80.2327724, 25.7850345], [-80.2327625, 25.7850041], [-80.2327677, 25.7849738], [-80.2328183, 25.784915], [-80.2328907, 25.7848593000001], [-80.2329478, 25.7848323], [-80.2330099, 25.7848159], [-80.2331473, 25.7848015], [-80.2335944, 25.7847948], [-80.233859, 25.7847962], [-80.2339945, 25.784806], [-80.23413, 25.7848355], [-80.2342536, 25.7848786], [-80.2343605, 25.7849246], [-80.2344539, 25.7849767], [-80.2345339, 25.7850392], [-80.2345907, 25.7850653], [-80.2346792, 25.7850915], [-80.2347629, 25.7850935], [-80.2348651, 25.7850895], [-80.2350594, 25.7850829], [-80.2351566, 25.7850652], [-80.2352405, 25.785049], [-80.2353393, 25.7850389], [-80.2354432, 25.7850364], [-80.2355619, 25.7850553], [-80.2356171, 25.7850662], [-80.2356607, 25.7850618000001], [-80.2356926, 25.7850377], [-80.2357012, 25.7850029], [-80.2357049, 25.7849605], [-80.2357252, 25.7849257], [-80.235799, 25.7848988], [-80.2359365, 25.7848723], [-80.2360621, 25.7848684000001], [-80.2361508, 25.7848779], [-80.2362561, 25.7849058], [-80.2363897, 25.7849611], [-80.2364314, 25.7849886], [-80.2364496, 25.7850235], [-80.2364679, 25.7850494], [-80.2365013, 25.7850617], [-80.236595, 25.7850713], [-80.2366736, 25.7850762], [-80.2367339, 25.7850841], [-80.2368225, 25.7850998], [-80.2369046, 25.7851002], [-80.2369767, 25.7850885], [-80.2370539, 25.7850555], [-80.2371379, 25.7850089], [-80.2372169, 25.7849639], [-80.2373295, 25.7849008], [-80.2374271, 25.7848316], [-80.2375078, 25.7847683], [-80.2376158, 25.7846491], [-80.2377305, 25.7845163], [-80.2378654, 25.7843715], [-80.2380155, 25.7841949], [-80.2381403, 25.7840531], [-80.2382887, 25.7838962], [-80.2383965, 25.7838012], [-80.2384738, 25.7837471], [-80.2385931, 25.7836840000001], [-80.2386922, 25.7836375], [-80.2387828, 25.7836062], [-80.2388902, 25.783581], [-80.2390076, 25.7835467], [-80.2392038, 25.7835068], [-80.2393228, 25.7834832], [-80.2393948, 25.7834805], [-80.2394434, 25.7834793]]}, "properties": {"project": "FL3502", "date": "19350123", "kind": "Natural.Mean High Water", "source": "T05628"}}, {"type": "Feature", "geometry": {"type": "LineString", "coordinates": [[-80.2396021, 25.7835377], [-80.2394434, 25.7834793]]}, "properties": {"project": "FL3502", "date": "19350123", "kind": "Undetermined.Approximate", "source": "T05628"}}, {"type": "Feature", "geometry": {"type": "LineString", "coordinates": [[-80.2395829, 25.7833981], [-80.2394491, 25.7833747]]}, "properties": {"project": "FL3502", "date": "19350123", "kind": "Undetermined.Approximate", "source": "T05628"}}, {"type": "Feature", "geometry": {"type": "LineString", "coordinates": [[-80.2394491, 25.7833747], [-80.2393721, 25.7833682], [-80.2393235, 25.7833771], [-80.2392832, 25.7833859], [-80.2391508, 25.783405], [-80.2389062, 25.7834279], [-80.2387923, 25.7834395], [-80.238742, 25.7834483], [-80.2386731, 25.7834783], [-80.2385707, 25.7835232], [-80.2385068, 25.7835653], [-80.2384026, 25.78363], [-80.2382849, 25.7836976], [-80.2381907, 25.7837668], [-80.2380577, 25.7838828], [-80.2379598, 25.7839991], [-80.2378298, 25.7841667], [-80.2377216, 25.7843283], [-80.2376068, 25.7844778], [-80.2374567, 25.7846422], [-80.237332, 25.7847644], [-80.2372395, 25.7848397], [-80.23711, 25.7849163], [-80.2370361, 25.7849554], [-80.2369389, 25.7849746], [-80.2368451, 25.7849756], [-80.2367581, 25.7849645], [-80.2366277, 25.7849335], [-80.2364088, 25.7848626], [-80.2361414, 25.7847733], [-80.2360545, 25.7847546], [-80.235949, 25.7847571], [-80.2358584, 25.7847733], [-80.2357276, 25.784806], [-80.2356504, 25.7848359], [-80.2355832, 25.7848734], [-80.2355042, 25.78492], [-80.2354069, 25.7849392], [-80.2353031, 25.7849417], [-80.2352512, 25.7849339], [-80.235201, 25.7849336], [-80.2351456, 25.78495], [-80.2350098, 25.7849826], [-80.2348741, 25.7849971], [-80.2347971, 25.7849951], [-80.2347184, 25.7849856], [-80.2346499, 25.784961], [-80.2345097, 25.7848981], [-80.2343411, 25.7848123], [-80.2342425, 25.7847785], [-80.2341205, 25.784746], [-80.2340001, 25.784715], [-80.2339115, 25.7847024], [-80.2336603, 25.7846951], [-80.2334192, 25.7846923], [-80.2331178, 25.7846952], [-80.2330458, 25.7846948], [-80.2329821, 25.7847051], [-80.2329116, 25.7847366], [-80.2328512, 25.784756], [-80.2328025, 25.7847694], [-80.2327504, 25.7847994], [-80.2326763, 25.7848627], [-80.2326207999999, 25.7849018], [-80.2325503, 25.7849333], [-80.2324681, 25.7849571], [-80.232334, 25.7849822], [-80.2322519, 25.7849863], [-80.2321766, 25.7849798], [-80.2321298, 25.7849644], [-80.2321015, 25.78494], [-80.2320767, 25.7848929], [-80.2320569, 25.7848503], [-80.2320269, 25.7848168], [-80.2319802, 25.7847923], [-80.2319451, 25.7847845], [-80.2318981, 25.7847964], [-80.2318561, 25.7848189], [-80.2318025, 25.7848323], [-80.2317456, 25.7848259], [-80.2317071, 25.7848121], [-80.2316687, 25.7848058], [-80.2316184, 25.7848162], [-80.2315897, 25.7848418], [-80.2315206, 25.7849172], [-80.2314803, 25.7849398], [-80.2314484, 25.7849426]]}, "properties": {"project": "FL3502", "date": "19350123", "kind": "Natural.Mean High Water", "source": "T05628"}}, {"type": "Feature", "geometry": {"type": "LineString", "coordinates": [[-80.2203581, 25.7385144], [-80.2203336, 25.7384993], [-80.2203076, 25.7384993], [-80.2202643, 25.7385203], [-80.2201544, 25.7386096], [-80.2196082, 25.7389906], [-80.2191486, 25.7393189], [-80.2187699999999, 25.7395921], [-80.2186601, 25.7396578], [-80.2185792, 25.7396894], [-80.2184867, 25.7397184], [-80.218374, 25.7397291], [-80.218192, 25.7397215], [-80.2177729, 25.7396959], [-80.2174262, 25.7396702], [-80.2173799, 25.7396598], [-80.2173308, 25.739652], [-80.2172759, 25.7396599], [-80.2171777, 25.7396837], [-80.216932, 25.739705], [-80.2166806, 25.7397473], [-80.216643, 25.739771], [-80.2166314, 25.739792], [-80.2166314, 25.7398234], [-80.2166574, 25.7398837], [-80.2167556, 25.7399805], [-80.2168712, 25.7401009], [-80.2169925, 25.7402528], [-80.217163, 25.7404439], [-80.2172814, 25.7406089], [-80.2173825, 25.7407214], [-80.2176194, 25.7410278], [-80.2177956, 25.7412582], [-80.2178591, 25.7413262], [-80.217966, 25.7414126], [-80.2180901999999, 25.7415592], [-80.2182434, 25.7417267], [-80.2182665, 25.7417686], [-80.2182751, 25.7418106], [-80.2182664, 25.7418316], [-80.2182375, 25.7418395], [-80.2181219, 25.7418396], [-80.2179717, 25.7418215], [-80.2178301, 25.741785], [-80.2177174, 25.7417433], [-80.2176394, 25.741725], [-80.217596, 25.7417067], [-80.2175498, 25.741678], [-80.2175123, 25.7416335], [-80.2174834, 25.7415994], [-80.2174111, 25.741555], [-80.2173129, 25.7415263], [-80.2172204, 25.7415186], [-80.2171453, 25.7415292], [-80.2171222, 25.7415502], [-80.2171077, 25.7415817], [-80.2171019, 25.7416288], [-80.2171077, 25.7416734], [-80.217099, 25.7417101], [-80.217073, 25.7417364], [-80.2169863, 25.7417653], [-80.2169169, 25.7417864], [-80.2168966999999, 25.7418074], [-80.2168851, 25.7418441], [-80.2168706, 25.7419936], [-80.2168475, 25.742088], [-80.2168099, 25.7421798], [-80.2167636, 25.7422742], [-80.2166711, 25.742353], [-80.2166017, 25.7424108], [-80.2165584, 25.7424266], [-80.2165179, 25.7424397], [-80.2164832, 25.7424634], [-80.2164514, 25.7425132], [-80.2164312, 25.7425945], [-80.216408, 25.7426548], [-80.216382, 25.742689], [-80.2163444, 25.7427179], [-80.2162953, 25.7427389], [-80.2162404, 25.7427862], [-80.2161883, 25.7428282], [-80.2161363, 25.7428545], [-80.2160409, 25.7428703], [-80.2159427, 25.7428784], [-80.2158733, 25.7428811], [-80.2158329, 25.7428969], [-80.2157779, 25.7429337], [-80.2157375, 25.7430045], [-80.2156941, 25.7430989], [-80.2156507, 25.7431593], [-80.215616, 25.7431751], [-80.2155495, 25.7431935], [-80.2154513, 25.7432435], [-80.2153761, 25.7432777], [-80.215301, 25.7432935], [-80.2152287, 25.7432962], [-80.2151767, 25.7433015], [-80.2151363, 25.7433252], [-80.2150264, 25.7434066], [-80.2148703, 25.7435196], [-80.2148096, 25.7435511], [-80.2147229, 25.7435644], [-80.2146131, 25.7435698], [-80.2145409, 25.7435725], [-80.2145062, 25.743583], [-80.2144773, 25.7436014], [-80.2143674, 25.7437117], [-80.2143009, 25.7437511], [-80.2142547, 25.7437721], [-80.2141882, 25.7437854], [-80.21409, 25.7437855], [-80.2140495, 25.7437751000001], [-80.2140235, 25.7437463], [-80.2139657, 25.7436677], [-80.2139311, 25.7436075], [-80.2138935, 25.7435708], [-80.2138415, 25.7435473], [-80.2137403999999, 25.7435449], [-80.2136277, 25.7435372], [-80.2135641, 25.7435137000001], [-80.2134196, 25.7433907], [-80.2132376, 25.7432284], [-80.2131539, 25.7431761], [-80.2130498, 25.7431081], [-80.2130282, 25.7431006], [-80.2130187, 25.7430902]]}, "properties": {"project": "FL3502", "date": "19350123", "kind": "Natural.Mean High Water", "source": "T05628"}}, {"type": "Feature", "geometry": {"type": "LineString", "coordinates": [[-80.2203408, 25.7382624], [-80.2203453, 25.7382869], [-80.2205215, 25.7385698000001], [-80.2208478, 25.7390962], [-80.2210269, 25.7393921], [-80.2210414, 25.7394104], [-80.2210616, 25.7394156], [-80.2211049, 25.7394129], [-80.2211859, 25.7393578000001], [-80.222105, 25.7388897], [-80.2226599, 25.7386241], [-80.222683, 25.7386215], [-80.2227119, 25.7386319], [-80.2227581, 25.7386921], [-80.2227754, 25.7387524], [-80.2227696, 25.7387839], [-80.2227581, 25.7388075], [-80.2226627, 25.7388601], [-80.2219228, 25.7392282], [-80.2210932999999, 25.7396541], [-80.2209112, 25.7397514], [-80.2208766, 25.7397619], [-80.2208477, 25.739762], [-80.2208217, 25.7397463], [-80.2207697, 25.739673], [-80.2207148, 25.7395708], [-80.220709, 25.739542], [-80.2207148, 25.7395236], [-80.220735, 25.7395053], [-80.2208622, 25.7394317], [-80.2208853, 25.739408], [-80.2208882, 25.7393792], [-80.2208709, 25.7393294], [-80.2203799, 25.738549], [-80.2203581, 25.7385144]]}, "properties": {"project": "FL3502", "date": "19350123", "kind": "Man-made", "source": "T05628"}}, {"type": "Feature", "geometry": {"type": "LineString", "coordinates": [[-80.2332378, 25.7313639], [-80.2331089, 25.7312935]]}, "properties": {"project": "FL3502", "date": "19350123", "kind": "Pier", "source": "T05628"}}, {"type": "Feature", "geometry": {"type": "LineString", "coordinates": [[-80.2398817, 25.793002], [-80.2397678, 25.793009]]}, "properties": {"project": "FL3502", "date": "19350123", "kind": "Undetermined.Approximate", "source": "T05628"}}, {"type": "Feature", "geometry": {"type": "LineString", "coordinates": [[-80.2333027, 25.7311254], [-80.2332666, 25.73116], [-80.2332406, 25.7311994], [-80.2332291, 25.7312544], [-80.2332262, 25.7313095], [-80.2332348, 25.7313488], [-80.2332378, 25.7313639]]}, "properties": {"project": "FL3502", "date": "19350123", "kind": "Natural.Mean High Water", "source": "T05628"}}, {"type": "Feature", "geometry": {"type": "LineString", "coordinates": [[-80.2333027, 25.7311254], [-80.2332, 25.7311148], [-80.2331684, 25.7312333]]}, "properties": {"project": "FL3502", "date": "19350123", "kind": "Pier", "source": "T05628"}}, {"type": "Feature", "geometry": {"type": "LineString", "coordinates": [[-80.2333592, 25.7308925], [-80.233362, 25.730958], [-80.2333447, 25.7310524], [-80.2333187, 25.7311101], [-80.2333027, 25.7311254]]}, "properties": {"project": "FL3502", "date": "19350123", "kind": "Natural.Mean High Water", "source": "T05628"}}, {"type": "Feature", "geometry": {"type": "LineString", "coordinates": [[-80.2338264, 25.7288394], [-80.2338103, 25.7288549], [-80.2337415, 25.7289151]]}, "properties": {"project": "FL3502", "date": "19350123", "kind": "Shoreline/Alongshore Feature Boundary", "source": "T05628"}}, {"type": "Feature", "geometry": {"type": "LineString", "coordinates": [[-80.2337415, 25.7289151], [-80.2337323, 25.7289232], [-80.2336918, 25.7289443], [-80.2336571, 25.7289496], [-80.2336167, 25.7289234], [-80.23353, 25.7288344], [-80.2334896, 25.7288083], [-80.2334491, 25.7288083], [-80.2334, 25.7288215], [-80.2332179, 25.7289136], [-80.2328856, 25.7290583], [-80.2328162, 25.729103], [-80.2327902, 25.7291423], [-80.2327729, 25.7291843], [-80.2327671, 25.7292393], [-80.2327729, 25.729297], [-80.232822, 25.7294359], [-80.2329173, 25.7297057], [-80.2332234, 25.7305021], [-80.2333389, 25.7308217], [-80.2333592, 25.7308925]]}, "properties": {"project": "FL3502", "date": "19350123", "kind": "Man-made", "source": "T05628"}}, {"type": "Feature", "geometry": {"type": "LineString", "coordinates": [[-80.2338264, 25.7288394], [-80.2337285, 25.728731], [-80.2336365, 25.7287989], [-80.2337415, 25.7289151]]}, "properties": {"project": "FL3502", "date": "19350123", "kind": "Pier", "source": "T05628"}}, {"type": "Feature", "geometry": {"type": "LineString", "coordinates": [[-80.2335168, 25.7284509], [-80.2337496, 25.7286427], [-80.2338536, 25.7287395], [-80.2338623, 25.7287683], [-80.2338565, 25.7288103], [-80.2338264, 25.7288394]]}, "properties": {"project": "FL3502", "date": "19350123", "kind": "Man-made", "source": "T05628"}}, {"type": "Feature", "geometry": {"type": "LineString", "coordinates": [[-80.2335168, 25.7284509], [-80.2334239, 25.7285485], [-80.2333749, 25.728504], [-80.2334594, 25.7284035]]}, "properties": {"project": "FL3502", "date": "19350123", "kind": "Pier", "source": "T05628"}}, {"type": "Feature", "geometry": {"type": "LineString", "coordinates": [[-80.2334594, 25.7284035], [-80.2335168, 25.7284509]]}, "properties": {"project": "FL3502", "date": "19350123", "kind": "Shoreline/Alongshore Feature Boundary", "source": "T05628"}}, {"type": "Feature", "geometry": {"type": "LineString", "coordinates": [[-80.2333174, 25.7282867], [-80.2334289, 25.7283785], [-80.2334594, 25.7284035]]}, "properties": {"project": "FL3502", "date": "19350123", "kind": "Man-made", "source": "T05628"}}, {"type": "Feature", "geometry": {"type": "LineString", "coordinates": [[-80.2333174, 25.7282867], [-80.2332249, 25.7283708000001], [-80.2331758, 25.7283211], [-80.2332557, 25.728236]]}, "properties": {"project": "FL3502", "date": "19350123", "kind": "Pier", "source": "T05628"}}, {"type": "Feature", "geometry": {"type": "LineString", "coordinates": [[-80.2332557, 25.728236], [-80.2333174, 25.7282867]]}, "properties": {"project": "FL3502", "date": "19350123", "kind": "Shoreline/Alongshore Feature Boundary", "source": "T05628"}}, {"type": "Feature", "geometry": {"type": "LineString", "coordinates": [[-80.2348363, 25.7277874], [-80.2348247, 25.7277995], [-80.2347553, 25.7278645]]}, "properties": {"project": "FL3502", "date": "19350123", "kind": "Shoreline/Alongshore Feature Boundary", "source": "T05628"}}, {"type": "Feature", "geometry": {"type": "LineString", "coordinates": [[-80.2348363, 25.7277874], [-80.2347402, 25.72771], [-80.2346712, 25.7277883], [-80.2347553, 25.7278645]]}, "properties": {"project": "FL3502", "date": "19350123", "kind": "Pier", "source": "T05628"}}, {"type": "Feature", "geometry": {"type": "LineString", "coordinates": [[-80.2347553, 25.7278645], [-80.2347322, 25.7278861], [-80.2346917, 25.7278967], [-80.2346513, 25.7278915], [-80.2345762, 25.7278392], [-80.2343794, 25.7276697]]}, "properties": {"project": "FL3502", "date": "19350123", "kind": "Man-made", "source": "T05628"}}, {"type": "Feature", "geometry": {"type": "LineString", "coordinates": [[-80.237904, 25.7276307], [-80.2378442, 25.7276399], [-80.2377518, 25.7276348], [-80.2377326, 25.7276336]]}, "properties": {"project": "FL3502", "date": "19350123", "kind": "Shoreline/Alongshore Feature Boundary", "source": "T05628"}}, {"type": "Feature", "geometry": {"type": "LineString", "coordinates": [[-80.2377326, 25.7276336], [-80.237668, 25.7276297], [-80.2375871, 25.727635], [-80.2374917, 25.7276509], [-80.2373241, 25.7277063], [-80.2371883, 25.7277432], [-80.2371594, 25.7277485], [-80.2371392, 25.7277406]]}, "properties": {"project": "FL3502", "date": "19350123", "kind": "Natural.Mean High Water", "source": "T05628"}}, {"type": "Feature", "geometry": {"type": "LineString", "coordinates": [[-80.2343794, 25.7276697], [-80.2343233, 25.7276214]]}, "properties": {"project": "FL3502", "date": "19350123", "kind": "Shoreline/Alongshore Feature Boundary", "source": "T05628"}}, {"type": "Feature", "geometry": {"type": "LineString", "coordinates": [[-80.237904, 25.7276307], [-80.2378299, 25.7275636], [-80.2377326, 25.7276336]]}, "properties": {"project": "FL3502", "date": "19350123", "kind": "Pier", "source": "T05628"}}, {"type": "Feature", "geometry": {"type": "LineString", "coordinates": [[-80.2039582, 25.738612], [-80.2039293, 25.7383731], [-80.2039083, 25.7382465], [-80.203882, 25.7381796], [-80.2038504, 25.7381295], [-80.2038162, 25.7380889], [-80.2037582, 25.7380675], [-80.2036845, 25.7380532], [-80.2036265, 25.7380533], [-80.2035475, 25.7380702], [-80.2034421, 25.7381014], [-80.2033446, 25.7381613], [-80.2032287, 25.7382331], [-80.2031286, 25.7382954], [-80.2030758, 25.7383456], [-80.2030179, 25.7384198], [-80.2029862, 25.7384915], [-80.2029598, 25.73858], [-80.2029572, 25.7386517], [-80.2029598, 25.7387353], [-80.2029992, 25.7388595], [-80.2030229, 25.738912], [-80.2030545, 25.7389407], [-80.2030993, 25.7389573], [-80.203152, 25.7389573], [-80.2032784, 25.7389356], [-80.2034049, 25.7389019], [-80.2035656, 25.7388539], [-80.2036446, 25.7388251], [-80.2036868, 25.7387988], [-80.20375, 25.7387557], [-80.2037896, 25.7387389], [-80.203837, 25.7387365], [-80.2038922999999, 25.7387412], [-80.2039344, 25.7387554], [-80.2039792, 25.7387888], [-80.2039976, 25.7387936], [-80.2040108, 25.7387912], [-80.2040186999999, 25.7387768], [-80.2040135, 25.7387505], [-80.2039924, 25.7387004], [-80.2039582, 25.738612]]}, "properties": {"project": "FL3502", "date": "19350123", "kind": "Natural.Mean High Water", "source": "T05628"}}, {"type": "Feature", "geometry": {"type": "LineString", "coordinates": [[-80.2270818, 25.7360066], [-80.2270818, 25.7360378], [-80.2273649, 25.7365144], [-80.2274198, 25.7365956], [-80.22744, 25.7366087], [-80.2274804, 25.7366112], [-80.2275585, 25.7366059], [-80.2275816, 25.7366189], [-80.2275874, 25.7366425], [-80.2275816, 25.7366740000001], [-80.2275498, 25.7367107], [-80.2273533, 25.736808], [-80.2272955, 25.7368317], [-80.2272637, 25.7368344], [-80.2272348, 25.736824], [-80.2272203, 25.7367951], [-80.2272203, 25.7367716], [-80.2272261, 25.7367558], [-80.2272463, 25.736727], [-80.2272521, 25.7366981], [-80.2272464, 25.7366719], [-80.2271915, 25.7365881], [-80.2269055, 25.7360879], [-80.2268564, 25.7360277], [-80.2268483, 25.7360221], [-80.2268217, 25.7360041], [-80.2267697, 25.7359911], [-80.2266137, 25.7359861], [-80.226423, 25.7359838], [-80.2263854, 25.7360022], [-80.2263738, 25.7360206], [-80.2263708999999, 25.7360442], [-80.2263911, 25.7360887], [-80.2269024, 25.7369241], [-80.226914, 25.7369713000001], [-80.2269024, 25.7370001], [-80.2268851, 25.7370159], [-80.2268619, 25.7370212], [-80.2268215, 25.737016], [-80.226781, 25.736982], [-80.2267146, 25.7368877], [-80.226677, 25.7368458], [-80.2266539, 25.7368327], [-80.226625, 25.7368092], [-80.2266048, 25.7367751], [-80.2265875, 25.7367175], [-80.2265297, 25.7366311]]}, "properties": {"project": "FL3502", "date": "19350123", "kind": "Man-made", "source": "T05628"}}, {"type": "Feature", "geometry": {"type": "LineString", "coordinates": [[-80.2276713, 25.7359713], [-80.2276482, 25.7360369], [-80.2276164, 25.736071], [-80.2275875, 25.7360763], [-80.2275297, 25.7360685], [-80.2274603, 25.7360346], [-80.2273968, 25.7360085], [-80.2273506, 25.7359797]]}, "properties": {"project": "FL3502", "date": "19350123", "kind": "Natural.Apparent.Marsh Or Swamp", "source": "T05628"}}, {"type": "Feature", "geometry": {"type": "LineString", "coordinates": [[-80.2273506, 25.7359797], [-80.227261, 25.7359562], [-80.2271656, 25.7359564], [-80.2270991, 25.7359775], [-80.2270818, 25.7360066]]}, "properties": {"project": "FL3502", "date": "19350123", "kind": "Natural.Mean High Water", "source": "T05628"}}, {"type": "Feature", "geometry": {"type": "LineString", "coordinates": [[-80.2282652, 25.7357803], [-80.2282002, 25.7358106], [-80.228177, 25.7358395], [-80.2281741, 25.7358683], [-80.2282088, 25.735939], [-80.2283099, 25.7361171], [-80.2283157, 25.7361538], [-80.228307, 25.7361879], [-80.2282839, 25.7361984], [-80.2282434, 25.7361985], [-80.2281914, 25.7361645], [-80.228099, 25.73601], [-80.2280354, 25.7359131], [-80.2280036, 25.7358922], [-80.2279545, 25.7358844], [-80.2279112, 25.7358608], [-80.2278736, 25.7358321], [-80.2278361, 25.735819], [-80.2277754, 25.7358191], [-80.2277176, 25.7358428], [-80.2276887, 25.7358822], [-80.2276859, 25.7358898], [-80.2276742, 25.7359215], [-80.2276713, 25.7359713]]}, "properties": {"project": "FL3502", "date": "19350123", "kind": "Natural.Mean High Water", "source": "T05628"}}, {"type": "Feature", "geometry": {"type": "LineString", "coordinates": [[-80.2265297, 25.7366311], [-80.2262004, 25.7360759], [-80.2261658, 25.7360156], [-80.2261427, 25.7359921], [-80.2261138, 25.7359816], [-80.2260646, 25.7359896], [-80.2260011, 25.7359897], [-80.2259202, 25.7359662], [-80.2258392, 25.7359428], [-80.2257872, 25.7359428], [-80.2257526, 25.7359481], [-80.2257092, 25.7359508], [-80.2256601, 25.735943], [-80.2255879, 25.7359117], [-80.2254405, 25.7358202], [-80.2253249, 25.7357443], [-80.2252498, 25.7356684], [-80.2252296, 25.7356423], [-80.2252065, 25.7356318], [-80.2251429, 25.7356188], [-80.225088, 25.7356163], [-80.2250331, 25.7356242], [-80.2249406, 25.7356742], [-80.2248799, 25.7357083], [-80.2248192, 25.7357268], [-80.2247848, 25.7357253], [-80.2247614, 25.7357243]]}, "properties": {"project": "FL3502", "date": "19350123", "kind": "Natural.Apparent.Marsh Or Swamp", "source": "T05628"}}, {"type": "Feature", "geometry": {"type": "LineString", "coordinates": [[-80.2247614, 25.7357243], [-80.2247037, 25.7357139], [-80.224669, 25.7356877], [-80.2245794, 25.7355279], [-80.2245361, 25.7354703], [-80.2245072, 25.7354573], [-80.2244697, 25.7354573], [-80.2244032, 25.7354758], [-80.2242096, 25.7355705], [-80.223513, 25.7359307], [-80.2223166, 25.7365118], [-80.2216547, 25.7368301], [-80.2214987, 25.7369142], [-80.2213195, 25.737035], [-80.2210622, 25.7372556], [-80.2207905, 25.7375234], [-80.2205968, 25.7377885], [-80.2203887, 25.7381243], [-80.2203453, 25.7382161], [-80.2203408, 25.7382624]]}, "properties": {"project": "FL3502", "date": "19350123", "kind": "Natural.Mean High Water", "source": "T05628"}}, {"type": "Feature", "geometry": {"type": "LineString", "coordinates": [[-80.2291744, 25.7350588], [-80.2291857, 25.7351065], [-80.2291799, 25.7351668], [-80.2291597, 25.7352271], [-80.2291163, 25.7352691], [-80.2290238, 25.7353479], [-80.22894, 25.7354241], [-80.2288562, 25.7355081], [-80.2287724, 25.735579], [-80.2287348, 25.7356079], [-80.2286943, 25.7356132], [-80.2286394, 25.7356264], [-80.228547, 25.7356475], [-80.2284603, 25.735687], [-80.2283244, 25.7357527], [-80.2282652, 25.7357803]]}, "properties": {"project": "FL3502", "date": "19350123", "kind": "Natural.Apparent.Marsh Or Swamp", "source": "T05628"}}, {"type": "Feature", "geometry": {"type": "LineString", "coordinates": [[-80.2296135, 25.7346235], [-80.2296, 25.7346333], [-80.2295701, 25.734655], [-80.2295268, 25.7346629], [-80.2294863, 25.7346551], [-80.2294228, 25.7345897], [-80.2293216, 25.7344745], [-80.2292985, 25.7344588], [-80.2292725, 25.7344615], [-80.2292378, 25.7344773], [-80.2291338, 25.7345613], [-80.2290413, 25.7346349], [-80.2289777, 25.7346769], [-80.2289373, 25.7347163], [-80.2289199, 25.7347478], [-80.2289199, 25.7347714], [-80.2289373, 25.7347976], [-80.2290759, 25.734897], [-80.2291279, 25.7349493], [-80.2291684, 25.7350331], [-80.2291744, 25.7350588]]}, "properties": {"project": "FL3502", "date": "19350123", "kind": "Natural.Mean High Water", "source": "T05628"}}, {"type": "Feature", "geometry": {"type": "LineString", "coordinates": [[-80.2183416, 25.7372531], [-80.2182135, 25.7373255], [-80.2181269, 25.7373476], [-80.2180092, 25.7373509], [-80.2177981, 25.7373544], [-80.2176735, 25.7373452], [-80.2175731, 25.7373171], [-80.2174104, 25.7372482], [-80.2172339, 25.7371543], [-80.2171197, 25.7370383], [-80.2169709, 25.7368564], [-80.2168464, 25.7366587], [-80.2168049, 25.7365363], [-80.2167911, 25.736417], [-80.2167911, 25.7362757], [-80.2168223, 25.736194], [-80.2169054, 25.7360463], [-80.2170405, 25.735864], [-80.2172101, 25.7356911], [-80.2176429, 25.7352728], [-80.2181381, 25.7347994], [-80.2185224, 25.7344409], [-80.2186851, 25.7342915], [-80.2188271, 25.7342034], [-80.2189829, 25.7341152], [-80.2190764, 25.7340491], [-80.2191594, 25.734005], [-80.2192391, 25.7339861], [-80.2193533, 25.7339828], [-80.2195056, 25.733981], [-80.2195817, 25.7339934], [-80.2197202, 25.7340497], [-80.2198482, 25.7341312], [-80.219952, 25.7342032], [-80.2200732, 25.7342752], [-80.2202566, 25.7344288], [-80.2203465, 25.7345606], [-80.2204434, 25.7347206], [-80.2204675999999, 25.7347896], [-80.2204814, 25.7349183], [-80.2204745, 25.7350848], [-80.2204641, 25.7352041], [-80.2204398, 25.7352669], [-80.2203082, 25.7354854], [-80.220142, 25.7356646], [-80.2198823, 25.7359005], [-80.21964, 25.7361207], [-80.2193803, 25.7363629], [-80.2186912, 25.7370123], [-80.218577, 25.7371161], [-80.218532, 25.7371413], [-80.2184558, 25.7371823], [-80.2183416, 25.7372531]]}, "properties": {"project": "FL3502", "date": "19350123", "kind": "Natural.Mean High Water", "source": "T05628"}}, {"type": "Feature", "geometry": {"type": "LineString", "coordinates": [[-80.2301917, 25.7334062], [-80.2301916, 25.7335032], [-80.230183, 25.7335452], [-80.2301685, 25.7335714], [-80.2301454, 25.7335793], [-80.2300963, 25.7336004], [-80.2300558, 25.7336319], [-80.2300385, 25.7336608], [-80.2300153, 25.7337001], [-80.2299893, 25.7337211], [-80.2299517, 25.7337422], [-80.2299228, 25.7337632], [-80.2299113, 25.7337815], [-80.2298997, 25.7338183], [-80.2298795, 25.7339913], [-80.2298592, 25.7341145], [-80.2298332, 25.7342168], [-80.2297869, 25.7343375], [-80.2297349, 25.7344083], [-80.2296712999999, 25.7344792], [-80.2296539, 25.734529], [-80.2296424, 25.7345789], [-80.2296135, 25.7346235]]}, "properties": {"project": "FL3502", "date": "19350123", "kind": "Natural.Apparent.Marsh Or Swamp", "source": "T05628"}}, {"type": "Feature", "geometry": {"type": "LineString", "coordinates": [[-80.2341723, 25.7274913], [-80.2341236, 25.7274493]]}, "properties": {"project": "FL3502", "date": "19350123", "kind": "Shoreline/Alongshore Feature Boundary", "source": "T05628"}}, {"type": "Feature", "geometry": {"type": "LineString", "coordinates": [[-80.2341723, 25.7274913], [-80.2342494, 25.7274031], [-80.2342206, 25.7273639], [-80.2341236, 25.7274493]]}, "properties": {"project": "FL3502", "date": "19350123", "kind": "Pier", "source": "T05628"}}, {"type": "Feature", "geometry": {"type": "LineString", "coordinates": [[-80.2382935, 25.727352], [-80.238269, 25.7273823], [-80.2382141, 25.7274636], [-80.2381361, 25.7275345], [-80.2380234, 25.7275976], [-80.2379136, 25.7276293], [-80.237904, 25.7276307]]}, "properties": {"project": "FL3502", "date": "19350123", "kind": "Natural.Mean High Water", "source": "T05628"}}, {"type": "Feature", "geometry": {"type": "LineString", "coordinates": [[-80.2383423, 25.7273095], [-80.2383141, 25.7273317], [-80.2383008, 25.7273429], [-80.2382935, 25.727352]]}, "properties": {"project": "FL3502", "date": "19350123", "kind": "Shoreline/Alongshore Feature Boundary", "source": "T05628"}}, {"type": "Feature", "geometry": {"type": "LineString", "coordinates": [[-80.2341236, 25.7274493], [-80.2339232, 25.7272767], [-80.2338712, 25.7272453], [-80.2338221, 25.7272375], [-80.233773, 25.7272481], [-80.2336516, 25.7272955], [-80.2334378, 25.7274321], [-80.2332846, 25.7275635], [-80.2331025, 25.7277997], [-80.2330216, 25.7279151], [-80.2330072, 25.7279597], [-80.2330043, 25.7279912], [-80.2330129, 25.7280253], [-80.2330505, 25.7280671], [-80.2332557, 25.728236]]}, "properties": {"project": "FL3502", "date": "19350123", "kind": "Man-made", "source": "T05628"}}, {"type": "Feature", "geometry": {"type": "LineString", "coordinates": [[-80.2383423, 25.7273095], [-80.2382255, 25.7271777], [-80.2381687, 25.7272143], [-80.2382935, 25.727352]]}, "properties": {"project": "FL3502", "date": "19350123", "kind": "Pier", "source": "T05628"}}, {"type": "Feature", "geometry": {"type": "LineString", "coordinates": [[-80.2008209, 25.7493408], [-80.2008538, 25.74931]]}, "properties": {"project": "FL3502", "date": "19350123", "kind": "Pier", "source": "T05628"}}, {"type": "Feature", "geometry": {"type": "LineString", "coordinates": [[-80.2010208, 25.7492232], [-80.2009372, 25.7492904], [-80.2010116, 25.7493788]]}, "properties": {"project": "FL3502", "date": "19350123", "kind": "Pier", "source": "T05628"}}, {"type": "Feature", "geometry": {"type": "LineString", "coordinates": [[-80.2049542, 25.7474772], [-80.2049246, 25.7474871], [-80.2047396, 25.7475555], [-80.2045171, 25.7476476000001], [-80.204228, 25.7477686], [-80.2036615, 25.7480027], [-80.2033955, 25.7481184], [-80.2031007, 25.7482525], [-80.202777, 25.7483945], [-80.2020659, 25.7487153], [-80.2019011, 25.7487916], [-80.2018289, 25.7488362], [-80.2017826, 25.7488809], [-80.2017537, 25.7489019], [-80.2017132, 25.7489124], [-80.2016438, 25.748944], [-80.2015456, 25.7490096], [-80.201349, 25.7491462], [-80.2010397, 25.749359], [-80.2010116, 25.7493788]]}, "properties": {"project": "FL3502", "date": "19350123", "kind": "Natural.Mean High Water", "source": "T05628"}}, {"type": "Feature", "geometry": {"type": "LineString", "coordinates": [[-80.2111431, 25.741667], [-80.211143, 25.741774], [-80.2111603, 25.7418474], [-80.2111863, 25.7418972], [-80.2112643, 25.7419469], [-80.2113683, 25.7420306], [-80.2113943, 25.7420673], [-80.2114059, 25.7421406]]}, "properties": {"project": "FL3502", "date": "19350123", "kind": "Natural.Apparent.Marsh Or Swamp", "source": "T05628"}}, {"type": "Feature", "geometry": {"type": "LineString", "coordinates": [[-80.2110852, 25.7419471], [-80.2110739, 25.7419041], [-80.2110707, 25.7418921], [-80.2110592, 25.7417637], [-80.211065, 25.7416641], [-80.2110766, 25.7415985], [-80.2110911, 25.7415775], [-80.2111026, 25.7415696], [-80.21112, 25.7415696], [-80.2111373, 25.7415801], [-80.2111431, 25.7416089], [-80.2111431, 25.741667]]}, "properties": {"project": "FL3502", "date": "19350123", "kind": "Natural.Mean High Water", "source": "T05628"}}, {"type": "Feature", "geometry": {"type": "LineString", "coordinates": [[-80.2149477, 25.7413338], [-80.2149021, 25.7412874], [-80.2148748, 25.7412688], [-80.2148474, 25.7412616], [-80.2148201, 25.7412617], [-80.2148041, 25.7412689], [-80.2147892999999, 25.7412834], [-80.2147824, 25.7413082], [-80.2147801, 25.7413713], [-80.2147892, 25.7414054], [-80.2148052, 25.741424], [-80.2148143, 25.7414292], [-80.2148314, 25.7414302], [-80.2148702, 25.7414219], [-80.214918, 25.7414228], [-80.2149443, 25.7414311], [-80.2149921, 25.7414651], [-80.2150411, 25.7415198], [-80.2150594, 25.7415395], [-80.215073, 25.7415436], [-80.2150856, 25.7415404], [-80.215097, 25.7415291], [-80.2151004, 25.7415135], [-80.2150958, 25.741497], [-80.2150856, 25.7414763], [-80.2150594, 25.7414278], [-80.215032, 25.7413937], [-80.2149853, 25.7413607], [-80.2149477, 25.7413338]]}, "properties": {"project": "FL3502", "date": "19350123", "kind": "Natural.Mean High Water", "source": "T05628"}}, {"type": "Feature", "geometry": {"type": "LineString", "coordinates": [[-80.232903, 25.7320042], [-80.2328644, 25.7320408], [-80.2328268, 25.7320625], [-80.2327975, 25.7320742]]}, "properties": {"project": "FL3502", "date": "19350123", "kind": "Natural.Mean High Water", "source": "T05628"}}, {"type": "Feature", "geometry": {"type": "LineString", "coordinates": [[-80.2343794, 25.7276697], [-80.23446, 25.7275677], [-80.2344225, 25.7275233], [-80.2343233, 25.7276214]]}, "properties": {"project": "FL3502", "date": "19350123", "kind": "Pier", "source": "T05628"}}, {"type": "Feature", "geometry": {"type": "LineString", "coordinates": [[-80.2343233, 25.7276214], [-80.2341723, 25.7274913]]}, "properties": {"project": "FL3502", "date": "19350123", "kind": "Man-made", "source": "T05628"}}, {"type": "Feature", "geometry": {"type": "LineString", "coordinates": [[-80.2007846, 25.749375], [-80.2008209, 25.7493408]]}, "properties": {"project": "FL3502", "date": "19350123", "kind": "Pier", "source": "T05628"}}, {"type": "Feature", "geometry": {"type": "LineString", "coordinates": [[-80.2008209, 25.7493408], [-80.2009399, 25.7494445]]}, "properties": {"project": "FL3502", "date": "19350123", "kind": "Pier", "source": "T05628"}}, {"type": "Feature", "geometry": {"type": "LineString", "coordinates": [[-80.2110886, 25.741204], [-80.2110739, 25.7412184], [-80.2110478, 25.7412656], [-80.211042, 25.7413181], [-80.2110449, 25.7413888], [-80.211068, 25.7414622], [-80.2110767, 25.7415015], [-80.2110622, 25.741533], [-80.2110275, 25.7415383], [-80.2109957, 25.7415514], [-80.210961, 25.7415882], [-80.2108887, 25.7417849], [-80.2108511, 25.7420025], [-80.2108481, 25.7420838], [-80.2108597, 25.7421283], [-80.210955, 25.742254], [-80.2110157, 25.7423719], [-80.2110358, 25.7424689], [-80.2110416, 25.7425658], [-80.2110531, 25.7426392], [-80.2110618, 25.7426628], [-80.2110762, 25.7426733], [-80.2110936, 25.7426759], [-80.2111138, 25.7426627], [-80.2112324, 25.7424345], [-80.2112619, 25.7423615], [-80.2112844, 25.742306], [-80.2113018, 25.7422299]]}, "properties": {"project": "FL3502", "date": "19350123", "kind": "Natural.Mean High Water", "source": "T05628"}}, {"type": "Feature", "geometry": {"type": "LineString", "coordinates": [[-80.2325535, 25.7320843], [-80.2325416, 25.7320847], [-80.2324972, 25.732094], [-80.232446, 25.7321019], [-80.232405, 25.7321035000001], [-80.2323726, 25.7320989], [-80.2323385, 25.7320905]]}, "properties": {"project": "FL3502", "date": "19350123", "kind": "Natural.Mean High Water", "source": "T05628"}}, {"type": "Feature", "geometry": {"type": "LineString", "coordinates": [[-80.2326243, 25.7320863], [-80.2325911, 25.732083], [-80.2325535, 25.7320843]]}, "properties": {"project": "FL3502", "date": "19350123", "kind": "Shoreline/Alongshore Feature Boundary", "source": "T05628"}}, {"type": "Feature", "geometry": {"type": "LineString", "coordinates": [[-80.2327975, 25.7320742], [-80.2327722, 25.7320843], [-80.232709, 25.7320952], [-80.232668, 25.7320907], [-80.2326243, 25.7320863]]}, "properties": {"project": "FL3502", "date": "19350123", "kind": "Natural.Mean High Water", "source": "T05628"}}, {"type": "Feature", "geometry": {"type": "LineString", "coordinates": [[-80.2329555, 25.7319666], [-80.2329378, 25.7319771], [-80.232903, 25.7320042]]}, "properties": {"project": "FL3502", "date": "19350123", "kind": "Shoreline/Alongshore Feature Boundary", "source": "T05628"}}, {"type": "Feature", "geometry": {"type": "LineString", "coordinates": [[-80.2326339, 25.7318862], [-80.2327975, 25.7320742]]}, "properties": {"project": "FL3502", "date": "19350123", "kind": "Pier", "source": "T05628"}}, {"type": "Feature", "geometry": {"type": "LineString", "coordinates": [[-80.2313703, 25.7317968], [-80.2312236, 25.7318842], [-80.2310356999999, 25.7320129], [-80.2309952, 25.7320497], [-80.2309866, 25.7320785], [-80.2309866, 25.7321048], [-80.231001, 25.7321336], [-80.2310848, 25.7322016], [-80.2311455, 25.7322356], [-80.231209, 25.7322591], [-80.231261, 25.7323009], [-80.2312755, 25.7323297], [-80.2312755, 25.7323533], [-80.2312639, 25.7323717], [-80.2312263, 25.7324006], [-80.2312032, 25.7324059], [-80.2311743, 25.7323954], [-80.2311108, 25.7323352], [-80.2309865, 25.7321991], [-80.2309432, 25.7321677], [-80.2309028, 25.7321599], [-80.2308652, 25.7321679], [-80.2308161, 25.732202], [-80.2306311, 25.732357], [-80.230475, 25.73247], [-80.2304375, 25.7324805], [-80.2303826, 25.7324858], [-80.2303333999999, 25.7324938], [-80.230319, 25.7325148], [-80.2303219, 25.7325436], [-80.2305877, 25.7328263], [-80.2306252, 25.7328734], [-80.2306368, 25.7328996], [-80.230631, 25.732918], [-80.2306107, 25.7329337], [-80.230579, 25.7329338], [-80.2305501, 25.7329102], [-80.2303132, 25.7326511], [-80.2302352, 25.7325621], [-80.2302063, 25.7325516], [-80.2301774, 25.7325517], [-80.2300994, 25.732578], [-80.2297179, 25.732749], [-80.2297006, 25.73277], [-80.2296977, 25.7327884], [-80.2297063, 25.7328172], [-80.229767, 25.7328905], [-80.2301686, 25.7333145], [-80.230175, 25.733334], [-80.2301917, 25.7334062]]}, "properties": {"project": "FL3502", "date": "19350123", "kind": "Man-made", "source": "T05628"}}, {"type": "Feature", "geometry": {"type": "LineString", "coordinates": [[-80.231965, 25.7317915], [-80.2319201, 25.7317975], [-80.2318876, 25.7318162], [-80.2318791, 25.7318317], [-80.2318789, 25.7318563]]}, "properties": {"project": "FL3502", "date": "19350123", "kind": "Natural.Mean High Water", "source": "T05628"}}, {"type": "Feature", "geometry": {"type": "LineString", "coordinates": [[-80.2323385, 25.7320905], [-80.231965, 25.7317915]]}, "properties": {"project": "FL3502", "date": "19350123", "kind": "Shoreline/Alongshore Feature Boundary", "source": "T05628"}}, {"type": "Feature", "geometry": {"type": "LineString", "coordinates": [[-80.231477, 25.731749], [-80.2314634, 25.7317501], [-80.2313912, 25.7317843], [-80.2313703, 25.7317968]]}, "properties": {"project": "FL3502", "date": "19350123", "kind": "Shoreline/Alongshore Feature Boundary", "source": "T05628"}}, {"type": "Feature", "geometry": {"type": "LineString", "coordinates": [[-80.2318789, 25.7318563], [-80.231874, 25.7318875], [-80.231862, 25.7319107], [-80.2318432, 25.73192], [-80.2318313, 25.731917], [-80.2318039, 25.7318907], [-80.2317783, 25.7318613], [-80.2317596, 25.731852], [-80.2317425, 25.731852], [-80.2317169, 25.7318536], [-80.2316964, 25.7318521], [-80.231681, 25.7318459], [-80.2316673, 25.7318289], [-80.2316486, 25.7318228], [-80.2316298, 25.7318228], [-80.2316076, 25.7318197], [-80.2315717, 25.7317981], [-80.231529, 25.7317563], [-80.2315154, 25.7317502], [-80.2314966, 25.7317486], [-80.231477, 25.731749]]}, "properties": {"project": "FL3502", "date": "19350123", "kind": "Natural.Mean High Water", "source": "T05628"}}, {"type": "Feature", "geometry": {"type": "LineString", "coordinates": [[-80.231477, 25.731749], [-80.2314212, 25.7316771], [-80.231325, 25.7317301], [-80.2313703, 25.7317968]]}, "properties": {"project": "FL3502", "date": "19350123", "kind": "Pier", "source": "T05628"}}, {"type": "Feature", "geometry": {"type": "LineString", "coordinates": [[-80.2318789, 25.7318563], [-80.2316486, 25.7316369]]}, "properties": {"project": "FL3502", "date": "19350123", "kind": "Pier", "source": "T05628"}}, {"type": "Feature", "geometry": {"type": "LineString", "coordinates": [[-80.2323385, 25.7320905], [-80.2319013, 25.7316318], [-80.2318552, 25.7316675], [-80.231965, 25.7317915]]}, "properties": {"project": "FL3502", "date": "19350123", "kind": "Pier", "source": "T05628"}}, {"type": "Feature", "geometry": {"type": "LineString", "coordinates": [[-80.2326243, 25.7320863], [-80.2320755, 25.7315122], [-80.2320431, 25.7315417], [-80.2325535, 25.7320843]]}, "properties": {"project": "FL3502", "date": "19350123", "kind": "Pier", "source": "T05628"}}, {"type": "Feature", "geometry": {"type": "LineString", "coordinates": [[-80.2329555, 25.7319666], [-80.2323761, 25.7313816], [-80.2323368, 25.7314158], [-80.232903, 25.7320042]]}, "properties": {"project": "FL3502", "date": "19350123", "kind": "Pier", "source": "T05628"}}, {"type": "Feature", "geometry": {"type": "LineString", "coordinates": [[-80.2332378, 25.7313639], [-80.2332435, 25.7313933], [-80.2332406, 25.7314667], [-80.2331914, 25.7316634], [-80.2331538, 25.7317946], [-80.2331365, 25.7318444], [-80.2331076, 25.7318759], [-80.2330556, 25.7319101000001], [-80.233048, 25.7319137], [-80.2329822, 25.7319507], [-80.2329555, 25.7319666]]}, "properties": {"project": "FL3502", "date": "19350123", "kind": "Natural.Mean High Water", "source": "T05628"}}, {"type": "Feature", "geometry": {"type": "LineString", "coordinates": [[-80.2049038, 25.7473859], [-80.2049542, 25.7474772]]}, "properties": {"project": "FL3502", "date": "19350123", "kind": "Pier", "source": "T05628"}}, {"type": "Feature", "geometry": {"type": "LineString", "coordinates": [[-80.2083789, 25.7459918], [-80.2082689, 25.7460484], [-80.2081214, 25.746122], [-80.2076069, 25.7463744], [-80.2074277, 25.7464376], [-80.2071676, 25.7465166], [-80.206974, 25.7465693], [-80.2068294, 25.7466324], [-80.2066705, 25.746727], [-80.2065953, 25.7467874], [-80.2065519, 25.7468504], [-80.2065028, 25.7469134], [-80.2064478, 25.7469502], [-80.2063496, 25.7470001], [-80.206205, 25.7470632], [-80.2061068, 25.747087], [-80.2060201, 25.7471081], [-80.2058784, 25.7471633], [-80.2056588, 25.7472318], [-80.2055836, 25.7472581], [-80.2055431, 25.7472817], [-80.2054969, 25.7473238], [-80.2054709, 25.7473395], [-80.205416, 25.7473448], [-80.2052888, 25.7473503000001], [-80.2052599, 25.7473582], [-80.205153, 25.7473976], [-80.2050344, 25.7474502], [-80.2049542, 25.7474772]]}, "properties": {"project": "FL3502", "date": "19350123", "kind": "Natural.Mean High Water", "source": "T05628"}}, {"type": "Feature", "geometry": {"type": "LineString", "coordinates": [[-80.208314, 25.745874], [-80.2083789, 25.7459918]]}, "properties": {"project": "FL3502", "date": "19350123", "kind": "Pier", "source": "T05628"}}, {"type": "Feature", "geometry": {"type": "LineString", "coordinates": [[-80.2096313, 25.7445085], [-80.2096277, 25.7445182], [-80.2096335, 25.7445418], [-80.2096537, 25.7445784], [-80.2096566, 25.7446047], [-80.2096479, 25.744623], [-80.2096277, 25.7446309], [-80.2095207, 25.7446258], [-80.2094398, 25.7446286], [-80.2094109, 25.7446365], [-80.2093936, 25.7446575], [-80.2093791, 25.7447178], [-80.2093704, 25.7448567], [-80.2093588, 25.7449118], [-80.2093067, 25.7450141], [-80.2091593, 25.7452397], [-80.2091101, 25.7453735], [-80.209084, 25.7454574], [-80.2090725, 25.7454837], [-80.2090436, 25.7455099], [-80.2089915, 25.7455598], [-80.2089337, 25.7456411], [-80.2088643, 25.7457356], [-80.2088267, 25.7457645], [-80.2087805, 25.7457777], [-80.2086764, 25.7458198], [-80.2085637, 25.7458881], [-80.2084654, 25.7459511], [-80.2083789, 25.7459918]]}, "properties": {"project": "FL3502", "date": "19350123", "kind": "Natural.Mean High Water", "source": "T05628"}}, {"type": "Feature", "geometry": {"type": "LineString", "coordinates": [[-80.2097021, 25.7444532], [-80.2096595, 25.744471], [-80.2096364, 25.7444946], [-80.2096313, 25.7445085]]}, "properties": {"project": "FL3502", "date": "19350123", "kind": "Shoreline/Alongshore Feature Boundary", "source": "T05628"}}, {"type": "Feature", "geometry": {"type": "LineString", "coordinates": [[-80.2096313, 25.7445085], [-80.2095857, 25.744455], [-80.2095143, 25.7445118], [-80.2094445, 25.7444393], [-80.2096229, 25.7443147], [-80.2096798, 25.7443803], [-80.209656, 25.7443992], [-80.2097021, 25.7444532]]}, "properties": {"project": "FL3502", "date": "19350123", "kind": "Pier", "source": "T05628"}}, {"type": "Feature", "geometry": {"type": "LineString", "coordinates": [[-80.2101737, 25.7440536], [-80.2102460999999, 25.7439902], [-80.2102616, 25.7439667], [-80.2102616, 25.7439409], [-80.2102460999999, 25.7439222], [-80.2102151, 25.7439128], [-80.2101815, 25.7439176], [-80.210122, 25.7439528], [-80.2100806, 25.743974], [-80.2100444, 25.7439834], [-80.210016, 25.7439952], [-80.2099643, 25.7440328], [-80.2099281, 25.7440798], [-80.2098764, 25.7441267], [-80.2098582, 25.7441596], [-80.2098505, 25.7441831], [-80.2098505, 25.7441995], [-80.2098582, 25.7442112], [-80.2098815, 25.7442182], [-80.209928, 25.7442158], [-80.2099616, 25.744204], [-80.210034, 25.7441711], [-80.2101064, 25.7441147], [-80.2101737, 25.7440536]]}, "properties": {"project": "FL3502", "date": "19350123", "kind": "Natural.Mean High Water", "source": "T05628"}}, {"type": "Feature", "geometry": {"type": "LineString", "coordinates": [[-80.2105128, 25.7436756], [-80.2104241, 25.743759], [-80.210472, 25.7438324]]}, "properties": {"project": "FL3502", "date": "19350123", "kind": "Pier", "source": "T05628"}}, {"type": "Feature", "geometry": {"type": "LineString", "coordinates": [[-80.212755, 25.743562], [-80.2125772, 25.7434666], [-80.2125316, 25.7434467], [-80.2124939, 25.7434396], [-80.2124592, 25.7434382], [-80.2124199, 25.7434454], [-80.2124026, 25.7434597], [-80.2123916, 25.7434783], [-80.2123884, 25.7435111], [-80.2124009, 25.743621], [-80.2124214, 25.7436995], [-80.2124465, 25.7437366], [-80.212467, 25.7437536], [-80.2124859, 25.7437593], [-80.2125, 25.7437579], [-80.212541, 25.7437393], [-80.2126433, 25.7436949], [-80.2127424, 25.7436562], [-80.2127786, 25.7436447], [-80.2127928, 25.7436347], [-80.2127975, 25.7436218], [-80.2127944, 25.7436033], [-80.2127802, 25.7435848], [-80.212755, 25.743562]]}, "properties": {"project": "FL3502", "date": "19350123", "kind": "Natural.Mean High Water", "source": "T05628"}}, {"type": "Feature", "geometry": {"type": "LineString", "coordinates": [[-80.2105128, 25.7436756], [-80.2105106, 25.7437034], [-80.2105238, 25.7437328], [-80.2105668, 25.7437379], [-80.2105993, 25.7437137], [-80.2106265, 25.7436724], [-80.2106565, 25.7436043], [-80.2106705, 25.7435312], [-80.2106924, 25.7434704], [-80.2107088, 25.743434], [-80.2107439, 25.7434098], [-80.2107737, 25.7433929], [-80.2107873, 25.7433588], [-80.2107903, 25.7433223], [-80.2107717, 25.7432856], [-80.2107397, 25.743244], [-80.2106807, 25.7432047]]}, "properties": {"project": "FL3502", "date": "19350123", "kind": "Natural.Mean High Water", "source": "T05628"}}, {"type": "Feature", "geometry": {"type": "LineString", "coordinates": [[-80.2130187, 25.7430902], [-80.2129805, 25.7430925], [-80.21294, 25.7431214], [-80.212927, 25.7431417]]}, "properties": {"project": "FL3502", "date": "19350123", "kind": "Shoreline/Alongshore Feature Boundary", "source": "T05628"}}, {"type": "Feature", "geometry": {"type": "LineString", "coordinates": [[-80.2137779, 25.7433072], [-80.2136588, 25.7433843], [-80.2136336, 25.7433947], [-80.213597, 25.7433989], [-80.2135558, 25.7433886], [-80.2135123, 25.743345], [-80.2134734, 25.7432786], [-80.2134688, 25.7432475], [-80.2134803, 25.7432225], [-80.2135307, 25.7431519], [-80.2135811, 25.743077], [-80.2136154, 25.7430479], [-80.2136452, 25.7430354], [-80.2136841, 25.7430374], [-80.2137253, 25.7430623], [-80.2137734, 25.7430954], [-80.2138008, 25.7431058], [-80.2138421, 25.7431078], [-80.2139245, 25.7431035], [-80.2139794, 25.7431117], [-80.214, 25.7431262], [-80.2140046, 25.7431512], [-80.2139977, 25.7431719], [-80.2139863, 25.7432052], [-80.2139908, 25.7432446], [-80.2140045, 25.7432591], [-80.2140435, 25.7432715], [-80.2140709, 25.7432798], [-80.2140755, 25.7432985], [-80.2140709, 25.7433151], [-80.2140366, 25.7433401], [-80.2139976, 25.7433713], [-80.213977, 25.7433734], [-80.2139541, 25.7433651], [-80.213929, 25.7433402], [-80.2139244, 25.7433195], [-80.2139198, 25.7432697], [-80.2139176, 25.7432302], [-80.2139038, 25.7432178], [-80.2138878, 25.7432157], [-80.2138649, 25.7432261], [-80.2138145, 25.743274], [-80.2137779, 25.7433072]]}, "properties": {"project": "FL3502", "date": "19350123", "kind": "Natural.Mean High Water", "source": "T05628"}}, {"type": "Feature", "geometry": {"type": "LineString", "coordinates": [[-80.2126691, 25.7428687], [-80.212927, 25.7431417]]}, "properties": {"project": "FL3502", "date": "19350123", "kind": "Undetermined Alongshore Feature", "source": "T05628"}}, {"type": "Feature", "geometry": {"type": "LineString", "coordinates": [[-80.2126691, 25.7428687], [-80.2127003, 25.7428727], [-80.2127378, 25.7428543], [-80.2127638, 25.7428359], [-80.212774, 25.7428221]]}, "properties": {"project": "FL3502", "date": "19350123", "kind": "Shoreline/Alongshore Feature Boundary", "source": "T05628"}}, {"type": "Feature", "geometry": {"type": "LineString", "coordinates": [[-80.2130187, 25.7430902], [-80.212774, 25.7428221]]}, "properties": {"project": "FL3502", "date": "19350123", "kind": "Undetermined Alongshore Feature", "source": "T05628"}}, {"type": "Feature", "geometry": {"type": "LineString", "coordinates": [[-80.2110031, 25.7411267], [-80.210771, 25.7413651], [-80.2106113, 25.7412442], [-80.2108324, 25.7409878], [-80.2110031, 25.7411267]]}, "properties": {"project": "FL3502", "date": "19350123", "kind": "Pier", "source": "T05628"}}, {"type": "Feature", "geometry": {"type": "LineString", "coordinates": [[-80.212774, 25.7428221], [-80.2127783, 25.742794], [-80.2127639, 25.7427651], [-80.2127061, 25.7426761], [-80.2126628, 25.7425897], [-80.2126368, 25.7425294], [-80.2126195, 25.7424901], [-80.2126108, 25.7424508], [-80.2126137, 25.7424324], [-80.2126253, 25.7424115], [-80.2126773, 25.742359], [-80.2126947, 25.7423196], [-80.2127034, 25.7422724], [-80.2126976, 25.7422331], [-80.2126803, 25.7422017], [-80.2126572, 25.7421781], [-80.2126427, 25.7421493], [-80.2126427, 25.7421205], [-80.2126485, 25.7420942], [-80.2126456, 25.742068], [-80.2126283, 25.7420418], [-80.2125792, 25.7420157], [-80.2125214, 25.7419791], [-80.2124607, 25.7419189], [-80.2124087, 25.7418508], [-80.2123544, 25.7417937], [-80.2122883, 25.7417487], [-80.2122242, 25.7417089], [-80.212124, 25.7416655], [-80.2120446, 25.7416376], [-80.2119728, 25.7416149], [-80.2119351, 25.7415769], [-80.2119053, 25.7415098], [-80.2119019, 25.741448], [-80.2119211999999, 25.7413915], [-80.2119479, 25.7413573], [-80.2119784, 25.7413403], [-80.2120032, 25.741313], [-80.2120091, 25.7412753], [-80.211998, 25.7412443], [-80.2119544, 25.7412338], [-80.2119241, 25.7412457], [-80.2118784, 25.7412729], [-80.2117813999999, 25.7413255], [-80.2117053, 25.7413732], [-80.2116446, 25.7413849], [-80.2116049, 25.7413623], [-80.2115428, 25.7413037], [-80.2114883, 25.7412416], [-80.2114204, 25.741188], [-80.21136, 25.7411577], [-80.211308, 25.741142], [-80.2112502, 25.7411369], [-80.2112068, 25.7411474], [-80.2111115, 25.7411817], [-80.2110886, 25.741204]]}, "properties": {"project": "FL3502", "date": "19350123", "kind": "Natural.Mean High Water", "source": "T05628"}}, {"type": "Feature", "geometry": {"type": "LineString", "coordinates": [[-80.2110031, 25.7411267], [-80.2110886, 25.741204]]}, "properties": {"project": "FL3502", "date": "19350123", "kind": "Pier", "source": "T05628"}}, {"type": "Feature", "geometry": {"type": "LineString", "coordinates": [[-80.2121094, 25.7415847], [-80.2120849, 25.7415606], [-80.2120795, 25.7415245], [-80.2120683, 25.7414901], [-80.2120362, 25.7414762], [-80.2120079, 25.7414589], [-80.2119986, 25.7414314], [-80.2120084, 25.7413817], [-80.2120296, 25.7413269], [-80.2120583, 25.7412893], [-80.2120757, 25.741243], [-80.2120646, 25.7411915], [-80.2120309, 25.7411398], [-80.211995, 25.7411225]]}, "properties": {"project": "FL3502", "date": "19350123", "kind": "Natural.Apparent.Marsh Or Swamp", "source": "T05628"}}, {"type": "Feature", "geometry": {"type": "LineString", "coordinates": [[-80.2146583, 25.7410117], [-80.2145922, 25.740988], [-80.2145477, 25.7409777], [-80.2145124, 25.7409778], [-80.2144862, 25.7409861], [-80.2144668, 25.7410047], [-80.2144497, 25.741044], [-80.2144382, 25.7410937], [-80.2144314, 25.7411237], [-80.2144314, 25.7411444], [-80.2144359, 25.7411578], [-80.2144519, 25.7411712], [-80.2144724, 25.7411763], [-80.2144986, 25.7411742], [-80.2145773, 25.7411483], [-80.2146605, 25.7411275], [-80.2147221, 25.741115], [-80.2147392, 25.7411056], [-80.2147472, 25.7410911], [-80.2147472, 25.7410674], [-80.2147369, 25.7410519], [-80.2147027, 25.7410302], [-80.2146583, 25.7410117]]}, "properties": {"project": "FL3502", "date": "19350123", "kind": "Natural.Mean High Water", "source": "T05628"}}, {"type": "Feature", "geometry": {"type": "LineString", "coordinates": [[-80.212927, 25.7431417], [-80.2129198, 25.7431529], [-80.2129111, 25.7431843], [-80.2129227, 25.7432158], [-80.2129747, 25.7432576], [-80.2129949, 25.7432786], [-80.2130035, 25.7433126], [-80.2130122, 25.7433834], [-80.2130266, 25.743428], [-80.2130526, 25.7434777], [-80.2131508, 25.7435955], [-80.2131681, 25.7436375], [-80.213171, 25.7436741], [-80.2131623, 25.7437082], [-80.2131305, 25.7437424], [-80.2130727, 25.7437844], [-80.2129947, 25.7438553], [-80.2129513, 25.7438789], [-80.2128964, 25.7438843], [-80.2128328, 25.7438791], [-80.2128184, 25.743866], [-80.2128097, 25.7438451], [-80.2128155, 25.7438293], [-80.2128444, 25.7438083], [-80.2128675, 25.7437821], [-80.2128676, 25.7437611], [-80.212856, 25.7437454], [-80.21283, 25.7437323], [-80.2127809, 25.7437298], [-80.2126739, 25.7437535], [-80.2125784999999, 25.7438087], [-80.2125467, 25.7438428], [-80.2125265, 25.7438901], [-80.2125265, 25.7439556], [-80.2125149, 25.7439818], [-80.212486, 25.743995], [-80.2123271, 25.7440004], [-80.2122201, 25.7440006], [-80.2121941, 25.7439875], [-80.2121681, 25.743943], [-80.2121653, 25.7439011], [-80.2121768, 25.7438644], [-80.2121826, 25.7438172], [-80.2121826, 25.74377], [-80.2121422, 25.7436757], [-80.2121191, 25.7436075], [-80.2121105, 25.7435709], [-80.2120989, 25.7435525], [-80.2120469, 25.7435028], [-80.2119256, 25.7434217], [-80.2118505, 25.7433694], [-80.2117898, 25.7433485], [-80.2117378, 25.7433407], [-80.2116973, 25.7433355], [-80.2116453, 25.743312], [-80.2116164, 25.7432806], [-80.2116078, 25.7432361], [-80.211602, 25.7431627], [-80.2115876, 25.7430683], [-80.2115587, 25.7429897], [-80.2115414, 25.7429321], [-80.2115385, 25.742898], [-80.211553, 25.7428692], [-80.2115732, 25.7428586], [-80.2116166, 25.7428586], [-80.2117524, 25.7428636], [-80.211816, 25.7428557], [-80.2118709, 25.7428372], [-80.2119171, 25.7428005], [-80.2120385, 25.7427033], [-80.2120646, 25.7426902], [-80.2120963, 25.7426901], [-80.2121541, 25.742711], [-80.2122061, 25.7427266], [-80.2122553, 25.7427318], [-80.2123449, 25.7427291], [-80.2124171, 25.7427263], [-80.2124865, 25.7427315], [-80.212524, 25.7427419], [-80.2125587, 25.7427654], [-80.212628, 25.742844], [-80.2126598, 25.7428675], [-80.2126691, 25.7428687]]}, "properties": {"project": "FL3502", "date": "19350123", "kind": "Natural.Mean High Water", "source": "T05628"}}, {"type": "Feature", "geometry": {"type": "LineString", "coordinates": [[-80.2106807, 25.7432047], [-80.2106595, 25.7431631], [-80.2106518, 25.7431022], [-80.2106521, 25.743051], [-80.2106658, 25.7430169], [-80.2107197, 25.7430001], [-80.2107897, 25.7430005000001], [-80.2108409, 25.7429959], [-80.2108545, 25.7429692], [-80.2108494, 25.7429277], [-80.2108577, 25.7428936], [-80.2108928, 25.7428841], [-80.210952, 25.7428795], [-80.2110086, 25.7428701], [-80.2110491, 25.7428508], [-80.2110681, 25.7428144], [-80.2110549, 25.7427777], [-80.2110229, 25.7427361], [-80.2109606, 25.7426865], [-80.2109289, 25.7426394]]}, "properties": {"project": "FL3502", "date": "19350123", "kind": "Natural.Apparent.Marsh Or Swamp", "source": "T05628"}}, {"type": "Feature", "geometry": {"type": "LineString", "coordinates": [[-80.2142522, 25.742183], [-80.2141171, 25.7422933], [-80.2140552, 25.7423391], [-80.2139636, 25.7423974], [-80.2138858, 25.7424411], [-80.2137873, 25.7425119], [-80.2136408, 25.7426138], [-80.2135239999999, 25.7426929], [-80.2134163, 25.7427824], [-80.2133957, 25.7428136], [-80.2133866, 25.7428426], [-80.2133888, 25.7428863], [-80.213398, 25.7429257], [-80.2134163, 25.7429485], [-80.2134437, 25.7429547], [-80.2135079, 25.7429546], [-80.2135399, 25.7429504], [-80.2135651, 25.7429317], [-80.2136017, 25.7428859], [-80.213643, 25.7428485], [-80.2136956, 25.742809], [-80.2137437, 25.742784], [-80.2138284, 25.7427735], [-80.2140162, 25.742769], [-80.2141947, 25.7427729], [-80.2142382, 25.7427708], [-80.2142588, 25.7427604], [-80.2142817, 25.7427375], [-80.2143069, 25.7426855000001], [-80.2143573, 25.7425795], [-80.2144123, 25.7424798], [-80.2144879, 25.7423738], [-80.2145681, 25.7422615], [-80.214591, 25.7422075], [-80.2145933, 25.7421763], [-80.214575, 25.7421473], [-80.2145361, 25.742139], [-80.2143575, 25.7421372], [-80.2143071, 25.7421497], [-80.2142522, 25.742183]]}, "properties": {"project": "FL3502", "date": "19350123", "kind": "Natural.Mean High Water", "source": "T05628"}}, {"type": "Feature", "geometry": {"type": "LineString", "coordinates": [[-80.2129478, 25.7408805], [-80.2130178, 25.7409015], [-80.2130536, 25.7409308], [-80.2130892, 25.7409825], [-80.2131078, 25.7410495], [-80.2131401, 25.7411393], [-80.2131719, 25.7411734], [-80.2132037, 25.7411917], [-80.213221, 25.7412126], [-80.2132268, 25.7412388], [-80.2132325, 25.7412886], [-80.213247, 25.7413043], [-80.213273, 25.7413122], [-80.2133279, 25.7413147], [-80.2133886, 25.7413251], [-80.2134204, 25.741346], [-80.213455, 25.7413879], [-80.2135012, 25.7414193], [-80.2135533, 25.7414297], [-80.2135879, 25.741427], [-80.2136197, 25.7414112], [-80.2136862, 25.7413613], [-80.2137296, 25.7413429], [-80.2137614, 25.7413376], [-80.2138307, 25.7413375], [-80.2138914, 25.7413322], [-80.2139839, 25.7413137], [-80.2141775, 25.7412898], [-80.2142006, 25.7413003], [-80.2142064, 25.7413186], [-80.2142035, 25.7413422], [-80.2141746, 25.7413973], [-80.214137, 25.7414314], [-80.2141023, 25.7414499], [-80.2140879, 25.7414682], [-80.2140734, 25.7414997], [-80.2140676, 25.7415495], [-80.2140705, 25.7416072], [-80.2140791, 25.7416517], [-80.214108, 25.7417067], [-80.21416, 25.7418194], [-80.2141686, 25.7418561], [-80.2141657, 25.7418901], [-80.2141455, 25.7419138], [-80.214027, 25.7419847], [-80.2137495, 25.7421791], [-80.213368, 25.7424628], [-80.2133188, 25.7425022], [-80.2132639, 25.7425259], [-80.2131945, 25.7425391], [-80.213105, 25.7425392], [-80.2129951, 25.7425105], [-80.2129171, 25.7424556], [-80.2128883, 25.7424137], [-80.2128796, 25.7423796], [-80.2128767, 25.7422722], [-80.212871, 25.7421542], [-80.2128421, 25.7420835], [-80.2127728, 25.742018], [-80.2125908, 25.7418846], [-80.2125265, 25.7418461], [-80.2124416, 25.7417839], [-80.212404, 25.7417374], [-80.2123702, 25.741696], [-80.2123231, 25.7416477], [-80.2122626, 25.7416233], [-80.2121756, 25.7416091], [-80.2121094, 25.7415847]]}, "properties": {"project": "FL3502", "date": "19350123", "kind": "Natural.Mean High Water", "source": "T05628"}}, {"type": "Feature", "geometry": {"type": "LineString", "coordinates": [[-80.214395, 25.7403991], [-80.2143569, 25.7405687], [-80.214328, 25.7406946], [-80.2142672, 25.7408519], [-80.2142383, 25.7409201], [-80.2141863, 25.7409805], [-80.2141198, 25.7410278], [-80.2140533, 25.7410593], [-80.2139782, 25.7410752], [-80.2139059, 25.7410805], [-80.2138106, 25.7410754], [-80.2137615, 25.7410598], [-80.2137008, 25.7410389], [-80.2136025, 25.7410259], [-80.2135072, 25.7410235], [-80.2134523, 25.7410314], [-80.2134291, 25.7410472], [-80.2134118, 25.7410682], [-80.2133829, 25.7410866], [-80.2133338, 25.7410866], [-80.2132904, 25.7410841], [-80.21325, 25.7410632], [-80.2132008, 25.7410134], [-80.2131388, 25.740945], [-80.2130994, 25.7408762], [-80.2130789, 25.7408229], [-80.213051, 25.7407523], [-80.2130532, 25.7407043], [-80.2130837, 25.7406684], [-80.2131446, 25.7406327], [-80.2132319, 25.7406092], [-80.213321, 25.7406028], [-80.2133949, 25.7406032], [-80.2134518, 25.7406035], [-80.2135031, 25.7405832], [-80.2135469, 25.7405371], [-80.213591, 25.7404652], [-80.2136447, 25.7403643], [-80.2137041, 25.7402736], [-80.2137708, 25.7402036], [-80.2138355, 25.7401628], [-80.213902, 25.7401426], [-80.2139608, 25.7401274], [-80.2139856, 25.740107], [-80.2140143, 25.7400591], [-80.214047, 25.7399872], [-80.214076, 25.7399015], [-80.2140896, 25.7398484], [-80.2141182, 25.7398211], [-80.2141562, 25.7398041], [-80.2142035, 25.7398147], [-80.2142658, 25.7398528], [-80.2143262, 25.7398977], [-80.2143825, 25.7399684], [-80.2144087, 25.7400286], [-80.2144288, 25.7401299], [-80.214432, 25.7402261], [-80.2144163, 25.7403135], [-80.214395, 25.7403991]]}, "properties": {"project": "FL3502", "date": "19350123", "kind": "Natural.Mean High Water", "source": "T05628"}}, {"type": "Feature", "geometry": {"type": "LineString", "coordinates": [[-80.2109289, 25.7426394], [-80.2108942, 25.7425477], [-80.2108509, 25.7424246], [-80.2108105, 25.7423591], [-80.2107498, 25.7422779], [-80.2106603, 25.7422046], [-80.2105938, 25.7421733], [-80.2105216, 25.742155], [-80.2104724, 25.7421551], [-80.2104406, 25.7421656], [-80.210432, 25.742184], [-80.2104291, 25.7422181], [-80.2104377, 25.7422443], [-80.21051, 25.7422966], [-80.2106342, 25.742362], [-80.2106775, 25.7424038], [-80.2106948, 25.7424536], [-80.210689, 25.7425087], [-80.210637, 25.7426162], [-80.210478, 25.7428367], [-80.2104317, 25.7429363], [-80.2103941, 25.743057], [-80.2103709, 25.7431907], [-80.2103593, 25.7433323], [-80.2103651, 25.7433899], [-80.2103824, 25.7434554], [-80.2104169999999, 25.7435262], [-80.2104892, 25.7436126], [-80.2105128, 25.7436756]]}, "properties": {"project": "FL3502", "date": "19350123", "kind": "Natural.Mean High Water", "source": "T05628"}}, {"type": "Feature", "geometry": {"type": "LineString", "coordinates": [[-80.2114059, 25.7421406], [-80.2113972, 25.7422481], [-80.2113451, 25.7424107000001], [-80.2113046, 25.742492], [-80.211264, 25.7425584], [-80.2112092, 25.7426233], [-80.2111976, 25.7426469], [-80.2111918, 25.7426757], [-80.2111918, 25.742715], [-80.2112005, 25.7427334], [-80.2112322, 25.7427517], [-80.2113998, 25.742796], [-80.2114605, 25.7428195], [-80.211475, 25.7428457], [-80.211475, 25.7428798], [-80.2114663, 25.742906], [-80.2114431, 25.7429139], [-80.2113911, 25.7429113], [-80.2112368, 25.7428882], [-80.2111808, 25.742871], [-80.2111108, 25.7428755], [-80.2110892, 25.74289], [-80.211054, 25.742924], [-80.2110108, 25.7429457], [-80.2109704, 25.7429479], [-80.210938, 25.7429599], [-80.2108973, 25.7430084], [-80.210854, 25.7430472], [-80.2108081, 25.7430713], [-80.2107702, 25.7430979], [-80.2107565, 25.7431344], [-80.2107643, 25.7431881], [-80.210807, 25.7432346000001], [-80.2108497, 25.7432836], [-80.2108601, 25.7433397], [-80.2108599, 25.7433738], [-80.2108489, 25.7434152], [-80.2108217, 25.7434492], [-80.2107945, 25.7434954], [-80.2107862, 25.7435392], [-80.2107939, 25.7435831], [-80.2108099, 25.7436124], [-80.2108016, 25.7436416], [-80.2107746, 25.7436634], [-80.2107395, 25.743673], [-80.210691, 25.74368], [-80.2106586, 25.7437018], [-80.2106395, 25.7437431], [-80.2106311, 25.7437943], [-80.2106148, 25.7438186], [-80.2105904, 25.7438452], [-80.2105792, 25.7439061], [-80.2105729, 25.7439663], [-80.2105556, 25.7440162], [-80.2105122, 25.7440791], [-80.210385, 25.7441658], [-80.2102896, 25.7442394], [-80.2102347, 25.7442866], [-80.2102, 25.7443076], [-80.2101566, 25.7443261], [-80.2100497, 25.7443944], [-80.2099601, 25.7444495], [-80.2098965, 25.7444759], [-80.2098416, 25.744489], [-80.209804, 25.7444891], [-80.2097693, 25.744476], [-80.209726, 25.7444551], [-80.2097021, 25.7444532]]}, "properties": {"project": "FL3502", "date": "19350123", "kind": "Natural.Mean High Water", "source": "T05628"}}, {"type": "Feature", "geometry": {"type": "LineString", "coordinates": [[-80.215582, 25.742964], [-80.2151656, 25.7424101], [-80.2150305, 25.7422483], [-80.2149619, 25.7421799], [-80.2149115, 25.7421468], [-80.214868, 25.7421385], [-80.2148222, 25.7421386], [-80.2147696, 25.7421532], [-80.2147192, 25.7421907], [-80.2145978, 25.7423383], [-80.2145703, 25.7423902], [-80.2145474, 25.7424547], [-80.2145108, 25.7425336], [-80.2144627, 25.7425918], [-80.2144146, 25.7426729], [-80.2143412, 25.7428267], [-80.2142496, 25.7430636], [-80.2142083, 25.7431716], [-80.2141969, 25.7432443], [-80.2141945, 25.7433378], [-80.2142014, 25.7433731], [-80.2142106, 25.7433876], [-80.2142334, 25.7433959], [-80.2142678, 25.7433937], [-80.214467, 25.7433706], [-80.2146272, 25.74336], [-80.2147257, 25.7433494], [-80.2148035, 25.7433327], [-80.2148974, 25.7432973], [-80.2150096, 25.7432535], [-80.2150668, 25.7432472], [-80.2151241, 25.7432388], [-80.2151607, 25.7432304], [-80.2151882, 25.7432117], [-80.215218, 25.743193], [-80.2152546, 25.7431846], [-80.2152935, 25.7431845], [-80.2153576, 25.7431844], [-80.2154263, 25.7431823], [-80.2154629, 25.7431739], [-80.215511, 25.7431531], [-80.2155591, 25.7431239], [-80.215598, 25.7430865], [-80.2156049, 25.7430574], [-80.2156003, 25.7430242], [-80.215582, 25.742964]]}, "properties": {"project": "FL3502", "date": "19350123", "kind": "Natural.Mean High Water", "source": "T05628"}}, {"type": "Feature", "geometry": {"type": "LineString", "coordinates": [[-80.2113018, 25.7422299], [-80.2112989, 25.7421356], [-80.2112874, 25.742091], [-80.2112614, 25.7420596], [-80.2111921, 25.7420309], [-80.2110996, 25.7419681], [-80.2110852, 25.7419471]]}, "properties": {"project": "FL3502", "date": "19350123", "kind": "Natural.Apparent.Marsh Or Swamp", "source": "T05628"}}, {"type": "Feature", "geometry": {"type": "LineString", "coordinates": [[-80.2143383, 25.7397742], [-80.214295, 25.7397414], [-80.2142308, 25.7397033], [-80.2141685, 25.7396686], [-80.2141382, 25.7396719], [-80.2140982, 25.7397026], [-80.2140161, 25.7397879], [-80.2139816, 25.7398444], [-80.2139718, 25.7398992], [-80.2139696, 25.7399541], [-80.213939, 25.7399952], [-80.2138819, 25.7400223], [-80.213804, 25.7400614], [-80.2137373, 25.7401142000001], [-80.2136554, 25.7401773], [-80.2136039, 25.7402285], [-80.2135692, 25.7403175], [-80.2135425, 25.7403466], [-80.2135158, 25.7403739], [-80.213489, 25.7404235], [-80.2134564999999, 25.7404645], [-80.2134108, 25.7404986], [-80.2133557, 25.7405103], [-80.2132799, 25.7405116], [-80.2131833, 25.7405128], [-80.2131168, 25.7405433], [-80.2130863, 25.7405741], [-80.2130274, 25.7405943], [-80.2129704, 25.7406146], [-80.2129379, 25.7406556], [-80.2129128, 25.7407241], [-80.2129086, 25.7407893], [-80.2129177, 25.7408426], [-80.2129478, 25.7408805]]}, "properties": {"project": "FL3502", "date": "19350123", "kind": "Natural.Apparent.Marsh Or Swamp", "source": "T05628"}}, {"type": "Feature", "geometry": {"type": "LineString", "coordinates": [[-80.2045575, 25.7401305], [-80.2044759, 25.7400057], [-80.2044269, 25.7399127], [-80.2043966, 25.7398704], [-80.2043593, 25.7398239], [-80.2043056, 25.7397795], [-80.2042193, 25.7397331], [-80.2041517, 25.7396908], [-80.204112, 25.739674], [-80.2040794, 25.7396655], [-80.2040584, 25.7396656], [-80.2040327, 25.739672], [-80.2039977, 25.7397038], [-80.2038506, 25.73985], [-80.2037456, 25.7399369], [-80.2037082, 25.7399814], [-80.2036988999999, 25.7400111], [-80.2036942, 25.7400725], [-80.2036988, 25.7401592000001], [-80.2037104, 25.740227], [-80.2037361, 25.740282], [-80.2037827, 25.7403433], [-80.2038597, 25.7404024000001], [-80.203925, 25.7404214], [-80.2040254, 25.7404318], [-80.2041047, 25.7404381], [-80.20417, 25.7404337], [-80.2042284, 25.7404167], [-80.2042937, 25.7403701], [-80.2044524, 25.7402513], [-80.2045038, 25.7402322], [-80.2045318, 25.7402321], [-80.2045738, 25.7402384], [-80.2045995, 25.7402384], [-80.2046158, 25.7402384], [-80.2046275, 25.7402299], [-80.2046275, 25.740213], [-80.2046018, 25.7401812], [-80.2045575, 25.7401305]]}, "properties": {"project": "FL3502", "date": "19350123", "kind": "Natural.Mean High Water", "source": "T05628"}}, {"type": "Feature", "geometry": {"type": "LineString", "coordinates": [[-80.2150294, 25.7406682], [-80.2150099999999, 25.7406857], [-80.2149406, 25.7407408], [-80.2149261, 25.7407644], [-80.2149233, 25.7407776], [-80.2149348, 25.740809], [-80.2149608, 25.7408483], [-80.2149868, 25.7408587], [-80.2150157, 25.7408587], [-80.2150475, 25.7408455], [-80.2151255, 25.7407851], [-80.2157036999999, 25.7402652], [-80.2158193, 25.7401681], [-80.2158771, 25.7401208], [-80.2159176, 25.7400709], [-80.2159465, 25.7400263], [-80.2159638, 25.7400158], [-80.2159812, 25.7400158], [-80.2159927, 25.7400262], [-80.2160072, 25.7400577], [-80.2160186999999, 25.740076], [-80.2160447, 25.7400838], [-80.2160967, 25.7400811], [-80.2161285, 25.740068], [-80.2161603, 25.7400365], [-80.216169, 25.7400076], [-80.216169, 25.7399578], [-80.2161662, 25.7399159], [-80.2161748, 25.739887], [-80.2161951, 25.7398713], [-80.2162211, 25.739866], [-80.2162904, 25.7398607], [-80.2163685, 25.7398396], [-80.2164205, 25.7398369], [-80.2164609, 25.7398552], [-80.2165476, 25.7399232], [-80.216692, 25.7400671], [-80.2168105, 25.7402085], [-80.2169087, 25.7403394], [-80.2169954, 25.7404153], [-80.2170531, 25.7404624], [-80.217134, 25.7405619], [-80.2172611, 25.7407321], [-80.2173767, 25.7408761], [-80.2174807, 25.7410437], [-80.2175903999999, 25.7412349], [-80.2176597, 25.7413108], [-80.2177175, 25.7413553], [-80.21781, 25.7414128], [-80.2178678, 25.7414652000001], [-80.2179371, 25.7415699], [-80.2179862, 25.7416459], [-80.2180006, 25.7416799], [-80.2179977, 25.7417009], [-80.2179746, 25.7417324], [-80.2179399, 25.7417508], [-80.2179139, 25.7417508], [-80.2178879, 25.7417378], [-80.2178532, 25.7417142], [-80.2177926, 25.7416802], [-80.2177463, 25.7416646], [-80.2177116, 25.7416568], [-80.2176828, 25.7416463], [-80.2176423, 25.7416071], [-80.2175701, 25.7415443], [-80.2174805, 25.7414893], [-80.2174227, 25.7414763], [-80.2173418, 25.7414738], [-80.217232, 25.7414635], [-80.2171222, 25.7414296], [-80.2170037, 25.7413826], [-80.216917, 25.7413303], [-80.2168708, 25.7412779], [-80.2168073, 25.7411732], [-80.2166831, 25.7409296], [-80.2166716, 25.7408641], [-80.2166745, 25.7408143], [-80.2167034, 25.7407408], [-80.216741, 25.7406752], [-80.2167468, 25.7406097], [-80.2167352, 25.740552], [-80.2165908, 25.7403556], [-80.2165475, 25.7403269], [-80.216403, 25.7403035], [-80.2163076, 25.740301], [-80.2162758, 25.7403168], [-80.2162556, 25.7403588], [-80.2162498, 25.7404007], [-80.2162498, 25.7404715], [-80.2162295, 25.740503], [-80.216192, 25.7405135], [-80.2161428, 25.7405057], [-80.2161168, 25.7404796], [-80.2161082, 25.740435], [-80.2161111, 25.7403983], [-80.2161516, 25.7403013], [-80.2161834, 25.7402016], [-80.2161834, 25.7401544], [-80.2161718999999, 25.7401387], [-80.2161459, 25.7401309], [-80.2161112, 25.7401283], [-80.2160649, 25.7401362], [-80.2159985, 25.740173], [-80.2159493, 25.7402334], [-80.2158973, 25.7403305], [-80.2158799, 25.7404039], [-80.215877, 25.7404668], [-80.2158914, 25.7405376], [-80.2159434, 25.7406502], [-80.2160012, 25.7407392], [-80.2160502999999, 25.7408021], [-80.2161109, 25.7408387], [-80.2161803, 25.7408596], [-80.2162699, 25.7408804], [-80.2163334, 25.740896], [-80.216371, 25.7409196], [-80.2164057, 25.7409588], [-80.2165212, 25.7411422], [-80.2166252, 25.7413176], [-80.2166396, 25.7413884], [-80.2166367, 25.7414382], [-80.2166251, 25.7414828], [-80.216602, 25.7415483], [-80.2165759, 25.7416454], [-80.2165557, 25.7417083], [-80.2165499, 25.7417843], [-80.2165412, 25.741863], [-80.216521, 25.7418997], [-80.2164921, 25.741926], [-80.2164458, 25.741947], [-80.2164053, 25.7419576], [-80.2163244, 25.7419656], [-80.2162522, 25.7419709], [-80.2162175, 25.7419867], [-80.2161943999999, 25.7420103], [-80.2161828, 25.742047], [-80.2161626, 25.7420759], [-80.216125, 25.7421074], [-80.2161019, 25.742131], [-80.2160932, 25.7421704], [-80.2160989, 25.7422306], [-80.2161163, 25.7422883], [-80.216122, 25.7423433], [-80.2161162, 25.7423827], [-80.2161047, 25.7424115], [-80.2160815, 25.7424404], [-80.2160555, 25.7424719], [-80.2160382, 25.7425165], [-80.2160295, 25.7425558], [-80.2160006, 25.7426057], [-80.2159543, 25.7426477], [-80.2159052, 25.7426687], [-80.2158618, 25.742674], [-80.2158185, 25.7426688], [-80.2157751, 25.7426453], [-80.2157116, 25.7425877], [-80.2154285, 25.7422631], [-80.2152898, 25.7420929], [-80.2152234, 25.7419856], [-80.215209, 25.7419331], [-80.215209, 25.7418912], [-80.2152177, 25.7418571], [-80.2152495, 25.7417784], [-80.2153102, 25.7416682], [-80.2153391, 25.7416105], [-80.2153449, 25.741566], [-80.2153334, 25.7415267], [-80.2152352, 25.7413643], [-80.2150994, 25.7412098], [-80.2149491, 25.7411209], [-80.2148711, 25.7411001], [-80.2148365, 25.7410582], [-80.2148307, 25.7410398], [-80.2148365, 25.7410215], [-80.2148596, 25.7409978], [-80.2149001, 25.7409716], [-80.214929, 25.7409506], [-80.2149463, 25.7409112], [-80.2149463, 25.7408824], [-80.2149319, 25.7408641], [-80.2149001, 25.740851], [-80.2148567999999, 25.7408432], [-80.2147845, 25.740825], [-80.2146747, 25.740791], [-80.2144349, 25.7407783], [-80.2144002, 25.7407757], [-80.21438, 25.7407574], [-80.2143771, 25.7407364], [-80.2143887, 25.7406892], [-80.2144378, 25.7405371], [-80.2144666, 25.7404459], [-80.2144844, 25.7403259], [-80.2145151, 25.7402746], [-80.2145381, 25.7402352], [-80.2145459, 25.7401941], [-80.2145368, 25.7401374], [-80.2145183, 25.7400686], [-80.2144678, 25.739974], [-80.214402, 25.7398861], [-80.2143383, 25.7397742]]}, "properties": {"project": "FL3502", "date": "19350123", "kind": "Natural.Mean High Water", "source": "T05628"}}, {"type": "Feature", "geometry": {"type": "LineString", "coordinates": [[-80.2095832, 25.7402552], [-80.20959, 25.74016], [-80.209607, 25.7400709], [-80.2096172, 25.7400033], [-80.2096206, 25.7399388], [-80.2096037, 25.739859], [-80.2095293, 25.7396503000001], [-80.209465, 25.7394569000001], [-80.2094278, 25.7393341], [-80.2093974, 25.7391867], [-80.2093737, 25.7391161], [-80.2093501, 25.7390731], [-80.2093128, 25.7390394], [-80.2092316, 25.7390149], [-80.2090725, 25.7389845], [-80.2089777, 25.7389723], [-80.2089235, 25.7389785], [-80.2088896, 25.7389939], [-80.2088524, 25.7390278], [-80.2088388, 25.7390739000001], [-80.2088252, 25.7391722], [-80.2088286, 25.7392428], [-80.2088489, 25.7392858], [-80.2089064, 25.7393471], [-80.2090283, 25.7394636], [-80.2090655, 25.7395219], [-80.2091771, 25.739789], [-80.2092312, 25.7399271], [-80.209238, 25.7399885], [-80.2092447, 25.7400653], [-80.2092684, 25.7401236], [-80.2092819, 25.7401881], [-80.2092988, 25.7402925], [-80.2092987, 25.7404491], [-80.2092852, 25.7405044], [-80.2092716, 25.740572], [-80.2092682, 25.7406365000001], [-80.2092817, 25.7406826], [-80.2093088, 25.7407194], [-80.2093393, 25.7407316], [-80.2093867, 25.7407316], [-80.2094341, 25.7407131000001], [-80.2095153, 25.7406915], [-80.2095831, 25.7406821], [-80.2096203, 25.7406667], [-80.209644, 25.7406421], [-80.2096542, 25.7406053], [-80.2096576, 25.7405561], [-80.2096373, 25.7405039], [-80.2096035, 25.7404487], [-80.2095832, 25.7403873], [-80.2095832, 25.7403136], [-80.2095832, 25.7402552]]}, "properties": {"project": "FL3502", "date": "19350123", "kind": "Natural.Mean High Water", "source": "T05628"}}, {"type": "Feature", "geometry": {"type": "LineString", "coordinates": [[-80.2144725, 25.7388497], [-80.2144933, 25.7389511], [-80.2145192999999, 25.7390638], [-80.2145857, 25.7391974], [-80.2146752, 25.7393388], [-80.2147561, 25.7394121], [-80.2148312, 25.7394749], [-80.2149092, 25.7395246], [-80.2151173, 25.7396134], [-80.2152733, 25.7396656], [-80.2154987, 25.7397098], [-80.2156720999999, 25.7397358], [-80.2158194, 25.7397408], [-80.2158975, 25.7397564], [-80.2159263, 25.7397668], [-80.2159495, 25.7397983], [-80.2159581, 25.7398218], [-80.2159552, 25.7398454], [-80.2159437, 25.7398612], [-80.2158887, 25.7399006], [-80.2155823, 25.740171], [-80.2150294, 25.7406682]]}, "properties": {"project": "FL3502", "date": "19350123", "kind": "Natural.Apparent.Marsh Or Swamp", "source": "T05628"}}, {"type": "Feature", "geometry": {"type": "LineString", "coordinates": [[-80.211995, 25.7411225], [-80.2119609, 25.7411223], [-80.2119134, 25.7411409], [-80.2118485, 25.7412023], [-80.2118008, 25.7412553], [-80.2117229, 25.7412926], [-80.2116623, 25.7412923], [-80.2115829, 25.7412541], [-80.2115283, 25.7412075], [-80.2114851, 25.7411403], [-80.2114814, 25.7410946], [-80.2114987, 25.7410762], [-80.2115218, 25.7410683], [-80.2115768, 25.741063], [-80.2116837, 25.7410524], [-80.211808, 25.7410286], [-80.2119611, 25.7409707], [-80.2120999, 25.7408971], [-80.2122675, 25.740771], [-80.2126462, 25.7404297], [-80.2129064, 25.7401855], [-80.2131694, 25.739978], [-80.2133949, 25.7397706], [-80.2136233, 25.739516], [-80.2138517, 25.7392719], [-80.2142246, 25.7388781], [-80.214346, 25.7388019], [-80.2144009, 25.7387887], [-80.2144355, 25.7387939], [-80.2144587, 25.738807], [-80.2144702, 25.7388384], [-80.2144725, 25.7388497]]}, "properties": {"project": "FL3502", "date": "19350123", "kind": "Natural.Mean High Water", "source": "T05628"}}, {"type": "Feature", "geometry": {"type": "LineString", "coordinates": [[-80.2314509, 25.785076], [-80.2313337, 25.7850769]]}, "properties": {"project": "FL3502", "date": "19350123", "kind": "Undetermined.Approximate", "source": "T05628"}}, {"type": "Feature", "geometry": {"type": "LineString", "coordinates": [[-80.2314484, 25.7849426], [-80.2313246, 25.7849359000001]]}, "properties": {"project": "FL3502", "date": "19350123", "kind": "Undetermined.Approximate", "source": "T05628"}}, {"type": "Feature", "geometry": {"type": "LineString", "coordinates": [[-80.2313246, 25.7849359000001], [-80.231122, 25.7849333], [-80.2309763, 25.784928], [-80.2308726, 25.7849168], [-80.2307555, 25.7848889], [-80.2306068, 25.7848381], [-80.2305417, 25.7848196], [-80.2304664, 25.7848101], [-80.2303894, 25.7847991], [-80.2302424, 25.7847513], [-80.230072, 25.7846837], [-80.2298415, 25.7845991], [-80.2297094, 25.784565], [-80.2295789, 25.7845431], [-80.2294617, 25.7845395000001], [-80.229311, 25.7845493], [-80.2291919, 25.7845714], [-80.2290643, 25.7846283], [-80.2289098, 25.7846957], [-80.2287738, 25.7847602000001], [-80.2286091, 25.7848579], [-80.2285671, 25.7848773], [-80.2285185, 25.7848816], [-80.2284665, 25.7848844], [-80.228428, 25.7848933], [-80.228401, 25.7849235], [-80.2283722, 25.7849748], [-80.2283435, 25.7850126], [-80.2282964, 25.7850351], [-80.2282393999999, 25.7850606], [-80.228167, 25.7851147], [-80.2280104, 25.7852428], [-80.2278421, 25.7853783], [-80.2276437, 25.7855122], [-80.2275024, 25.7855978], [-80.227405, 25.7856443], [-80.2273411, 25.7856925], [-80.2272382, 25.7858057], [-80.2271438, 25.7859067], [-80.2270646, 25.7859745], [-80.2270325, 25.7860259], [-80.2270205, 25.7860743], [-80.2269865, 25.7861424], [-80.2269393, 25.7861997], [-80.2269073, 25.7862238], [-80.2268503, 25.7862341], [-80.2268035, 25.7862248], [-80.2267233, 25.7861865], [-80.2265949, 25.7861039], [-80.2264849, 25.7860351], [-80.226393, 25.7859952], [-80.2263044, 25.785972], [-80.2262106, 25.785973], [-80.2260915, 25.7860057], [-80.2259941, 25.7860507], [-80.2259254, 25.786067], [-80.2258467, 25.7860605], [-80.2256861, 25.7860354], [-80.2255137, 25.7860315], [-80.2252725, 25.7860408], [-80.2251703, 25.7860554], [-80.2250932, 25.7860535], [-80.225028, 25.7860395], [-80.2249694, 25.7860346000001], [-80.2248773, 25.7860387], [-80.2248203, 25.7860535], [-80.2247711, 25.7860781]]}, "properties": {"project": "FL3502", "date": "19350123", "kind": "Natural.Mean High Water", "source": "T05628"}}, {"type": "Feature", "geometry": {"type": "LineString", "coordinates": [[-80.2314979, 25.7886919], [-80.2314595, 25.7886872], [-80.2314044, 25.7886596], [-80.2313511, 25.7886153], [-80.2312876, 25.7885877000001], [-80.2312091, 25.7885661], [-80.2311022, 25.7885231], [-80.2309887, 25.7884558], [-80.2308669, 25.7883854], [-80.2307452, 25.788312], [-80.2306483, 25.788266], [-80.230575, 25.7882186000001], [-80.2305284, 25.7881653], [-80.2304952, 25.7881212], [-80.2304637, 25.7880725], [-80.2304204, 25.7880344], [-80.2303738, 25.7879962], [-80.2303156, 25.7879307], [-80.2302126, 25.7878104], [-80.2301478, 25.7877282], [-80.2301063, 25.7876689], [-80.2300647, 25.7876307], [-80.2300247, 25.7876063], [-80.2299695, 25.7875832], [-80.2299128, 25.7875556], [-80.2298578, 25.7875114], [-80.229813, 25.7874551], [-80.2297732, 25.7873927], [-80.2297333, 25.7873485], [-80.2296649, 25.7873087], [-80.2295312, 25.7872671], [-80.2294343, 25.7872272], [-80.2293524, 25.787201], [-80.2292906, 25.7871885], [-80.2292153, 25.7871745], [-80.2291602, 25.7871545], [-80.2290583, 25.787113], [-80.2289715, 25.7870777], [-80.2289079, 25.7870607], [-80.2288611, 25.7870543], [-80.2287456, 25.7870386], [-80.2286136, 25.7870091], [-80.2284949, 25.786966], [-80.2283044, 25.7869059], [-80.2281273, 25.7868534], [-80.228012, 25.7868073], [-80.2278918, 25.7867551000001], [-80.2277716, 25.7866923], [-80.2276314, 25.7866309], [-80.2275211, 25.786597], [-80.2274409, 25.7865678], [-80.2273808, 25.7865371], [-80.2272541, 25.7864546], [-80.227169, 25.7864011], [-80.2271291, 25.7863614], [-80.227121, 25.7863144], [-80.227128, 25.786275], [-80.2271482, 25.7862524], [-80.2271801, 25.7862404], [-80.2272204, 25.7862331], [-80.2272574, 25.7862075], [-80.2272844, 25.7861743], [-80.2273082, 25.7861123], [-80.2273557, 25.786014], [-80.2274063999999, 25.7859521], [-80.227489, 25.78586], [-80.2275952, 25.7857606], [-80.2276642, 25.7857033], [-80.2277078, 25.7856854], [-80.2277665, 25.785672], [-80.2278303, 25.7856481], [-80.2278875, 25.7856181], [-80.2279312, 25.7855789], [-80.2280003, 25.7855232], [-80.2280474, 25.785487], [-80.2281011, 25.7854631], [-80.2281398, 25.7854314], [-80.2282325, 25.7853364], [-80.2283202, 25.785252], [-80.2284059999999, 25.7851827], [-80.2284699, 25.7851436], [-80.2285455, 25.7851092], [-80.2286311, 25.7850717], [-80.2287268, 25.7850343], [-80.2287957, 25.7849998], [-80.2288562, 25.7849592], [-80.228947, 25.7848975], [-80.2290228, 25.7848403], [-80.229085, 25.7847937], [-80.2291338, 25.7847636], [-80.2292059, 25.7847397], [-80.2293468, 25.7847011], [-80.2294642, 25.784679], [-80.2295597, 25.7846688], [-80.2296384, 25.7846693], [-80.2297237, 25.7846849], [-80.2298525, 25.7847113], [-80.2301198, 25.7848082], [-80.2302918, 25.7848743], [-80.2303636, 25.784899], [-80.2304322, 25.784916], [-80.2305175, 25.7849241], [-80.2306346, 25.7849504], [-80.2308602, 25.7850199], [-80.2309571, 25.7850446], [-80.231076, 25.7850574], [-80.2312433, 25.7850704], [-80.2313337, 25.7850769]]}, "properties": {"project": "FL3502", "date": "19350123", "kind": "Natural.Mean High Water", "source": "T05628"}}, {"type": "Feature", "geometry": {"type": "LineString", "coordinates": [[-80.2274127, 25.7873892], [-80.2274168, 25.7874408], [-80.2274075, 25.7875863], [-80.2274073, 25.7876227], [-80.2274153, 25.7876804], [-80.2274269, 25.7877001], [-80.2274469, 25.7877169], [-80.2274753, 25.7877262], [-80.2275238, 25.7877249], [-80.2275507, 25.7877114], [-80.227561, 25.7876751], [-80.2275613, 25.7876326], [-80.2275648, 25.7876053], [-80.227585, 25.7875933], [-80.2276151, 25.7875996], [-80.2276384, 25.7876224], [-80.2276482, 25.7876558], [-80.2276581, 25.7876801], [-80.2276764, 25.7876984], [-80.2277082, 25.7877046], [-80.2277401, 25.7876897], [-80.227767, 25.7876625], [-80.2277806, 25.7876308], [-80.2277877, 25.7875823], [-80.2277987, 25.7874262], [-80.2278057, 25.7873807], [-80.2278125, 25.7873687], [-80.2278276, 25.7873642], [-80.227871, 25.7873841], [-80.2279394, 25.7874209], [-80.2280113, 25.7874440000001], [-80.2281133, 25.7874627], [-80.2282439, 25.7874589], [-80.2284549, 25.7874554], [-80.2285939, 25.7874668], [-80.2287628, 25.7874889], [-80.2289635, 25.7875248], [-80.2291341, 25.7875652], [-80.2292276, 25.7876036], [-80.2293244, 25.7876526], [-80.2294178, 25.7877092], [-80.2296412, 25.7878635], [-80.2297245, 25.7879276], [-80.229761, 25.7879808], [-80.2297692, 25.7880173], [-80.2297687, 25.7880946], [-80.229748, 25.7884401], [-80.2297485, 25.7886266], [-80.2297566, 25.7886615], [-80.2297733, 25.7886767], [-80.2298051, 25.7886784], [-80.2298554, 25.7886575], [-80.2298924, 25.7886349], [-80.2299144, 25.7886017], [-80.2299247, 25.7885623], [-80.2299289, 25.788435], [-80.2299312, 25.7883425], [-80.2299433, 25.788282], [-80.2299568, 25.7882638], [-80.2299903, 25.7882595], [-80.2300253, 25.7882809], [-80.2301018, 25.7883707], [-80.2301282, 25.78843], [-80.2301343, 25.7885195], [-80.2301337, 25.7886074], [-80.2301249, 25.7889348], [-80.2301243, 25.7890288], [-80.2301325, 25.7890667], [-80.2301491, 25.789085], [-80.2301742, 25.7890867], [-80.2302077, 25.7890808], [-80.2302414, 25.7890567], [-80.2302718, 25.7890038], [-80.2302891, 25.7889296], [-80.2303101, 25.7887902000001], [-80.2303143, 25.7886523], [-80.2303212, 25.7886251], [-80.2303447, 25.7886191], [-80.2303747, 25.788636], [-80.230443, 25.7886939], [-80.2305147, 25.7887443], [-80.2306364, 25.7888223], [-80.2307148, 25.7888682], [-80.2307984, 25.7888944], [-80.2308334, 25.7889113], [-80.230865, 25.7889402], [-80.2309051, 25.7889556], [-80.2309586, 25.7889665], [-80.2311272, 25.7890553], [-80.2312523, 25.7891257], [-80.2313742, 25.78919], [-80.231486, 25.7892437], [-80.2315828, 25.7892912], [-80.2316196, 25.7892974], [-80.2316749, 25.7893038], [-80.231735, 25.7893223], [-80.2317901, 25.7893514], [-80.2319821, 25.7894373], [-80.2320371, 25.7894801], [-80.2320587, 25.7895105]]}, "properties": {"project": "FL3502", "date": "19350123", "kind": "Natural.Mean High Water", "source": "T05628"}}, {"type": "Feature", "geometry": {"type": "LineString", "coordinates": [[-80.226917, 25.787491], [-80.2269407, 25.7875232], [-80.2269591, 25.7875354], [-80.2269909, 25.7875341], [-80.2270564, 25.7875026], [-80.2271235, 25.7874787], [-80.2271975, 25.7874442], [-80.2272092, 25.7874397], [-80.2272175, 25.7874565], [-80.2272116, 25.7875883], [-80.2272143, 25.7876884], [-80.2272225, 25.7877112], [-80.2272459, 25.7877204], [-80.2272794, 25.787713], [-80.2272997, 25.7876813], [-80.2273052, 25.7876146], [-80.2273201, 25.7873873], [-80.2273287, 25.7873509], [-80.2273605, 25.787345], [-80.2273956, 25.7873649], [-80.2274127, 25.7873892]]}, "properties": {"project": "FL3502", "date": "19350123", "kind": "Natural.Mean High Water", "source": "T05628"}}, {"type": "Feature", "geometry": {"type": "LineString", "coordinates": [[-80.2268435, 25.7872847], [-80.2268904, 25.7872864], [-80.2269288, 25.7872912], [-80.2269706, 25.7873051], [-80.2270056, 25.787334], [-80.2270154, 25.7873659], [-80.2270036, 25.7873856000001], [-80.22697, 25.7873975], [-80.2269499, 25.7873959], [-80.2269348, 25.787408], [-80.2269179, 25.7874306000001], [-80.2269127, 25.7874609], [-80.226917, 25.787491]]}, "properties": {"project": "FL3502", "date": "19350123", "kind": "Natural.Mean High Water", "source": "T05628"}}, {"type": "Feature", "geometry": {"type": "LineString", "coordinates": [[-80.226928, 25.7871654], [-80.2268435, 25.7872847]]}, "properties": {"project": "FL3502", "date": "19350123", "kind": "Man-made", "source": "T05628"}}, {"type": "Feature", "geometry": {"type": "LineString", "coordinates": [[-80.225865, 25.7868626], [-80.2259783, 25.7866828]]}, "properties": {"project": "FL3502", "date": "19350123", "kind": "Man-made", "source": "T05628"}}, {"type": "Feature", "geometry": {"type": "LineString", "coordinates": [[-80.2259783, 25.7866828], [-80.2259519, 25.7866296], [-80.2259422, 25.786578], [-80.2259423, 25.7865522], [-80.2259575, 25.7865417], [-80.2259993, 25.7865404], [-80.2260662, 25.7865604], [-80.2262582, 25.7866388], [-80.2266258, 25.7867681], [-80.226731, 25.7868187], [-80.226786, 25.7868569], [-80.2268677, 25.7869104], [-80.2269926, 25.7870141], [-80.2270743, 25.7870721], [-80.2271676, 25.7871378], [-80.2271842, 25.7871698], [-80.2271722, 25.7872046], [-80.2271385, 25.7872392], [-80.227115, 25.7872437], [-80.2270782, 25.7872344], [-80.2270031, 25.7871976], [-80.226928, 25.7871654]]}, "properties": {"project": "FL3502", "date": "19350123", "kind": "Natural.Mean High Water", "source": "T05628"}}, {"type": "Feature", "geometry": {"type": "LineString", "coordinates": [[-80.2247711, 25.7866423], [-80.2248341, 25.7866141], [-80.2248861, 25.7865918], [-80.2249308, 25.7865756], [-80.2249727, 25.7865652], [-80.2250247, 25.7865519], [-80.2250599, 25.7865399], [-80.2250918, 25.7865265], [-80.2251254, 25.786513], [-80.2251623, 25.7865132], [-80.225199, 25.7865225], [-80.2252257, 25.7865454], [-80.2252508, 25.78655], [-80.225296, 25.7865457], [-80.2253329, 25.7865308], [-80.2253682, 25.7865158], [-80.2254168, 25.78651], [-80.2254754, 25.7865058], [-80.2255173, 25.7865105], [-80.2255406, 25.7865273], [-80.2255421999999, 25.786547], [-80.2255252, 25.7865818], [-80.2255132, 25.7866227], [-80.2255012, 25.7866711], [-80.2254975, 25.7867242], [-80.2254984, 25.7868439], [-80.2255059, 25.7869713], [-80.2255088, 25.7870396], [-80.2255304, 25.7870685], [-80.2255555, 25.7870732], [-80.2255906, 25.7870734], [-80.2256159, 25.7870583], [-80.225626, 25.7870387], [-80.2256313, 25.7869947], [-80.2256187999999, 25.7868613], [-80.2256242, 25.7868052], [-80.2256298, 25.7867173], [-80.2256369, 25.7866506], [-80.2256457, 25.7865916], [-80.2256626, 25.7865719], [-80.2256843, 25.7865766], [-80.2257158, 25.7866238], [-80.2257604, 25.7867225], [-80.2257952, 25.7867758], [-80.225825, 25.7868305], [-80.225865, 25.7868626]]}, "properties": {"project": "FL3502", "date": "19350123", "kind": "Natural.Mean High Water", "source": "T05628"}}, {"type": "Feature", "geometry": {"type": "LineString", "coordinates": [[-80.2369096, 25.7918661], [-80.2367882, 25.7918711]]}, "properties": {"project": "FL3502", "date": "19350123", "kind": "Undetermined.Approximate", "source": "T05628"}}, {"type": "Feature", "geometry": {"type": "LineString", "coordinates": [[-80.2397133, 25.7915655], [-80.2396647, 25.7915667], [-80.2396113, 25.7915513], [-80.2395261, 25.7915144], [-80.2394175, 25.791479], [-80.2392253, 25.7914083], [-80.2390199, 25.7913238], [-80.2388495, 25.7912547], [-80.2387059, 25.7911948], [-80.2385706, 25.7911486], [-80.2383818, 25.7910764], [-80.2382163, 25.7910301], [-80.2380926, 25.7909961], [-80.2380391, 25.7909776], [-80.2380058, 25.7909577], [-80.2379608, 25.7909256], [-80.2378989, 25.7909071], [-80.2377634, 25.7908837], [-80.2375091, 25.7908596], [-80.2372028, 25.7908383], [-80.237042, 25.7908359], [-80.2369801, 25.7908295], [-80.2369032, 25.7908109], [-80.2367379, 25.7907252], [-80.2365477, 25.7906196], [-80.2363441, 25.7905124], [-80.2362508, 25.7904437], [-80.2361875, 25.7903903], [-80.2361025, 25.7903292], [-80.2359723, 25.7902633], [-80.2358854, 25.790231], [-80.2358085, 25.7902185], [-80.2356846, 25.7902118], [-80.2355775, 25.7902021], [-80.235467, 25.790194], [-80.2353867, 25.7901784], [-80.2352781, 25.7901445], [-80.2351728, 25.7901181], [-80.2350941, 25.7901071], [-80.2349836, 25.7901065], [-80.2348764, 25.7901151], [-80.2347976, 25.7901222], [-80.234729, 25.7901203], [-80.2346605, 25.7901033], [-80.2345235, 25.7900526], [-80.2343065, 25.7899438], [-80.2340945, 25.7898426], [-80.2339593, 25.7897737], [-80.2339142, 25.7897462], [-80.2338793, 25.7897111], [-80.2338712, 25.7896686], [-80.2338463, 25.7896382], [-80.2338128, 25.789635], [-80.2337825, 25.7896545], [-80.2337606, 25.7896741], [-80.2337289, 25.7896648], [-80.233719, 25.789636]]}, "properties": {"project": "FL3502", "date": "19350123", "kind": "Natural.Mean High Water", "source": "T05628"}}, {"type": "Feature", "geometry": {"type": "LineString", "coordinates": [[-80.2320587, 25.7895105], [-80.2320718, 25.7895576], [-80.2320812, 25.7899123], [-80.2320948, 25.7901428], [-80.2321028, 25.7901929], [-80.2321194, 25.7902233], [-80.2321478, 25.7902356], [-80.2321896, 25.7902404], [-80.2322399, 25.7902376], [-80.2322784999999, 25.7902196], [-80.2322937, 25.7901939], [-80.232299, 25.7901561], [-80.2322987, 25.7899393], [-80.232307, 25.7896998000001], [-80.2323106, 25.7896558], [-80.2323174, 25.7896392], [-80.2323426, 25.7896272], [-80.2323744, 25.7896289], [-80.2324512, 25.7896626], [-80.2325448, 25.789698], [-80.2326684, 25.7897335], [-80.2327788, 25.7897659], [-80.2328639999999, 25.7897906], [-80.2329174, 25.7898197], [-80.2329389, 25.7898547], [-80.2329452, 25.789923], [-80.2329388, 25.7901291], [-80.2329519, 25.7901792], [-80.2329885, 25.7902127], [-80.2330737, 25.7902496], [-80.2331088, 25.7902573], [-80.2331357, 25.7902499], [-80.2331476, 25.7902166], [-80.2331502, 25.7900711], [-80.2331512, 25.7899165]]}, "properties": {"project": "FL3502", "date": "19350123", "kind": "Man-made", "source": "T05628"}}, {"type": "Feature", "geometry": {"type": "LineString", "coordinates": [[-80.233719, 25.789636], [-80.2337102, 25.7894495], [-80.2337036, 25.7889143], [-80.2336972, 25.7888536], [-80.2336739, 25.7888383], [-80.2336304, 25.7888336], [-80.2335901, 25.7888546], [-80.2335764, 25.788903], [-80.2335687, 25.7890515], [-80.2335766, 25.7893881], [-80.2335738, 25.7895609], [-80.2335636, 25.7895806], [-80.2335368, 25.7895865], [-80.2334633, 25.7895649], [-80.2332914, 25.7894761], [-80.233096, 25.7893886], [-80.232924, 25.789318], [-80.2326082, 25.7891996], [-80.2324144, 25.7891349], [-80.2322423, 25.7890749], [-80.2321438, 25.7890243], [-80.2320202, 25.7889751], [-80.2319518, 25.7889399], [-80.2319152, 25.7888988], [-80.2319021, 25.7888532], [-80.2319011, 25.7887471], [-80.2318935, 25.7883817], [-80.2318695, 25.7879404], [-80.2318395, 25.787913], [-80.2315181, 25.7879067], [-80.2315078, 25.7879416], [-80.2315122, 25.788551], [-80.2315131, 25.7886753], [-80.2314979, 25.7886919]]}, "properties": {"project": "FL3502", "date": "19350123", "kind": "Man-made", "source": "T05628"}}, {"type": "Feature", "geometry": {"type": "LineString", "coordinates": [[-80.226917, 25.787491], [-80.2270971, 25.7874209]]}, "properties": {"project": "FL3502", "date": "19350123", "kind": "Pier", "source": "T05628"}}, {"type": "Feature", "geometry": {"type": "LineString", "coordinates": [[-80.2274127, 25.7873892], [-80.2275026, 25.7873882]]}, "properties": {"project": "FL3502", "date": "19350123", "kind": "Pier", "source": "T05628"}}, {"type": "Feature", "geometry": {"type": "LineString", "coordinates": [[-80.2397354, 25.7925601], [-80.2395652, 25.7924667], [-80.2393951, 25.7923612], [-80.2393234, 25.7923108], [-80.2392817, 25.7922894], [-80.2392349, 25.792274], [-80.2392049, 25.7922495], [-80.2391499, 25.7922098], [-80.2390681, 25.7921639], [-80.2390097, 25.7921363], [-80.2389881, 25.7921089], [-80.2389498, 25.7920784], [-80.238873, 25.7920462], [-80.2387677, 25.7920032], [-80.238681, 25.7919557], [-80.2385625, 25.7918823], [-80.2384242, 25.7917846], [-80.2381841, 25.7916196], [-80.2380173, 25.7915111], [-80.2378505, 25.7914087], [-80.2376704, 25.7912955], [-80.2375319, 25.7912205], [-80.2374551, 25.7911762], [-80.2374252, 25.7911411], [-80.2374187, 25.7911093], [-80.2374306, 25.7910775], [-80.2374592, 25.7910594], [-80.2375229, 25.7910567], [-80.2377254, 25.7910684], [-80.2379462, 25.7911044], [-80.2382071, 25.7911664], [-80.238421, 25.7912312], [-80.2386799, 25.7913296], [-80.2389905, 25.7914692], [-80.2391626, 25.7915338], [-80.2392361, 25.7915614], [-80.2392895999999, 25.7915678], [-80.2394251, 25.7915958], [-80.2395422, 25.7916222], [-80.2396508, 25.79165], [-80.239711, 25.7916716]]}, "properties": {"project": "FL3502", "date": "19350123", "kind": "Natural.Mean High Water", "source": "T05628"}}, {"type": "Feature", "geometry": {"type": "LineString", "coordinates": [[-80.2369096, 25.7918661], [-80.2370603, 25.7918498], [-80.2371378, 25.7918332], [-80.2372279, 25.7918242], [-80.2374267, 25.7918138], [-80.2376087, 25.791811], [-80.2376423, 25.7917998], [-80.2376529, 25.7917771], [-80.2376385, 25.7917354000001], [-80.2375906, 25.7917011], [-80.2374133, 25.791613], [-80.237209, 25.7915096], [-80.2370735, 25.7914199000001], [-80.2369589, 25.7913568], [-80.2368983, 25.7913338], [-80.2368336, 25.7913145], [-80.2367857, 25.7912877], [-80.2367357, 25.791242], [-80.2366984, 25.7911944], [-80.2366255, 25.7911391], [-80.2365046, 25.7910665], [-80.2362628, 25.7909213], [-80.2361065, 25.7908258000001], [-80.2359794, 25.7907493], [-80.2359293, 25.7907377], [-80.2358873, 25.7907507], [-80.2358662, 25.7907923], [-80.2358595, 25.7908548], [-80.2358731, 25.7910177], [-80.2358988, 25.7912433], [-80.2359177, 25.7915559], [-80.2359339, 25.791645], [-80.2359649, 25.7917058], [-80.2360064, 25.791759], [-80.2360646, 25.7918143], [-80.2361292, 25.7918582], [-80.2361877, 25.7918679], [-80.2364053, 25.7918672], [-80.2367882, 25.7918711]]}, "properties": {"project": "FL3502", "date": "19350123", "kind": "Natural.Mean High Water", "source": "T05628"}}, {"type": "Feature", "geometry": {"type": "LineString", "coordinates": [[-80.2331512, 25.7899165], [-80.2331664, 25.7898999], [-80.2332032, 25.789897], [-80.2332601, 25.789914], [-80.2333185, 25.7899477], [-80.2333652, 25.7899737], [-80.233422, 25.7899907], [-80.2334956, 25.7900092], [-80.233549, 25.7900292], [-80.2335958, 25.7900537], [-80.2336223, 25.7900887], [-80.2336471, 25.7901419], [-80.2336838, 25.7901634], [-80.2337273, 25.7901681], [-80.2337708, 25.790179], [-80.2338292, 25.7902111], [-80.2339092, 25.7902737], [-80.2339542, 25.7902982], [-80.2341147, 25.790346], [-80.2343687, 25.7904292], [-80.2345643, 25.7904788], [-80.2347081, 25.7905098], [-80.2347482, 25.7905176], [-80.2349541, 25.7905369], [-80.2351131, 25.7905529], [-80.235175, 25.7905517], [-80.235237, 25.7905429], [-80.2352839, 25.7905462], [-80.2353691, 25.7905709], [-80.2355514, 25.7906098], [-80.2356368, 25.7906148], [-80.2356803, 25.7906256], [-80.2357018, 25.7906621], [-80.2357081, 25.7907304], [-80.2356942, 25.7908016], [-80.2356987, 25.7908834], [-80.2357065, 25.7912276], [-80.2357311, 25.7915749], [-80.2357502, 25.7917296], [-80.2357645, 25.791854], [-80.2357743, 25.7918874], [-80.2357909, 25.7919133], [-80.2358209, 25.7919301], [-80.2358877, 25.7919638], [-80.2359462, 25.7919793], [-80.2360249, 25.7919873], [-80.2361622, 25.7919895], [-80.2364268, 25.7919864], [-80.2367032, 25.7919681], [-80.2368071, 25.7919626]]}, "properties": {"project": "FL3502", "date": "19350123", "kind": "Natural.Mean High Water", "source": "T05628"}}, {"type": "Feature", "geometry": {"type": "LineString", "coordinates": [[-80.2398817, 25.793002], [-80.239905, 25.7930173], [-80.2399415, 25.7930735], [-80.2399746, 25.7931328], [-80.24, 25.793163186910988]]}, "properties": {"project": "FL3502", "date": "19350123", "kind": "Natural.Mean High Water", "source": "T05628"}}, {"type": "Feature", "geometry": {"type": "LineString", "coordinates": [[-80.24, 25.792742039925834], [-80.2398621, 25.7926638]]}, "properties": {"project": "FL3502", "date": "19350123", "kind": "Natural.Mean High Water", "source": "T05628"}}, {"type": "Feature", "geometry": {"type": "LineString", "coordinates": [[-80.2398621, 25.7926638], [-80.2397354, 25.7925601]]}, "properties": {"project": "FL3502", "date": "19350123", "kind": "Undetermined.Approximate", "source": "T05628"}}, {"type": "Feature", "geometry": {"type": "LineString", "coordinates": [[-80.2368071, 25.7919626], [-80.2369025, 25.7919661]]}, "properties": {"project": "FL3502", "date": "19350123", "kind": "Undetermined.Approximate", "source": "T05628"}}, {"type": "Feature", "geometry": {"type": "LineString", "coordinates": [[-80.2369025, 25.7919661], [-80.2371991, 25.7919404], [-80.2373515, 25.7919275], [-80.2376814, 25.7919247], [-80.2377785, 25.7919298], [-80.2378991, 25.7919319], [-80.2379627, 25.7919353], [-80.2380011, 25.7919507], [-80.2380795, 25.7920011], [-80.2382229, 25.7921019], [-80.2383697, 25.7921845], [-80.2384714, 25.7922609], [-80.2385581, 25.7923098], [-80.2386466, 25.7923512], [-80.238715, 25.7923986], [-80.2388016, 25.7924718], [-80.2388698, 25.7925464], [-80.2389097, 25.79258], [-80.2389432, 25.7925923], [-80.23897, 25.7925833], [-80.2390018, 25.7925881], [-80.2390502, 25.7926141], [-80.2391134, 25.7926781], [-80.2391502, 25.7926904], [-80.2391903, 25.7927073], [-80.2392252, 25.7927363], [-80.2392586, 25.7927607], [-80.2393153, 25.7927944], [-80.2394372, 25.7928556], [-80.2395657, 25.792926], [-80.2397092, 25.792995], [-80.2397678, 25.793009]]}, "properties": {"project": "FL3502", "date": "19350123", "kind": "Natural.Mean High Water", "source": "T05628"}}, {"type": "Feature", "geometry": {"type": "LineString", "coordinates": [[-80.2398581, 25.7917148], [-80.239711, 25.7916716]]}, "properties": {"project": "FL3502", "date": "19350123", "kind": "Undetermined.Approximate", "source": "T05628"}}, {"type": "Feature", "geometry": {"type": "LineString", "coordinates": [[-80.2398641, 25.7915617], [-80.2397133, 25.7915655]]}, "properties": {"project": "FL3502", "date": "19350123", "kind": "Undetermined.Approximate", "source": "T05628"}}, {"type": "Feature", "geometry": {"type": "MultiLineString", "coordinates": [[[-80.2398581, 25.7917148], [-80.24, 25.791750643252595]], [[-80.24, 25.791609941290098], [-80.2399559999999, 25.791594], [-80.2398641, 25.7915617]]]}, "properties": {"project": "FL3502", "date": "19350123", "kind": "Natural.Mean High Water", "source": "T05628"}}, {"type": "Feature", "geometry": {"type": "LineString", "coordinates": [[-80.2371392, 25.7277406], [-80.2371132, 25.7276987], [-80.2370294, 25.7273948], [-80.2370006, 25.7273136], [-80.2369803, 25.7272926], [-80.2369341, 25.7272717], [-80.2365931, 25.7272042], [-80.2353709, 25.7269257], [-80.2352958, 25.7269127], [-80.2352351, 25.7269128], [-80.2351456, 25.7269182], [-80.2351138, 25.7269392], [-80.2350531, 25.7270048], [-80.234897, 25.7272987], [-80.2347785, 25.7275217], [-80.2347698, 25.7275663], [-80.2347727, 25.7276003], [-80.2347958, 25.727637], [-80.2348507, 25.7276893], [-80.2348709, 25.7277208], [-80.2348651, 25.7277575], [-80.2348363, 25.7277874]]}, "properties": {"project": "FL3502", "date": "19350123", "kind": "Man-made", "source": "T05628"}}, {"type": "Feature", "geometry": {"type": "LineString", "coordinates": [[-80.24, 25.724820181160442], [-80.2398354, 25.7250361], [-80.2394077, 25.7255821], [-80.2389569, 25.7261543], [-80.2388471, 25.7263118], [-80.2388384, 25.7263459], [-80.2388384, 25.7263904], [-80.2388586, 25.7264323], [-80.2388759, 25.7264664], [-80.2388731, 25.7264979], [-80.2388326, 25.7265635], [-80.2386765, 25.7268599], [-80.2385349, 25.7271511], [-80.2385002, 25.7272036], [-80.2384569, 25.7272404], [-80.2383875, 25.7272877], [-80.2383423, 25.7273095]]}, "properties": {"project": "FL3502", "date": "19350123", "kind": "Natural.Mean High Water", "source": "T05628"}}, {"type": "Feature", "geometry": {"type": "LineString", "coordinates": [[-80.2279096, 25.7250698], [-80.2278149, 25.7248843], [-80.2277391, 25.7247744], [-80.2276216, 25.7246542], [-80.2274398, 25.7244688], [-80.227292, 25.7243006], [-80.2272086, 25.7241873], [-80.2271745, 25.7241564], [-80.2271215, 25.7241461], [-80.2270305, 25.7241463], [-80.226932, 25.7241602], [-80.2268524, 25.7242016], [-80.2267652, 25.7242808], [-80.2266894, 25.7243428], [-80.2266022, 25.7243739], [-80.2265757, 25.7243911], [-80.2265415, 25.7244462], [-80.2265301, 25.7245184], [-80.2265415, 25.7246594], [-80.2265831, 25.7248072], [-80.226621, 25.7249618], [-80.2266627, 25.7251027], [-80.2267422, 25.7253089], [-80.2268066, 25.7254085], [-80.2268255, 25.7254567], [-80.2268369, 25.7255082], [-80.2268634, 25.7255426], [-80.2268975, 25.7255803], [-80.2269203, 25.7256284], [-80.226943, 25.7256937], [-80.2269695, 25.7257349], [-80.2270263, 25.7257796], [-80.22714, 25.7258413], [-80.227212, 25.7258618], [-80.2273029999999, 25.7258788], [-80.2274129, 25.7258821], [-80.2275342, 25.7258785], [-80.2276214, 25.7258543], [-80.227701, 25.7257922], [-80.2277616, 25.7257406], [-80.2278109, 25.7256889], [-80.2278375, 25.7256476], [-80.2278716, 25.7255925], [-80.2279284, 25.725534], [-80.2279815, 25.7254823], [-80.2280043, 25.7254342], [-80.2280043, 25.7253826], [-80.2279929, 25.7252829], [-80.2279626, 25.725197], [-80.2279096, 25.7250698]]}, "properties": {"project": "FL3502", "date": "19350123", "kind": "Natural.Mean High Water", "source": "T05628"}}, {"type": "Feature", "geometry": {"type": "LineString", "coordinates": [[-80.2300844, 25.7237187], [-80.2299113, 25.7235691], [-80.2298838, 25.7235561], [-80.2298655, 25.7235561], [-80.2298445, 25.7235633], [-80.2298353, 25.7235764], [-80.2298314, 25.723599], [-80.2298327, 25.7236192], [-80.2298484, 25.7236394], [-80.230007, 25.7237414], [-80.2300621, 25.7237901], [-80.2300791, 25.7238008], [-80.2300935, 25.7238008], [-80.2301093, 25.7237936], [-80.2301145, 25.723777], [-80.2301106, 25.7237508], [-80.2300962, 25.7237306], [-80.2300844, 25.7237187]]}, "properties": {"project": "FL3502", "date": "19350123", "kind": "Natural.Mean High Water", "source": "T05628"}}, {"type": "Feature", "geometry": {"type": "LineString", "coordinates": [[-80.2009399, 25.7494445], [-80.2009442, 25.7494718], [-80.2009558, 25.7495085], [-80.200976, 25.7495557], [-80.200976, 25.749595], [-80.2009615, 25.7496265], [-80.2008805, 25.7496974], [-80.200658, 25.7498261], [-80.2005741, 25.749897], [-80.2005221, 25.7499547], [-80.2004787, 25.7500334], [-80.2004584, 25.75012], [-80.2004435, 25.7501546], [-80.2004324, 25.7501803], [-80.2003977, 25.7502406], [-80.2003572, 25.7502826], [-80.2003079999999, 25.7503089000001], [-80.2002621, 25.7503254], [-80.2002256, 25.7503503], [-80.200179, 25.750378]]}, "properties": {"project": "FL3502", "date": "19350123", "kind": "Natural.Mean High Water", "source": "T05628"}}, {"type": "Feature", "geometry": {"type": "LineString", "coordinates": [[-80.2010116, 25.7493788], [-80.2009616, 25.7494141], [-80.2009399, 25.7494445]]}, "properties": {"project": "FL3502", "date": "19350123", "kind": "Natural.Mean High Water", "source": "T05628"}}, {"type": "Feature", "geometry": {"type": "LineString", "coordinates": [[-80.1504691, 25.7812597], [-80.1503769, 25.7812191]]}, "properties": {"project": "FL3502", "date": "19350123", "kind": "Shoreline/Alongshore Feature Boundary", "source": "T05629"}}, {"type": "Feature", "geometry": {"type": "LineString", "coordinates": [[-80.1504691, 25.7812597], [-80.1505683, 25.7812727], [-80.1507407, 25.7813006], [-80.1508896, 25.7813200000001], [-80.1510667, 25.7813202]]}, "properties": {"project": "FL3502", "date": "19350123", "kind": "Man-made", "source": "T05629"}}, {"type": "Feature", "geometry": {"type": "LineString", "coordinates": [[-80.1790689, 25.7875483], [-80.1788912, 25.7875516], [-80.1787483, 25.787569], [-80.1785282, 25.7876385], [-80.1783583, 25.7876977], [-80.1782077, 25.7877115], [-80.1780145, 25.7876939], [-80.1778561, 25.7876449], [-80.1776744, 25.7875435], [-80.1774346, 25.7873722], [-80.1773651, 25.7873477], [-80.1769672, 25.7873613], [-80.17655, 25.7873888], [-80.1760865, 25.7874058], [-80.1758277, 25.7873986], [-80.1755147, 25.7873599], [-80.1752829, 25.7873492], [-80.1750666, 25.7873525], [-80.1749044, 25.7873837], [-80.1748079, 25.7874116], [-80.1747886, 25.7874081000001], [-80.1747847, 25.7873906], [-80.1747924, 25.7873627], [-80.1748657, 25.7873314], [-80.1750704, 25.7872722], [-80.1750974, 25.7872408], [-80.175105, 25.7871571], [-80.1750856, 25.7870873], [-80.1749231, 25.7868812], [-80.1748418, 25.7867834], [-80.17478, 25.7867729], [-80.1747144, 25.7867833], [-80.1745830999999, 25.7868529], [-80.1743669, 25.7869225], [-80.1742742, 25.7869294], [-80.1741853, 25.7869154], [-80.1740771, 25.7868524], [-80.1739649, 25.7867511], [-80.1738952, 25.7866045], [-80.1738564, 25.7864543], [-80.1738523, 25.7863182], [-80.1738676, 25.7861891], [-80.173906, 25.7860391], [-80.1739484, 25.7859204], [-80.1739714, 25.7857634], [-80.1739557, 25.7856133], [-80.1738937, 25.7854178], [-80.1738278, 25.7852502], [-80.1738161, 25.7851769], [-80.173816, 25.7850792], [-80.1738351, 25.7849745], [-80.1738582, 25.7848559], [-80.1738503, 25.7847372], [-80.1738192, 25.784629], [-80.1736722, 25.7844299], [-80.1736335, 25.7843531], [-80.1736218, 25.7842972], [-80.1736333, 25.7842309], [-80.1736873, 25.7841263], [-80.1737141999999, 25.7840739], [-80.1737219, 25.7840146], [-80.1737063, 25.7839413], [-80.1736599, 25.7838575], [-80.1735554, 25.7837213], [-80.1735399, 25.7836759], [-80.173536, 25.7836235], [-80.173505, 25.7835816], [-80.1733387, 25.7834279], [-80.1731685, 25.7832148], [-80.1730717, 25.7830333], [-80.1729633, 25.7828866], [-80.1728086, 25.7827468], [-80.1725341, 25.7825336], [-80.1722634, 25.7822786], [-80.1721125, 25.7821353], [-80.1720119, 25.7819921], [-80.1719267, 25.7817931], [-80.1718801, 25.7816151], [-80.17188, 25.781486], [-80.1718913, 25.7813324], [-80.1718835, 25.7812731], [-80.1718565, 25.7812346]]}, "properties": {"project": "FL3502", "date": "19350123", "kind": "Natural.Mean High Water", "source": "T05629"}}, {"type": "Feature", "geometry": {"type": "LineString", "coordinates": [[-80.1503769, 25.7812191], [-80.150384, 25.7812618], [-80.1502872, 25.7812574], [-80.1502872, 25.7813022], [-80.1505589, 25.7813772], [-80.150566, 25.7813388], [-80.150462, 25.7812939], [-80.1504691, 25.7812597]]}, "properties": {"project": "FL3502", "date": "19350123", "kind": "Pier", "source": "T05629"}}, {"type": "Feature", "geometry": {"type": "LineString", "coordinates": [[-80.1637644, 25.7817961], [-80.1635521, 25.7817042], [-80.1628603, 25.7814173], [-80.162327, 25.7811899]]}, "properties": {"project": "FL3502", "date": "19350123", "kind": "Man-made", "source": "T05629"}}, {"type": "Feature", "geometry": {"type": "LineString", "coordinates": [[-80.162327, 25.7811899], [-80.1622846, 25.7812282], [-80.1621493, 25.7811652], [-80.1621415, 25.7811094]]}, "properties": {"project": "FL3502", "date": "19350123", "kind": "Pier", "source": "T05629"}}, {"type": "Feature", "geometry": {"type": "LineString", "coordinates": [[-80.162327, 25.7811899], [-80.1621415, 25.7811094]]}, "properties": {"project": "FL3502", "date": "19350123", "kind": "Shoreline/Alongshore Feature Boundary", "source": "T05629"}}, {"type": "Feature", "geometry": {"type": "LineString", "coordinates": [[-80.1621415, 25.7811094], [-80.1618903, 25.780994]]}, "properties": {"project": "FL3502", "date": "19350123", "kind": "Man-made", "source": "T05629"}}, {"type": "Feature", "geometry": {"type": "LineString", "coordinates": [[-80.1609939, 25.7824065], [-80.1605224, 25.782214], [-80.159846, 25.7819131], [-80.1591272, 25.7816157], [-80.1585707, 25.7813673], [-80.1579987, 25.7811258], [-80.157598, 25.7809542]]}, "properties": {"project": "FL3502", "date": "19350123", "kind": "Man-made", "source": "T05629"}}, {"type": "Feature", "geometry": {"type": "LineString", "coordinates": [[-80.1618903, 25.780994], [-80.1617396, 25.7809345]]}, "properties": {"project": "FL3502", "date": "19350123", "kind": "Undetermined.Approximate", "source": "T05629"}}, {"type": "Feature", "geometry": {"type": "LineString", "coordinates": [[-80.1571969, 25.7807751], [-80.1570055, 25.7806885]]}, "properties": {"project": "FL3502", "date": "19350123", "kind": "Shoreline/Alongshore Feature Boundary", "source": "T05629"}}, {"type": "Feature", "geometry": {"type": "LineString", "coordinates": [[-80.157598, 25.7809542], [-80.1576508, 25.7808881]]}, "properties": {"project": "FL3502", "date": "19350123", "kind": "Pier", "source": "T05629"}}, {"type": "Feature", "geometry": {"type": "LineString", "coordinates": [[-80.157598, 25.7809542], [-80.1574268, 25.7808809], [-80.1571969, 25.7807751]]}, "properties": {"project": "FL3502", "date": "19350123", "kind": "Man-made", "source": "T05629"}}, {"type": "Feature", "geometry": {"type": "LineString", "coordinates": [[-80.2073583, 25.7807476], [-80.2073861, 25.7812293], [-80.2074094, 25.7813096], [-80.2077655, 25.7817705000001], [-80.2079978, 25.7820744], [-80.2082144, 25.7822735], [-80.208725, 25.7827241], [-80.2091737, 25.7831083], [-80.2093555, 25.783262], [-80.2095219, 25.7834681000001], [-80.2097503, 25.7837824], [-80.2097969, 25.7838941], [-80.2098008, 25.7839569], [-80.2097854, 25.7839953], [-80.2097352, 25.7840127], [-80.2096696, 25.7840057], [-80.2096232, 25.7839742], [-80.209596, 25.7839044], [-80.2095648, 25.7837368], [-80.2095183, 25.7836321], [-80.2094099, 25.7834959], [-80.2091933, 25.7832968], [-80.2088955, 25.7830627], [-80.2086208, 25.7828147], [-80.2082224, 25.7824654], [-80.2079285, 25.7822314], [-80.2077698, 25.7820602], [-80.2076227, 25.7818542], [-80.207553, 25.7817145], [-80.2074601, 25.7815853], [-80.2073633, 25.7814771], [-80.2072473, 25.7813618], [-80.2072318, 25.7813269], [-80.2072154, 25.7807196]]}, "properties": {"project": "FL3502", "date": "19350123", "kind": "Man-made", "source": "T05629"}}, {"type": "Feature", "geometry": {"type": "LineString", "coordinates": [[-80.2107651, 25.7806647], [-80.2111171, 25.7809721], [-80.2114536, 25.7812061], [-80.2118943, 25.7814298], [-80.2123388, 25.7816186], [-80.2128026, 25.78179], [-80.2130615, 25.7818565], [-80.2131813, 25.7818775], [-80.2132432, 25.781909], [-80.2133592, 25.7819719], [-80.2135408, 25.7820313], [-80.2140432, 25.7821818], [-80.2144181, 25.7823216], [-80.2144606, 25.7823217], [-80.2144876999999, 25.7823112], [-80.2144991, 25.7822414], [-80.21453, 25.7821961], [-80.2145879, 25.7821822], [-80.2146613, 25.7821857], [-80.2147115, 25.7822032], [-80.214727, 25.7822276], [-80.214727, 25.7822521000001], [-80.214704, 25.7823009], [-80.214704, 25.7823323], [-80.2147156, 25.7823602], [-80.2147853, 25.7824196]]}, "properties": {"project": "FL3502", "date": "19350123", "kind": "Natural.Mean High Water", "source": "T05629"}}, {"type": "Feature", "geometry": {"type": "LineString", "coordinates": [[-80.1571969, 25.7807751], [-80.1571929, 25.7807079], [-80.157019, 25.7806344], [-80.1570055, 25.7806885]]}, "properties": {"project": "FL3502", "date": "19350123", "kind": "Pier", "source": "T05629"}}, {"type": "Feature", "geometry": {"type": "LineString", "coordinates": [[-80.1570055, 25.7806885], [-80.1568065, 25.7806289]]}, "properties": {"project": "FL3502", "date": "19350123", "kind": "Man-made", "source": "T05629"}}, {"type": "Feature", "geometry": {"type": "LineString", "coordinates": [[-80.1566327, 25.780627], [-80.1563758, 25.780632], [-80.1563024, 25.7806476], [-80.156148, 25.780705], [-80.1559067, 25.7808461], [-80.1557466, 25.7809925], [-80.1556464, 25.7811459], [-80.1555712, 25.7813012], [-80.1555269999999, 25.7814686], [-80.1555176, 25.7817077], [-80.1555429, 25.7818683], [-80.155632, 25.7820813], [-80.1557867, 25.7822839], [-80.1559142999999, 25.7823957], [-80.1561037, 25.7824971], [-80.1565906, 25.7827071], [-80.1569307, 25.782854]]}, "properties": {"project": "FL3502", "date": "19350123", "kind": "Man-made", "source": "T05629"}}, {"type": "Feature", "geometry": {"type": "LineString", "coordinates": [[-80.1568065, 25.7806289], [-80.1566327, 25.780627]]}, "properties": {"project": "FL3502", "date": "19350123", "kind": "Shoreline/Alongshore Feature Boundary", "source": "T05629"}}, {"type": "Feature", "geometry": {"type": "LineString", "coordinates": [[-80.2073504, 25.780601], [-80.2073583, 25.7807476]]}, "properties": {"project": "FL3502", "date": "19350123", "kind": "Undetermined.Approximate", "source": "T05629"}}, {"type": "Feature", "geometry": {"type": "LineString", "coordinates": [[-80.2072154, 25.7807196], [-80.2072036, 25.7805974]]}, "properties": {"project": "FL3502", "date": "19350123", "kind": "Undetermined.Approximate", "source": "T05629"}}, {"type": "Feature", "geometry": {"type": "LineString", "coordinates": [[-80.1568065, 25.7806289], [-80.1568084, 25.7805661], [-80.156677, 25.780566], [-80.1566327, 25.780627]]}, "properties": {"project": "FL3502", "date": "19350123", "kind": "Pier", "source": "T05629"}}, {"type": "Feature", "geometry": {"type": "LineString", "coordinates": [[-80.1617396, 25.7809345], [-80.161241, 25.7807315], [-80.1607657, 25.7805251]]}, "properties": {"project": "FL3502", "date": "19350123", "kind": "Man-made", "source": "T05629"}}, {"type": "Feature", "geometry": {"type": "LineString", "coordinates": [[-80.1607657, 25.7805251], [-80.1607231999999, 25.7805564], [-80.1606536, 25.780518], [-80.1606497, 25.7804726]]}, "properties": {"project": "FL3502", "date": "19350123", "kind": "Pier", "source": "T05629"}}, {"type": "Feature", "geometry": {"type": "LineString", "coordinates": [[-80.1607657, 25.7805251], [-80.1606497, 25.7804726]]}, "properties": {"project": "FL3502", "date": "19350123", "kind": "Shoreline/Alongshore Feature Boundary", "source": "T05629"}}, {"type": "Feature", "geometry": {"type": "LineString", "coordinates": [[-80.2106103, 25.7804691], [-80.2105988, 25.7805389], [-80.2107033, 25.7806542], [-80.2107651, 25.7806647]]}, "properties": {"project": "FL3502", "date": "19350123", "kind": "Pier", "source": "T05629"}}, {"type": "Feature", "geometry": {"type": "LineString", "coordinates": [[-80.2107651, 25.7806647], [-80.2106103, 25.7804691]]}, "properties": {"project": "FL3502", "date": "19350123", "kind": "Shoreline/Alongshore Feature Boundary", "source": "T05629"}}, {"type": "Feature", "geometry": {"type": "LineString", "coordinates": [[-80.1857862, 25.7817558], [-80.1859405, 25.7815919], [-80.1859752, 25.7815012], [-80.186002, 25.7813302], [-80.1860054, 25.7810544], [-80.186071, 25.7809428], [-80.1861712, 25.7808347], [-80.186229, 25.7807021], [-80.1862327, 25.7806114], [-80.1862095, 25.7805451], [-80.1860085, 25.7804472], [-80.1859544, 25.7804506], [-80.1859158, 25.780475], [-80.1858348, 25.7805517], [-80.185723, 25.7807122], [-80.185646, 25.7808866], [-80.1856037, 25.7810471], [-80.1855731, 25.7812809], [-80.1855657999999, 25.7815845], [-80.1855814, 25.7817032], [-80.1856511, 25.781787], [-80.1857013, 25.7817941], [-80.1857399, 25.7817871], [-80.1857862, 25.7817558]]}, "properties": {"project": "FL3502", "date": "19350123", "kind": "Natural.Mean High Water", "source": "T05629"}}, {"type": "Feature", "geometry": {"type": "LineString", "coordinates": [[-80.1853101, 25.7836865], [-80.1852978, 25.7832561], [-80.1853054, 25.7832281], [-80.1853286, 25.7832212], [-80.1866072, 25.7831874], [-80.1873604, 25.7831672], [-80.1880248, 25.7831538], [-80.1880327, 25.7833109], [-80.1886083, 25.7832939], [-80.1886119, 25.7831229], [-80.1890677, 25.7831094], [-80.1891524, 25.782921], [-80.1891562, 25.7829], [-80.1891562, 25.7828861], [-80.1891292, 25.7828791], [-80.1889631, 25.7828859], [-80.1887854, 25.7828823], [-80.1887848, 25.7824669], [-80.1888775, 25.7824565], [-80.1888774, 25.7824042], [-80.1883328, 25.7824107], [-80.1881667, 25.7824175], [-80.187904, 25.7824208], [-80.1878681, 25.7816041], [-80.1878433, 25.7804802], [-80.1886351, 25.780446], [-80.188666, 25.7804286000001], [-80.1886814, 25.7804077], [-80.1886848, 25.7802716]]}, "properties": {"project": "FL3502", "date": "19350123", "kind": "Man-made", "source": "T05629"}}, {"type": "Feature", "geometry": {"type": "LineString", "coordinates": [[-80.1883568, 25.7802713], [-80.1886848, 25.7802716]]}, "properties": {"project": "FL3502", "date": "19350123", "kind": "Pier", "source": "T05629"}}, {"type": "Feature", "geometry": {"type": "LineString", "coordinates": [[-80.1606497, 25.7804726], [-80.1601705, 25.7802644], [-80.1597106, 25.780065], [-80.1596179, 25.7800247]]}, "properties": {"project": "FL3502", "date": "19350123", "kind": "Man-made", "source": "T05629"}}, {"type": "Feature", "geometry": {"type": "LineString", "coordinates": [[-80.1878273, 25.7800167], [-80.186765, 25.78005], [-80.1862977, 25.7800651]]}, "properties": {"project": "FL3502", "date": "19350123", "kind": "Man-made", "source": "T05629"}}, {"type": "Feature", "geometry": {"type": "LineString", "coordinates": [[-80.1596179, 25.7800247], [-80.1595928, 25.7800718], [-80.159674, 25.7801103], [-80.1596297, 25.7802028], [-80.1594268, 25.7801153], [-80.1594538, 25.7800717], [-80.1595329, 25.7800735], [-80.1595541, 25.7800072]]}, "properties": {"project": "FL3502", "date": "19350123", "kind": "Pier", "source": "T05629"}}, {"type": "Feature", "geometry": {"type": "LineString", "coordinates": [[-80.1596179, 25.7800247], [-80.1595541, 25.7800072]]}, "properties": {"project": "FL3502", "date": "19350123", "kind": "Shoreline/Alongshore Feature Boundary", "source": "T05629"}}, {"type": "Feature", "geometry": {"type": "LineString", "coordinates": [[-80.1862898, 25.7799972], [-80.1862977, 25.7800651]]}, "properties": {"project": "FL3502", "date": "19350123", "kind": "Shoreline/Alongshore Feature Boundary", "source": "T05629"}}, {"type": "Feature", "geometry": {"type": "LineString", "coordinates": [[-80.1885264, 25.7800062], [-80.1885265, 25.780069], [-80.1884029, 25.7801143], [-80.1878776, 25.7801208], [-80.1878312, 25.7800823], [-80.1878273, 25.7800167]]}, "properties": {"project": "FL3502", "date": "19350123", "kind": "Man-made", "source": "T05629"}}, {"type": "Feature", "geometry": {"type": "LineString", "coordinates": [[-80.1886848, 25.7802716], [-80.1886851, 25.7802576], [-80.1886773, 25.7802436], [-80.1886619, 25.7802366], [-80.1886001, 25.7802331], [-80.1885882, 25.7800062], [-80.1885264, 25.7800062]]}, "properties": {"project": "FL3502", "date": "19350123", "kind": "Man-made", "source": "T05629"}}, {"type": "Feature", "geometry": {"type": "LineString", "coordinates": [[-80.1862977, 25.7800651], [-80.1860311, 25.7800737], [-80.1854633, 25.7800942], [-80.1852046, 25.7801009], [-80.1852122, 25.7800276], [-80.1862898, 25.7799972]]}, "properties": {"project": "FL3502", "date": "19350123", "kind": "Pier", "source": "T05629"}}, {"type": "Feature", "geometry": {"type": "LineString", "coordinates": [[-80.1647006, 25.779929], [-80.1647823, 25.7800198], [-80.1648364, 25.7800652], [-80.1652152, 25.7802227], [-80.1659804, 25.780555], [-80.1663707, 25.780723], [-80.1666722, 25.7808385], [-80.1669504, 25.7809644], [-80.1673562, 25.7811428], [-80.1677041, 25.7813002], [-80.1678471, 25.7813981], [-80.1680057, 25.7815693], [-80.1681373, 25.7818032], [-80.1681511, 25.7818384]]}, "properties": {"project": "FL3502", "date": "19350123", "kind": "Man-made", "source": "T05629"}}, {"type": "Feature", "geometry": {"type": "LineString", "coordinates": [[-80.1647006, 25.779929], [-80.1646111, 25.7799289]]}, "properties": {"project": "FL3502", "date": "19350123", "kind": "Undetermined.Approximate", "source": "T05629"}}, {"type": "Feature", "geometry": {"type": "LineString", "coordinates": [[-80.2143727, 25.7828783], [-80.2139244, 25.7827174], [-80.2131475, 25.7824411], [-80.2125522, 25.7822138], [-80.2118681, 25.7819656], [-80.2114739, 25.7817977], [-80.2112456999999, 25.7816545], [-80.2108861, 25.7814134], [-80.2106503, 25.7812876], [-80.2105806, 25.7812072], [-80.2104491, 25.7810815], [-80.2102828, 25.7809453], [-80.2100118, 25.780624], [-80.2096017, 25.78017], [-80.2094702, 25.7800512], [-80.209358, 25.7799743], [-80.2091607999999, 25.7798625], [-80.2089599, 25.7797891]]}, "properties": {"project": "FL3502", "date": "19350123", "kind": "Natural.Mean High Water", "source": "T05629"}}, {"type": "Feature", "geometry": {"type": "LineString", "coordinates": [[-80.1862861, 25.779767], [-80.1852119, 25.7798008]]}, "properties": {"project": "FL3502", "date": "19350123", "kind": "Pier", "source": "T05629"}}, {"type": "Feature", "geometry": {"type": "LineString", "coordinates": [[-80.1862898, 25.7799972], [-80.1862861, 25.779767]]}, "properties": {"project": "FL3502", "date": "19350123", "kind": "Man-made", "source": "T05629"}}, {"type": "Feature", "geometry": {"type": "LineString", "coordinates": [[-80.1493879, 25.7797539], [-80.1494261, 25.7800612], [-80.1494783, 25.7803259], [-80.1495967, 25.7805864], [-80.1497954, 25.7808342], [-80.1500555, 25.7810565], [-80.1503769, 25.7812191]]}, "properties": {"project": "FL3502", "date": "19350123", "kind": "Man-made", "source": "T05629"}}, {"type": "Feature", "geometry": {"type": "LineString", "coordinates": [[-80.2089599, 25.7797891], [-80.2088134, 25.7800193], [-80.2087438, 25.7799774], [-80.2088632, 25.7797436]]}, "properties": {"project": "FL3502", "date": "19350123", "kind": "Man-made", "source": "T05629"}}, {"type": "Feature", "geometry": {"type": "LineString", "coordinates": [[-80.1493665, 25.779598], [-80.1492839, 25.7796236], [-80.1492864, 25.7797388], [-80.1493879, 25.7797539]]}, "properties": {"project": "FL3502", "date": "19350123", "kind": "Pier", "source": "T05629"}}, {"type": "Feature", "geometry": {"type": "LineString", "coordinates": [[-80.1493665, 25.779598], [-80.1493879, 25.7797539]]}, "properties": {"project": "FL3502", "date": "19350123", "kind": "Shoreline/Alongshore Feature Boundary", "source": "T05629"}}, {"type": "Feature", "geometry": {"type": "LineString", "coordinates": [[-80.1862824, 25.779547], [-80.1851845, 25.7795774000001]]}, "properties": {"project": "FL3502", "date": "19350123", "kind": "Pier", "source": "T05629"}}, {"type": "Feature", "geometry": {"type": "LineString", "coordinates": [[-80.1862861, 25.779767], [-80.1862824, 25.779547]]}, "properties": {"project": "FL3502", "date": "19350123", "kind": "Man-made", "source": "T05629"}}, {"type": "Feature", "geometry": {"type": "LineString", "coordinates": [[-80.1582563, 25.7794395], [-80.1582093, 25.7795032]]}, "properties": {"project": "FL3502", "date": "19350123", "kind": "Pier", "source": "T05629"}}, {"type": "Feature", "geometry": {"type": "LineString", "coordinates": [[-80.2229226, 25.7859554], [-80.222652, 25.7858505], [-80.2223118, 25.7857177], [-80.2221031, 25.7856547], [-80.2219022, 25.7856127], [-80.2216317, 25.7855567], [-80.2213765, 25.7854518], [-80.2211137, 25.7853539], [-80.2207658, 25.785235], [-80.220387, 25.7851091], [-80.2200469, 25.7849623], [-80.2197531, 25.7848574], [-80.2194517, 25.7847769], [-80.2190343, 25.7846824], [-80.2187059, 25.7846194], [-80.2183696, 25.7845249], [-80.2180334, 25.7844025], [-80.2176584, 25.7842557], [-80.2173801, 25.7841194], [-80.2169431, 25.7838259], [-80.216572, 25.7836721], [-80.2162551, 25.7835811], [-80.2161005, 25.783574], [-80.2159537, 25.783539], [-80.2158879999999, 25.7835041], [-80.2158532, 25.7834726], [-80.2158068, 25.7834552], [-80.2157333, 25.7834132], [-80.215629, 25.7834027]]}, "properties": {"project": "FL3502", "date": "19350123", "kind": "Natural.Mean High Water", "source": "T05629"}}, {"type": "Feature", "geometry": {"type": "LineString", "coordinates": [[-80.2181983, 25.7837099], [-80.2181977, 25.7833574], [-80.2182904, 25.7833574], [-80.2182833, 25.7837274]]}, "properties": {"project": "FL3502", "date": "19350123", "kind": "Man-made", "source": "T05629"}}, {"type": "Feature", "geometry": {"type": "LineString", "coordinates": [[-80.144195, 25.7849194], [-80.1440231, 25.7846649], [-80.1438593, 25.7843547], [-80.1436846, 25.7839863], [-80.143596, 25.783761], [-80.1435475, 25.7835405], [-80.1435101, 25.7833055]]}, "properties": {"project": "FL3502", "date": "19350123", "kind": "Natural.Mean High Water", "source": "T05629"}}, {"type": "Feature", "geometry": {"type": "LineString", "coordinates": [[-80.1435101, 25.7833055], [-80.1436411, 25.7833081], [-80.1436841, 25.7834995]]}, "properties": {"project": "FL3502", "date": "19350123", "kind": "Pier", "source": "T05629"}}, {"type": "Feature", "geometry": {"type": "LineString", "coordinates": [[-80.2151002, 25.7836917], [-80.2150919, 25.7833046]]}, "properties": {"project": "FL3502", "date": "19350123", "kind": "Pier", "source": "T05629"}}, {"type": "Feature", "geometry": {"type": "LineString", "coordinates": [[-80.215629, 25.7834027], [-80.2156183, 25.7839681], [-80.2154792, 25.783947], [-80.2154704, 25.7832909], [-80.2152618, 25.7832349], [-80.215247, 25.7836886], [-80.2151002, 25.7836917]]}, "properties": {"project": "FL3502", "date": "19350123", "kind": "Man-made", "source": "T05629"}}, {"type": "Feature", "geometry": {"type": "LineString", "coordinates": [[-80.2151002, 25.7836917], [-80.2149226, 25.7836954], [-80.2148791, 25.7831282]]}, "properties": {"project": "FL3502", "date": "19350123", "kind": "Man-made", "source": "T05629"}}, {"type": "Feature", "geometry": {"type": "LineString", "coordinates": [[-80.2148791, 25.7831282], [-80.2147014, 25.7830327]]}, "properties": {"project": "FL3502", "date": "19350123", "kind": "Undetermined.Approximate", "source": "T05629"}}, {"type": "Feature", "geometry": {"type": "LineString", "coordinates": [[-80.1435101, 25.7833055], [-80.1435043, 25.7832692], [-80.1434315, 25.7828816]]}, "properties": {"project": "FL3502", "date": "19350123", "kind": "Natural.Mean High Water", "source": "T05629"}}, {"type": "Feature", "geometry": {"type": "LineString", "coordinates": [[-80.1434315, 25.7828816], [-80.1435441, 25.7828817], [-80.1435844, 25.7829981]]}, "properties": {"project": "FL3502", "date": "19350123", "kind": "Pier", "source": "T05629"}}, {"type": "Feature", "geometry": {"type": "LineString", "coordinates": [[-80.2147014, 25.7830327], [-80.2144116, 25.7830179], [-80.2143727, 25.7828783]]}, "properties": {"project": "FL3502", "date": "19350123", "kind": "Man-made", "source": "T05629"}}, {"type": "Feature", "geometry": {"type": "LineString", "coordinates": [[-80.1569307, 25.782854], [-80.1569057, 25.7829116], [-80.1569695, 25.7829518], [-80.1570003, 25.782882]]}, "properties": {"project": "FL3502", "date": "19350123", "kind": "Pier", "source": "T05629"}}, {"type": "Feature", "geometry": {"type": "LineString", "coordinates": [[-80.1570003, 25.782882], [-80.1569307, 25.782854]]}, "properties": {"project": "FL3502", "date": "19350123", "kind": "Shoreline/Alongshore Feature Boundary", "source": "T05629"}}, {"type": "Feature", "geometry": {"type": "LineString", "coordinates": [[-80.2158212, 25.7828461], [-80.2160376, 25.7829091], [-80.2162039, 25.7829965], [-80.2163044, 25.7830315], [-80.216428, 25.7830699], [-80.2165517, 25.7831294], [-80.2166677, 25.7831643], [-80.2167411, 25.7831853], [-80.2168339, 25.7832377], [-80.216888, 25.7832587], [-80.2169498, 25.7832692], [-80.217143, 25.7832973], [-80.2173053, 25.7833358], [-80.2175256, 25.7834023], [-80.2177499, 25.7835071], [-80.2179471, 25.7836224], [-80.2181983, 25.7837099]]}, "properties": {"project": "FL3502", "date": "19350123", "kind": "Natural.Mean High Water", "source": "T05629"}}, {"type": "Feature", "geometry": {"type": "LineString", "coordinates": [[-80.1811912, 25.783001], [-80.1812608, 25.7830534], [-80.1813188, 25.7830639], [-80.1814037, 25.7830535], [-80.1814655, 25.7830152], [-80.1814731, 25.7829663], [-80.1814537, 25.7829], [-80.1813918, 25.7827987], [-80.1812834999999, 25.7826939], [-80.1812449, 25.7826869], [-80.1811869, 25.7827008], [-80.1811599, 25.7827287], [-80.1811446, 25.7827811], [-80.1811486, 25.7829172], [-80.1811602, 25.7829556], [-80.1811912, 25.783001]]}, "properties": {"project": "FL3502", "date": "19350123", "kind": "Natural.Mean High Water", "source": "T05629"}}, {"type": "Feature", "geometry": {"type": "LineString", "coordinates": [[-80.2144918, 25.782754], [-80.2144986, 25.7827893], [-80.2145234, 25.7828055], [-80.2145624, 25.782809], [-80.2145944, 25.7827866], [-80.2146017, 25.7827578], [-80.2145913, 25.7827160000001], [-80.214549, 25.7826836], [-80.214517, 25.7826867], [-80.2144921, 25.7827058], [-80.2144918, 25.782754]]}, "properties": {"project": "FL3502", "date": "19350123", "kind": "Natural.Mean High Water", "source": "T05629"}}, {"type": "Feature", "geometry": {"type": "LineString", "coordinates": [[-80.168025, 25.782667], [-80.1679994, 25.782707], [-80.1679543, 25.7827547]]}, "properties": {"project": "FL3502", "date": "19350123", "kind": "Shoreline/Alongshore Feature Boundary", "source": "T05629"}}, {"type": "Feature", "geometry": {"type": "LineString", "coordinates": [[-80.168025, 25.782667], [-80.1681076, 25.7827455], [-80.1680343, 25.7828118], [-80.1679543, 25.7827547]]}, "properties": {"project": "FL3502", "date": "19350123", "kind": "Pier", "source": "T05629"}}, {"type": "Feature", "geometry": {"type": "LineString", "coordinates": [[-80.1570003, 25.782882], [-80.157553, 25.7831217], [-80.158036, 25.7833299], [-80.1585327, 25.7835433], [-80.1590757, 25.7837795], [-80.1595607, 25.7839894], [-80.1600766, 25.7842064], [-80.1605037, 25.7843988], [-80.1609404, 25.7845825], [-80.1614544, 25.7848012], [-80.1619607, 25.7850199], [-80.1624168, 25.7852193], [-80.1631588, 25.7855394], [-80.1634738, 25.7856689], [-80.1641193, 25.7859418], [-80.1643202, 25.7860048], [-80.1644438, 25.7860189], [-80.1647258, 25.7860087], [-80.1649652, 25.7859497], [-80.1651776, 25.7858522], [-80.1653513, 25.7857197], [-80.1655017, 25.7855349], [-80.1656134, 25.7853047], [-80.165648, 25.7851128], [-80.1656361, 25.784851], [-80.165574, 25.784652], [-80.1654772, 25.7844948], [-80.1653225, 25.7843202], [-80.1651756, 25.7842083], [-80.1649978, 25.7841209], [-80.1648007, 25.7840474], [-80.1643562, 25.7838515], [-80.1638345, 25.7836276], [-80.163247, 25.7833757], [-80.1626132, 25.7831027], [-80.1621069, 25.7828893], [-80.1615774, 25.7826514], [-80.1610982, 25.7824555]]}, "properties": {"project": "FL3502", "date": "19350123", "kind": "Man-made", "source": "T05629"}}, {"type": "Feature", "geometry": {"type": "LineString", "coordinates": [[-80.1610982, 25.7824555], [-80.1609939, 25.7824065]]}, "properties": {"project": "FL3502", "date": "19350123", "kind": "Undetermined.Approximate", "source": "T05629"}}, {"type": "Feature", "geometry": {"type": "LineString", "coordinates": [[-80.1434315, 25.7828816], [-80.1432886, 25.7820677]]}, "properties": {"project": "FL3502", "date": "19350123", "kind": "Natural.Mean High Water", "source": "T05629"}}, {"type": "Feature", "geometry": {"type": "LineString", "coordinates": [[-80.2156967, 25.7822946], [-80.2156893, 25.7824761]]}, "properties": {"project": "FL3502", "date": "19350123", "kind": "Pier", "source": "T05629"}}, {"type": "Feature", "geometry": {"type": "LineString", "coordinates": [[-80.2156967, 25.7822946], [-80.2158087, 25.7822982], [-80.2158212, 25.7828461]]}, "properties": {"project": "FL3502", "date": "19350123", "kind": "Man-made", "source": "T05629"}}, {"type": "Feature", "geometry": {"type": "LineString", "coordinates": [[-80.2147853, 25.7824196], [-80.2149705, 25.7822801]]}, "properties": {"project": "FL3502", "date": "19350123", "kind": "Undetermined.Approximate", "source": "T05629"}}, {"type": "Feature", "geometry": {"type": "LineString", "coordinates": [[-80.2149705, 25.7822801], [-80.2152138, 25.7822803], [-80.2152331, 25.7822943], [-80.2152487, 25.7823257], [-80.2152645, 25.7825805], [-80.21528, 25.7826084], [-80.2155506, 25.7827273], [-80.2155931, 25.7827203000001], [-80.2156045999999, 25.7827029], [-80.2156043, 25.782504], [-80.2156004, 25.78249], [-80.2155695, 25.7824725], [-80.2155231, 25.782462], [-80.2154999, 25.7824341], [-80.2154959, 25.7823608], [-80.215507, 25.7820711], [-80.2155186, 25.7820572], [-80.2156538, 25.7820642], [-80.2156809, 25.7820782], [-80.2156886, 25.7820992], [-80.2156967, 25.7822946]]}, "properties": {"project": "FL3502", "date": "19350123", "kind": "Man-made", "source": "T05629"}}, {"type": "Feature", "geometry": {"type": "LineString", "coordinates": [[-80.1836556, 25.7829544], [-80.1840764, 25.7827698], [-80.184308, 25.7826653], [-80.1843272999999, 25.7826409], [-80.1843272999999, 25.7826025], [-80.1843118, 25.7825711], [-80.1842731, 25.7825536], [-80.1841688, 25.7825256], [-80.1840915, 25.7824802], [-80.1839252, 25.7823369], [-80.1836699, 25.7820749], [-80.1836196, 25.7820469], [-80.1835423, 25.7820294], [-80.1834573, 25.7820224], [-80.1833647, 25.7820328], [-80.183299, 25.7820641], [-80.1832026, 25.7821652], [-80.1830793, 25.7823606], [-80.1830407, 25.7824443], [-80.18301, 25.782542], [-80.1829637, 25.7826362], [-80.1828712, 25.7827547], [-80.1827785999999, 25.7828384], [-80.1827324, 25.7829117], [-80.1827286, 25.7829605], [-80.1827518, 25.7830024], [-80.1828484, 25.7830514], [-80.1830262, 25.7830969], [-80.1832425, 25.7831216], [-80.1833236, 25.7831216], [-80.183397, 25.7831042], [-80.1836556, 25.7829544]]}, "properties": {"project": "FL3502", "date": "19350123", "kind": "Natural.Mean High Water", "source": "T05629"}}, {"type": "Feature", "geometry": {"type": "LineString", "coordinates": [[-80.1681992, 25.7820201], [-80.168215, 25.7821209], [-80.1682036, 25.7822745], [-80.168142, 25.7824838], [-80.168025, 25.782667]]}, "properties": {"project": "FL3502", "date": "19350123", "kind": "Man-made", "source": "T05629"}}, {"type": "Feature", "geometry": {"type": "LineString", "coordinates": [[-80.1432886, 25.7820677], [-80.1432563, 25.7818908]]}, "properties": {"project": "FL3502", "date": "19350123", "kind": "Shoreline/Alongshore Feature Boundary", "source": "T05629"}}, {"type": "Feature", "geometry": {"type": "LineString", "coordinates": [[-80.1432886, 25.7820677], [-80.1434521, 25.7820557], [-80.1434439, 25.7818959], [-80.1432563, 25.7818908]]}, "properties": {"project": "FL3502", "date": "19350123", "kind": "Man-made", "source": "T05629"}}, {"type": "Feature", "geometry": {"type": "LineString", "coordinates": [[-80.1681511, 25.7818384], [-80.1681838, 25.7819219], [-80.1681992, 25.7820201]]}, "properties": {"project": "FL3502", "date": "19350123", "kind": "Shoreline/Alongshore Feature Boundary", "source": "T05629"}}, {"type": "Feature", "geometry": {"type": "LineString", "coordinates": [[-80.1681992, 25.7820201], [-80.1682651, 25.7820128], [-80.1682417, 25.7818348], [-80.1681511, 25.7818384]]}, "properties": {"project": "FL3502", "date": "19350123", "kind": "Pier", "source": "T05629"}}, {"type": "Feature", "geometry": {"type": "LineString", "coordinates": [[-80.1637644, 25.7817961], [-80.1637224, 25.7819452]]}, "properties": {"project": "FL3502", "date": "19350123", "kind": "Pier", "source": "T05629"}}, {"type": "Feature", "geometry": {"type": "LineString", "coordinates": [[-80.1679543, 25.7827547], [-80.1678412, 25.7828744], [-80.1676096, 25.7830242], [-80.1674127, 25.7830938], [-80.1672119, 25.7831181], [-80.1669376, 25.7831143], [-80.166756, 25.7830792], [-80.1664623, 25.7829637], [-80.1660256, 25.7827748], [-80.1654536, 25.7825369], [-80.1648507, 25.782264], [-80.1641666, 25.7819701], [-80.1637644, 25.7817961]]}, "properties": {"project": "FL3502", "date": "19350123", "kind": "Man-made", "source": "T05629"}}, {"type": "Feature", "geometry": {"type": "LineString", "coordinates": [[-80.1737324, 25.7816832], [-80.1738908, 25.7817392], [-80.1743198, 25.7819159], [-80.1747392, 25.7820856], [-80.1752764, 25.782306], [-80.1759392, 25.7825702], [-80.1763411, 25.7827416], [-80.1766774, 25.782885], [-80.1770484, 25.7830441], [-80.1771644, 25.7831088], [-80.1772475, 25.7831613], [-80.1773287, 25.7831997], [-80.1774562, 25.7832295], [-80.1775026, 25.783247], [-80.1775819, 25.7833221], [-80.1776341, 25.7833641], [-80.1777172, 25.7834252], [-80.1778061, 25.7834934], [-80.1779009, 25.783572], [-80.1779454, 25.7836383], [-80.1779861, 25.7837291], [-80.1780404, 25.7838845], [-80.1781509, 25.7842161], [-80.1782653, 25.7845338], [-80.17837, 25.7848515], [-80.1784728, 25.7851675], [-80.178564, 25.7854817], [-80.1786532, 25.7857575], [-80.1787599, 25.7860979], [-80.1788626, 25.7864138], [-80.1789712, 25.7867455], [-80.1790972, 25.7870859], [-80.179134, 25.7871488], [-80.1791669, 25.787175], [-80.1792113, 25.7871907], [-80.1793157, 25.7872118], [-80.1793659, 25.7872362], [-80.1793988, 25.7872782], [-80.1794047, 25.7873218]]}, "properties": {"project": "FL3502", "date": "19350123", "kind": "Man-made", "source": "T05629"}}, {"type": "Feature", "geometry": {"type": "LineString", "coordinates": [[-80.1735894, 25.7816273], [-80.1737324, 25.7816832]]}, "properties": {"project": "FL3502", "date": "19350123", "kind": "Undetermined.Approximate", "source": "T05629"}}, {"type": "Feature", "geometry": {"type": "LineString", "coordinates": [[-80.1512769, 25.7812884000001], [-80.1510667, 25.7813202]]}, "properties": {"project": "FL3502", "date": "19350123", "kind": "Shoreline/Alongshore Feature Boundary", "source": "T05629"}}, {"type": "Feature", "geometry": {"type": "LineString", "coordinates": [[-80.1510667, 25.7813202], [-80.1511424, 25.7813928], [-80.1511449, 25.7814761], [-80.150989, 25.7815058], [-80.1510032, 25.7815741], [-80.1513835, 25.7815233], [-80.1513834, 25.7814635], [-80.1512157, 25.7814591], [-80.151218, 25.7813694], [-80.1512769, 25.7812884000001]]}, "properties": {"project": "FL3502", "date": "19350123", "kind": "Pier", "source": "T05629"}}, {"type": "Feature", "geometry": {"type": "LineString", "coordinates": [[-80.1279735, 25.8003177000001], [-80.1280283, 25.8003054], [-80.1284088, 25.8001219], [-80.1288483, 25.7999045], [-80.1292021, 25.7997208], [-80.1292395, 25.7996725], [-80.1292985, 25.7996338], [-80.1293843, 25.7996048], [-80.1294861, 25.7995904], [-80.1295826, 25.7995518], [-80.1300113, 25.7993053]]}, "properties": {"project": "FL3502", "date": "19350123", "kind": "Man-made", "source": "T05629"}}, {"type": "Feature", "geometry": {"type": "LineString", "coordinates": [[-80.1258901, 25.7997041], [-80.1254747, 25.7995717]]}, "properties": {"project": "FL3502", "date": "19350123", "kind": "Pier", "source": "T05629"}}, {"type": "Feature", "geometry": {"type": "LineString", "coordinates": [[-80.128025, 25.8004129], [-80.1284185, 25.8002216], [-80.1291334, 25.79985], [-80.129556, 25.7996572], [-80.1300673, 25.7993843]]}, "properties": {"project": "FL3502", "date": "19350123", "kind": "Man-made", "source": "T05629"}}, {"type": "Feature", "geometry": {"type": "LineString", "coordinates": [[-80.1300673, 25.7993843], [-80.1302239, 25.7993091]]}, "properties": {"project": "FL3502", "date": "19350123", "kind": "Undetermined.Approximate", "source": "T05629"}}, {"type": "Feature", "geometry": {"type": "LineString", "coordinates": [[-80.1300113, 25.7993053], [-80.1301721, 25.7992135]]}, "properties": {"project": "FL3502", "date": "19350123", "kind": "Undetermined.Approximate", "source": "T05629"}}, {"type": "Feature", "geometry": {"type": "LineString", "coordinates": [[-80.1262777, 25.798876], [-80.1262106, 25.7989441], [-80.12617, 25.7990298], [-80.1260708, 25.7992908], [-80.1259716, 25.7995111], [-80.1259175, 25.7996172], [-80.1258901, 25.7997041]]}, "properties": {"project": "FL3502", "date": "19350123", "kind": "Natural.Mean High Water", "source": "T05629"}}, {"type": "Feature", "geometry": {"type": "LineString", "coordinates": [[-80.1438018, 25.7987583], [-80.1432533, 25.7987551000001], [-80.1426188, 25.798772], [-80.1422187, 25.7987955], [-80.1419329, 25.7987939], [-80.1417326, 25.7988392], [-80.1415836, 25.7989056], [-80.141434, 25.7990392], [-80.1413412, 25.7992249], [-80.1413168, 25.799442], [-80.1413189, 25.7999438], [-80.1413351, 25.8000836000001], [-80.141397, 25.8002133], [-80.1416071, 25.8004007], [-80.1417552, 25.8004585], [-80.1418866, 25.8004645], [-80.1424581, 25.8004575000001], [-80.1433668, 25.8004525], [-80.1441041, 25.8004361], [-80.1448871, 25.8004201]]}, "properties": {"project": "FL3502", "date": "19350123", "kind": "Man-made", "source": "T05629"}}, {"type": "Feature", "geometry": {"type": "LineString", "coordinates": [[-80.1439847, 25.7987542], [-80.1438018, 25.7987583]]}, "properties": {"project": "FL3502", "date": "19350123", "kind": "Undetermined.Approximate", "source": "T05629"}}, {"type": "Feature", "geometry": {"type": "LineString", "coordinates": [[-80.1262777, 25.798876], [-80.1258038, 25.7987354]]}, "properties": {"project": "FL3502", "date": "19350123", "kind": "Pier", "source": "T05629"}}, {"type": "Feature", "geometry": {"type": "LineString", "coordinates": [[-80.1450871, 25.8004161], [-80.1467617, 25.8003949], [-80.146979, 25.8003703], [-80.1471453, 25.8002885], [-80.1473123, 25.8001136], [-80.1473996, 25.7998968], [-80.147395, 25.7997364], [-80.1473617, 25.7995966], [-80.1472325, 25.7992854], [-80.1470748, 25.7989586], [-80.1469216, 25.7988077], [-80.1467736, 25.7987344], [-80.1466251, 25.798718], [-80.1459966, 25.7987091], [-80.1456135, 25.7987328], [-80.1448134, 25.7987487], [-80.1439847, 25.7987542]]}, "properties": {"project": "FL3502", "date": "19350123", "kind": "Man-made", "source": "T05629"}}, {"type": "Feature", "geometry": {"type": "LineString", "coordinates": [[-80.1435065, 25.7985031], [-80.1437408, 25.7985045]]}, "properties": {"project": "FL3502", "date": "19350123", "kind": "Undetermined.Approximate", "source": "T05629"}}, {"type": "Feature", "geometry": {"type": "LineString", "coordinates": [[-80.1854021, 25.8034085], [-80.1853778, 25.8029133], [-80.1853965, 25.8027597], [-80.1854105, 25.802606], [-80.1853864, 25.802273], [-80.1853852, 25.801445], [-80.1853646, 25.8001729], [-80.185374, 25.8001175], [-80.1854069, 25.800062], [-80.185421, 25.7999724], [-80.1854067, 25.7998785], [-80.1853782, 25.7998016], [-80.1853764, 25.7984613], [-80.1853953, 25.7984442], [-80.1860945, 25.798421]]}, "properties": {"project": "FL3502", "date": "19350123", "kind": "Man-made", "source": "T05629"}}, {"type": "Feature", "geometry": {"type": "LineString", "coordinates": [[-80.1860945, 25.798421], [-80.1862982, 25.7984142]]}, "properties": {"project": "FL3502", "date": "19350123", "kind": "Man-made", "source": "T05629"}}, {"type": "Feature", "geometry": {"type": "LineString", "coordinates": [[-80.1862982, 25.7984142], [-80.1866426, 25.7984027]]}, "properties": {"project": "FL3502", "date": "19350123", "kind": "Man-made", "source": "T05629"}}, {"type": "Feature", "geometry": {"type": "LineString", "coordinates": [[-80.1302239, 25.7993091], [-80.1303648, 25.7992432], [-80.1307248, 25.7990598], [-80.1311579, 25.7988481], [-80.1314761, 25.7986835], [-80.1318153, 25.7985189], [-80.1321127, 25.7983683]]}, "properties": {"project": "FL3502", "date": "19350123", "kind": "Man-made", "source": "T05629"}}, {"type": "Feature", "geometry": {"type": "LineString", "coordinates": [[-80.1862982, 25.7984142], [-80.186307, 25.7983256]]}, "properties": {"project": "FL3502", "date": "19350123", "kind": "Pier", "source": "T05629"}}, {"type": "Feature", "geometry": {"type": "LineString", "coordinates": [[-80.1860945, 25.798421], [-80.1860944, 25.7983254]]}, "properties": {"project": "FL3502", "date": "19350123", "kind": "Pier", "source": "T05629"}}, {"type": "Feature", "geometry": {"type": "LineString", "coordinates": [[-80.1321127, 25.7983683], [-80.1322536, 25.7982978]]}, "properties": {"project": "FL3502", "date": "19350123", "kind": "Undetermined.Approximate", "source": "T05629"}}, {"type": "Feature", "geometry": {"type": "LineString", "coordinates": [[-80.1301721, 25.7992135], [-80.1309599, 25.7987931], [-80.1314798, 25.7985467], [-80.1320533, 25.7982713]]}, "properties": {"project": "FL3502", "date": "19350123", "kind": "Man-made", "source": "T05629"}}, {"type": "Feature", "geometry": {"type": "LineString", "coordinates": [[-80.1320533, 25.7982713], [-80.1321873, 25.7981988]]}, "properties": {"project": "FL3502", "date": "19350123", "kind": "Undetermined.Approximate", "source": "T05629"}}, {"type": "Feature", "geometry": {"type": "LineString", "coordinates": [[-80.1268731, 25.7971614], [-80.1268462, 25.7973899], [-80.1267877, 25.7976347], [-80.1267021, 25.7978999], [-80.126648, 25.7980345], [-80.1266209, 25.7980426], [-80.1265577, 25.7980425]]}, "properties": {"project": "FL3502", "date": "19350123", "kind": "Natural.Mean High Water", "source": "T05629"}}, {"type": "Feature", "geometry": {"type": "LineString", "coordinates": [[-80.1265577, 25.7980425], [-80.1265352, 25.798169], [-80.1264767, 25.7984139], [-80.1263911, 25.798679], [-80.1263234, 25.7988218], [-80.1262777, 25.798876]]}, "properties": {"project": "FL3502", "date": "19350123", "kind": "Natural.Mean High Water", "source": "T05629"}}, {"type": "Feature", "geometry": {"type": "LineString", "coordinates": [[-80.1265577, 25.7980425], [-80.1261283, 25.7979073]]}, "properties": {"project": "FL3502", "date": "19350123", "kind": "Pier", "source": "T05629"}}, {"type": "Feature", "geometry": {"type": "LineString", "coordinates": [[-80.1773532, 25.7982467], [-80.1776103, 25.7978927], [-80.1776998, 25.7977434], [-80.1777045, 25.7976964], [-80.1776879, 25.7976537], [-80.1776406, 25.7976302], [-80.1775154, 25.7976194], [-80.1773997, 25.7976278], [-80.1773288, 25.7976534], [-80.1772321, 25.7977173], [-80.1771684, 25.7977877], [-80.1771142, 25.7978965], [-80.1770341, 25.7980928], [-80.1769658, 25.7982677], [-80.1769141, 25.7984341], [-80.1768929, 25.7984789], [-80.1768764, 25.7985109], [-80.1768764, 25.7985472], [-80.1768977, 25.7985878], [-80.1769143, 25.7986091], [-80.1769191, 25.7986369], [-80.1769144, 25.7986667], [-80.1768696, 25.7987243], [-80.1768436, 25.7987627], [-80.1768201, 25.7988118], [-80.1767942, 25.7988993], [-80.1767683, 25.7990017], [-80.176733, 25.7991126], [-80.176693, 25.7991766], [-80.1766363, 25.7992299], [-80.1765892, 25.7992811], [-80.1765797, 25.799311], [-80.1765869, 25.7993408], [-80.1766011, 25.7993729], [-80.1766059, 25.799454], [-80.1765989, 25.799486], [-80.1765658, 25.7995265], [-80.176547, 25.7995713], [-80.1765353, 25.7996246], [-80.1765425, 25.7997036], [-80.1765638, 25.7997634], [-80.1766229999999, 25.7998595], [-80.1766419, 25.799868], [-80.176675, 25.7998681], [-80.1767293, 25.7998425], [-80.1768378, 25.7997466], [-80.1768519, 25.7997018], [-80.1768518, 25.7995993], [-80.1768328, 25.7995438], [-80.1767974, 25.7995203], [-80.1767525, 25.799516], [-80.1767194, 25.7995266], [-80.1766887, 25.7995266], [-80.1766627, 25.7995117], [-80.1766437, 25.7994668], [-80.1766554, 25.799326], [-80.1766765, 25.7992684], [-80.1767072, 25.7992321], [-80.1767804, 25.7991724], [-80.1768275, 25.799102], [-80.1768864, 25.7989805], [-80.1769005, 25.7989335], [-80.1768981, 25.798893], [-80.1768815, 25.7988524], [-80.1768767, 25.7988033], [-80.1768861, 25.7987585], [-80.1769451, 25.7986881], [-80.1771079, 25.7985453], [-80.1772896, 25.7983491], [-80.1773532, 25.7982467]]}, "properties": {"project": "FL3502", "date": "19350123", "kind": "Natural.Mean High Water", "source": "T05629"}}, {"type": "Feature", "geometry": {"type": "LineString", "coordinates": [[-80.1864469, 25.794891], [-80.1863775, 25.7946675], [-80.1863298, 25.7943175], [-80.1862962, 25.7939248], [-80.1862943, 25.7938286]]}, "properties": {"project": "FL3502", "date": "19350123", "kind": "Natural.Mean High Water", "source": "T05629"}}, {"type": "Feature", "geometry": {"type": "LineString", "coordinates": [[-80.1862943, 25.7938286], [-80.1862935, 25.793786]]}, "properties": {"project": "FL3502", "date": "19350123", "kind": "Shoreline/Alongshore Feature Boundary", "source": "T05629"}}, {"type": "Feature", "geometry": {"type": "LineString", "coordinates": [[-80.1862943, 25.7938286], [-80.1861354, 25.7938328], [-80.1861284, 25.7938841], [-80.1860764, 25.7938861], [-80.1860691, 25.7937538], [-80.1861329, 25.7937539], [-80.1861306, 25.793788], [-80.1862935, 25.793786]]}, "properties": {"project": "FL3502", "date": "19350123", "kind": "Pier", "source": "T05629"}}, {"type": "Feature", "geometry": {"type": "LineString", "coordinates": [[-80.1368448, 25.7957995], [-80.1372309, 25.7955972], [-80.13805, 25.7951596], [-80.1387909, 25.794755], [-80.1393491, 25.7944727], [-80.1396778, 25.7942845], [-80.1405699, 25.7938093], [-80.141222, 25.7934422]]}, "properties": {"project": "FL3502", "date": "19350123", "kind": "Man-made", "source": "T05629"}}, {"type": "Feature", "geometry": {"type": "LineString", "coordinates": [[-80.1451359, 25.7948971], [-80.1451358, 25.7948405], [-80.145188, 25.7948405], [-80.1451773, 25.7945623], [-80.1451251, 25.7945434], [-80.1451132, 25.7934186]]}, "properties": {"project": "FL3502", "date": "19350123", "kind": "Man-made", "source": "T05629"}}, {"type": "Feature", "geometry": {"type": "LineString", "coordinates": [[-80.1451132, 25.7934186], [-80.1453327, 25.7934189]]}, "properties": {"project": "FL3502", "date": "19350123", "kind": "Pier", "source": "T05629"}}, {"type": "Feature", "geometry": {"type": "LineString", "coordinates": [[-80.1451132, 25.7934186], [-80.1451123, 25.7933384]]}, "properties": {"project": "FL3502", "date": "19350123", "kind": "Man-made", "source": "T05629"}}, {"type": "Feature", "geometry": {"type": "LineString", "coordinates": [[-80.1451123, 25.7933384], [-80.1453196, 25.7933387]]}, "properties": {"project": "FL3502", "date": "19350123", "kind": "Pier", "source": "T05629"}}, {"type": "Feature", "geometry": {"type": "LineString", "coordinates": [[-80.141222, 25.7934422], [-80.1414463999999, 25.7933246]]}, "properties": {"project": "FL3502", "date": "19350123", "kind": "Undetermined.Approximate", "source": "T05629"}}, {"type": "Feature", "geometry": {"type": "LineString", "coordinates": [[-80.1368015, 25.7957052], [-80.1370399, 25.7955771], [-80.1374553, 25.7953693], [-80.1378331, 25.7951567], [-80.1380608, 25.7950262], [-80.1383904, 25.7948522], [-80.1387762, 25.7946347], [-80.1392076, 25.7943955], [-80.1396256, 25.7941707], [-80.1402606, 25.7938276], [-80.1407402, 25.7935642], [-80.1412198, 25.7933008]]}, "properties": {"project": "FL3502", "date": "19350123", "kind": "Man-made", "source": "T05629"}}, {"type": "Feature", "geometry": {"type": "LineString", "coordinates": [[-80.1224708, 25.8104857], [-80.1220909, 25.8104362]]}, "properties": {"project": "FL3502", "date": "19350123", "kind": "Pier", "source": "T05629"}}, {"type": "Feature", "geometry": {"type": "LineString", "coordinates": [[-80.1862176, 25.8139587], [-80.1862837, 25.813899], [-80.1863261, 25.8137923], [-80.1863635, 25.8135106], [-80.1864242, 25.8129985], [-80.1864755, 25.8124991], [-80.1864848, 25.8123668], [-80.1864657, 25.8122473], [-80.1864183, 25.8120978], [-80.1863896, 25.8118886], [-80.1863563, 25.8117179], [-80.1862995, 25.8116239], [-80.1862001, 25.8115427], [-80.1860725, 25.8114999], [-80.1859307, 25.8114699], [-80.1857226, 25.8113502], [-80.1856043, 25.8112477], [-80.1855522, 25.8111708], [-80.185519, 25.8110555], [-80.1855094, 25.8109445], [-80.1855188, 25.8109018], [-80.1855613, 25.8108805], [-80.1857739, 25.8108637]]}, "properties": {"project": "FL3502", "date": "19350123", "kind": "Natural.Mean High Water", "source": "T05629"}}, {"type": "Feature", "geometry": {"type": "LineString", "coordinates": [[-80.1857739, 25.8108637], [-80.1861004, 25.8108386]]}, "properties": {"project": "FL3502", "date": "19350123", "kind": "Natural.Mean High Water", "source": "T05629"}}, {"type": "Feature", "geometry": {"type": "LineString", "coordinates": [[-80.1224708, 25.8104857], [-80.1224615, 25.8105714], [-80.1224076, 25.8108652], [-80.1223626, 25.8111508], [-80.1223606, 25.8111663]]}, "properties": {"project": "FL3502", "date": "19350123", "kind": "Natural.Mean High Water", "source": "T05629"}}, {"type": "Feature", "geometry": {"type": "LineString", "coordinates": [[-80.1389187, 25.8141632], [-80.1387343, 25.8140615], [-80.1384783, 25.8138914], [-80.1381962, 25.8136741], [-80.1378879, 25.8134427], [-80.1375013, 25.8131545], [-80.1372505, 25.8129231], [-80.1370362, 25.8126541], [-80.1368636, 25.8123615], [-80.1367903, 25.8121162], [-80.1367743, 25.8117436], [-80.1367896, 25.8114324], [-80.1368415, 25.8111212], [-80.1369509, 25.8108195], [-80.1371695, 25.8101596], [-80.1372111, 25.8100276], [-80.1372059, 25.8099804]]}, "properties": {"project": "FL3502", "date": "19350123", "kind": "Natural.Mean High Water", "source": "T05629"}}, {"type": "Feature", "geometry": {"type": "LineString", "coordinates": [[-80.1225571, 25.809777], [-80.1225108, 25.8101184], [-80.1224708, 25.8104857]]}, "properties": {"project": "FL3502", "date": "19350123", "kind": "Natural.Mean High Water", "source": "T05629"}}, {"type": "Feature", "geometry": {"type": "LineString", "coordinates": [[-80.1244056, 25.803405], [-80.1243892, 25.8034109], [-80.1243757, 25.8034517], [-80.1243578, 25.8036395], [-80.1243218, 25.8037863], [-80.1242226, 25.8040352], [-80.1241752, 25.8041379]]}, "properties": {"project": "FL3502", "date": "19350123", "kind": "Natural.Mean High Water", "source": "T05629"}}, {"type": "Feature", "geometry": {"type": "LineString", "coordinates": [[-80.1241752, 25.8041379], [-80.1241098, 25.8042799], [-80.1240468, 25.8045329], [-80.1239792, 25.8047777], [-80.1239477, 25.8048715], [-80.1239084, 25.8049141]]}, "properties": {"project": "FL3502", "date": "19350123", "kind": "Natural.Mean High Water", "source": "T05629"}}, {"type": "Feature", "geometry": {"type": "LineString", "coordinates": [[-80.1241752, 25.8041379], [-80.123825, 25.8040224]]}, "properties": {"project": "FL3502", "date": "19350123", "kind": "Pier", "source": "T05629"}}, {"type": "Feature", "geometry": {"type": "LineString", "coordinates": [[-80.1413816, 25.8055155], [-80.1413748, 25.8056655], [-80.1413967, 25.8058053], [-80.1414756, 25.8059609], [-80.1416346, 25.8060964], [-80.1419139, 25.8062015], [-80.1423702, 25.8063283], [-80.1428952, 25.8064245], [-80.1434206, 25.8064793], [-80.1439005, 25.8065029], [-80.1443292, 25.8064847], [-80.1447469, 25.8064251], [-80.1451761, 25.8063345], [-80.1457033, 25.8061358], [-80.1461395, 25.8058746], [-80.1465821, 25.8055151], [-80.1468762, 25.8051547], [-80.1470845, 25.8047886], [-80.1471375, 25.8045768], [-80.1471384, 25.8044475], [-80.1470995, 25.8042921], [-80.1469525, 25.804074], [-80.1468333, 25.8039646], [-80.1466792, 25.8039275], [-80.1462962, 25.8039408], [-80.145519, 25.8039466], [-80.1446217, 25.803962], [-80.1439587, 25.8039736], [-80.1435244, 25.8039711], [-80.1432842, 25.8039903], [-80.1426555, 25.803997], [-80.1421411, 25.8040146], [-80.1419409, 25.8040445], [-80.141746, 25.8041209], [-80.1415738, 25.8042234], [-80.141447, 25.8043726], [-80.1413771, 25.8045636], [-80.141363, 25.8049308], [-80.1413838, 25.8052206], [-80.1413939, 25.8054018]]}, "properties": {"project": "FL3502", "date": "19350123", "kind": "Man-made", "source": "T05629"}}, {"type": "Feature", "geometry": {"type": "LineString", "coordinates": [[-80.1857056, 25.8041899], [-80.186523, 25.8041522], [-80.1865938, 25.8041309], [-80.1867024, 25.80402], [-80.1867542, 25.8039091], [-80.1867681, 25.8037256], [-80.1867443, 25.8035762], [-80.1866922, 25.8034865], [-80.1865928, 25.8034095], [-80.1865125, 25.8033839], [-80.1859975, 25.8033962], [-80.1854021, 25.8034085]]}, "properties": {"project": "FL3502", "date": "19350123", "kind": "Natural.Mean High Water", "source": "T05629"}}, {"type": "Feature", "geometry": {"type": "LineString", "coordinates": [[-80.1244056, 25.803405], [-80.1240457, 25.8032962]]}, "properties": {"project": "FL3502", "date": "19350123", "kind": "Pier", "source": "T05629"}}, {"type": "Feature", "geometry": {"type": "LineString", "coordinates": [[-80.1400192, 25.8042212], [-80.1400113, 25.8041292], [-80.1400002, 25.8035067], [-80.1399895, 25.8032426], [-80.1399868, 25.8031883]]}, "properties": {"project": "FL3502", "date": "19350123", "kind": "Man-made", "source": "T05629"}}, {"type": "Feature", "geometry": {"type": "LineString", "coordinates": [[-80.1399842, 25.8031105], [-80.1399868, 25.8031883]]}, "properties": {"project": "FL3502", "date": "19350123", "kind": "Shoreline/Alongshore Feature Boundary", "source": "T05629"}}, {"type": "Feature", "geometry": {"type": "LineString", "coordinates": [[-80.1399868, 25.8031883], [-80.1400417, 25.8031908], [-80.1400416, 25.8031082], [-80.1399842, 25.8031105]]}, "properties": {"project": "FL3502", "date": "19350123", "kind": "Pier", "source": "T05629"}}, {"type": "Feature", "geometry": {"type": "LineString", "coordinates": [[-80.1399675, 25.8026484], [-80.1399659, 25.8025682]]}, "properties": {"project": "FL3502", "date": "19350123", "kind": "Shoreline/Alongshore Feature Boundary", "source": "T05629"}}, {"type": "Feature", "geometry": {"type": "LineString", "coordinates": [[-80.1399842, 25.8031105], [-80.1399736, 25.8029455], [-80.1399675, 25.8026484]]}, "properties": {"project": "FL3502", "date": "19350123", "kind": "Man-made", "source": "T05629"}}, {"type": "Feature", "geometry": {"type": "LineString", "coordinates": [[-80.1749852, 25.8027455], [-80.1750276, 25.8027947], [-80.17505, 25.8028009], [-80.175077, 25.8027949], [-80.1751427, 25.8027322], [-80.1751587, 25.8026956], [-80.1751589, 25.8026651], [-80.1751456, 25.8026345], [-80.1751143, 25.802618], [-80.1750581, 25.8026136], [-80.1749883, 25.8026153], [-80.1749747, 25.8026254], [-80.17497, 25.8026681], [-80.1749852, 25.8027455]]}, "properties": {"project": "FL3502", "date": "19350123", "kind": "Natural.Mean High Water", "source": "T05629"}}, {"type": "Feature", "geometry": {"type": "LineString", "coordinates": [[-80.1247104, 25.8026008000001], [-80.1247003, 25.8026318], [-80.1246192, 25.8029623], [-80.1245066, 25.8033825], [-80.1244796, 25.8034029], [-80.1244056, 25.803405]]}, "properties": {"project": "FL3502", "date": "19350123", "kind": "Natural.Mean High Water", "source": "T05629"}}, {"type": "Feature", "geometry": {"type": "LineString", "coordinates": [[-80.1399675, 25.8026484], [-80.1400359, 25.8026484], [-80.1400358, 25.8025683], [-80.1399659, 25.8025682]]}, "properties": {"project": "FL3502", "date": "19350123", "kind": "Pier", "source": "T05629"}}, {"type": "Feature", "geometry": {"type": "LineString", "coordinates": [[-80.1247104, 25.8026008000001], [-80.1243794, 25.8025008]]}, "properties": {"project": "FL3502", "date": "19350123", "kind": "Pier", "source": "T05629"}}, {"type": "Feature", "geometry": {"type": "LineString", "coordinates": [[-80.1250476, 25.8019356], [-80.1249754, 25.802073], [-80.1248535, 25.8022157], [-80.1247949, 25.8023421], [-80.1247104, 25.8026008000001]]}, "properties": {"project": "FL3502", "date": "19350123", "kind": "Natural.Mean High Water", "source": "T05629"}}, {"type": "Feature", "geometry": {"type": "LineString", "coordinates": [[-80.1250476, 25.8019356], [-80.1246001, 25.8017949]]}, "properties": {"project": "FL3502", "date": "19350123", "kind": "Pier", "source": "T05629"}}, {"type": "Feature", "geometry": {"type": "LineString", "coordinates": [[-80.1268731, 25.7971614], [-80.126498, 25.7970303]]}, "properties": {"project": "FL3502", "date": "19350123", "kind": "Pier", "source": "T05629"}}, {"type": "Feature", "geometry": {"type": "LineString", "coordinates": [[-80.1272117, 25.7968516], [-80.1271078, 25.7968596], [-80.1270087, 25.7972064000001], [-80.1268731, 25.7971614]]}, "properties": {"project": "FL3502", "date": "19350123", "kind": "Man-made", "source": "T05629"}}, {"type": "Feature", "geometry": {"type": "LineString", "coordinates": [[-80.1417413, 25.7968425], [-80.141569, 25.7969605], [-80.1413959, 25.7971922], [-80.1413143, 25.797409], [-80.1413007, 25.797709], [-80.1413096, 25.7980711], [-80.1413429, 25.7981955], [-80.1414617, 25.7983669], [-80.1416552, 25.7984818], [-80.1417977999999, 25.7985189], [-80.142072, 25.798536], [-80.1425863, 25.7985235], [-80.1429293, 25.7985049], [-80.1435065, 25.7985031]]}, "properties": {"project": "FL3502", "date": "19350123", "kind": "Man-made", "source": "T05629"}}, {"type": "Feature", "geometry": {"type": "LineString", "coordinates": [[-80.1419018, 25.796771], [-80.1417413, 25.7968425]]}, "properties": {"project": "FL3502", "date": "19350123", "kind": "Undetermined.Approximate", "source": "T05629"}}, {"type": "Feature", "geometry": {"type": "LineString", "coordinates": [[-80.1437408, 25.7985045], [-80.1448152, 25.7984901], [-80.1454953, 25.7984786], [-80.1457183, 25.7984644], [-80.1458673, 25.7984135], [-80.1460511, 25.7982749], [-80.1461608, 25.7981152], [-80.1462023, 25.7979137], [-80.146209, 25.7977689], [-80.1461416, 25.7976133], [-80.1458469, 25.7972702], [-80.1453477, 25.7967551], [-80.1452395, 25.7966976], [-80.145074, 25.7966707], [-80.1445083, 25.7966674], [-80.1438225, 25.7966841], [-80.1433309, 25.7967019], [-80.1426337, 25.7967133], [-80.1421021, 25.7967308], [-80.1419018, 25.796771]]}, "properties": {"project": "FL3502", "date": "19350123", "kind": "Man-made", "source": "T05629"}}, {"type": "Feature", "geometry": {"type": "LineString", "coordinates": [[-80.1273115, 25.7966477], [-80.1272117, 25.7968516]]}, "properties": {"project": "FL3502", "date": "19350123", "kind": "Natural.Mean High Water", "source": "T05629"}}, {"type": "Feature", "geometry": {"type": "LineString", "coordinates": [[-80.1273115, 25.7966477], [-80.1272341, 25.7966394]]}, "properties": {"project": "FL3502", "date": "19350123", "kind": "Pier", "source": "T05629"}}, {"type": "Feature", "geometry": {"type": "LineString", "coordinates": [[-80.1399155, 25.7996561], [-80.1399046, 25.7992387], [-80.1399253, 25.7990926], [-80.1399983, 25.798937], [-80.1401026, 25.798824], [-80.1402643, 25.7987299], [-80.1403895, 25.7986876000001], [-80.1406505, 25.7986785], [-80.1408384, 25.7986693], [-80.1409115, 25.7986505], [-80.1410054, 25.7985799], [-80.1410365999999, 25.7985186], [-80.1410469, 25.79833], [-80.1410203, 25.7978489], [-80.1410199, 25.7974009], [-80.141051, 25.7972123], [-80.1411395, 25.7970002], [-80.1412855, 25.7967976], [-80.141395, 25.796694], [-80.1416036, 25.7965339]]}, "properties": {"project": "FL3502", "date": "19350123", "kind": "Man-made", "source": "T05629"}}, {"type": "Feature", "geometry": {"type": "LineString", "coordinates": [[-80.1416036, 25.7965339], [-80.1417549, 25.7964681]]}, "properties": {"project": "FL3502", "date": "19350123", "kind": "Undetermined.Approximate", "source": "T05629"}}, {"type": "Feature", "geometry": {"type": "LineString", "coordinates": [[-80.1866426, 25.7984027], [-80.186817, 25.7981382], [-80.1868688, 25.7980017], [-80.1869438, 25.7975749], [-80.1870567, 25.7971695], [-80.1870706, 25.7970158], [-80.1870699, 25.7965378], [-80.1870651, 25.7964525]]}, "properties": {"project": "FL3502", "date": "19350123", "kind": "Natural.Mean High Water", "source": "T05629"}}, {"type": "Feature", "geometry": {"type": "LineString", "coordinates": [[-80.1274373, 25.7963741], [-80.1273513, 25.7963783]]}, "properties": {"project": "FL3502", "date": "19350123", "kind": "Pier", "source": "T05629"}}, {"type": "Feature", "geometry": {"type": "LineString", "coordinates": [[-80.1274373, 25.7963741], [-80.1273335, 25.7966028], [-80.1273115, 25.7966477]]}, "properties": {"project": "FL3502", "date": "19350123", "kind": "Natural.Mean High Water", "source": "T05629"}}, {"type": "Feature", "geometry": {"type": "LineString", "coordinates": [[-80.1870651, 25.7964525], [-80.1870602, 25.796367]]}, "properties": {"project": "FL3502", "date": "19350123", "kind": "Shoreline/Alongshore Feature Boundary", "source": "T05629"}}, {"type": "Feature", "geometry": {"type": "LineString", "coordinates": [[-80.1870651, 25.7964525], [-80.1865643, 25.7964605], [-80.1865641, 25.7963623], [-80.1870602, 25.796367]]}, "properties": {"project": "FL3502", "date": "19350123", "kind": "Pier", "source": "T05629"}}, {"type": "Feature", "geometry": {"type": "LineString", "coordinates": [[-80.1412198, 25.7933008], [-80.1413994, 25.7932065]]}, "properties": {"project": "FL3502", "date": "19350123", "kind": "Undetermined.Approximate", "source": "T05629"}}, {"type": "Feature", "geometry": {"type": "LineString", "coordinates": [[-80.1225571, 25.809777], [-80.1221445, 25.809722]]}, "properties": {"project": "FL3502", "date": "19350123", "kind": "Pier", "source": "T05629"}}, {"type": "Feature", "geometry": {"type": "LineString", "coordinates": [[-80.1372059, 25.8099804], [-80.137164, 25.8099238], [-80.1370126, 25.8098528], [-80.1366836, 25.8097675], [-80.1363317, 25.8097104]]}, "properties": {"project": "FL3502", "date": "19350123", "kind": "Man-made", "source": "T05629"}}, {"type": "Feature", "geometry": {"type": "LineString", "coordinates": [[-80.1363317, 25.8097104], [-80.1361822, 25.8097002]]}, "properties": {"project": "FL3502", "date": "19350123", "kind": "Undetermined.Approximate", "source": "T05629"}}, {"type": "Feature", "geometry": {"type": "LineString", "coordinates": [[-80.1361822, 25.8097002], [-80.1360518, 25.8096913], [-80.1357804, 25.809691], [-80.1353523, 25.8097234], [-80.1348355, 25.8098029], [-80.1345118999999, 25.8098874], [-80.1342667, 25.8099956], [-80.1340215, 25.810165], [-80.1337607, 25.8104288], [-80.1335938, 25.8106597], [-80.1333854, 25.8110602], [-80.1331562, 25.8116588], [-80.1329896, 25.8121208], [-80.1328699, 25.8125545], [-80.1328076, 25.8128987], [-80.1327923, 25.8132712], [-80.132824, 25.8136202], [-80.1328869, 25.8138985000001], [-80.1328874, 25.8139198]]}, "properties": {"project": "FL3502", "date": "19350123", "kind": "Man-made", "source": "T05629"}}, {"type": "Feature", "geometry": {"type": "LineString", "coordinates": [[-80.1861004, 25.8108386], [-80.1865016, 25.8108302], [-80.1864911, 25.8100789], [-80.1867651, 25.8100535], [-80.1867786, 25.8095456]]}, "properties": {"project": "FL3502", "date": "19350123", "kind": "Man-made", "source": "T05629"}}, {"type": "Feature", "geometry": {"type": "LineString", "coordinates": [[-80.1362759, 25.8093096], [-80.1363803, 25.8093309]]}, "properties": {"project": "FL3502", "date": "19350123", "kind": "Undetermined.Approximate", "source": "T05629"}}, {"type": "Feature", "geometry": {"type": "LineString", "coordinates": [[-80.1324823, 25.813931], [-80.1324769, 25.8138131], [-80.1324584, 25.8135655], [-80.1324399, 25.8133038], [-80.1324213, 25.8129595], [-80.1324263, 25.8127661], [-80.1324601, 25.8125634], [-80.1325355, 25.8122546], [-80.1326551, 25.8117808], [-80.1327983, 25.8113778], [-80.1329077, 25.8111044], [-80.1330797, 25.8107415], [-80.1332699, 25.8104447], [-80.1334941, 25.8101384], [-80.1337106, 25.8099312], [-80.1339245, 25.8097688], [-80.1341645, 25.8096182], [-80.134368, 25.8095288], [-80.1346342, 25.8094584], [-80.1349943, 25.8093787], [-80.1352866, 25.8093319], [-80.1355842, 25.8092993], [-80.1358504, 25.8092926], [-80.1362759, 25.8093096]]}, "properties": {"project": "FL3502", "date": "19350123", "kind": "Man-made", "source": "T05629"}}, {"type": "Feature", "geometry": {"type": "LineString", "coordinates": [[-80.1862673, 25.8092492], [-80.1862918, 25.809494]]}, "properties": {"project": "FL3502", "date": "19350123", "kind": "Pier", "source": "T05629"}}, {"type": "Feature", "geometry": {"type": "LineString", "coordinates": [[-80.1867786, 25.8095456], [-80.1867123, 25.8094303], [-80.186523, 25.8092893], [-80.1863907, 25.809255], [-80.1862673, 25.8092492]]}, "properties": {"project": "FL3502", "date": "19350123", "kind": "Natural.Mean High Water", "source": "T05629"}}, {"type": "Feature", "geometry": {"type": "LineString", "coordinates": [[-80.1860222, 25.8092376], [-80.1860177, 25.809451]]}, "properties": {"project": "FL3502", "date": "19350123", "kind": "Pier", "source": "T05629"}}, {"type": "Feature", "geometry": {"type": "LineString", "coordinates": [[-80.1862673, 25.8092492], [-80.1860222, 25.8092376]]}, "properties": {"project": "FL3502", "date": "19350123", "kind": "Natural.Mean High Water", "source": "T05629"}}, {"type": "Feature", "geometry": {"type": "LineString", "coordinates": [[-80.1860222, 25.8092376], [-80.1858378, 25.8092289000001], [-80.1858018, 25.8092167]]}, "properties": {"project": "FL3502", "date": "19350123", "kind": "Natural.Mean High Water", "source": "T05629"}}, {"type": "Feature", "geometry": {"type": "LineString", "coordinates": [[-80.1226702, 25.8090945], [-80.1226276, 25.8092819], [-80.1225827, 25.8095879], [-80.1225571, 25.809777]]}, "properties": {"project": "FL3502", "date": "19350123", "kind": "Natural.Mean High Water", "source": "T05629"}}, {"type": "Feature", "geometry": {"type": "LineString", "coordinates": [[-80.1226702, 25.8090945], [-80.1222479, 25.8090324]]}, "properties": {"project": "FL3502", "date": "19350123", "kind": "Pier", "source": "T05629"}}, {"type": "Feature", "geometry": {"type": "LineString", "coordinates": [[-80.1858018, 25.8092167], [-80.1857622, 25.8092032], [-80.1855966, 25.8090793], [-80.1855445, 25.8089896], [-80.1855396, 25.8088829], [-80.1855678, 25.808725], [-80.1856432, 25.8085885], [-80.1857234, 25.808533], [-80.1859266, 25.8085076], [-80.1862221, 25.8084686]]}, "properties": {"project": "FL3502", "date": "19350123", "kind": "Man-made", "source": "T05629"}}, {"type": "Feature", "geometry": {"type": "LineString", "coordinates": [[-80.1227833, 25.8084124], [-80.1227491, 25.8086371], [-80.1226906, 25.8090044], [-80.1226702, 25.8090945]]}, "properties": {"project": "FL3502", "date": "19350123", "kind": "Natural.Mean High Water", "source": "T05629"}}, {"type": "Feature", "geometry": {"type": "LineString", "coordinates": [[-80.1227833, 25.8084124], [-80.1223828, 25.8083469]]}, "properties": {"project": "FL3502", "date": "19350123", "kind": "Pier", "source": "T05629"}}, {"type": "Feature", "geometry": {"type": "LineString", "coordinates": [[-80.1229306, 25.8077087], [-80.1229155, 25.8077925], [-80.1228615, 25.8080945], [-80.1227895, 25.8083719], [-80.1227833, 25.8084124]]}, "properties": {"project": "FL3502", "date": "19350123", "kind": "Natural.Mean High Water", "source": "T05629"}}, {"type": "Feature", "geometry": {"type": "LineString", "coordinates": [[-80.1229306, 25.8077087], [-80.1225674, 25.8075961]]}, "properties": {"project": "FL3502", "date": "19350123", "kind": "Pier", "source": "T05629"}}, {"type": "Feature", "geometry": {"type": "LineString", "coordinates": [[-80.1862221, 25.8084686], [-80.1862478, 25.8084652], [-80.18664, 25.80844], [-80.1867817, 25.8083889], [-80.1868194, 25.8082865], [-80.1868189, 25.8079962], [-80.1867809, 25.8077998], [-80.1867335, 25.8076803], [-80.1866909, 25.8076333], [-80.1865963, 25.8076246], [-80.1863341, 25.8075877]]}, "properties": {"project": "FL3502", "date": "19350123", "kind": "Natural.Mean High Water", "source": "T05629"}}, {"type": "Feature", "geometry": {"type": "LineString", "coordinates": [[-80.1253047, 25.8011197], [-80.1252774, 25.8012163], [-80.1252143, 25.8014529], [-80.1251377, 25.8017385], [-80.1250611, 25.8019098], [-80.1250476, 25.8019356]]}, "properties": {"project": "FL3502", "date": "19350123", "kind": "Natural.Mean High Water", "source": "T05629"}}, {"type": "Feature", "geometry": {"type": "LineString", "coordinates": [[-80.123154, 25.8070147], [-80.1231182, 25.8071071], [-80.1229965, 25.8073804], [-80.122956, 25.8075681], [-80.1229306, 25.8077087]]}, "properties": {"project": "FL3502", "date": "19350123", "kind": "Natural.Mean High Water", "source": "T05629"}}, {"type": "Feature", "geometry": {"type": "LineString", "coordinates": [[-80.123154, 25.8070147], [-80.1227701, 25.8068862]]}, "properties": {"project": "FL3502", "date": "19350123", "kind": "Pier", "source": "T05629"}}, {"type": "Feature", "geometry": {"type": "LineString", "coordinates": [[-80.1863341, 25.8075877], [-80.1863221999999, 25.807586], [-80.1861757, 25.8075645], [-80.1858733, 25.8075344], [-80.1854479, 25.8074827], [-80.1854195, 25.8074614], [-80.1853959, 25.8074315], [-80.1854003, 25.8072095], [-80.1854097, 25.8071754], [-80.1854711, 25.8071413], [-80.1854805, 25.80712], [-80.1854757, 25.8070986], [-80.185419, 25.8070687], [-80.1854, 25.8070345], [-80.185395, 25.8067827], [-80.1855178, 25.8067657]]}, "properties": {"project": "FL3502", "date": "19350123", "kind": "Man-made", "source": "T05629"}}, {"type": "Feature", "geometry": {"type": "LineString", "coordinates": [[-80.1399659, 25.8025682], [-80.1399571, 25.8021343], [-80.1399326, 25.801111]]}, "properties": {"project": "FL3502", "date": "19350123", "kind": "Man-made", "source": "T05629"}}, {"type": "Feature", "geometry": {"type": "LineString", "coordinates": [[-80.1753735, 25.801237], [-80.1753844, 25.8012819], [-80.1754022, 25.8013105], [-80.1754246, 25.8013208], [-80.1754471, 25.8013209], [-80.1754742, 25.8013129], [-80.1755286, 25.8012501], [-80.1755288, 25.8012257], [-80.1755177, 25.8011971], [-80.1754331, 25.8010683], [-80.1753928, 25.8010396], [-80.1753703, 25.8010395], [-80.1753433, 25.8010495], [-80.1753364, 25.8010637], [-80.1753385, 25.8010902], [-80.1753698, 25.801123], [-80.1753831, 25.8011434], [-80.1753852, 25.8011638], [-80.1753735, 25.801237]]}, "properties": {"project": "FL3502", "date": "19350123", "kind": "Natural.Mean High Water", "source": "T05629"}}, {"type": "Feature", "geometry": {"type": "LineString", "coordinates": [[-80.1253047, 25.8011197], [-80.1249293, 25.8010117]]}, "properties": {"project": "FL3502", "date": "19350123", "kind": "Pier", "source": "T05629"}}, {"type": "Feature", "geometry": {"type": "LineString", "coordinates": [[-80.1399326, 25.801111], [-80.1399324, 25.8009648]]}, "properties": {"project": "FL3502", "date": "19350123", "kind": "Shoreline/Alongshore Feature Boundary", "source": "T05629"}}, {"type": "Feature", "geometry": {"type": "LineString", "coordinates": [[-80.1399326, 25.801111], [-80.1399821, 25.8010851], [-80.1399768, 25.8009672], [-80.1399324, 25.8009648]]}, "properties": {"project": "FL3502", "date": "19350123", "kind": "Pier", "source": "T05629"}}, {"type": "Feature", "geometry": {"type": "LineString", "coordinates": [[-80.1451072999999, 25.8007938], [-80.1449415, 25.8008032]]}, "properties": {"project": "FL3502", "date": "19350123", "kind": "Undetermined.Approximate", "source": "T05629"}}, {"type": "Feature", "geometry": {"type": "LineString", "coordinates": [[-80.1449415, 25.8008032], [-80.1446214, 25.8008168], [-80.1437755, 25.8008274], [-80.1428726, 25.8008376], [-80.1419753, 25.8008426], [-80.1417924, 25.8008571], [-80.1416089, 25.8009439], [-80.1414593, 25.8010879], [-80.1413897, 25.801222], [-80.1413541, 25.801408], [-80.1413342, 25.8017958], [-80.1413438, 25.8028305], [-80.1413828, 25.8029756], [-80.1414677, 25.8030899], [-80.141678, 25.8032515], [-80.1418547, 25.8033042], [-80.1421346, 25.8033266], [-80.1428033, 25.803315], [-80.1437748, 25.8033156], [-80.1439064, 25.8033008], [-80.1443807, 25.8032933], [-80.1448209, 25.8032752], [-80.1451237, 25.8032821], [-80.1461183, 25.8032569], [-80.1469584, 25.8032515], [-80.1473014, 25.8032277], [-80.1474674, 25.8031924], [-80.1476456, 25.8030486], [-80.1477787, 25.8028166], [-80.1478441, 25.8024652], [-80.1478536, 25.8019325], [-80.1478337, 25.8015133], [-80.1477787, 25.8012182000001], [-80.1476489, 25.8009898], [-80.147473, 25.800818], [-80.1473704, 25.8007812], [-80.1470676, 25.8007691], [-80.1463816999999, 25.8007858], [-80.1455188, 25.8007911], [-80.1451072999999, 25.8007938]]}, "properties": {"project": "FL3502", "date": "19350123", "kind": "Man-made", "source": "T05629"}}, {"type": "Feature", "geometry": {"type": "LineString", "coordinates": [[-80.1448871, 25.8004201], [-80.1450871, 25.8004161]]}, "properties": {"project": "FL3502", "date": "19350123", "kind": "Undetermined.Approximate", "source": "T05629"}}, {"type": "Feature", "geometry": {"type": "LineString", "coordinates": [[-80.1250475, 25.8136006], [-80.1251098, 25.8131669], [-80.1252033, 25.8125586], [-80.1252707, 25.81204], [-80.1253328, 25.81146], [-80.1253689, 25.8108848], [-80.1253631, 25.8102623], [-80.1253468, 25.8095313], [-80.1253517, 25.8092059], [-80.1253775, 25.80889], [-80.1254191, 25.8086495], [-80.1255076, 25.8083808], [-80.1257317, 25.8078907], [-80.1260286999999, 25.8072828], [-80.1263519, 25.8066937], [-80.1266489, 25.8060763], [-80.126852, 25.805605], [-80.127003, 25.80511], [-80.127081, 25.8047800000001], [-80.1271536, 25.8042237], [-80.1271843, 25.8035352], [-80.127189, 25.8029552], [-80.1271779, 25.8022336], [-80.1271985, 25.8018375], [-80.1272452, 25.8015311], [-80.1273284, 25.8011681], [-80.1274795, 25.8008476], [-80.1276411, 25.8006497], [-80.1279541, 25.8004474], [-80.128025, 25.8004129]]}, "properties": {"project": "FL3502", "date": "19350123", "kind": "Natural.Mean High Water", "source": "T05629"}}, {"type": "Feature", "geometry": {"type": "LineString", "coordinates": [[-80.1256863, 25.8003485], [-80.1256381, 25.8004698], [-80.1255299, 25.8007064], [-80.1253991, 25.8009348000001], [-80.1253224, 25.8010572], [-80.1253047, 25.8011197]]}, "properties": {"project": "FL3502", "date": "19350123", "kind": "Natural.Mean High Water", "source": "T05629"}}, {"type": "Feature", "geometry": {"type": "LineString", "coordinates": [[-80.1256863, 25.8003485], [-80.1252403, 25.8001918000001]]}, "properties": {"project": "FL3502", "date": "19350123", "kind": "Pier", "source": "T05629"}}, {"type": "Feature", "geometry": {"type": "LineString", "coordinates": [[-80.1399324, 25.8009648], [-80.1399106, 25.8000121]]}, "properties": {"project": "FL3502", "date": "19350123", "kind": "Man-made", "source": "T05629"}}, {"type": "Feature", "geometry": {"type": "LineString", "coordinates": [[-80.1399106, 25.8000121], [-80.1399157, 25.799906]]}, "properties": {"project": "FL3502", "date": "19350123", "kind": "Shoreline/Alongshore Feature Boundary", "source": "T05629"}}, {"type": "Feature", "geometry": {"type": "LineString", "coordinates": [[-80.1399106, 25.8000121], [-80.1399602, 25.8000004], [-80.1399601, 25.7999108], [-80.1399157, 25.799906]]}, "properties": {"project": "FL3502", "date": "19350123", "kind": "Pier", "source": "T05629"}}, {"type": "Feature", "geometry": {"type": "LineString", "coordinates": [[-80.1861053, 25.8063756], [-80.185444, 25.8063793]]}, "properties": {"project": "FL3502", "date": "19350123", "kind": "Pier", "source": "T05629"}}, {"type": "Feature", "geometry": {"type": "LineString", "coordinates": [[-80.1855178, 25.8067657], [-80.1856145, 25.8066228], [-80.1857513, 25.8064821], [-80.1858835, 25.8064267], [-80.1860441, 25.8063884], [-80.1861053, 25.8063756]]}, "properties": {"project": "FL3502", "date": "19350123", "kind": "Natural.Mean High Water", "source": "T05629"}}, {"type": "Feature", "geometry": {"type": "LineString", "coordinates": [[-80.1233667, 25.8063553], [-80.12333, 25.8064502], [-80.1232625, 25.8067155], [-80.1231814, 25.8069439], [-80.123154, 25.8070147]]}, "properties": {"project": "FL3502", "date": "19350123", "kind": "Natural.Mean High Water", "source": "T05629"}}, {"type": "Feature", "geometry": {"type": "LineString", "coordinates": [[-80.1363803, 25.8093309], [-80.136725, 25.8094092], [-80.1370801, 25.8095157], [-80.1373438, 25.8096104], [-80.1374143, 25.8096152], [-80.1374848, 25.8096082], [-80.1375291, 25.809587], [-80.1376856, 25.8094505], [-80.1380351, 25.8091161], [-80.1383793, 25.8087628], [-80.1390025, 25.8081293], [-80.1394145, 25.8077125], [-80.1401238, 25.8070083], [-80.1403324, 25.8068129], [-80.1407966, 25.8063277]]}, "properties": {"project": "FL3502", "date": "19350123", "kind": "Man-made", "source": "T05629"}}, {"type": "Feature", "geometry": {"type": "LineString", "coordinates": [[-80.1233667, 25.8063553], [-80.1230497, 25.806258]]}, "properties": {"project": "FL3502", "date": "19350123", "kind": "Pier", "source": "T05629"}}, {"type": "Feature", "geometry": {"type": "LineString", "coordinates": [[-80.1407966, 25.8063277], [-80.1409217, 25.8061864]]}, "properties": {"project": "FL3502", "date": "19350123", "kind": "Undetermined.Approximate", "source": "T05629"}}, {"type": "Feature", "geometry": {"type": "LineString", "coordinates": [[-80.1861053, 25.8063756], [-80.1861858, 25.8063587], [-80.1864457, 25.8063461], [-80.1864929, 25.8063248], [-80.1865448, 25.8062523], [-80.1865447, 25.8061669000001], [-80.186521, 25.8060815], [-80.1864642, 25.8060303], [-80.186398, 25.8060089], [-80.1853963, 25.8060293]]}, "properties": {"project": "FL3502", "date": "19350123", "kind": "Natural.Mean High Water", "source": "T05629"}}, {"type": "Feature", "geometry": {"type": "LineString", "coordinates": [[-80.1236418, 25.8056862], [-80.1236231, 25.805769], [-80.1235871, 25.8059282], [-80.1235375, 25.8060383], [-80.1234428, 25.8062177], [-80.1233667, 25.8063553]]}, "properties": {"project": "FL3502", "date": "19350123", "kind": "Natural.Mean High Water", "source": "T05629"}}, {"type": "Feature", "geometry": {"type": "LineString", "coordinates": [[-80.1236418, 25.8056862], [-80.1232525, 25.8055726]]}, "properties": {"project": "FL3502", "date": "19350123", "kind": "Undetermined Alongshore Feature", "source": "T05629"}}, {"type": "Feature", "geometry": {"type": "LineString", "coordinates": [[-80.1409217, 25.8061864], [-80.1409686, 25.8061016], [-80.1409946, 25.8060167], [-80.1409889, 25.8055263]]}, "properties": {"project": "FL3502", "date": "19350123", "kind": "Man-made", "source": "T05629"}}, {"type": "Feature", "geometry": {"type": "LineString", "coordinates": [[-80.1413939, 25.8054018], [-80.1413816, 25.8055155]]}, "properties": {"project": "FL3502", "date": "19350123", "kind": "Undetermined.Approximate", "source": "T05629"}}, {"type": "Feature", "geometry": {"type": "LineString", "coordinates": [[-80.1409889, 25.8055263], [-80.1409835, 25.8053801]]}, "properties": {"project": "FL3502", "date": "19350123", "kind": "Undetermined.Approximate", "source": "T05629"}}, {"type": "Feature", "geometry": {"type": "LineString", "coordinates": [[-80.1237537, 25.8052929], [-80.1237222, 25.8053814], [-80.1236637, 25.8055895], [-80.1236418, 25.8056862]]}, "properties": {"project": "FL3502", "date": "19350123", "kind": "Natural.Mean High Water", "source": "T05629"}}, {"type": "Feature", "geometry": {"type": "LineString", "coordinates": [[-80.1237537, 25.8052929], [-80.1234916, 25.8052219]]}, "properties": {"project": "FL3502", "date": "19350123", "kind": "Undetermined Alongshore Feature", "source": "T05629"}}, {"type": "Feature", "geometry": {"type": "LineString", "coordinates": [[-80.1239084, 25.8049141], [-80.1239025, 25.8049204], [-80.1238574, 25.8049857], [-80.1238079, 25.8051407], [-80.1237537, 25.8052929]]}, "properties": {"project": "FL3502", "date": "19350123", "kind": "Natural.Mean High Water", "source": "T05629"}}, {"type": "Feature", "geometry": {"type": "LineString", "coordinates": [[-80.1239084, 25.8049141], [-80.1235139, 25.8047893]]}, "properties": {"project": "FL3502", "date": "19350123", "kind": "Undetermined Alongshore Feature", "source": "T05629"}}, {"type": "Feature", "geometry": {"type": "LineString", "coordinates": [[-80.1409835, 25.8053801], [-80.1409779, 25.8049415], [-80.1409517, 25.8048754], [-80.1408681, 25.804781], [-80.1407636, 25.8047337], [-80.1406592, 25.8047195], [-80.1404347, 25.8046909], [-80.1402885, 25.8046247], [-80.1400795, 25.8044547], [-80.1400376, 25.8043933], [-80.1400271, 25.8043343000001]]}, "properties": {"project": "FL3502", "date": "19350123", "kind": "Man-made", "source": "T05629"}}, {"type": "Feature", "geometry": {"type": "LineString", "coordinates": [[-80.1400271, 25.8043343000001], [-80.1400192, 25.8042212]]}, "properties": {"project": "FL3502", "date": "19350123", "kind": "Shoreline/Alongshore Feature Boundary", "source": "T05629"}}, {"type": "Feature", "geometry": {"type": "LineString", "coordinates": [[-80.1400271, 25.8043343000001], [-80.1400611, 25.804332], [-80.140061, 25.8042236], [-80.1400192, 25.8042212]]}, "properties": {"project": "FL3502", "date": "19350123", "kind": "Pier", "source": "T05629"}}, {"type": "Feature", "geometry": {"type": "LineString", "coordinates": [[-80.1853963, 25.8060293], [-80.1853895, 25.8045012], [-80.1853989, 25.8044713], [-80.1854697, 25.8044415], [-80.1855405, 25.8043647], [-80.1857056, 25.8041899]]}, "properties": {"project": "FL3502", "date": "19350123", "kind": "Man-made", "source": "T05629"}}, {"type": "Feature", "geometry": {"type": "LineString", "coordinates": [[-80.1399157, 25.799906], [-80.1399155, 25.7997481]]}, "properties": {"project": "FL3502", "date": "19350123", "kind": "Man-made", "source": "T05629"}}, {"type": "Feature", "geometry": {"type": "LineString", "coordinates": [[-80.1241039, 25.8133934], [-80.124168, 25.8131513], [-80.124275, 25.812856], [-80.1244516, 25.8124057], [-80.1245425, 25.8121201], [-80.124644, 25.8116552], [-80.1247081, 25.8113065], [-80.1247079, 25.8110934], [-80.1246807, 25.8106574], [-80.1246965, 25.8103135], [-80.1247285, 25.8101004], [-80.1247444, 25.8098873], [-80.1247281, 25.8097177], [-80.124658, 25.809272], [-80.1246363, 25.8090055], [-80.1246521, 25.8086665], [-80.1246735, 25.8085502], [-80.1247163, 25.808497], [-80.1247377, 25.8084438], [-80.124743, 25.8083614], [-80.1247483, 25.8083033], [-80.1247751, 25.808221], [-80.1249357, 25.8079645], [-80.1251339, 25.8076789], [-80.1254339, 25.8073839], [-80.1257178, 25.8070645], [-80.1259535, 25.8067694], [-80.1261838, 25.8063822], [-80.1263497, 25.8060288], [-80.1265156, 25.8056657], [-80.1265637, 25.8055253], [-80.1267457, 25.8050896], [-80.1268473, 25.8047942], [-80.126922, 25.8044116], [-80.1269753, 25.804], [-80.1269801, 25.803409], [-80.1269474, 25.8028229], [-80.1269205, 25.8027599], [-80.1268722, 25.8027162], [-80.1267489, 25.8026579], [-80.1265504, 25.8025898], [-80.1264324, 25.8025316], [-80.1263465, 25.8024442], [-80.1263035, 25.8023279], [-80.1262766, 25.8021535], [-80.1262924, 25.8019259], [-80.1263672, 25.8015869], [-80.1264259, 25.8012527], [-80.1264845, 25.8008411], [-80.1265488, 25.8007637], [-80.1267525, 25.8006671], [-80.1271759, 25.8005126], [-80.1273796, 25.800416], [-80.127476, 25.8003192], [-80.1275563, 25.8001256], [-80.1277061, 25.7997189], [-80.1277275, 25.7997044], [-80.1278723, 25.799724], [-80.1278938, 25.799753], [-80.1278938, 25.7998063], [-80.1278671, 25.7999516], [-80.1278459, 25.8001744], [-80.1278513, 25.8002858], [-80.1278943, 25.8003198], [-80.1279425, 25.8003247], [-80.1279735, 25.8003177000001]]}, "properties": {"project": "FL3502", "date": "19350123", "kind": "Natural.Mean High Water", "source": "T05629"}}, {"type": "Feature", "geometry": {"type": "LineString", "coordinates": [[-80.1258901, 25.7997041], [-80.1258815, 25.7997314], [-80.1258229, 25.7999476], [-80.1257418, 25.8002088], [-80.1256863, 25.8003485]]}, "properties": {"project": "FL3502", "date": "19350123", "kind": "Natural.Mean High Water", "source": "T05629"}}, {"type": "Feature", "geometry": {"type": "LineString", "coordinates": [[-80.1399155, 25.7997481], [-80.1399155, 25.7996561]]}, "properties": {"project": "FL3502", "date": "19350123", "kind": "Shoreline/Alongshore Feature Boundary", "source": "T05629"}}, {"type": "Feature", "geometry": {"type": "LineString", "coordinates": [[-80.1399155, 25.7997481], [-80.1399599, 25.7997505], [-80.1399598, 25.7996562], [-80.1399155, 25.7996561]]}, "properties": {"project": "FL3502", "date": "19350123", "kind": "Pier", "source": "T05629"}}, {"type": "Feature", "geometry": {"type": "LineString", "coordinates": [[-80.1600983, 25.7909735], [-80.1600553, 25.7903961], [-80.1599905, 25.7892719], [-80.1599083, 25.7877043], [-80.159921, 25.787666], [-80.1599252, 25.7876355], [-80.1599167, 25.787601], [-80.1599039, 25.787559], [-80.1598781, 25.7871804], [-80.1598017, 25.7869739], [-80.159666, 25.7867749], [-80.1595262, 25.7866333], [-80.1593187, 25.7865069], [-80.1591917, 25.786457]]}, "properties": {"project": "FL3502", "date": "19350123", "kind": "Man-made", "source": "T05629"}}, {"type": "Feature", "geometry": {"type": "LineString", "coordinates": [[-80.1591917, 25.786457], [-80.1589625, 25.7863963]]}, "properties": {"project": "FL3502", "date": "19350123", "kind": "Undetermined.Approximate", "source": "T05629"}}, {"type": "Feature", "geometry": {"type": "LineString", "coordinates": [[-80.1589625, 25.7863963], [-80.1586922, 25.7863915], [-80.158578, 25.7864028], [-80.1583792, 25.7864657], [-80.1581677, 25.7865649], [-80.1580112, 25.7866756], [-80.1578992, 25.7868016], [-80.1578084, 25.7869507], [-80.1577304, 25.7871742], [-80.1577201, 25.7873903], [-80.1577332, 25.7877325], [-80.1577569, 25.7881684], [-80.1577764, 25.7885106], [-80.1578088, 25.7890803], [-80.1578089, 25.7892237], [-80.1578005, 25.7892523], [-80.1577984, 25.7892695], [-80.1578027, 25.7892982], [-80.1578197, 25.789348], [-80.1578328, 25.7897724], [-80.1578223, 25.7898144], [-80.1578223, 25.7898431], [-80.1578393, 25.7898794], [-80.1578543, 25.7900171], [-80.1578802, 25.7904836], [-80.1579105, 25.7910858]]}, "properties": {"project": "FL3502", "date": "19350123", "kind": "Man-made", "source": "T05629"}}, {"type": "Feature", "geometry": {"type": "LineString", "coordinates": [[-80.2247711, 25.7866423], [-80.2245269, 25.7866754], [-80.2243879, 25.7866823], [-80.2242642, 25.7866613], [-80.2239936, 25.7865425], [-80.2235528, 25.7863188], [-80.2231197, 25.7860603]]}, "properties": {"project": "FL3502", "date": "19350123", "kind": "Natural.Mean High Water", "source": "T05629"}}, {"type": "Feature", "geometry": {"type": "LineString", "coordinates": [[-80.2231197, 25.7860603], [-80.2229226, 25.7859554]]}, "properties": {"project": "FL3502", "date": "19350123", "kind": "Undetermined.Approximate", "source": "T05629"}}, {"type": "Feature", "geometry": {"type": "LineString", "coordinates": [[-80.2247711, 25.7860781], [-80.2246071, 25.7861328], [-80.2244603, 25.7861431], [-80.2243366, 25.7861117], [-80.2240583, 25.7860068], [-80.2238379, 25.785867], [-80.2236986, 25.7857518], [-80.2235208, 25.7856609], [-80.2233778, 25.7856189], [-80.2232618, 25.785563], [-80.2231535, 25.7854827]]}, "properties": {"project": "FL3502", "date": "19350123", "kind": "Natural.Mean High Water", "source": "T05629"}}, {"type": "Feature", "geometry": {"type": "LineString", "coordinates": [[-80.1455936999999, 25.7869071], [-80.1455239, 25.7867956], [-80.1450056, 25.7859328], [-80.1446271, 25.7854431], [-80.1445631, 25.7853655]]}, "properties": {"project": "FL3502", "date": "19350123", "kind": "Natural.Mean High Water", "source": "T05629"}}, {"type": "Feature", "geometry": {"type": "LineString", "coordinates": [[-80.1445631, 25.7853655], [-80.1448656, 25.7853634]]}, "properties": {"project": "FL3502", "date": "19350123", "kind": "Pier", "source": "T05629"}}, {"type": "Feature", "geometry": {"type": "LineString", "coordinates": [[-80.2228825, 25.7851056], [-80.2231535, 25.7854827]]}, "properties": {"project": "FL3502", "date": "19350123", "kind": "Undetermined.Approximate", "source": "T05629"}}, {"type": "Feature", "geometry": {"type": "LineString", "coordinates": [[-80.1445631, 25.7853655], [-80.144195, 25.7849194]]}, "properties": {"project": "FL3502", "date": "19350123", "kind": "Natural.Mean High Water", "source": "T05629"}}, {"type": "Feature", "geometry": {"type": "LineString", "coordinates": [[-80.144195, 25.7849194], [-80.1447552, 25.7849056]]}, "properties": {"project": "FL3502", "date": "19350123", "kind": "Pier", "source": "T05629"}}, {"type": "Feature", "geometry": {"type": "LineString", "coordinates": [[-80.1525102, 25.7858421], [-80.1527324, 25.7859149], [-80.1528363, 25.7859236], [-80.152945, 25.7859152], [-80.153096, 25.7858257], [-80.1532517, 25.7855954], [-80.1533083, 25.7855378], [-80.1533201, 25.7854994], [-80.15332, 25.7854653], [-80.1533058, 25.7854268], [-80.1532892, 25.785382], [-80.1532843, 25.7851472], [-80.1532677, 25.7851109], [-80.1531944, 25.7850297], [-80.1531589, 25.7849657], [-80.1531139, 25.7848995], [-80.1530903, 25.7848845], [-80.153043, 25.7848802], [-80.152958, 25.7848737], [-80.152854, 25.7848501], [-80.1527217, 25.7848158], [-80.1526248, 25.7848093], [-80.1525256, 25.7848241], [-80.1524241, 25.7848645], [-80.1523273, 25.7849071], [-80.1522424, 25.7849774], [-80.1521645, 25.7850883], [-80.1521387, 25.7852377], [-80.1521436, 25.7853978], [-80.1521674, 25.7855258], [-80.1522242, 25.7856326], [-80.1523353, 25.7857309], [-80.1525102, 25.7858421]]}, "properties": {"project": "FL3502", "date": "19350123", "kind": "Natural.Mean High Water", "source": "T05629"}}, {"type": "Feature", "geometry": {"type": "LineString", "coordinates": [[-80.1854942, 25.7870657], [-80.1853958, 25.785701], [-80.1862842, 25.7856704], [-80.1872731, 25.7856329], [-80.1884087, 25.785606], [-80.1884319, 25.785592], [-80.1884357, 25.7855641], [-80.1884234, 25.7850406], [-80.1873032, 25.785057], [-80.1861444, 25.7851014], [-80.1853602, 25.7851181], [-80.1853362, 25.7845886]]}, "properties": {"project": "FL3502", "date": "19350123", "kind": "Man-made", "source": "T05629"}}, {"type": "Feature", "geometry": {"type": "LineString", "coordinates": [[-80.1853362, 25.7845886], [-80.1854819, 25.7844371]]}, "properties": {"project": "FL3502", "date": "19350123", "kind": "Undetermined.Approximate", "source": "T05629"}}, {"type": "Feature", "geometry": {"type": "LineString", "coordinates": [[-80.1463773, 25.7899462], [-80.1462554, 25.7898312], [-80.146198, 25.7898783], [-80.1463271, 25.7899828]]}, "properties": {"project": "FL3502", "date": "19350123", "kind": "Man-made", "source": "T05629"}}, {"type": "Feature", "geometry": {"type": "LineString", "coordinates": [[-80.1464087, 25.7899233], [-80.1463128, 25.7898219], [-80.1463128, 25.7897888]]}, "properties": {"project": "FL3502", "date": "19350123", "kind": "Pier", "source": "T05629"}}, {"type": "Feature", "geometry": {"type": "LineString", "coordinates": [[-80.1854331, 25.789901], [-80.1854282, 25.7897644]]}, "properties": {"project": "FL3502", "date": "19350123", "kind": "Undetermined.Approximate", "source": "T05629"}}, {"type": "Feature", "geometry": {"type": "LineString", "coordinates": [[-80.1464858, 25.789867], [-80.1464146, 25.7898503], [-80.1464067, 25.7897512], [-80.1463389, 25.7897559]]}, "properties": {"project": "FL3502", "date": "19350123", "kind": "Pier", "source": "T05629"}}, {"type": "Feature", "geometry": {"type": "LineString", "coordinates": [[-80.1498135, 25.7903775], [-80.1497479, 25.7902762000001], [-80.1496329, 25.7901417], [-80.1494788, 25.7900048], [-80.1493273, 25.7899079], [-80.1490897, 25.7897968], [-80.1489539, 25.7897283], [-80.1489226, 25.7896952], [-80.1488886, 25.7896716], [-80.1487711, 25.789622], [-80.1487215, 25.7896148], [-80.1486693, 25.7896006], [-80.1486133, 25.7895744]]}, "properties": {"project": "FL3502", "date": "19350123", "kind": "Natural.Mean High Water", "source": "T05629"}}, {"type": "Feature", "geometry": {"type": "LineString", "coordinates": [[-80.171067, 25.7904401], [-80.1710329, 25.7902604], [-80.1709353, 25.7900691], [-80.1707742, 25.7898549], [-80.1705879, 25.7897209], [-80.170338, 25.7896135], [-80.1701645, 25.789579], [-80.169974, 25.7895711], [-80.1697371, 25.7895785], [-80.169572, 25.7895822], [-80.1694916, 25.7896012], [-80.1693648, 25.7896699], [-80.1693055, 25.7896813], [-80.1692547, 25.7896813], [-80.1692293, 25.7896659], [-80.1692124, 25.7896277], [-80.1691742, 25.7896085], [-80.1690769, 25.7896084], [-80.1690431, 25.7896237], [-80.1690177, 25.7896695], [-80.1689797, 25.7896924], [-80.1688146, 25.7897076], [-80.1684549, 25.7897187], [-80.1680021, 25.789722], [-80.1676297, 25.7897293], [-80.1675832, 25.7897178], [-80.1675535, 25.7896948], [-80.1674731, 25.7896833], [-80.1670838, 25.7896943], [-80.1670499, 25.7897058], [-80.1670331, 25.7897669], [-80.1670035, 25.7897898], [-80.1669273, 25.7898012], [-80.166665, 25.7898201], [-80.1665592, 25.7898544], [-80.1664239, 25.789946], [-80.1663858, 25.7899498], [-80.1663519, 25.7899383], [-80.1663138, 25.7899115], [-80.16628, 25.7899114000001], [-80.166225, 25.7899419], [-80.1660601, 25.7900947], [-80.1659545, 25.7902628000001], [-80.1658997, 25.7904081], [-80.1658702, 25.7905419000001], [-80.1658619, 25.7906948]]}, "properties": {"project": "FL3502", "date": "19350123", "kind": "Man-made", "source": "T05629"}}, {"type": "Feature", "geometry": {"type": "LineString", "coordinates": [[-80.1854819, 25.7844371], [-80.1863849, 25.7844315], [-80.1874857, 25.7843976], [-80.1884437, 25.7843705], [-80.1884429999999, 25.7838609], [-80.1878365, 25.7838744], [-80.1870678, 25.7839016], [-80.1862412, 25.7839218], [-80.1853644, 25.7839594], [-80.1853373, 25.7839489], [-80.185318, 25.7839], [-80.1853137, 25.7837636]]}, "properties": {"project": "FL3502", "date": "19350123", "kind": "Man-made", "source": "T05629"}}, {"type": "Feature", "geometry": {"type": "LineString", "coordinates": [[-80.2182833, 25.7837274], [-80.2184109, 25.7837833], [-80.2187123, 25.7838533], [-80.2190369, 25.7839094], [-80.2195934, 25.7840773], [-80.2198794, 25.7841752], [-80.2207722, 25.784448], [-80.2217037, 25.7847453], [-80.2220361, 25.7848607], [-80.2221095, 25.7849026], [-80.2222139, 25.7849585], [-80.2223028, 25.784976], [-80.2223917, 25.7849866], [-80.2225076, 25.7850215], [-80.2227047, 25.7850985], [-80.2227549999999, 25.7851055], [-80.2228825, 25.7851056]]}, "properties": {"project": "FL3502", "date": "19350123", "kind": "Natural.Mean High Water", "source": "T05629"}}, {"type": "Feature", "geometry": {"type": "LineString", "coordinates": [[-80.1853137, 25.7837636], [-80.1853101, 25.7836865]]}, "properties": {"project": "FL3502", "date": "19350123", "kind": "Undetermined.Approximate", "source": "T05629"}}, {"type": "Feature", "geometry": {"type": "LineString", "coordinates": [[-80.1486133, 25.7895744], [-80.1486535, 25.7895016]]}, "properties": {"project": "FL3502", "date": "19350123", "kind": "Pier", "source": "T05629"}}, {"type": "Feature", "geometry": {"type": "LineString", "coordinates": [[-80.1486535, 25.7895016], [-80.1489982, 25.7896599]]}, "properties": {"project": "FL3502", "date": "19350123", "kind": "Pier", "source": "T05629"}}, {"type": "Feature", "geometry": {"type": "LineString", "coordinates": [[-80.1486133, 25.7895744], [-80.1485884, 25.7895628], [-80.148463, 25.7894966], [-80.148444, 25.7894884]]}, "properties": {"project": "FL3502", "date": "19350123", "kind": "Shoreline/Alongshore Feature Boundary", "source": "T05629"}}, {"type": "Feature", "geometry": {"type": "LineString", "coordinates": [[-80.1794204, 25.7900431], [-80.1794119, 25.7899991], [-80.1793949, 25.7899761], [-80.1793441, 25.7899722], [-80.1790056, 25.7899834], [-80.1785528, 25.7900059], [-80.17799, 25.7900321], [-80.1774145, 25.7900583], [-80.1766443, 25.790092], [-80.1758699, 25.7901295], [-80.175269, 25.7901518], [-80.1748331, 25.7901705], [-80.1747992, 25.7901628], [-80.1747399, 25.7901245], [-80.1743036, 25.7897685], [-80.1740197, 25.7895465], [-80.1738546, 25.7894546], [-80.1737487, 25.7894201], [-80.1736091, 25.7894084], [-80.1731732, 25.7894195], [-80.1727119, 25.789442], [-80.1721957, 25.7894644], [-80.1720433, 25.7894795], [-80.1719122, 25.7895291], [-80.1717473, 25.789636], [-80.1716417, 25.7897926], [-80.1716037, 25.7898958], [-80.1715912, 25.7899876], [-80.1716083, 25.7901405], [-80.1716213, 25.7904235]]}, "properties": {"project": "FL3502", "date": "19350123", "kind": "Man-made", "source": "T05629"}}, {"type": "Feature", "geometry": {"type": "LineString", "coordinates": [[-80.1486535, 25.7895016], [-80.1486718, 25.789478], [-80.1484968, 25.7893953], [-80.148444, 25.7894884]]}, "properties": {"project": "FL3502", "date": "19350123", "kind": "Pier", "source": "T05629"}}, {"type": "Feature", "geometry": {"type": "LineString", "coordinates": [[-80.148444, 25.7894884], [-80.1483325, 25.7894399], [-80.148087, 25.7893335], [-80.147946, 25.7892885], [-80.1477712, 25.7892742], [-80.1475363, 25.7892763], [-80.147398, 25.7892973], [-80.1472493, 25.7893419], [-80.1470484, 25.7894478], [-80.146712, 25.7897021], [-80.1464858, 25.789867]]}, "properties": {"project": "FL3502", "date": "19350123", "kind": "Natural.Mean High Water", "source": "T05629"}}, {"type": "Feature", "geometry": {"type": "LineString", "coordinates": [[-80.1854282, 25.7897644], [-80.1854201, 25.7893028], [-80.1855668, 25.7892785], [-80.1855588, 25.7890202], [-80.1855589, 25.7889958]]}, "properties": {"project": "FL3502", "date": "19350123", "kind": "Man-made", "source": "T05629"}}, {"type": "Feature", "geometry": {"type": "LineString", "coordinates": [[-80.1855589, 25.7889958], [-80.1854042, 25.7889956]]}, "properties": {"project": "FL3502", "date": "19350123", "kind": "Pier", "source": "T05629"}}, {"type": "Feature", "geometry": {"type": "LineString", "coordinates": [[-80.1855589, 25.7889958], [-80.185562, 25.7885909], [-80.185563, 25.7885665]]}, "properties": {"project": "FL3502", "date": "19350123", "kind": "Man-made", "source": "T05629"}}, {"type": "Feature", "geometry": {"type": "LineString", "coordinates": [[-80.185563, 25.7885665], [-80.1854113, 25.7885664]]}, "properties": {"project": "FL3502", "date": "19350123", "kind": "Pier", "source": "T05629"}}, {"type": "Feature", "geometry": {"type": "LineString", "coordinates": [[-80.1640381, 25.7907961], [-80.1640041, 25.7907005], [-80.1639912, 25.7904711], [-80.1639741, 25.7903296], [-80.1639485, 25.7901537], [-80.1639438, 25.7898134], [-80.1639522, 25.789779], [-80.1639776, 25.7897637], [-80.1639903, 25.7897331], [-80.1639902, 25.789649], [-80.1639774, 25.7896108], [-80.1639478, 25.7895763], [-80.1639392, 25.7895381], [-80.1639349, 25.789454], [-80.1639517999999, 25.7894234], [-80.1639687, 25.7893775], [-80.1639728, 25.7892858], [-80.16396, 25.7892322], [-80.1639261, 25.7891748], [-80.1639133, 25.789064], [-80.1638665, 25.7888689], [-80.163752, 25.7886394], [-80.1635909, 25.7884366], [-80.1634003, 25.7883102], [-80.163214, 25.7882374], [-80.1631547, 25.7882067], [-80.1631378, 25.7881876], [-80.1631251, 25.788157], [-80.1630954, 25.7881416], [-80.1627653, 25.7881336], [-80.1626299, 25.7881488], [-80.1624903, 25.788206], [-80.1624396, 25.788248], [-80.1623212, 25.7883243], [-80.1621943, 25.7884007], [-80.1620886, 25.7884923], [-80.1619957, 25.788626], [-80.161907, 25.7887865], [-80.1618691, 25.788905], [-80.1618438, 25.7890388], [-80.1618484, 25.7893332], [-80.16187, 25.7896735], [-80.1618789, 25.7900329], [-80.1619047, 25.7904], [-80.1619135, 25.7906715], [-80.1619095, 25.7908818]]}, "properties": {"project": "FL3502", "date": "19350123", "kind": "Man-made", "source": "T05629"}}, {"type": "Feature", "geometry": {"type": "LineString", "coordinates": [[-80.1855536, 25.7879977], [-80.1854492, 25.788001]]}, "properties": {"project": "FL3502", "date": "19350123", "kind": "Pier", "source": "T05629"}}, {"type": "Feature", "geometry": {"type": "LineString", "coordinates": [[-80.185563, 25.7885665], [-80.1855732, 25.7883222], [-80.1855536, 25.7879977]]}, "properties": {"project": "FL3502", "date": "19350123", "kind": "Man-made", "source": "T05629"}}, {"type": "Feature", "geometry": {"type": "LineString", "coordinates": [[-80.1561659, 25.7911604], [-80.1561178, 25.7904134], [-80.1560842, 25.7899481], [-80.1560936, 25.7899054], [-80.1560983, 25.7898755000001], [-80.1560983, 25.7898585], [-80.1560793, 25.78982], [-80.1560697, 25.7896834], [-80.1560647, 25.7894572], [-80.1560742, 25.7894188], [-80.1560836, 25.7893889], [-80.1560646, 25.7893548], [-80.156041, 25.7893163], [-80.1560218, 25.7890474], [-80.1559978, 25.7887827], [-80.1559409, 25.7885778], [-80.1558226, 25.7883642], [-80.1556475, 25.7881762], [-80.1554348, 25.7880522], [-80.1552032, 25.7879708], [-80.1549764, 25.7879364], [-80.1547827, 25.7879405], [-80.1545513, 25.7879957], [-80.1543152, 25.7880979], [-80.1541263, 25.7882257], [-80.1539801, 25.7884219], [-80.1538717, 25.7886565], [-80.1538435, 25.7887931], [-80.153863, 25.7893352], [-80.1539017, 25.7901676], [-80.153926, 25.7907311], [-80.1539643999999, 25.7912775]]}, "properties": {"project": "FL3502", "date": "19350123", "kind": "Man-made", "source": "T05629"}}, {"type": "Feature", "geometry": {"type": "LineString", "coordinates": [[-80.1447634, 25.7913749000001], [-80.1447746, 25.7906554], [-80.1447793, 25.7900208], [-80.1448112, 25.7897956], [-80.144902, 25.7893937], [-80.1450356, 25.7890305], [-80.145263, 25.7885803], [-80.1454638, 25.7882996], [-80.1456351, 25.7880746], [-80.1457234, 25.7879245], [-80.1457688, 25.7877865]]}, "properties": {"project": "FL3502", "date": "19350123", "kind": "Natural.Mean High Water", "source": "T05629"}}, {"type": "Feature", "geometry": {"type": "LineString", "coordinates": [[-80.1457688, 25.7877865], [-80.1458385, 25.7877866], [-80.1458382, 25.7874209]]}, "properties": {"project": "FL3502", "date": "19350123", "kind": "Man-made", "source": "T05629"}}, {"type": "Feature", "geometry": {"type": "LineString", "coordinates": [[-80.157479, 25.7912096], [-80.157462, 25.7911254]]}, "properties": {"project": "FL3502", "date": "19350123", "kind": "Undetermined.Approximate", "source": "T05629"}}, {"type": "Feature", "geometry": {"type": "LineString", "coordinates": [[-80.157479, 25.7912096], [-80.1573987, 25.7912898], [-80.1566454, 25.7913119], [-80.1565861, 25.7912736]]}, "properties": {"project": "FL3502", "date": "19350123", "kind": "Man-made", "source": "T05629"}}, {"type": "Feature", "geometry": {"type": "LineString", "coordinates": [[-80.1561708, 25.7913098], [-80.1561659, 25.7911604]]}, "properties": {"project": "FL3502", "date": "19350123", "kind": "Undetermined.Approximate", "source": "T05629"}}, {"type": "Feature", "geometry": {"type": "LineString", "coordinates": [[-80.1565861, 25.7912736], [-80.156586, 25.7911551]]}, "properties": {"project": "FL3502", "date": "19350123", "kind": "Undetermined.Approximate", "source": "T05629"}}, {"type": "Feature", "geometry": {"type": "LineString", "coordinates": [[-80.1578683, 25.7911966], [-80.157877, 25.7913362], [-80.1578854, 25.7913591], [-80.1579172, 25.7913878], [-80.1579236, 25.7914165], [-80.1579217, 25.7916383], [-80.1579197, 25.7916612], [-80.1579239, 25.7916842], [-80.1579388, 25.7917167], [-80.1579518, 25.7919729], [-80.1579755, 25.7923782], [-80.1580014, 25.7928332], [-80.1580446, 25.793596], [-80.1580708, 25.7942651], [-80.1581159, 25.7948349], [-80.1581457, 25.7950395], [-80.1582073, 25.7951963], [-80.1583938, 25.7954488], [-80.1585759, 25.7956058], [-80.158758, 25.7957016], [-80.1589486, 25.795763], [-80.1591644, 25.7957823], [-80.1593633, 25.7957787], [-80.1595453, 25.7957445], [-80.1598033, 25.7956339], [-80.1600316, 25.7954544], [-80.1601753, 25.7952711], [-80.1602724, 25.7950303], [-80.1602891, 25.794843], [-80.1602759, 25.794453], [-80.1602197, 25.7934015], [-80.1601635, 25.7924341], [-80.1601332, 25.7918147], [-80.1601027, 25.7911188]]}, "properties": {"project": "FL3502", "date": "19350123", "kind": "Man-made", "source": "T05629"}}, {"type": "Feature", "geometry": {"type": "LineString", "coordinates": [[-80.1579105, 25.7910858], [-80.1578683, 25.7911966]]}, "properties": {"project": "FL3502", "date": "19350123", "kind": "Undetermined.Approximate", "source": "T05629"}}, {"type": "Feature", "geometry": {"type": "LineString", "coordinates": [[-80.1614315, 25.7910457], [-80.1613723, 25.7910991], [-80.1605979, 25.7911327], [-80.1605513, 25.7910906]]}, "properties": {"project": "FL3502", "date": "19350123", "kind": "Man-made", "source": "T05629"}}, {"type": "Feature", "geometry": {"type": "LineString", "coordinates": [[-80.157462, 25.7911254], [-80.1573899, 25.7910451], [-80.1566536, 25.7910825], [-80.156586, 25.7911551]]}, "properties": {"project": "FL3502", "date": "19350123", "kind": "Man-made", "source": "T05629"}}, {"type": "Feature", "geometry": {"type": "LineString", "coordinates": [[-80.185999, 25.7924866], [-80.1855004, 25.7924877], [-80.1854721, 25.7924791], [-80.1854602, 25.7924578], [-80.1854578, 25.7923895], [-80.1854489, 25.7911004], [-80.1855338, 25.7910279]]}, "properties": {"project": "FL3502", "date": "19350123", "kind": "Man-made", "source": "T05629"}}, {"type": "Feature", "geometry": {"type": "LineString", "coordinates": [[-80.1855536, 25.7879977], [-80.1855416, 25.7877987], [-80.1855333, 25.7873624]]}, "properties": {"project": "FL3502", "date": "19350123", "kind": "Man-made", "source": "T05629"}}, {"type": "Feature", "geometry": {"type": "LineString", "coordinates": [[-80.1458382, 25.7874209], [-80.1458139, 25.7873288]]}, "properties": {"project": "FL3502", "date": "19350123", "kind": "Shoreline/Alongshore Feature Boundary", "source": "T05629"}}, {"type": "Feature", "geometry": {"type": "LineString", "coordinates": [[-80.1794047, 25.7873218], [-80.1790689, 25.7875483]]}, "properties": {"project": "FL3502", "date": "19350123", "kind": "Undetermined.Approximate", "source": "T05629"}}, {"type": "Feature", "geometry": {"type": "LineString", "coordinates": [[-80.1458382, 25.7874209], [-80.1459722, 25.7874162], [-80.1459697, 25.787639], [-80.1460368, 25.7876415], [-80.1460364, 25.7873291], [-80.1460201, 25.7870747], [-80.1459584, 25.7870771], [-80.1459587, 25.7873338], [-80.1458139, 25.7873288]]}, "properties": {"project": "FL3502", "date": "19350123", "kind": "Pier", "source": "T05629"}}, {"type": "Feature", "geometry": {"type": "LineString", "coordinates": [[-80.1855333, 25.7873624], [-80.1854942, 25.7870657]]}, "properties": {"project": "FL3502", "date": "19350123", "kind": "Undetermined.Approximate", "source": "T05629"}}, {"type": "Feature", "geometry": {"type": "LineString", "coordinates": [[-80.1458139, 25.7873288], [-80.1458084, 25.7871447], [-80.1456714, 25.7869024], [-80.1455936999999, 25.7869071]]}, "properties": {"project": "FL3502", "date": "19350123", "kind": "Man-made", "source": "T05629"}}, {"type": "Feature", "geometry": {"type": "LineString", "coordinates": [[-80.1614144, 25.7909118], [-80.1614315, 25.7910457]]}, "properties": {"project": "FL3502", "date": "19350123", "kind": "Undetermined.Approximate", "source": "T05629"}}, {"type": "Feature", "geometry": {"type": "LineString", "coordinates": [[-80.1601027, 25.7911188], [-80.1600983, 25.7909735]]}, "properties": {"project": "FL3502", "date": "19350123", "kind": "Undetermined.Approximate", "source": "T05629"}}, {"type": "Feature", "geometry": {"type": "LineString", "coordinates": [[-80.1605469, 25.7909529], [-80.1605513, 25.7910906]]}, "properties": {"project": "FL3502", "date": "19350123", "kind": "Undetermined.Approximate", "source": "T05629"}}, {"type": "Feature", "geometry": {"type": "LineString", "coordinates": [[-80.1459741, 25.7909499], [-80.1459956, 25.7909839], [-80.1462257, 25.7913167], [-80.1464557, 25.7916353]]}, "properties": {"project": "FL3502", "date": "19350123", "kind": "Natural.Mean High Water", "source": "T05629"}}, {"type": "Feature", "geometry": {"type": "LineString", "coordinates": [[-80.1619012, 25.7909812], [-80.161986, 25.7911915], [-80.162037, 25.7913484], [-80.1620498, 25.7914287], [-80.1620373, 25.791551], [-80.162012, 25.7916963], [-80.162021, 25.792113], [-80.1620468, 25.7924954], [-80.1620726, 25.7927669], [-80.1621236, 25.7929734000001], [-80.1621745, 25.7930958], [-80.1622338, 25.7931494], [-80.1623524, 25.7932183], [-80.1625006, 25.7932797], [-80.1625895, 25.7933257], [-80.1626827, 25.7933869], [-80.1627758, 25.79341], [-80.163216, 25.793441], [-80.163343, 25.793422], [-80.1635165, 25.7934069], [-80.1636307, 25.7934071], [-80.1636773, 25.7933956], [-80.1637195, 25.7933536], [-80.1638125, 25.7932123000001], [-80.1639519, 25.7930556], [-80.1640576, 25.7929181], [-80.1640998, 25.7928226], [-80.1641121, 25.7925014], [-80.1640862, 25.7920999], [-80.1640518, 25.7916487], [-80.1640388, 25.7913543], [-80.1640386, 25.7911746], [-80.1640511, 25.7910446], [-80.1640721, 25.7908917]]}, "properties": {"project": "FL3502", "date": "19350123", "kind": "Man-made", "source": "T05629"}}, {"type": "Feature", "geometry": {"type": "LineString", "coordinates": [[-80.1619095, 25.7908818], [-80.1619012, 25.7909812]]}, "properties": {"project": "FL3502", "date": "19350123", "kind": "Undetermined.Approximate", "source": "T05629"}}, {"type": "Feature", "geometry": {"type": "LineString", "coordinates": [[-80.1614144, 25.7909118], [-80.1613551, 25.7908621], [-80.1606103, 25.7908957], [-80.1605469, 25.7909529]]}, "properties": {"project": "FL3502", "date": "19350123", "kind": "Man-made", "source": "T05629"}}, {"type": "Feature", "geometry": {"type": "LineString", "coordinates": [[-80.1645524, 25.7908684], [-80.1645569, 25.7909028], [-80.1646152, 25.7909375], [-80.165313, 25.7909127], [-80.1653829, 25.7909118], [-80.1654114, 25.7909005], [-80.1654179, 25.7908805], [-80.1654197, 25.7908533]]}, "properties": {"project": "FL3502", "date": "19350123", "kind": "Man-made", "source": "T05629"}}, {"type": "Feature", "geometry": {"type": "LineString", "coordinates": [[-80.1459741, 25.7909499], [-80.1459043, 25.7909862], [-80.1458337, 25.7908847], [-80.1459017, 25.7908356]]}, "properties": {"project": "FL3502", "date": "19350123", "kind": "Pier", "source": "T05629"}}, {"type": "Feature", "geometry": {"type": "LineString", "coordinates": [[-80.1459017, 25.7908356], [-80.1459741, 25.7909499]]}, "properties": {"project": "FL3502", "date": "19350123", "kind": "Shoreline/Alongshore Feature Boundary", "source": "T05629"}}, {"type": "Feature", "geometry": {"type": "LineString", "coordinates": [[-80.1640721, 25.7908917], [-80.1640381, 25.7907961]]}, "properties": {"project": "FL3502", "date": "19350123", "kind": "Undetermined.Approximate", "source": "T05629"}}, {"type": "Feature", "geometry": {"type": "LineString", "coordinates": [[-80.1645524, 25.7908684], [-80.1645245, 25.7907894]]}, "properties": {"project": "FL3502", "date": "19350123", "kind": "Undetermined.Approximate", "source": "T05629"}}, {"type": "Feature", "geometry": {"type": "LineString", "coordinates": [[-80.1654197, 25.7908533], [-80.1654126, 25.7907415]]}, "properties": {"project": "FL3502", "date": "19350123", "kind": "Undetermined.Approximate", "source": "T05629"}}, {"type": "Feature", "geometry": {"type": "LineString", "coordinates": [[-80.1658619, 25.7906948], [-80.1658748, 25.7908210000001]]}, "properties": {"project": "FL3502", "date": "19350123", "kind": "Undetermined.Approximate", "source": "T05629"}}, {"type": "Feature", "geometry": {"type": "LineString", "coordinates": [[-80.1645245, 25.7907894], [-80.1646043, 25.7906982], [-80.1653355, 25.7906737], [-80.1654126, 25.7907415]]}, "properties": {"project": "FL3502", "date": "19350123", "kind": "Man-made", "source": "T05629"}}, {"type": "Feature", "geometry": {"type": "LineString", "coordinates": [[-80.1794549, 25.7907664], [-80.1794481, 25.7906522]]}, "properties": {"project": "FL3502", "date": "19350123", "kind": "Shoreline/Alongshore Feature Boundary", "source": "T05629"}}, {"type": "Feature", "geometry": {"type": "LineString", "coordinates": [[-80.1794549, 25.7907664], [-80.179544, 25.7907429], [-80.1795397, 25.7906759], [-80.1794481, 25.7906522]]}, "properties": {"project": "FL3502", "date": "19350123", "kind": "Pier", "source": "T05629"}}, {"type": "Feature", "geometry": {"type": "LineString", "coordinates": [[-80.1855338, 25.7910279], [-80.1855383, 25.7908572], [-80.185526, 25.7906152]]}, "properties": {"project": "FL3502", "date": "19350123", "kind": "Natural.Mean High Water", "source": "T05629"}}, {"type": "Feature", "geometry": {"type": "LineString", "coordinates": [[-80.185526, 25.7906152], [-80.1853949, 25.7906151]]}, "properties": {"project": "FL3502", "date": "19350123", "kind": "Pier", "source": "T05629"}}, {"type": "Feature", "geometry": {"type": "LineString", "coordinates": [[-80.1658748, 25.7908210000001], [-80.1660019, 25.7909702], [-80.1661122, 25.7911424], [-80.1662478, 25.7913069], [-80.1662902, 25.7913452], [-80.1663494, 25.7913644], [-80.1664214, 25.7913836], [-80.1665442, 25.7914411], [-80.1667136, 25.7915521], [-80.1667729, 25.7915636], [-80.1668702, 25.7915561], [-80.1670564, 25.7915104], [-80.1674753, 25.7914994], [-80.167907, 25.7914731], [-80.1681312, 25.791458], [-80.1683809, 25.7914468], [-80.1689438, 25.791455], [-80.1694643, 25.7914441], [-80.1698959, 25.7914216], [-80.1702471, 25.7913799], [-80.1705094, 25.791296], [-80.1706786, 25.791193], [-80.1707842, 25.791086], [-80.1709448, 25.7908415], [-80.1710504, 25.7907039], [-80.1710756, 25.7905816]]}, "properties": {"project": "FL3502", "date": "19350123", "kind": "Man-made", "source": "T05629"}}, {"type": "Feature", "geometry": {"type": "LineString", "coordinates": [[-80.17163, 25.790542], [-80.1716474, 25.7909282], [-80.1716983, 25.7910583], [-80.1718297, 25.7912228], [-80.1720034, 25.7913377], [-80.1721346, 25.7913799], [-80.172215, 25.7913914], [-80.1729175, 25.7913806], [-80.173565, 25.7913507], [-80.1743183, 25.7913209], [-80.1747288, 25.7913021], [-80.1755582, 25.7912647], [-80.1763326, 25.7912311], [-80.1774582, 25.7911748], [-80.1782877, 25.791145], [-80.1789097, 25.791115], [-80.1789563, 25.7911227], [-80.1790198, 25.7911381], [-80.1790706, 25.7911381], [-80.1791087, 25.7911267], [-80.1791763, 25.7911], [-80.1792652, 25.791081], [-80.179354, 25.7910237], [-80.1794174, 25.7909511], [-80.1794469, 25.7909014], [-80.1794595, 25.7908441], [-80.1794549, 25.7907664]]}, "properties": {"project": "FL3502", "date": "19350123", "kind": "Man-made", "source": "T05629"}}, {"type": "Feature", "geometry": {"type": "LineString", "coordinates": [[-80.1503729, 25.7914276], [-80.1503598, 25.7913239], [-80.1502943, 25.7911658], [-80.1501375, 25.7909157], [-80.1499283, 25.7905547], [-80.1498556, 25.7904425]]}, "properties": {"project": "FL3502", "date": "19350123", "kind": "Natural.Mean High Water", "source": "T05629"}}, {"type": "Feature", "geometry": {"type": "LineString", "coordinates": [[-80.1710756, 25.7905816], [-80.171067, 25.7904401]]}, "properties": {"project": "FL3502", "date": "19350123", "kind": "Undetermined.Approximate", "source": "T05629"}}, {"type": "Feature", "geometry": {"type": "LineString", "coordinates": [[-80.1716213, 25.7904235], [-80.17163, 25.790542]]}, "properties": {"project": "FL3502", "date": "19350123", "kind": "Undetermined.Approximate", "source": "T05629"}}, {"type": "Feature", "geometry": {"type": "LineString", "coordinates": [[-80.1498556, 25.7904425], [-80.1498135, 25.7903775]]}, "properties": {"project": "FL3502", "date": "19350123", "kind": "Shoreline/Alongshore Feature Boundary", "source": "T05629"}}, {"type": "Feature", "geometry": {"type": "LineString", "coordinates": [[-80.1498556, 25.7904425], [-80.149936, 25.7904368], [-80.1499229, 25.7903542], [-80.1498135, 25.7903775]]}, "properties": {"project": "FL3502", "date": "19350123", "kind": "Pier", "source": "T05629"}}, {"type": "Feature", "geometry": {"type": "LineString", "coordinates": [[-80.1459194, 25.7903108], [-80.1458619, 25.7903566], [-80.1458202, 25.7904131], [-80.145802, 25.7905098], [-80.1458021, 25.7906206], [-80.1458283, 25.7907197], [-80.1459017, 25.7908356]]}, "properties": {"project": "FL3502", "date": "19350123", "kind": "Natural.Mean High Water", "source": "T05629"}}, {"type": "Feature", "geometry": {"type": "LineString", "coordinates": [[-80.185526, 25.7906152], [-80.1855238, 25.7905712], [-80.1855, 25.7904516], [-80.1854289, 25.7902723]]}, "properties": {"project": "FL3502", "date": "19350123", "kind": "Natural.Mean High Water", "source": "T05629"}}, {"type": "Feature", "geometry": {"type": "LineString", "coordinates": [[-80.1459194, 25.7903108], [-80.1458722, 25.7902458], [-80.145927, 25.7901963]]}, "properties": {"project": "FL3502", "date": "19350123", "kind": "Pier", "source": "T05629"}}, {"type": "Feature", "geometry": {"type": "LineString", "coordinates": [[-80.1460327, 25.7901909], [-80.1460183, 25.7902082], [-80.1459871, 25.79026], [-80.1459271, 25.7903048], [-80.1459194, 25.7903108]]}, "properties": {"project": "FL3502", "date": "19350123", "kind": "Natural.Mean High Water", "source": "T05629"}}, {"type": "Feature", "geometry": {"type": "LineString", "coordinates": [[-80.1794481, 25.7906522], [-80.1794206, 25.7901903]]}, "properties": {"project": "FL3502", "date": "19350123", "kind": "Man-made", "source": "T05629"}}, {"type": "Feature", "geometry": {"type": "LineString", "coordinates": [[-80.1460327, 25.7901909], [-80.1459712, 25.7901209]]}, "properties": {"project": "FL3502", "date": "19350123", "kind": "Pier", "source": "T05629"}}, {"type": "Feature", "geometry": {"type": "LineString", "coordinates": [[-80.1794206, 25.7901903], [-80.1794204, 25.7900431]]}, "properties": {"project": "FL3502", "date": "19350123", "kind": "Undetermined.Approximate", "source": "T05629"}}, {"type": "Feature", "geometry": {"type": "LineString", "coordinates": [[-80.1463271, 25.7899828], [-80.1463182, 25.7899893], [-80.1460418, 25.7901799], [-80.1460327, 25.7901909]]}, "properties": {"project": "FL3502", "date": "19350123", "kind": "Natural.Mean High Water", "source": "T05629"}}, {"type": "Feature", "geometry": {"type": "LineString", "coordinates": [[-80.1463773, 25.7899462], [-80.1463271, 25.7899828]]}, "properties": {"project": "FL3502", "date": "19350123", "kind": "Natural.Mean High Water", "source": "T05629"}}, {"type": "Feature", "geometry": {"type": "LineString", "coordinates": [[-80.1464087, 25.7899233], [-80.1463773, 25.7899462]]}, "properties": {"project": "FL3502", "date": "19350123", "kind": "Natural.Mean High Water", "source": "T05629"}}, {"type": "Feature", "geometry": {"type": "LineString", "coordinates": [[-80.1854289, 25.7902723], [-80.1854331, 25.789901]]}, "properties": {"project": "FL3502", "date": "19350123", "kind": "Man-made", "source": "T05629"}}, {"type": "Feature", "geometry": {"type": "LineString", "coordinates": [[-80.1464858, 25.789867], [-80.1464087, 25.7899233]]}, "properties": {"project": "FL3502", "date": "19350123", "kind": "Natural.Mean High Water", "source": "T05629"}}, {"type": "Feature", "geometry": {"type": "LineString", "coordinates": [[-80.1495425, 25.7928864], [-80.1496177, 25.7929665]]}, "properties": {"project": "FL3502", "date": "19350123", "kind": "Pier", "source": "T05629"}}, {"type": "Feature", "geometry": {"type": "LineString", "coordinates": [[-80.1495425, 25.7928864], [-80.1496019, 25.7928533]]}, "properties": {"project": "FL3502", "date": "19350123", "kind": "Natural.Mean High Water", "source": "T05629"}}, {"type": "Feature", "geometry": {"type": "LineString", "coordinates": [[-80.1496019, 25.7928533], [-80.1496594, 25.7929076]]}, "properties": {"project": "FL3502", "date": "19350123", "kind": "Pier", "source": "T05629"}}, {"type": "Feature", "geometry": {"type": "LineString", "coordinates": [[-80.147485, 25.7926221], [-80.1478272, 25.7928536], [-80.1480466, 25.7930071], [-80.148104, 25.7930307], [-80.1482058, 25.7930497], [-80.1485556, 25.7930643], [-80.1488453, 25.7930575], [-80.1490697, 25.7930342], [-80.149255, 25.7930061], [-80.1494454, 25.7929403], [-80.1495425, 25.7928864]]}, "properties": {"project": "FL3502", "date": "19350123", "kind": "Natural.Mean High Water", "source": "T05629"}}, {"type": "Feature", "geometry": {"type": "LineString", "coordinates": [[-80.1451123, 25.7933384], [-80.1451077, 25.7929022], [-80.1451033, 25.7926193]]}, "properties": {"project": "FL3502", "date": "19350123", "kind": "Man-made", "source": "T05629"}}, {"type": "Feature", "geometry": {"type": "LineString", "coordinates": [[-80.1451033, 25.7926193], [-80.1452797, 25.7926148]]}, "properties": {"project": "FL3502", "date": "19350123", "kind": "Pier", "source": "T05629"}}, {"type": "Feature", "geometry": {"type": "LineString", "coordinates": [[-80.1474015, 25.7925654], [-80.1473624, 25.7926432], [-80.1474171999999, 25.7926833], [-80.147485, 25.7926221]]}, "properties": {"project": "FL3502", "date": "19350123", "kind": "Pier", "source": "T05629"}}, {"type": "Feature", "geometry": {"type": "LineString", "coordinates": [[-80.147485, 25.7926221], [-80.1474015, 25.7925654]]}, "properties": {"project": "FL3502", "date": "19350123", "kind": "Shoreline/Alongshore Feature Boundary", "source": "T05629"}}, {"type": "Feature", "geometry": {"type": "LineString", "coordinates": [[-80.1451033, 25.7926193], [-80.1451023, 25.7925556]]}, "properties": {"project": "FL3502", "date": "19350123", "kind": "Man-made", "source": "T05629"}}, {"type": "Feature", "geometry": {"type": "LineString", "coordinates": [[-80.1451023, 25.7925556], [-80.1452796, 25.7925582]]}, "properties": {"project": "FL3502", "date": "19350123", "kind": "Pier", "source": "T05629"}}, {"type": "Feature", "geometry": {"type": "LineString", "coordinates": [[-80.1451023, 25.7925556], [-80.1451014, 25.7925015]]}, "properties": {"project": "FL3502", "date": "19350123", "kind": "Man-made", "source": "T05629"}}, {"type": "Feature", "geometry": {"type": "LineString", "coordinates": [[-80.1451014, 25.7925015], [-80.1452743, 25.7924992]]}, "properties": {"project": "FL3502", "date": "19350123", "kind": "Pier", "source": "T05629"}}, {"type": "Feature", "geometry": {"type": "LineString", "coordinates": [[-80.1861099, 25.7924733], [-80.185999, 25.7924866]]}, "properties": {"project": "FL3502", "date": "19350123", "kind": "Undetermined.Approximate", "source": "T05629"}}, {"type": "Feature", "geometry": {"type": "LineString", "coordinates": [[-80.1862935, 25.793786], [-80.1862911, 25.7936601], [-80.186319, 25.7933485], [-80.1863611, 25.7930199], [-80.1864174, 25.7927937], [-80.1864174, 25.7927382], [-80.1863889, 25.7926657], [-80.1863369, 25.7926144], [-80.186247, 25.7925033], [-80.1862091, 25.7924819], [-80.1861099, 25.7924733]]}, "properties": {"project": "FL3502", "date": "19350123", "kind": "Natural.Mean High Water", "source": "T05629"}}, {"type": "Feature", "geometry": {"type": "LineString", "coordinates": [[-80.1451014, 25.7925015], [-80.1451007, 25.7924518]]}, "properties": {"project": "FL3502", "date": "19350123", "kind": "Man-made", "source": "T05629"}}, {"type": "Feature", "geometry": {"type": "LineString", "coordinates": [[-80.1451007, 25.7924518], [-80.1452612, 25.7924497]]}, "properties": {"project": "FL3502", "date": "19350123", "kind": "Pier", "source": "T05629"}}, {"type": "Feature", "geometry": {"type": "LineString", "coordinates": [[-80.1451007, 25.7924518], [-80.1450998, 25.792393]]}, "properties": {"project": "FL3502", "date": "19350123", "kind": "Man-made", "source": "T05629"}}, {"type": "Feature", "geometry": {"type": "LineString", "coordinates": [[-80.1450998, 25.792393], [-80.1452638, 25.7923884]]}, "properties": {"project": "FL3502", "date": "19350123", "kind": "Pier", "source": "T05629"}}, {"type": "Feature", "geometry": {"type": "LineString", "coordinates": [[-80.1450998, 25.792393], [-80.1450988, 25.7923316]]}, "properties": {"project": "FL3502", "date": "19350123", "kind": "Man-made", "source": "T05629"}}, {"type": "Feature", "geometry": {"type": "LineString", "coordinates": [[-80.1450988, 25.7923316], [-80.1452794, 25.7923318]]}, "properties": {"project": "FL3502", "date": "19350123", "kind": "Pier", "source": "T05629"}}, {"type": "Feature", "geometry": {"type": "LineString", "coordinates": [[-80.1450988, 25.7923316], [-80.1450977, 25.7922585]]}, "properties": {"project": "FL3502", "date": "19350123", "kind": "Man-made", "source": "T05629"}}, {"type": "Feature", "geometry": {"type": "LineString", "coordinates": [[-80.1450977, 25.7922585], [-80.1452819, 25.7922611]]}, "properties": {"project": "FL3502", "date": "19350123", "kind": "Pier", "source": "T05629"}}, {"type": "Feature", "geometry": {"type": "LineString", "coordinates": [[-80.1450977, 25.7922585], [-80.1450965, 25.7921854000001]]}, "properties": {"project": "FL3502", "date": "19350123", "kind": "Man-made", "source": "T05629"}}, {"type": "Feature", "geometry": {"type": "LineString", "coordinates": [[-80.1450965, 25.7921854000001], [-80.1452662, 25.7921809]]}, "properties": {"project": "FL3502", "date": "19350123", "kind": "Pier", "source": "T05629"}}, {"type": "Feature", "geometry": {"type": "LineString", "coordinates": [[-80.1450965, 25.7921854000001], [-80.1450727, 25.7918529]]}, "properties": {"project": "FL3502", "date": "19350123", "kind": "Man-made", "source": "T05629"}}, {"type": "Feature", "geometry": {"type": "LineString", "coordinates": [[-80.1450727, 25.7918529], [-80.1450621, 25.7917492]]}, "properties": {"project": "FL3502", "date": "19350123", "kind": "Undetermined.Approximate", "source": "T05629"}}, {"type": "Feature", "geometry": {"type": "LineString", "coordinates": [[-80.1465236, 25.7917462], [-80.1467222, 25.7919586], [-80.1470305, 25.7922891], [-80.14725, 25.7924591], [-80.1474015, 25.7925654]]}, "properties": {"project": "FL3502", "date": "19350123", "kind": "Natural.Mean High Water", "source": "T05629"}}, {"type": "Feature", "geometry": {"type": "LineString", "coordinates": [[-80.1414463999999, 25.7933246], [-80.1417072, 25.7931787], [-80.1422602, 25.7928776], [-80.1432932, 25.7923224], [-80.1443731, 25.7917389], [-80.1444278, 25.7917232], [-80.1444879, 25.791706], [-80.1447854, 25.7916781], [-80.1449681, 25.7916877], [-80.1450621, 25.7917492]]}, "properties": {"project": "FL3502", "date": "19350123", "kind": "Man-made", "source": "T05629"}}, {"type": "Feature", "geometry": {"type": "LineString", "coordinates": [[-80.1465236, 25.7917462], [-80.1464557, 25.7916353]]}, "properties": {"project": "FL3502", "date": "19350123", "kind": "Undetermined.Approximate", "source": "T05629"}}, {"type": "Feature", "geometry": {"type": "LineString", "coordinates": [[-80.1496019, 25.7928533], [-80.1498549, 25.7926673], [-80.1500556, 25.7924176], [-80.1502379, 25.7921018], [-80.1503342, 25.7918591], [-80.1503732, 25.7917082], [-80.1503913, 25.7915573]]}, "properties": {"project": "FL3502", "date": "19350123", "kind": "Natural.Mean High Water", "source": "T05629"}}, {"type": "Feature", "geometry": {"type": "LineString", "coordinates": [[-80.1503913, 25.7915573], [-80.1503729, 25.7914276]]}, "properties": {"project": "FL3502", "date": "19350123", "kind": "Undetermined.Approximate", "source": "T05629"}}, {"type": "Feature", "geometry": {"type": "LineString", "coordinates": [[-80.1536031, 25.7914008], [-80.1535722, 25.7912877]]}, "properties": {"project": "FL3502", "date": "19350123", "kind": "Undetermined.Approximate", "source": "T05629"}}, {"type": "Feature", "geometry": {"type": "LineString", "coordinates": [[-80.1275446, 25.7961378], [-80.1274373, 25.7963741]]}, "properties": {"project": "FL3502", "date": "19350123", "kind": "Natural.Mean High Water", "source": "T05629"}}, {"type": "Feature", "geometry": {"type": "LineString", "coordinates": [[-80.1508323, 25.7915471], [-80.1507849, 25.7914232]]}, "properties": {"project": "FL3502", "date": "19350123", "kind": "Undetermined.Approximate", "source": "T05629"}}, {"type": "Feature", "geometry": {"type": "LineString", "coordinates": [[-80.1413994, 25.7932065], [-80.1418924, 25.7929455], [-80.1424792, 25.7926265], [-80.1430016, 25.7923414], [-80.1433821, 25.7921384], [-80.1438644, 25.7918871], [-80.1442529, 25.7916647], [-80.1447486, 25.7913941], [-80.1447634, 25.7913749000001]]}, "properties": {"project": "FL3502", "date": "19350123", "kind": "Man-made", "source": "T05629"}}, {"type": "Feature", "geometry": {"type": "LineString", "coordinates": [[-80.1508323, 25.7915471], [-80.1508418, 25.7915812], [-80.1516591, 25.7915608], [-80.1517441, 25.7914969], [-80.1520653, 25.7914802], [-80.1520699, 25.7913778], [-80.1520369, 25.7913777], [-80.1517203, 25.7913816], [-80.1516635999999, 25.7913218], [-80.1511344, 25.7913297], [-80.1508982, 25.7913508], [-80.1507849, 25.7914232]]}, "properties": {"project": "FL3502", "date": "19350123", "kind": "Man-made", "source": "T05629"}}, {"type": "Feature", "geometry": {"type": "LineString", "coordinates": [[-80.153974, 25.7913927], [-80.1540126, 25.7921867], [-80.1540511, 25.7928185], [-80.1540849, 25.7934246], [-80.1541041999999, 25.7937789], [-80.1541611, 25.7939497], [-80.154251, 25.7941035], [-80.1543882, 25.7942573], [-80.1545537, 25.7943984], [-80.1548043, 25.7945267], [-80.1549839, 25.7945738], [-80.1551682, 25.7945911], [-80.1554044, 25.7945743], [-80.1555697, 25.7945361], [-80.1558151999999, 25.7944168], [-80.156056, 25.794225], [-80.1562022, 25.794016], [-80.1562729, 25.7938155000001], [-80.1562915, 25.7936021], [-80.1562769, 25.7931838], [-80.1562335, 25.7924239], [-80.1561708, 25.7913098]]}, "properties": {"project": "FL3502", "date": "19350123", "kind": "Man-made", "source": "T05629"}}, {"type": "Feature", "geometry": {"type": "LineString", "coordinates": [[-80.1539643999999, 25.7912775], [-80.153974, 25.7913927]]}, "properties": {"project": "FL3502", "date": "19350123", "kind": "Undetermined.Approximate", "source": "T05629"}}, {"type": "Feature", "geometry": {"type": "LineString", "coordinates": [[-80.1275446, 25.7961378], [-80.127446, 25.7961377]]}, "properties": {"project": "FL3502", "date": "19350123", "kind": "Pier", "source": "T05629"}}, {"type": "Feature", "geometry": {"type": "LineString", "coordinates": [[-80.1276335, 25.7959419], [-80.1275446, 25.7961378]]}, "properties": {"project": "FL3502", "date": "19350123", "kind": "Natural.Mean High Water", "source": "T05629"}}, {"type": "Feature", "geometry": {"type": "LineString", "coordinates": [[-80.1276335, 25.7959419], [-80.1275588, 25.7959378]]}, "properties": {"project": "FL3502", "date": "19350123", "kind": "Pier", "source": "T05629"}}, {"type": "Feature", "geometry": {"type": "LineString", "coordinates": [[-80.1322536, 25.7982978], [-80.1327388, 25.7980485], [-80.1332136, 25.7977991], [-80.1336049, 25.7975969], [-80.1338866, 25.7974086], [-80.1342153, 25.7972345], [-80.1348048999999, 25.7969051], [-80.135624, 25.7964629], [-80.1362709, 25.7961006], [-80.1366622, 25.7958936]]}, "properties": {"project": "FL3502", "date": "19350123", "kind": "Man-made", "source": "T05629"}}, {"type": "Feature", "geometry": {"type": "LineString", "coordinates": [[-80.1321873, 25.7981988], [-80.1324499, 25.7980636], [-80.1329215, 25.7977977], [-80.1334788, 25.797503], [-80.1337521, 25.7973338], [-80.1339236, 25.7972323], [-80.1343095, 25.7970341], [-80.1346846, 25.7968312], [-80.1351509, 25.7965993], [-80.135451, 25.7964301], [-80.1357082, 25.7962948], [-80.1359869, 25.7961547], [-80.1362334, 25.7960096], [-80.1366192999999, 25.7958115]]}, "properties": {"project": "FL3502", "date": "19350123", "kind": "Man-made", "source": "T05629"}}, {"type": "Feature", "geometry": {"type": "LineString", "coordinates": [[-80.1366622, 25.7958936], [-80.1368448, 25.7957995]]}, "properties": {"project": "FL3502", "date": "19350123", "kind": "Undetermined.Approximate", "source": "T05629"}}, {"type": "Feature", "geometry": {"type": "LineString", "coordinates": [[-80.1277281, 25.7957096], [-80.127658, 25.7957135]]}, "properties": {"project": "FL3502", "date": "19350123", "kind": "Pier", "source": "T05629"}}, {"type": "Feature", "geometry": {"type": "LineString", "coordinates": [[-80.1277281, 25.7957096], [-80.1276446, 25.7959175], [-80.1276335, 25.7959419]]}, "properties": {"project": "FL3502", "date": "19350123", "kind": "Natural.Mean High Water", "source": "T05629"}}, {"type": "Feature", "geometry": {"type": "LineString", "coordinates": [[-80.1366192999999, 25.7958115], [-80.1368015, 25.7957052]]}, "properties": {"project": "FL3502", "date": "19350123", "kind": "Undetermined.Approximate", "source": "T05629"}}, {"type": "Feature", "geometry": {"type": "LineString", "coordinates": [[-80.1417549, 25.7964681], [-80.1421098, 25.7963883], [-80.142329, 25.7963745], [-80.1433626, 25.7963568], [-80.1444797, 25.796344], [-80.1449129, 25.7963351], [-80.1450016, 25.7963211], [-80.1450799, 25.7962787], [-80.1451373, 25.7962222], [-80.1451581, 25.7961468], [-80.1451824, 25.7955713]]}, "properties": {"project": "FL3502", "date": "19350123", "kind": "Man-made", "source": "T05629"}}, {"type": "Feature", "geometry": {"type": "LineString", "coordinates": [[-80.1451824, 25.7955713], [-80.1462119, 25.7955303], [-80.1462118, 25.7954454]]}, "properties": {"project": "FL3502", "date": "19350123", "kind": "Pier", "source": "T05629"}}, {"type": "Feature", "geometry": {"type": "LineString", "coordinates": [[-80.1462118, 25.7954454], [-80.1462012, 25.7952945]]}, "properties": {"project": "FL3502", "date": "19350123", "kind": "Pier", "source": "T05629"}}, {"type": "Feature", "geometry": {"type": "LineString", "coordinates": [[-80.1453294, 25.7952227], [-80.1451824, 25.7955713]]}, "properties": {"project": "FL3502", "date": "19350123", "kind": "Shoreline/Alongshore Feature Boundary", "source": "T05629"}}, {"type": "Feature", "geometry": {"type": "LineString", "coordinates": [[-80.1462012, 25.7952945], [-80.1462011, 25.7952048], [-80.1453294, 25.7952227]]}, "properties": {"project": "FL3502", "date": "19350123", "kind": "Pier", "source": "T05629"}}, {"type": "Feature", "geometry": {"type": "LineString", "coordinates": [[-80.1453294, 25.7952227], [-80.1453293, 25.7951284], [-80.1452144, 25.7951188], [-80.1452091, 25.7949867]]}, "properties": {"project": "FL3502", "date": "19350123", "kind": "Man-made", "source": "T05629"}}, {"type": "Feature", "geometry": {"type": "LineString", "coordinates": [[-80.1452091, 25.7949867], [-80.1451359, 25.7948971]]}, "properties": {"project": "FL3502", "date": "19350123", "kind": "Shoreline/Alongshore Feature Boundary", "source": "T05629"}}, {"type": "Feature", "geometry": {"type": "LineString", "coordinates": [[-80.1452091, 25.7949867], [-80.1454022, 25.794987], [-80.1454021, 25.7949068], [-80.1451359, 25.7948971]]}, "properties": {"project": "FL3502", "date": "19350123", "kind": "Pier", "source": "T05629"}}, {"type": "Feature", "geometry": {"type": "LineString", "coordinates": [[-80.1870602, 25.796367], [-80.1870215, 25.7956883], [-80.1869929, 25.7954791], [-80.186955, 25.7954151], [-80.1867705, 25.7952783], [-80.1866192, 25.7951629], [-80.1865245, 25.7950305], [-80.1864469, 25.794891]]}, "properties": {"project": "FL3502", "date": "19350123", "kind": "Natural.Mean High Water", "source": "T05629"}}, {"type": "Feature", "geometry": {"type": "LineString", "coordinates": [[-80.1864469, 25.794891], [-80.1860848, 25.7947996]]}, "properties": {"project": "FL3502", "date": "19350123", "kind": "Pier", "source": "T05629"}}, {"type": "Feature", "geometry": {"type": "LineString", "coordinates": [[-80.1535722, 25.7912877], [-80.1535013, 25.79123], [-80.1531659, 25.791236], [-80.1527312, 25.7912611], [-80.1526534, 25.79134], [-80.1522636, 25.791346], [-80.1522305, 25.7913459], [-80.1522283, 25.7914569], [-80.1522684, 25.7914569], [-80.1526724, 25.7914574], [-80.1527551, 25.7915045], [-80.152937, 25.791494], [-80.1532535, 25.7914773], [-80.1535158, 25.791469], [-80.1536031, 25.7914008]]}, "properties": {"project": "FL3502", "date": "19350123", "kind": "Man-made", "source": "T05629"}}, {"type": "Feature", "geometry": {"type": "LineString", "coordinates": [[-80.1676936, 25.7790875], [-80.1682790999999, 25.7793376], [-80.1687642, 25.7795528], [-80.1694212, 25.7798309], [-80.1698308, 25.7800023], [-80.1706057, 25.7803277], [-80.1714811, 25.7807055], [-80.1723719, 25.7810921], [-80.1732415, 25.7814699], [-80.1735894, 25.7816273]]}, "properties": {"project": "FL3502", "date": "19350123", "kind": "Man-made", "source": "T05629"}}, {"type": "Feature", "geometry": {"type": "LineString", "coordinates": [[-80.1859834, 25.7790966], [-80.1860916, 25.7790941]]}, "properties": {"project": "FL3502", "date": "19350123", "kind": "Pier", "source": "T05629"}}, {"type": "Feature", "geometry": {"type": "LineString", "coordinates": [[-80.1860916, 25.7790941], [-80.1862847, 25.7790898]]}, "properties": {"project": "FL3502", "date": "19350123", "kind": "Pier", "source": "T05629"}}, {"type": "Feature", "geometry": {"type": "LineString", "coordinates": [[-80.1862801, 25.7791737], [-80.1862847, 25.7790898]]}, "properties": {"project": "FL3502", "date": "19350123", "kind": "Shoreline/Alongshore Feature Boundary", "source": "T05629"}}, {"type": "Feature", "geometry": {"type": "LineString", "coordinates": [[-80.2072036, 25.7805974], [-80.2071914, 25.7802519], [-80.2071548, 25.7790234]]}, "properties": {"project": "FL3502", "date": "19350123", "kind": "Man-made", "source": "T05629"}}, {"type": "Feature", "geometry": {"type": "LineString", "coordinates": [[-80.1675564, 25.779021], [-80.1676936, 25.7790875]]}, "properties": {"project": "FL3502", "date": "19350123", "kind": "Undetermined.Approximate", "source": "T05629"}}, {"type": "Feature", "geometry": {"type": "LineString", "coordinates": [[-80.2088632, 25.7797436], [-80.2087859, 25.7796772], [-80.2084031, 25.779478], [-80.2073362, 25.7789851]]}, "properties": {"project": "FL3502", "date": "19350123", "kind": "Natural.Mean High Water", "source": "T05629"}}, {"type": "Feature", "geometry": {"type": "LineString", "coordinates": [[-80.1430392, 25.7791343], [-80.1430285, 25.7790108]]}, "properties": {"project": "FL3502", "date": "19350123", "kind": "Natural.Mean High Water", "source": "T05629"}}, {"type": "Feature", "geometry": {"type": "LineString", "coordinates": [[-80.1430285, 25.7790108], [-80.1431085, 25.7790109]]}, "properties": {"project": "FL3502", "date": "19350123", "kind": "Pier", "source": "T05629"}}, {"type": "Feature", "geometry": {"type": "LineString", "coordinates": [[-80.2073362, 25.7789851], [-80.2073504, 25.780601]]}, "properties": {"project": "FL3502", "date": "19350123", "kind": "Man-made", "source": "T05629"}}, {"type": "Feature", "geometry": {"type": "LineString", "coordinates": [[-80.1860916, 25.7790941], [-80.1860836, 25.778936]]}, "properties": {"project": "FL3502", "date": "19350123", "kind": "Pier", "source": "T05629"}}, {"type": "Feature", "geometry": {"type": "LineString", "coordinates": [[-80.1859834, 25.7790966], [-80.1859793, 25.7789359]]}, "properties": {"project": "FL3502", "date": "19350123", "kind": "Pier", "source": "T05629"}}, {"type": "Feature", "geometry": {"type": "LineString", "coordinates": [[-80.1858946, 25.7790986], [-80.1858944, 25.7789358]]}, "properties": {"project": "FL3502", "date": "19350123", "kind": "Pier", "source": "T05629"}}, {"type": "Feature", "geometry": {"type": "LineString", "coordinates": [[-80.185771, 25.7791014], [-80.1857669, 25.7789357]]}, "properties": {"project": "FL3502", "date": "19350123", "kind": "Pier", "source": "T05629"}}, {"type": "Feature", "geometry": {"type": "LineString", "coordinates": [[-80.1492784, 25.7789257], [-80.1492998, 25.779105]]}, "properties": {"project": "FL3502", "date": "19350123", "kind": "Man-made", "source": "T05629"}}, {"type": "Feature", "geometry": {"type": "LineString", "coordinates": [[-80.1856473, 25.7791042], [-80.185651, 25.7789217]]}, "properties": {"project": "FL3502", "date": "19350123", "kind": "Pier", "source": "T05629"}}, {"type": "Feature", "geometry": {"type": "LineString", "coordinates": [[-80.1855392, 25.7791066], [-80.185539, 25.7789076]]}, "properties": {"project": "FL3502", "date": "19350123", "kind": "Pier", "source": "T05629"}}, {"type": "Feature", "geometry": {"type": "LineString", "coordinates": [[-80.1862801, 25.7791737], [-80.1852612, 25.77919], [-80.1852615, 25.7793506], [-80.1851803, 25.7793505], [-80.1851758, 25.7788898], [-80.1852415, 25.7788899], [-80.1852457, 25.7791132], [-80.1854002, 25.7791098]]}, "properties": {"project": "FL3502", "date": "19350123", "kind": "Pier", "source": "T05629"}}, {"type": "Feature", "geometry": {"type": "LineString", "coordinates": [[-80.1854002, 25.7791098], [-80.1853999, 25.778883]]}, "properties": {"project": "FL3502", "date": "19350123", "kind": "Pier", "source": "T05629"}}, {"type": "Feature", "geometry": {"type": "LineString", "coordinates": [[-80.1862847, 25.7790898], [-80.1862807, 25.7789536], [-80.1862226, 25.7788943], [-80.186217, 25.7788036]]}, "properties": {"project": "FL3502", "date": "19350123", "kind": "Man-made", "source": "T05629"}}, {"type": "Feature", "geometry": {"type": "LineString", "coordinates": [[-80.186217, 25.7788036], [-80.1860719, 25.7787999]]}, "properties": {"project": "FL3502", "date": "19350123", "kind": "Pier", "source": "T05629"}}, {"type": "Feature", "geometry": {"type": "LineString", "coordinates": [[-80.1492545999999, 25.7787848], [-80.1491979, 25.7788018], [-80.1492052, 25.7789213], [-80.1492784, 25.7789257]]}, "properties": {"project": "FL3502", "date": "19350123", "kind": "Pier", "source": "T05629"}}, {"type": "Feature", "geometry": {"type": "LineString", "coordinates": [[-80.1492545999999, 25.7787848], [-80.1492784, 25.7789257]]}, "properties": {"project": "FL3502", "date": "19350123", "kind": "Shoreline/Alongshore Feature Boundary", "source": "T05629"}}, {"type": "Feature", "geometry": {"type": "LineString", "coordinates": [[-80.1430285, 25.7790108], [-80.1430037, 25.7787225]]}, "properties": {"project": "FL3502", "date": "19350123", "kind": "Natural.Mean High Water", "source": "T05629"}}, {"type": "Feature", "geometry": {"type": "LineString", "coordinates": [[-80.2071548, 25.7790234], [-80.2071237, 25.7789361], [-80.2070966, 25.7788697], [-80.207054, 25.7788278], [-80.2069922, 25.7788068], [-80.2069574, 25.7787824], [-80.2068838, 25.7786916]]}, "properties": {"project": "FL3502", "date": "19350123", "kind": "Natural.Mean High Water", "source": "T05629"}}, {"type": "Feature", "geometry": {"type": "LineString", "coordinates": [[-80.1614027, 25.7785905], [-80.1619089, 25.7788039], [-80.1624307, 25.7790331], [-80.1626857, 25.7791468]]}, "properties": {"project": "FL3502", "date": "19350123", "kind": "Man-made", "source": "T05629"}}, {"type": "Feature", "geometry": {"type": "LineString", "coordinates": [[-80.2068838, 25.7786916], [-80.2067407, 25.7785693]]}, "properties": {"project": "FL3502", "date": "19350123", "kind": "Undetermined.Approximate", "source": "T05629"}}, {"type": "Feature", "geometry": {"type": "LineString", "coordinates": [[-80.1787491, 25.7801825], [-80.1788196, 25.7802548], [-80.1788775, 25.7803422], [-80.1789771, 25.7804449], [-80.1790355, 25.7804642], [-80.1791065, 25.7804646], [-80.1791568, 25.7804497], [-80.1792702, 25.7803633], [-80.1793121, 25.7803522], [-80.1793873, 25.7803451], [-80.1794126, 25.7803149], [-80.1794432, 25.7801259], [-80.1794493, 25.7798498], [-80.1794331, 25.7797702], [-80.1793628, 25.7796677], [-80.1791967, 25.7795116], [-80.1791265, 25.7793901], [-80.1790355, 25.7792534], [-80.1788614, 25.7790443], [-80.1787369, 25.7789112], [-80.178687, 25.7788768], [-80.1785868, 25.7788611], [-80.1784656, 25.778868], [-80.1783777, 25.7788827], [-80.178252, 25.7789387], [-80.1781598, 25.7789798], [-80.1780971, 25.7789795], [-80.1780387, 25.778964], [-80.1779597, 25.7788954], [-80.1778895, 25.7787815], [-80.1778148, 25.7787054], [-80.1776981, 25.7786518], [-80.1775812, 25.778636], [-80.1773974, 25.7786274], [-80.1773015, 25.7785966], [-80.1771347, 25.7785427], [-80.1770971, 25.7785425], [-80.1770677, 25.7785612], [-80.1770632, 25.7786217], [-80.1770919, 25.7786938], [-80.1772161, 25.7788572], [-80.1773781, 25.7790094], [-80.1775863, 25.779109], [-80.1777949, 25.7791631], [-80.1779076, 25.7791903], [-80.1779908, 25.7792437], [-80.1781276, 25.7793958], [-80.1783429, 25.7796884], [-80.1785042, 25.7799314], [-80.1786035, 25.7800758], [-80.1786783, 25.7801443], [-80.1787491, 25.7801825]]}, "properties": {"project": "FL3502", "date": "19350123", "kind": "Natural.Mean High Water", "source": "T05629"}}, {"type": "Feature", "geometry": {"type": "LineString", "coordinates": [[-80.1614027, 25.7785905], [-80.1612770999999, 25.7785328000001]]}, "properties": {"project": "FL3502", "date": "19350123", "kind": "Shoreline/Alongshore Feature Boundary", "source": "T05629"}}, {"type": "Feature", "geometry": {"type": "LineString", "coordinates": [[-80.2035693, 25.7760204], [-80.2033917, 25.7760277], [-80.2033918, 25.7761114]]}, "properties": {"project": "FL3502", "date": "19350123", "kind": "Pier", "source": "T05629"}}, {"type": "Feature", "geometry": {"type": "LineString", "coordinates": [[-80.1611972, 25.7763252], [-80.1613634, 25.7764126]]}, "properties": {"project": "FL3502", "date": "19350123", "kind": "Undetermined.Approximate", "source": "T05629"}}, {"type": "Feature", "geometry": {"type": "LineString", "coordinates": [[-80.203894, 25.7761467], [-80.2035812, 25.7761779000001], [-80.2035658, 25.7762163], [-80.2035775, 25.7762756], [-80.2036897, 25.7763909], [-80.2037747, 25.7764328], [-80.2040181, 25.776433]]}, "properties": {"project": "FL3502", "date": "19350123", "kind": "Pier", "source": "T05629"}}, {"type": "Feature", "geometry": {"type": "LineString", "coordinates": [[-80.2040181, 25.776433], [-80.203894, 25.7761467]]}, "properties": {"project": "FL3502", "date": "19350123", "kind": "Shoreline/Alongshore Feature Boundary", "source": "T05629"}}, {"type": "Feature", "geometry": {"type": "LineString", "coordinates": [[-80.2035693, 25.7760204], [-80.2035849, 25.7760941]]}, "properties": {"project": "FL3502", "date": "19350123", "kind": "Pier", "source": "T05629"}}, {"type": "Feature", "geometry": {"type": "LineString", "coordinates": [[-80.2037316, 25.776007], [-80.2035693, 25.7760204]]}, "properties": {"project": "FL3502", "date": "19350123", "kind": "Pier", "source": "T05629"}}, {"type": "Feature", "geometry": {"type": "LineString", "coordinates": [[-80.2037316, 25.776007], [-80.2038591, 25.7760071], [-80.203894, 25.7761467]]}, "properties": {"project": "FL3502", "date": "19350123", "kind": "Man-made", "source": "T05629"}}, {"type": "Feature", "geometry": {"type": "LineString", "coordinates": [[-80.2036934, 25.7758954], [-80.2037316, 25.776007]]}, "properties": {"project": "FL3502", "date": "19350123", "kind": "Man-made", "source": "T05629"}}, {"type": "Feature", "geometry": {"type": "LineString", "coordinates": [[-80.2036934, 25.7758954], [-80.2033606, 25.775888]]}, "properties": {"project": "FL3502", "date": "19350123", "kind": "Pier", "source": "T05629"}}, {"type": "Feature", "geometry": {"type": "LineString", "coordinates": [[-80.1733596, 25.7769473], [-80.1737775, 25.7769497], [-80.173811, 25.7769423], [-80.1738321, 25.7769084], [-80.1738329, 25.7767949], [-80.1738585, 25.7767269], [-80.1739469, 25.776629], [-80.1740564999999, 25.7764896], [-80.1740738, 25.7764065], [-80.1740748, 25.776259], [-80.1740254, 25.7761565], [-80.1738426, 25.7760003], [-80.1736801, 25.7759351], [-80.1735464, 25.7759268], [-80.1733333, 25.775918], [-80.1732374, 25.7758948], [-80.1731042, 25.7758221], [-80.1730291, 25.775799], [-80.1729205, 25.7757946], [-80.1728159, 25.7758053], [-80.1727153, 25.7758502], [-80.1726102, 25.7759442], [-80.1725682, 25.7759704], [-80.1725179, 25.7759928], [-80.172501, 25.7760268], [-80.1724963, 25.7760949], [-80.172475, 25.7761591], [-80.1724491, 25.7762762], [-80.1724438, 25.7764389], [-80.1724555, 25.7765676], [-80.1725008, 25.7766586], [-80.1726421, 25.776773], [-80.1728255, 25.7768383], [-80.1730883, 25.7769041], [-80.1733596, 25.7769473]]}, "properties": {"project": "FL3502", "date": "19350123", "kind": "Natural.Mean High Water", "source": "T05629"}}, {"type": "Feature", "geometry": {"type": "LineString", "coordinates": [[-80.2035248, 25.775745], [-80.2032252, 25.7757483]]}, "properties": {"project": "FL3502", "date": "19350123", "kind": "Pier", "source": "T05629"}}, {"type": "Feature", "geometry": {"type": "LineString", "coordinates": [[-80.2035248, 25.775745], [-80.2035574, 25.7757765], [-80.203654, 25.7757801], [-80.2036934, 25.7758954]]}, "properties": {"project": "FL3502", "date": "19350123", "kind": "Man-made", "source": "T05629"}}, {"type": "Feature", "geometry": {"type": "LineString", "coordinates": [[-80.2030821, 25.7756191], [-80.2033911, 25.7756158], [-80.2035248, 25.775745]]}, "properties": {"project": "FL3502", "date": "19350123", "kind": "Man-made", "source": "T05629"}}, {"type": "Feature", "geometry": {"type": "LineString", "coordinates": [[-80.1862529, 25.7784231], [-80.1862566, 25.7783498]]}, "properties": {"project": "FL3502", "date": "19350123", "kind": "Shoreline/Alongshore Feature Boundary", "source": "T05629"}}, {"type": "Feature", "geometry": {"type": "LineString", "coordinates": [[-80.1612770999999, 25.7785328000001], [-80.161306, 25.7785066], [-80.1614142, 25.7785539], [-80.1614027, 25.7785905]]}, "properties": {"project": "FL3502", "date": "19350123", "kind": "Pier", "source": "T05629"}}, {"type": "Feature", "geometry": {"type": "LineString", "coordinates": [[-80.186217, 25.7788036], [-80.1862108, 25.7787023], [-80.1862533, 25.7787023], [-80.1862529, 25.7784231]]}, "properties": {"project": "FL3502", "date": "19350123", "kind": "Man-made", "source": "T05629"}}, {"type": "Feature", "geometry": {"type": "LineString", "coordinates": [[-80.2071963, 25.7784213], [-80.2073316, 25.7785227], [-80.2074515, 25.7785821], [-80.2075983, 25.7786206], [-80.2078225, 25.778701], [-80.208124, 25.7788548], [-80.2084989, 25.7790087], [-80.2088933, 25.7792219], [-80.2092489, 25.7793897], [-80.2094151, 25.779484], [-80.2096278, 25.7796412], [-80.2099179, 25.7798474], [-80.2101421, 25.7799767], [-80.2102542, 25.7800291], [-80.2102813, 25.7800605], [-80.210293, 25.7801024], [-80.2103163, 25.7801687], [-80.2103898, 25.780263], [-80.2106103, 25.7804691]]}, "properties": {"project": "FL3502", "date": "19350123", "kind": "Natural.Mean High Water", "source": "T05629"}}, {"type": "Feature", "geometry": {"type": "LineString", "coordinates": [[-80.1430037, 25.7787225], [-80.1430787, 25.7787033], [-80.1430569, 25.7783206]]}, "properties": {"project": "FL3502", "date": "19350123", "kind": "Man-made", "source": "T05629"}}, {"type": "Feature", "geometry": {"type": "LineString", "coordinates": [[-80.2070686, 25.7783026], [-80.2071963, 25.7784213]]}, "properties": {"project": "FL3502", "date": "19350123", "kind": "Undetermined.Approximate", "source": "T05629"}}, {"type": "Feature", "geometry": {"type": "LineString", "coordinates": [[-80.1430569, 25.7783206], [-80.1430353, 25.7782188]]}, "properties": {"project": "FL3502", "date": "19350123", "kind": "Shoreline/Alongshore Feature Boundary", "source": "T05629"}}, {"type": "Feature", "geometry": {"type": "LineString", "coordinates": [[-80.1862529, 25.7784231], [-80.1858319, 25.7784472], [-80.1852409, 25.7784606], [-80.1852373, 25.77867], [-80.1851601, 25.7786734], [-80.1851594, 25.7782022], [-80.1852212, 25.7782023], [-80.1852253, 25.7783733], [-80.1862566, 25.7783498]]}, "properties": {"project": "FL3502", "date": "19350123", "kind": "Pier", "source": "T05629"}}, {"type": "Feature", "geometry": {"type": "LineString", "coordinates": [[-80.1491688999999, 25.7781935], [-80.1492141, 25.7784219], [-80.1492545999999, 25.7787848]]}, "properties": {"project": "FL3502", "date": "19350123", "kind": "Man-made", "source": "T05629"}}, {"type": "Feature", "geometry": {"type": "LineString", "coordinates": [[-80.1491522, 25.7780334], [-80.1490956, 25.7780526], [-80.149117, 25.7781806], [-80.1491688999999, 25.7781935]]}, "properties": {"project": "FL3502", "date": "19350123", "kind": "Pier", "source": "T05629"}}, {"type": "Feature", "geometry": {"type": "LineString", "coordinates": [[-80.1491688999999, 25.7781935], [-80.1491522, 25.7780334]]}, "properties": {"project": "FL3502", "date": "19350123", "kind": "Shoreline/Alongshore Feature Boundary", "source": "T05629"}}, {"type": "Feature", "geometry": {"type": "LineString", "coordinates": [[-80.1860092, 25.7779281], [-80.1860051, 25.7780006]]}, "properties": {"project": "FL3502", "date": "19350123", "kind": "Pier", "source": "T05629"}}, {"type": "Feature", "geometry": {"type": "LineString", "coordinates": [[-80.1862566, 25.7783498], [-80.1862449, 25.7782381], [-80.18621, 25.7781194], [-80.1861364, 25.7780182], [-80.1860591, 25.7779518], [-80.1860092, 25.7779281]]}, "properties": {"project": "FL3502", "date": "19350123", "kind": "Man-made", "source": "T05629"}}, {"type": "Feature", "geometry": {"type": "LineString", "coordinates": [[-80.1430569, 25.7783206], [-80.1431802, 25.7783183], [-80.1432017, 25.7783716], [-80.1432181, 25.7786695], [-80.1432958, 25.7786672], [-80.143228, 25.7778824], [-80.1431583, 25.7778799], [-80.1431801, 25.7782214], [-80.1430353, 25.7782188]]}, "properties": {"project": "FL3502", "date": "19350123", "kind": "Pier", "source": "T05629"}}, {"type": "Feature", "geometry": {"type": "LineString", "coordinates": [[-80.1216433, 25.8159541], [-80.1211963, 25.8159205]]}, "properties": {"project": "FL3502", "date": "19350123", "kind": "Pier", "source": "T05629"}}, {"type": "Feature", "geometry": {"type": "LineString", "coordinates": [[-80.1834422, 25.8162132], [-80.1831683, 25.8164102], [-80.183088, 25.8164785], [-80.1830125, 25.8165595], [-80.1829559, 25.8166235], [-80.1828994, 25.8167301], [-80.1828664, 25.8168197], [-80.1828718, 25.8169444], [-80.1829017, 25.8170421]]}, "properties": {"project": "FL3502", "date": "19350123", "kind": "Natural.Mean High Water", "source": "T05629"}}, {"type": "Feature", "geometry": {"type": "LineString", "coordinates": [[-80.1834422, 25.8162132], [-80.1835924, 25.8160813]]}, "properties": {"project": "FL3502", "date": "19350123", "kind": "Undetermined.Approximate", "source": "T05629"}}, {"type": "Feature", "geometry": {"type": "LineString", "coordinates": [[-80.1216433, 25.8159541], [-80.1216302, 25.8159987], [-80.1216393, 25.8161456], [-80.1216442, 25.8165374], [-80.1215874, 25.817042]]}, "properties": {"project": "FL3502", "date": "19350123", "kind": "Natural.Mean High Water", "source": "T05629"}}, {"type": "Feature", "geometry": {"type": "LineString", "coordinates": [[-80.1404946, 25.8153485], [-80.1404936, 25.8152921]]}, "properties": {"project": "FL3502", "date": "19350123", "kind": "Shoreline/Alongshore Feature Boundary", "source": "T05629"}}, {"type": "Feature", "geometry": {"type": "LineString", "coordinates": [[-80.1404946, 25.8153485], [-80.1405733, 25.8153512], [-80.1405917, 25.8154549], [-80.1406335, 25.815455], [-80.1406175, 25.8151744], [-80.1405601, 25.815172], [-80.1405549999999, 25.8152922], [-80.1404936, 25.8152921]]}, "properties": {"project": "FL3502", "date": "19350123", "kind": "Pier", "source": "T05629"}}, {"type": "Feature", "geometry": {"type": "LineString", "coordinates": [[-80.1400039, 25.8149591], [-80.1398107, 25.8149588], [-80.1396958, 25.8149634], [-80.1396332, 25.8149822], [-80.1395706, 25.815034], [-80.1395498, 25.8150858], [-80.13955, 25.8153735], [-80.1395763, 25.8154961], [-80.1396391, 25.8156377], [-80.1397487999999, 25.8157274], [-80.1398376, 25.8157558], [-80.1399577, 25.8157748], [-80.1400673, 25.815775], [-80.1401508, 25.8157562], [-80.14025, 25.8157045], [-80.1404117, 25.8155726], [-80.140469, 25.8154878], [-80.1404946, 25.8153485]]}, "properties": {"project": "FL3502", "date": "19350123", "kind": "Natural.Mean High Water", "source": "T05629"}}, {"type": "Feature", "geometry": {"type": "LineString", "coordinates": [[-80.1835924, 25.8160813], [-80.1836545, 25.8160265], [-80.1841596, 25.8156172], [-80.1847307, 25.8151354]]}, "properties": {"project": "FL3502", "date": "19350123", "kind": "Natural.Mean High Water", "source": "T05629"}}, {"type": "Feature", "geometry": {"type": "LineString", "coordinates": [[-80.1217379, 25.8151335], [-80.121738, 25.8152315], [-80.1217292, 25.8154845], [-80.1217068, 25.815758], [-80.1216933, 25.8158355], [-80.1216482, 25.8159375], [-80.1216433, 25.8159541]]}, "properties": {"project": "FL3502", "date": "19350123", "kind": "Natural.Mean High Water", "source": "T05629"}}, {"type": "Feature", "geometry": {"type": "LineString", "coordinates": [[-80.1217379, 25.8151335], [-80.1212905, 25.8151044]]}, "properties": {"project": "FL3502", "date": "19350123", "kind": "Pier", "source": "T05629"}}, {"type": "Feature", "geometry": {"type": "LineString", "coordinates": [[-80.1404936, 25.8152921], [-80.1404896, 25.8151294], [-80.1404529, 25.8150445], [-80.140385, 25.8149831], [-80.1402858, 25.8149594], [-80.1400952, 25.8149592]]}, "properties": {"project": "FL3502", "date": "19350123", "kind": "Natural.Mean High Water", "source": "T05629"}}, {"type": "Feature", "geometry": {"type": "LineString", "coordinates": [[-80.1400952, 25.8149592], [-80.1400039, 25.8149591]]}, "properties": {"project": "FL3502", "date": "19350123", "kind": "Shoreline/Alongshore Feature Boundary", "source": "T05629"}}, {"type": "Feature", "geometry": {"type": "LineString", "coordinates": [[-80.1847307, 25.8151354], [-80.1849951, 25.8149265]]}, "properties": {"project": "FL3502", "date": "19350123", "kind": "Undetermined.Approximate", "source": "T05629"}}, {"type": "Feature", "geometry": {"type": "LineString", "coordinates": [[-80.1400952, 25.8149592], [-80.1400951, 25.8148932], [-80.140518, 25.8148937], [-80.140518, 25.8148465], [-80.1398863, 25.8148434], [-80.1398863, 25.8148929], [-80.1400038, 25.814893], [-80.1400039, 25.8149591]]}, "properties": {"project": "FL3502", "date": "19350123", "kind": "Pier", "source": "T05629"}}, {"type": "Feature", "geometry": {"type": "LineString", "coordinates": [[-80.1849951, 25.8149265], [-80.1851414, 25.8148285], [-80.1853302, 25.8146579], [-80.1853915, 25.8145924]]}, "properties": {"project": "FL3502", "date": "19350123", "kind": "Natural.Mean High Water", "source": "T05629"}}, {"type": "Feature", "geometry": {"type": "LineString", "coordinates": [[-80.1218221, 25.8145907], [-80.1217874, 25.8148887], [-80.1217379, 25.8151131], [-80.1217379, 25.8151335]]}, "properties": {"project": "FL3502", "date": "19350123", "kind": "Natural.Mean High Water", "source": "T05629"}}, {"type": "Feature", "geometry": {"type": "LineString", "coordinates": [[-80.1218221, 25.8145907], [-80.1213759, 25.8145453]]}, "properties": {"project": "FL3502", "date": "19350123", "kind": "Pier", "source": "T05629"}}, {"type": "Feature", "geometry": {"type": "LineString", "coordinates": [[-80.1856056, 25.8143419], [-80.1853912, 25.8143464], [-80.1853915, 25.8145924]]}, "properties": {"project": "FL3502", "date": "19350123", "kind": "Man-made", "source": "T05629"}}, {"type": "Feature", "geometry": {"type": "LineString", "coordinates": [[-80.1853915, 25.8145924], [-80.1855378, 25.8144361], [-80.1856056, 25.8143419]]}, "properties": {"project": "FL3502", "date": "19350123", "kind": "Natural.Mean High Water", "source": "T05629"}}, {"type": "Feature", "geometry": {"type": "LineString", "coordinates": [[-80.1388208, 25.817042], [-80.13881, 25.8166977], [-80.1388255, 25.8165846], [-80.1388672, 25.8164809], [-80.1389194, 25.8164243], [-80.1390185, 25.8163915], [-80.1393735, 25.8163636], [-80.1395144, 25.816326], [-80.1396292, 25.8162649], [-80.1396918, 25.8161895], [-80.1397127, 25.8161329], [-80.1397126, 25.8160764], [-80.1396916, 25.8159773], [-80.1395765, 25.8157508], [-80.1395033, 25.8156092], [-80.1394509, 25.8154583], [-80.1393933, 25.8152554], [-80.1393409, 25.8150196], [-80.1392884, 25.8147318], [-80.1392307, 25.8144629], [-80.1391993, 25.8143733], [-80.1391574, 25.814312], [-80.139041, 25.8142383]]}, "properties": {"project": "FL3502", "date": "19350123", "kind": "Natural.Mean High Water", "source": "T05629"}}, {"type": "Feature", "geometry": {"type": "LineString", "coordinates": [[-80.139041, 25.8142383], [-80.1389485, 25.8141797], [-80.1389187, 25.8141632]]}, "properties": {"project": "FL3502", "date": "19350123", "kind": "Undetermined.Approximate", "source": "T05629"}}, {"type": "Feature", "geometry": {"type": "LineString", "coordinates": [[-80.1313815, 25.817042], [-80.1316129, 25.8166462], [-80.1318161, 25.816189], [-80.1320036, 25.8157507], [-80.1322068, 25.8152841], [-80.1323474, 25.8148457], [-80.1324306, 25.8145298], [-80.132485, 25.8140395]]}, "properties": {"project": "FL3502", "date": "19350123", "kind": "Man-made", "source": "T05629"}}, {"type": "Feature", "geometry": {"type": "LineString", "coordinates": [[-80.1390475, 25.8140336], [-80.1391311, 25.814062]]}, "properties": {"project": "FL3502", "date": "19350123", "kind": "Undetermined.Approximate", "source": "T05629"}}, {"type": "Feature", "geometry": {"type": "LineString", "coordinates": [[-80.1328903, 25.8140235], [-80.1328923, 25.8140966], [-80.1328924, 25.8142333], [-80.1328404, 25.8144926], [-80.1327156, 25.8149405], [-80.1325333, 25.8154967], [-80.1323823, 25.8158879], [-80.1321739, 25.8163357], [-80.1318318, 25.817042]]}, "properties": {"project": "FL3502", "date": "19350123", "kind": "Man-made", "source": "T05629"}}, {"type": "Feature", "geometry": {"type": "LineString", "coordinates": [[-80.1856056, 25.8143419], [-80.1856699, 25.8142527], [-80.1857453, 25.8141461], [-80.1858162, 25.8140949], [-80.1859579, 25.8140481], [-80.1860665, 25.8140183]]}, "properties": {"project": "FL3502", "date": "19350123", "kind": "Natural.Mean High Water", "source": "T05629"}}, {"type": "Feature", "geometry": {"type": "LineString", "coordinates": [[-80.1860665, 25.8140183], [-80.1862176, 25.8139587]]}, "properties": {"project": "FL3502", "date": "19350123", "kind": "Undetermined.Approximate", "source": "T05629"}}, {"type": "Feature", "geometry": {"type": "LineString", "coordinates": [[-80.132485, 25.8140395], [-80.1324823, 25.813931]]}, "properties": {"project": "FL3502", "date": "19350123", "kind": "Undetermined.Approximate", "source": "T05629"}}, {"type": "Feature", "geometry": {"type": "LineString", "coordinates": [[-80.1328874, 25.8139198], [-80.1328903, 25.8140235]]}, "properties": {"project": "FL3502", "date": "19350123", "kind": "Undetermined.Approximate", "source": "T05629"}}, {"type": "Feature", "geometry": {"type": "LineString", "coordinates": [[-80.1219298, 25.8139174], [-80.1218995999999, 25.8140317], [-80.1218278, 25.8145418], [-80.1218221, 25.8145907]]}, "properties": {"project": "FL3502", "date": "19350123", "kind": "Natural.Mean High Water", "source": "T05629"}}, {"type": "Feature", "geometry": {"type": "LineString", "coordinates": [[-80.1219298, 25.8139174], [-80.1214928, 25.8138761]]}, "properties": {"project": "FL3502", "date": "19350123", "kind": "Pier", "source": "T05629"}}, {"type": "Feature", "geometry": {"type": "LineString", "coordinates": [[-80.1245133, 25.817042], [-80.1246479, 25.8162692], [-80.1248191, 25.8150198], [-80.1250163, 25.8137468]]}, "properties": {"project": "FL3502", "date": "19350123", "kind": "Natural.Mean High Water", "source": "T05629"}}, {"type": "Feature", "geometry": {"type": "LineString", "coordinates": [[-80.1250163, 25.8137468], [-80.1250475, 25.8136006]]}, "properties": {"project": "FL3502", "date": "19350123", "kind": "Undetermined.Approximate", "source": "T05629"}}, {"type": "Feature", "geometry": {"type": "LineString", "coordinates": [[-80.1234036, 25.817042], [-80.1235114, 25.8166332], [-80.1235862, 25.8162555], [-80.1236341, 25.8158438], [-80.1237033, 25.8152772], [-80.1237404, 25.8147928], [-80.1237829, 25.8143037], [-80.1238203, 25.8141293], [-80.1239112, 25.8138194], [-80.1240289, 25.8135144]]}, "properties": {"project": "FL3502", "date": "19350123", "kind": "Natural.Mean High Water", "source": "T05629"}}, {"type": "Feature", "geometry": {"type": "LineString", "coordinates": [[-80.1240289, 25.8135144], [-80.1241039, 25.8133934]]}, "properties": {"project": "FL3502", "date": "19350123", "kind": "Undetermined.Approximate", "source": "T05629"}}, {"type": "Feature", "geometry": {"type": "LineString", "coordinates": [[-80.1220352, 25.8131667], [-80.1219761999999, 25.8136768], [-80.1219492, 25.8138441], [-80.1219298, 25.8139174]]}, "properties": {"project": "FL3502", "date": "19350123", "kind": "Natural.Mean High Water", "source": "T05629"}}, {"type": "Feature", "geometry": {"type": "LineString", "coordinates": [[-80.1221613, 25.8125134], [-80.1218396, 25.8124766]]}, "properties": {"project": "FL3502", "date": "19350123", "kind": "Undetermined Alongshore Feature", "source": "T05629"}}, {"type": "Feature", "geometry": {"type": "LineString", "coordinates": [[-80.1220352, 25.8131667], [-80.1216775, 25.8131458]]}, "properties": {"project": "FL3502", "date": "19350123", "kind": "Undetermined Alongshore Feature", "source": "T05629"}}, {"type": "Feature", "geometry": {"type": "LineString", "coordinates": [[-80.180314, 25.8128562], [-80.1803141, 25.8128989000001], [-80.180333, 25.812916], [-80.1803755, 25.812916], [-80.1804369, 25.8128947], [-80.1804511, 25.8128734], [-80.1804416, 25.8128435], [-80.18038, 25.8127709], [-80.1803611, 25.8127666], [-80.1803328, 25.8127837], [-80.180314, 25.8128562]]}, "properties": {"project": "FL3502", "date": "19350123", "kind": "Natural.Mean High Water", "source": "T05629"}}, {"type": "Feature", "geometry": {"type": "LineString", "coordinates": [[-80.1221613, 25.8125134], [-80.1221154, 25.8127341], [-80.1220352, 25.8131667]]}, "properties": {"project": "FL3502", "date": "19350123", "kind": "Natural.Mean High Water", "source": "T05629"}}, {"type": "Feature", "geometry": {"type": "LineString", "coordinates": [[-80.1223606, 25.8111663], [-80.1223132, 25.8115263], [-80.122249, 25.8118367]]}, "properties": {"project": "FL3502", "date": "19350123", "kind": "Natural.Mean High Water", "source": "T05629"}}, {"type": "Feature", "geometry": {"type": "LineString", "coordinates": [[-80.1391311, 25.814062], [-80.1393191, 25.8141282], [-80.1396115, 25.814171], [-80.1400344, 25.8141574], [-80.1403737, 25.8140824], [-80.1406032, 25.8139412], [-80.1407962, 25.8137669], [-80.1409057, 25.8135926], [-80.1409578, 25.8134512], [-80.1409576, 25.8133333], [-80.1409314, 25.8131776], [-80.1408005, 25.8128332], [-80.1406278, 25.8124369], [-80.1404971, 25.8122198], [-80.1403769, 25.8120923], [-80.1402619, 25.8120073], [-80.1401157, 25.8119552], [-80.1399904, 25.8119268], [-80.1397659, 25.8119123], [-80.1395884, 25.8119216], [-80.1394109, 25.8119638], [-80.1392387, 25.8120249], [-80.1390666, 25.8121567], [-80.1389623, 25.8122886], [-80.138905, 25.8124253], [-80.138853, 25.8126516], [-80.1388011, 25.8130099], [-80.1387648, 25.8132504], [-80.1387702, 25.8134108], [-80.138807, 25.813623], [-80.1388646, 25.8138542], [-80.1389117, 25.8139297], [-80.1390475, 25.8140336]]}, "properties": {"project": "FL3502", "date": "19350123", "kind": "Natural.Mean High Water", "source": "T05629"}}, {"type": "Feature", "geometry": {"type": "LineString", "coordinates": [[-80.122249, 25.8118367], [-80.1222322, 25.811918], [-80.1221874, 25.8123873], [-80.1221613, 25.8125134]]}, "properties": {"project": "FL3502", "date": "19350123", "kind": "Natural.Mean High Water", "source": "T05629"}}, {"type": "Feature", "geometry": {"type": "LineString", "coordinates": [[-80.122249, 25.8118367], [-80.1219429, 25.8118074]]}, "properties": {"project": "FL3502", "date": "19350123", "kind": "Pier", "source": "T05629"}}, {"type": "Feature", "geometry": {"type": "LineString", "coordinates": [[-80.1223606, 25.8111663], [-80.1220101, 25.8111218]]}, "properties": {"project": "FL3502", "date": "19350123", "kind": "Pier", "source": "T05629"}}, {"type": "Feature", "geometry": {"type": "LineString", "coordinates": [[-80.1331028, 25.7622884], [-80.1330927, 25.7623729]]}, "properties": {"project": "FL3502", "date": "19350123", "kind": "Shoreline/Alongshore Feature Boundary", "source": "T05629"}}, {"type": "Feature", "geometry": {"type": "LineString", "coordinates": [[-80.1330822, 25.7652641], [-80.1325671, 25.7650553], [-80.1319074, 25.7647851], [-80.1315052, 25.7646009], [-80.1309224, 25.7643634], [-80.1302039, 25.7640605], [-80.129612, 25.7638311], [-80.1290879, 25.763606], [-80.1285773, 25.7634094], [-80.1279448, 25.7631474], [-80.1273529, 25.7628895], [-80.1268559, 25.7626888], [-80.1260109, 25.7623489], [-80.1253377, 25.7620664], [-80.1247549, 25.7618085], [-80.1247097, 25.7618044], [-80.1246645, 25.7618166], [-80.1246555, 25.761841], [-80.1246781, 25.7618737], [-80.1247459, 25.7619105], [-80.1256089, 25.7622586], [-80.1264764, 25.7626189], [-80.1271632, 25.7629137], [-80.128478, 25.7634542], [-80.1292597, 25.7637613], [-80.1296573, 25.7639455], [-80.1302763, 25.764183], [-80.131058, 25.7645064], [-80.1317584, 25.764789], [-80.1323006, 25.7650264]]}, "properties": {"project": "FL3502", "date": "19350123", "kind": "Jetty.Bare", "source": "T05629"}}, {"type": "Feature", "geometry": {"type": "LineString", "coordinates": [[-80.1893587, 25.7606033], [-80.1892913, 25.7611131], [-80.1888201, 25.7610429], [-80.1887554, 25.7617304], [-80.1891804, 25.7618285], [-80.189099, 25.7623308]]}, "properties": {"project": "FL3502", "date": "19350123", "kind": "Man-made", "source": "T05629"}}, {"type": "Feature", "geometry": {"type": "LineString", "coordinates": [[-80.1893587, 25.7606033], [-80.1891902, 25.7605683]]}, "properties": {"project": "FL3502", "date": "19350123", "kind": "Pier", "source": "T05629"}}, {"type": "Feature", "geometry": {"type": "LineString", "coordinates": [[-80.1891902, 25.7605683], [-80.1890202, 25.76053], [-80.1889236, 25.7605055]]}, "properties": {"project": "FL3502", "date": "19350123", "kind": "Pier", "source": "T05629"}}, {"type": "Feature", "geometry": {"type": "LineString", "coordinates": [[-80.1891902, 25.7605683], [-80.18919, 25.7604743]]}, "properties": {"project": "FL3502", "date": "19350123", "kind": "Pier", "source": "T05629"}}, {"type": "Feature", "geometry": {"type": "LineString", "coordinates": [[-80.1330927, 25.7623729], [-80.1327242999999, 25.7622146], [-80.1319206, 25.7618646], [-80.1310165, 25.76149], [-80.1302245, 25.7611574], [-80.1293166, 25.7607758], [-80.1279721, 25.7602191], [-80.1279566, 25.7601947], [-80.1279566, 25.7601737], [-80.1279643, 25.7601528], [-80.1279913, 25.7601494], [-80.1280724, 25.7601634], [-80.1287099, 25.7604295], [-80.1289572, 25.7605275], [-80.1293706, 25.7606956], [-80.1296797, 25.7608426], [-80.1300969, 25.7610002], [-80.1305181, 25.7611857], [-80.1310474, 25.7614027], [-80.1319012, 25.7617703], [-80.132388, 25.7619664], [-80.1331028, 25.7622884]]}, "properties": {"project": "FL3502", "date": "19350123", "kind": "Jetty.Bare", "source": "T05629"}}, {"type": "Feature", "geometry": {"type": "LineString", "coordinates": [[-80.1894365, 25.7600138], [-80.1893587, 25.7606033]]}, "properties": {"project": "FL3502", "date": "19350123", "kind": "Man-made", "source": "T05629"}}, {"type": "Feature", "geometry": {"type": "LineString", "coordinates": [[-80.1891367, 25.7596891], [-80.1888915, 25.7596922]]}, "properties": {"project": "FL3502", "date": "19350123", "kind": "Pier", "source": "T05629"}}, {"type": "Feature", "geometry": {"type": "LineString", "coordinates": [[-80.1891367, 25.7596891], [-80.1891891, 25.7598042], [-80.189251, 25.7598985], [-80.189309, 25.7599544], [-80.1894365, 25.7600138]]}, "properties": {"project": "FL3502", "date": "19350123", "kind": "Natural.Mean High Water", "source": "T05629"}}, {"type": "Feature", "geometry": {"type": "LineString", "coordinates": [[-80.1894741999999, 25.7574842], [-80.1893559, 25.7576195], [-80.1892094, 25.7578183], [-80.1890707, 25.7580695], [-80.1889592, 25.7583626], [-80.1889286, 25.758565], [-80.1889213, 25.7588756], [-80.1889409, 25.7590676], [-80.1889837, 25.7592979], [-80.1890922, 25.7595912], [-80.1891367, 25.7596891]]}, "properties": {"project": "FL3502", "date": "19350123", "kind": "Natural.Mean High Water", "source": "T05629"}}, {"type": "Feature", "geometry": {"type": "LineString", "coordinates": [[-80.189568, 25.7573841], [-80.1894741999999, 25.7574842]]}, "properties": {"project": "FL3502", "date": "19350123", "kind": "Undetermined.Approximate", "source": "T05629"}}, {"type": "Feature", "geometry": {"type": "LineString", "coordinates": [[-80.1331028, 25.7622884], [-80.1332419, 25.7622955000001], [-80.1333152, 25.7622712], [-80.1334079, 25.7621945], [-80.1335275, 25.7621004], [-80.1336665, 25.7620657000001], [-80.1339754, 25.7620521], [-80.1342844, 25.76207], [-80.1345007, 25.7620563], [-80.1346783, 25.7620111], [-80.1348829, 25.7619451], [-80.1350682, 25.7618371], [-80.1352496, 25.7616524], [-80.1354154, 25.7614536], [-80.1355968, 25.7612689], [-80.1357047, 25.7610631], [-80.1358705, 25.7607527], [-80.1360825, 25.760404], [-80.1362676, 25.7601215], [-80.1364104, 25.7599402], [-80.1365221, 25.759689], [-80.136711, 25.7593368], [-80.1369346, 25.7589043], [-80.1370888, 25.7586078], [-80.1371234, 25.7585101], [-80.1371773, 25.7582833], [-80.1372658, 25.7579449], [-80.1373156, 25.7575611], [-80.1373117, 25.7574912], [-80.1372961, 25.7574249], [-80.1372458, 25.7572922], [-80.1372458, 25.7572538], [-80.1372612, 25.7572155], [-80.1373113, 25.7571632], [-80.1373229, 25.7571388], [-80.1373343, 25.7569887], [-80.1373652, 25.7569294], [-80.1374038, 25.7569015], [-80.1375621, 25.7568703], [-80.1376123, 25.7568425], [-80.1376972, 25.7567902], [-80.137786, 25.7567729], [-80.137952, 25.7567626], [-80.1380061, 25.7567417], [-80.1380948, 25.7566581], [-80.1381411, 25.7566372], [-80.1382917, 25.7566199], [-80.1383612, 25.7566026], [-80.1384346, 25.7565678], [-80.1386508, 25.756561]]}, "properties": {"project": "FL3502", "date": "19350123", "kind": "Natural.Mean High Water", "source": "T05629"}}, {"type": "Feature", "geometry": {"type": "LineString", "coordinates": [[-80.1386508, 25.756561], [-80.1388324, 25.7565787]]}, "properties": {"project": "FL3502", "date": "19350123", "kind": "Undetermined.Approximate", "source": "T05629"}}, {"type": "Feature", "geometry": {"type": "LineString", "coordinates": [[-80.1400835, 25.7564406], [-80.1400834, 25.7563324], [-80.1402263, 25.7563326], [-80.140315, 25.756235], [-80.1402686, 25.7562105], [-80.1401837, 25.7562872], [-80.1399482, 25.7563009]]}, "properties": {"project": "FL3502", "date": "19350123", "kind": "Pier", "source": "T05629"}}, {"type": "Feature", "geometry": {"type": "LineString", "coordinates": [[-80.1400835, 25.7564406], [-80.1402341, 25.7564373], [-80.140346, 25.7563153], [-80.1403807, 25.7563049], [-80.1404271, 25.7563119], [-80.1412347999999, 25.7569167], [-80.1411577, 25.7569899], [-80.1410572, 25.7569584], [-80.1409878, 25.7570281], [-80.1411231, 25.7571469], [-80.1413121, 25.7569656], [-80.1420078, 25.757476], [-80.1420155, 25.757504], [-80.1419731, 25.7575737], [-80.1419693, 25.7575981], [-80.1419886, 25.7576261], [-80.1424949, 25.7579548], [-80.1428118, 25.7582029], [-80.1430205, 25.7583323], [-80.1434804, 25.758654], [-80.1439558, 25.7590105], [-80.1444351, 25.7593531], [-80.1448525, 25.7596782], [-80.1457763, 25.7603878], [-80.1468778, 25.7612023], [-80.1474731, 25.7616287], [-80.1478596, 25.7619293], [-80.1485746, 25.7624362], [-80.1487641, 25.7626145], [-80.1488182, 25.7627018], [-80.1488531, 25.7628519], [-80.1490786, 25.7641539], [-80.1490748, 25.7642168], [-80.1490323, 25.7642691], [-80.1489628, 25.7642899], [-80.1485419, 25.7642964], [-80.1474875, 25.7643266], [-80.1464409, 25.7643533], [-80.1455333, 25.7643871], [-80.1442395, 25.7644345], [-80.144228, 25.7645217], [-80.1437221, 25.7645246], [-80.1436641, 25.7644722], [-80.1432430999999, 25.7644612], [-80.1426445, 25.7644326], [-80.1422003, 25.7644669], [-80.1421927, 25.7645402], [-80.141737, 25.7645431], [-80.141679, 25.7645256], [-80.1416326, 25.7644872], [-80.1415811, 25.7632307], [-80.1411486, 25.7632337], [-80.1411614, 25.7644552], [-80.1411306, 25.764511], [-80.1410765, 25.7645319], [-80.1398715, 25.7645479], [-80.1397634, 25.7645338], [-80.1396475, 25.7644883], [-80.1396281, 25.7644603], [-80.1396281, 25.7644324], [-80.1396936, 25.7642684], [-80.1396936, 25.7642405], [-80.1396704, 25.7642161], [-80.1394347, 25.764125], [-80.1393922, 25.764125], [-80.139369, 25.7641459], [-80.1391648, 25.7645679]]}, "properties": {"project": "FL3502", "date": "19350123", "kind": "Man-made", "source": "T05629"}}, {"type": "Feature", "geometry": {"type": "LineString", "coordinates": [[-80.1388324, 25.7565787], [-80.1388942, 25.7566102], [-80.1389367, 25.7566382], [-80.1389946, 25.7566522], [-80.1391954, 25.7566315], [-80.1394464, 25.7565481], [-80.1395621, 25.7564505], [-80.139647, 25.7563703], [-80.1397011, 25.7563529], [-80.1398208, 25.7563391], [-80.1398632, 25.7563112], [-80.1399482, 25.7563009]]}, "properties": {"project": "FL3502", "date": "19350123", "kind": "Natural.Mean High Water", "source": "T05629"}}, {"type": "Feature", "geometry": {"type": "LineString", "coordinates": [[-80.1400835, 25.7564406], [-80.1399482, 25.7563009]]}, "properties": {"project": "FL3502", "date": "19350123", "kind": "Shoreline/Alongshore Feature Boundary", "source": "T05629"}}, {"type": "Feature", "geometry": {"type": "LineString", "coordinates": [[-80.1946538, 25.7550047], [-80.194589, 25.7550605], [-80.1944154, 25.7551651], [-80.1941705, 25.7552907]]}, "properties": {"project": "FL3502", "date": "19350123", "kind": "Natural.Mean High Water", "source": "T05629"}}, {"type": "Feature", "geometry": {"type": "LineString", "coordinates": [[-80.194112, 25.7553207], [-80.1940758, 25.7553393], [-80.1937825, 25.7554891], [-80.1936243, 25.7555867], [-80.1934584, 25.7557157], [-80.1933312, 25.7558273], [-80.1932578, 25.7558726], [-80.1930764, 25.7559353], [-80.1927522, 25.7560606], [-80.1923392, 25.7562487], [-80.1921655, 25.7563114], [-80.1919918, 25.7563636], [-80.1918104, 25.7564263], [-80.1916676, 25.7564995], [-80.1915789, 25.7565587], [-80.1914785, 25.756597], [-80.1909767, 25.756785], [-80.1909034, 25.7567885], [-80.1908222, 25.7567744], [-80.1907334, 25.7567813], [-80.1905751, 25.7568196], [-80.1903088, 25.7569171], [-80.1900232, 25.7570495000001], [-80.1897801, 25.7571854], [-80.189649, 25.7573004], [-80.189568, 25.7573841]]}, "properties": {"project": "FL3502", "date": "19350123", "kind": "Natural.Mean High Water", "source": "T05629"}}, {"type": "Feature", "geometry": {"type": "LineString", "coordinates": [[-80.1941705, 25.7552907], [-80.194112, 25.7553207]]}, "properties": {"project": "FL3502", "date": "19350123", "kind": "Shoreline/Alongshore Feature Boundary", "source": "T05629"}}, {"type": "Feature", "geometry": {"type": "LineString", "coordinates": [[-80.1941705, 25.7552907], [-80.1940987999999, 25.7552084], [-80.1940583, 25.7552381], [-80.194112, 25.7553207]]}, "properties": {"project": "FL3502", "date": "19350123", "kind": "Pier", "source": "T05629"}}, {"type": "Feature", "geometry": {"type": "LineString", "coordinates": [[-80.1947259, 25.7549534], [-80.1946739, 25.7549873], [-80.1946538, 25.7550047]]}, "properties": {"project": "FL3502", "date": "19350123", "kind": "Shoreline/Alongshore Feature Boundary", "source": "T05629"}}, {"type": "Feature", "geometry": {"type": "LineString", "coordinates": [[-80.1947259, 25.7549534], [-80.1946698, 25.7548704], [-80.1945946, 25.7549139], [-80.1946538, 25.7550047]]}, "properties": {"project": "FL3502", "date": "19350123", "kind": "Pier", "source": "T05629"}}, {"type": "Feature", "geometry": {"type": "LineString", "coordinates": [[-80.1960618, 25.7543918], [-80.1959745, 25.7544404], [-80.1958935, 25.7544578], [-80.1956695, 25.7544751], [-80.1955151, 25.7545203], [-80.1952218, 25.7546387], [-80.1949941, 25.7547747], [-80.1948398, 25.7548792], [-80.1947259, 25.7549534]]}, "properties": {"project": "FL3502", "date": "19350123", "kind": "Natural.Mean High Water", "source": "T05629"}}, {"type": "Feature", "geometry": {"type": "LineString", "coordinates": [[-80.1960618, 25.7543918], [-80.1959399, 25.7542087]]}, "properties": {"project": "FL3502", "date": "19350123", "kind": "Pier", "source": "T05629"}}, {"type": "Feature", "geometry": {"type": "LineString", "coordinates": [[-80.1959399, 25.7542087], [-80.1959157, 25.7541724]]}, "properties": {"project": "FL3502", "date": "19350123", "kind": "Pier", "source": "T05629"}}, {"type": "Feature", "geometry": {"type": "LineString", "coordinates": [[-80.1970133, 25.7535527], [-80.1969928, 25.7535687], [-80.1969311, 25.7536664], [-80.1968272, 25.7538653], [-80.1967539, 25.753949], [-80.1966266, 25.7540326], [-80.1965533, 25.7540989], [-80.1964724, 25.754193], [-80.196372, 25.7542523], [-80.1961057, 25.7543672], [-80.1960618, 25.7543918]]}, "properties": {"project": "FL3502", "date": "19350123", "kind": "Natural.Mean High Water", "source": "T05629"}}, {"type": "Feature", "geometry": {"type": "LineString", "coordinates": [[-80.1970133, 25.7535527], [-80.1967567, 25.753244]]}, "properties": {"project": "FL3502", "date": "19350123", "kind": "Pier", "source": "T05629"}}, {"type": "Feature", "geometry": {"type": "LineString", "coordinates": [[-80.197603, 25.7531337], [-80.1975483, 25.7531853], [-80.197286, 25.753384], [-80.1970776, 25.7535025], [-80.1970133, 25.7535527]]}, "properties": {"project": "FL3502", "date": "19350123", "kind": "Natural.Mean High Water", "source": "T05629"}}, {"type": "Feature", "geometry": {"type": "LineString", "coordinates": [[-80.1972967, 25.7528046], [-80.1972041, 25.7528569]]}, "properties": {"project": "FL3502", "date": "19350123", "kind": "Pier", "source": "T05629"}}, {"type": "Feature", "geometry": {"type": "LineString", "coordinates": [[-80.197603, 25.7531337], [-80.1972967, 25.7528046]]}, "properties": {"project": "FL3502", "date": "19350123", "kind": "Pier", "source": "T05629"}}, {"type": "Feature", "geometry": {"type": "LineString", "coordinates": [[-80.1972967, 25.7528046], [-80.1973816, 25.7527314]]}, "properties": {"project": "FL3502", "date": "19350123", "kind": "Pier", "source": "T05629"}}, {"type": "Feature", "geometry": {"type": "LineString", "coordinates": [[-80.1983427, 25.7524041], [-80.1981614, 25.752575], [-80.1978067, 25.7529412], [-80.197603, 25.7531337]]}, "properties": {"project": "FL3502", "date": "19350123", "kind": "Natural.Mean High Water", "source": "T05629"}}, {"type": "Feature", "geometry": {"type": "LineString", "coordinates": [[-80.198524, 25.7522717], [-80.1984816, 25.752324], [-80.1983427, 25.7524041]]}, "properties": {"project": "FL3502", "date": "19350123", "kind": "Man-made", "source": "T05629"}}, {"type": "Feature", "geometry": {"type": "LineString", "coordinates": [[-80.1985848, 25.7522014], [-80.1985664, 25.7522193], [-80.198524, 25.7522717]]}, "properties": {"project": "FL3502", "date": "19350123", "kind": "Shoreline/Alongshore Feature Boundary", "source": "T05629"}}, {"type": "Feature", "geometry": {"type": "LineString", "coordinates": [[-80.1985848, 25.7522014], [-80.1984891, 25.7521599], [-80.1984544, 25.7522227], [-80.198524, 25.7522717]]}, "properties": {"project": "FL3502", "date": "19350123", "kind": "Pier", "source": "T05629"}}, {"type": "Feature", "geometry": {"type": "LineString", "coordinates": [[-80.1986555, 25.7521325], [-80.1985848, 25.7522014]]}, "properties": {"project": "FL3502", "date": "19350123", "kind": "Man-made", "source": "T05629"}}, {"type": "Feature", "geometry": {"type": "LineString", "coordinates": [[-80.1987865, 25.7519864], [-80.1987669, 25.7520241], [-80.1986555, 25.7521325]]}, "properties": {"project": "FL3502", "date": "19350123", "kind": "Shoreline/Alongshore Feature Boundary", "source": "T05629"}}, {"type": "Feature", "geometry": {"type": "LineString", "coordinates": [[-80.1956866, 25.7686956], [-80.1956864, 25.7685770000001]]}, "properties": {"project": "FL3502", "date": "19350123", "kind": "Pier", "source": "T05629"}}, {"type": "Feature", "geometry": {"type": "LineString", "coordinates": [[-80.1317506, 25.7685815], [-80.1315991, 25.7685839], [-80.131508, 25.7685839]]}, "properties": {"project": "FL3502", "date": "19350123", "kind": "Pier", "source": "T05629"}}, {"type": "Feature", "geometry": {"type": "LineString", "coordinates": [[-80.1320465, 25.7685770000001], [-80.1317506, 25.7685815]]}, "properties": {"project": "FL3502", "date": "19350123", "kind": "Pier", "source": "T05629"}}, {"type": "Feature", "geometry": {"type": "LineString", "coordinates": [[-80.1320465, 25.7685770000001], [-80.1320376, 25.7687117]]}, "properties": {"project": "FL3502", "date": "19350123", "kind": "Shoreline/Alongshore Feature Boundary", "source": "T05629"}}, {"type": "Feature", "geometry": {"type": "LineString", "coordinates": [[-80.1987865, 25.7519864], [-80.1986741, 25.7519437], [-80.1985855, 25.7520728], [-80.1986555, 25.7521325]]}, "properties": {"project": "FL3502", "date": "19350123", "kind": "Pier", "source": "T05629"}}, {"type": "Feature", "geometry": {"type": "LineString", "coordinates": [[-80.1998503, 25.7508313], [-80.1996497, 25.7509638], [-80.1996111, 25.7510126], [-80.1996112, 25.7510475], [-80.1996267, 25.7511103000001], [-80.1996268, 25.7511383], [-80.1992604, 25.7514974], [-80.1992140999999, 25.7515044], [-80.1991793, 25.7514799], [-80.1991639, 25.7514764], [-80.1991214, 25.7514904], [-80.198786, 25.75186], [-80.1987822, 25.7518984], [-80.1987977, 25.7519333], [-80.1987977, 25.7519648], [-80.1987865, 25.7519864]]}, "properties": {"project": "FL3502", "date": "19350123", "kind": "Man-made", "source": "T05629"}}, {"type": "Feature", "geometry": {"type": "LineString", "coordinates": [[-80.200179, 25.750378], [-80.1999425, 25.7505173], [-80.1998963, 25.750594], [-80.199881, 25.7507336], [-80.1998503, 25.7508313]]}, "properties": {"project": "FL3502", "date": "19350123", "kind": "Natural.Apparent.Marsh Or Swamp", "source": "T05629"}}, {"type": "Feature", "geometry": {"type": "LineString", "coordinates": [[-80.1402994, 25.7719505], [-80.1402627, 25.7719086], [-80.140201, 25.7718286], [-80.1401901999999, 25.7717947], [-80.1401794, 25.7717147], [-80.1401498, 25.7716541], [-80.1401257, 25.7716444], [-80.1400775, 25.7716492], [-80.1400373, 25.7716588], [-80.1400131, 25.7716516], [-80.139981, 25.7716249], [-80.1399112, 25.7715328], [-80.1397555, 25.7712807], [-80.1397501, 25.771254], [-80.1397527, 25.7712347], [-80.1397768, 25.7712129], [-80.1397849, 25.7711959], [-80.1397795, 25.7711741], [-80.1397553, 25.7711354], [-80.1397312, 25.7711159], [-80.139707, 25.7711038], [-80.1396695, 25.7711038], [-80.1396507, 25.7710989], [-80.13964, 25.7710892], [-80.1396266, 25.7710674], [-80.1396105, 25.7710601], [-80.1395676, 25.77106], [-80.1395435, 25.77106], [-80.1395193, 25.771043], [-80.1394844, 25.7709703], [-80.1393609, 25.7707619], [-80.1392643, 25.7706116], [-80.1391355, 25.7704443], [-80.1391193, 25.7704128], [-80.1391139, 25.7703765], [-80.1391059, 25.7703329], [-80.1390736, 25.7702602], [-80.1389339999999, 25.7700396], [-80.1386334, 25.7695718], [-80.1385448, 25.7694312], [-80.1385313, 25.7693779], [-80.1385206, 25.7693367], [-80.1384696, 25.7692616], [-80.1383407, 25.7690725], [-80.137981, 25.7685077], [-80.1379515, 25.7684883], [-80.1379086, 25.7684834], [-80.1378791, 25.7684761], [-80.1378576, 25.7684495], [-80.1377556, 25.7682725], [-80.1377368, 25.7682555], [-80.1377207, 25.7682507], [-80.1376886, 25.7682506], [-80.1376645, 25.7682458], [-80.1376376, 25.7682191], [-80.1374819, 25.7679888], [-80.1374443, 25.7679113], [-80.1373987, 25.7678434], [-80.1373558, 25.7677901], [-80.1373289, 25.7677343], [-80.137286, 25.7676622]]}, "properties": {"project": "FL3502", "date": "19350123", "kind": "Natural.Mean High Water", "source": "T05629"}}, {"type": "Feature", "geometry": {"type": "LineString", "coordinates": [[-80.1953737, 25.768636], [-80.1954006, 25.7685977], [-80.1954238, 25.7685733], [-80.1954933, 25.7685663], [-80.1956014, 25.7685629]]}, "properties": {"project": "FL3502", "date": "19350123", "kind": "Man-made", "source": "T05629"}}, {"type": "Feature", "geometry": {"type": "LineString", "coordinates": [[-80.1956014, 25.7685629], [-80.1956055, 25.7686956]]}, "properties": {"project": "FL3502", "date": "19350123", "kind": "Pier", "source": "T05629"}}, {"type": "Feature", "geometry": {"type": "LineString", "coordinates": [[-80.1956014, 25.7685629], [-80.1956864, 25.7685770000001]]}, "properties": {"project": "FL3502", "date": "19350123", "kind": "Shoreline/Alongshore Feature Boundary", "source": "T05629"}}, {"type": "Feature", "geometry": {"type": "LineString", "coordinates": [[-80.131508, 25.7685839], [-80.1310528, 25.7685839], [-80.1310481, 25.7684655], [-80.1305558, 25.7684771], [-80.1305741, 25.7687506], [-80.1315959, 25.7687092]]}, "properties": {"project": "FL3502", "date": "19350123", "kind": "Pier", "source": "T05629"}}, {"type": "Feature", "geometry": {"type": "LineString", "coordinates": [[-80.1956864, 25.7685770000001], [-80.1963469, 25.768574], [-80.196354, 25.7681762], [-80.1964158, 25.7681797], [-80.196428, 25.7685881], [-80.1964512, 25.7685951], [-80.196486, 25.7685881], [-80.1965052, 25.7685567], [-80.1965008, 25.7681972], [-80.1965703, 25.7681973], [-80.1965864, 25.7686022], [-80.1969418, 25.7686199], [-80.1974439, 25.7686657]]}, "properties": {"project": "FL3502", "date": "19350123", "kind": "Man-made", "source": "T05629"}}, {"type": "Feature", "geometry": {"type": "LineString", "coordinates": [[-80.137286, 25.7676622], [-80.1372101, 25.7675344]]}, "properties": {"project": "FL3502", "date": "19350123", "kind": "Shoreline/Alongshore Feature Boundary", "source": "T05629"}}, {"type": "Feature", "geometry": {"type": "LineString", "coordinates": [[-80.137286, 25.7676622], [-80.1373583, 25.7676351], [-80.1372858, 25.7675066], [-80.1372101, 25.7675344]]}, "properties": {"project": "FL3502", "date": "19350123", "kind": "Pier", "source": "T05629"}}, {"type": "Feature", "geometry": {"type": "LineString", "coordinates": [[-80.1372101, 25.7675344], [-80.1370739, 25.7673053]]}, "properties": {"project": "FL3502", "date": "19350123", "kind": "Natural.Mean High Water", "source": "T05629"}}, {"type": "Feature", "geometry": {"type": "LineString", "coordinates": [[-80.1370739, 25.7673053], [-80.137039, 25.7672568]]}, "properties": {"project": "FL3502", "date": "19350123", "kind": "Pier", "source": "T05629"}}, {"type": "Feature", "geometry": {"type": "LineString", "coordinates": [[-80.1370739, 25.7673053], [-80.1369838, 25.7673675], [-80.1368675, 25.7671999], [-80.1369746, 25.7671671]]}, "properties": {"project": "FL3502", "date": "19350123", "kind": "Man-made", "source": "T05629"}}, {"type": "Feature", "geometry": {"type": "LineString", "coordinates": [[-80.1369746, 25.7671671], [-80.1370175, 25.7672108]]}, "properties": {"project": "FL3502", "date": "19350123", "kind": "Pier", "source": "T05629"}}, {"type": "Feature", "geometry": {"type": "LineString", "coordinates": [[-80.1464251, 25.7676479], [-80.1467609, 25.7674983], [-80.1469616, 25.7673449], [-80.1470233, 25.7672717], [-80.1470425, 25.7671496], [-80.1470231, 25.7670937], [-80.1469768, 25.7670622], [-80.1468725, 25.7670482], [-80.1467218, 25.767041], [-80.1466407, 25.7670165], [-80.1465055, 25.7669535], [-80.1464359, 25.766929], [-80.1463587, 25.7669359], [-80.1463008, 25.7669637], [-80.1462352, 25.7670369000001], [-80.1461619, 25.7671136], [-80.1461078, 25.767145], [-80.1460229, 25.7671588], [-80.1459031, 25.7671517], [-80.1457564, 25.7671306], [-80.145652, 25.7670851], [-80.1455477, 25.7670117], [-80.1454163, 25.7669452], [-80.145312, 25.7669137], [-80.1452463, 25.7668962], [-80.1451922, 25.7668612000001], [-80.1451186, 25.7667041], [-80.14508, 25.7666901], [-80.1450375, 25.7667005], [-80.1449951, 25.7667388], [-80.1449797, 25.7667842], [-80.1449797, 25.7668226], [-80.1449990999999, 25.766861], [-80.14503, 25.7668994], [-80.1450572, 25.7670007], [-80.1450843, 25.7671438], [-80.1451462, 25.7672486], [-80.1452158, 25.7673254], [-80.1453202, 25.7673779], [-80.1453898, 25.7674373], [-80.1455599, 25.7675806], [-80.1457879, 25.7677135], [-80.1459386, 25.767766], [-80.1460042, 25.7677696], [-80.1461008, 25.7677523], [-80.1461934, 25.7677105], [-80.1462899, 25.7676827], [-80.1464251, 25.7676479]]}, "properties": {"project": "FL3502", "date": "19350123", "kind": "Natural.Mean High Water", "source": "T05629"}}, {"type": "Feature", "geometry": {"type": "LineString", "coordinates": [[-80.1369746, 25.7671671], [-80.1368726, 25.7670096], [-80.1367893, 25.7668835], [-80.1367464, 25.7668399], [-80.136666, 25.7667962], [-80.1365078, 25.7667258], [-80.1362262, 25.7666019]]}, "properties": {"project": "FL3502", "date": "19350123", "kind": "Natural.Mean High Water", "source": "T05629"}}, {"type": "Feature", "geometry": {"type": "LineString", "coordinates": [[-80.1362262, 25.7666019], [-80.1360787, 25.7665557]]}, "properties": {"project": "FL3502", "date": "19350123", "kind": "Undetermined.Approximate", "source": "T05629"}}, {"type": "Feature", "geometry": {"type": "LineString", "coordinates": [[-80.1884374, 25.766009], [-80.1882555, 25.7659949]]}, "properties": {"project": "FL3502", "date": "19350123", "kind": "Pier", "source": "T05629"}}, {"type": "Feature", "geometry": {"type": "LineString", "coordinates": [[-80.1523486, 25.7680522], [-80.1524311, 25.7682116], [-80.1525472, 25.7683371], [-80.1527007, 25.7684856], [-80.1527673, 25.76852], [-80.1528175, 25.7685203], [-80.1528758, 25.7685471], [-80.1529755, 25.7686234], [-80.1530506, 25.7686465], [-80.1531507, 25.7686736], [-80.1532173, 25.768708], [-80.153467, 25.7688495], [-80.1535295, 25.7688688], [-80.1535838, 25.7688729], [-80.1536299, 25.7688618], [-80.1537052, 25.7688471], [-80.1537511, 25.7688587], [-80.1537843, 25.768893], [-80.1537964, 25.7689422], [-80.1537876, 25.7690103], [-80.1537872, 25.7690632], [-80.1537996, 25.7690936], [-80.1538787, 25.7691319], [-80.1541497, 25.7692129], [-80.1543919, 25.7692408], [-80.1545045, 25.7692641], [-80.154592, 25.7693025], [-80.154688, 25.769322], [-80.1548091, 25.7693265], [-80.1548845, 25.769308], [-80.1550692, 25.7691804], [-80.1551236, 25.7691732], [-80.1551611, 25.7691885], [-80.155194, 25.7692682], [-80.1552395, 25.7693327], [-80.1553392, 25.769409], [-80.1554641, 25.7694854], [-80.1554847, 25.7695158], [-80.1554928, 25.7695499], [-80.1554836, 25.7696709], [-80.1554871, 25.7697655], [-80.1555118, 25.7698262], [-80.1556614, 25.7699368], [-80.1558904, 25.7700592], [-80.1560614, 25.7701094], [-80.156245, 25.7701369], [-80.1563869, 25.7701604], [-80.1564369, 25.770191], [-80.1565115, 25.7702671], [-80.1565699, 25.7702939], [-80.1566284, 25.7702943], [-80.1567162, 25.7702872], [-80.1567874, 25.7702536], [-80.1568418, 25.7702425], [-80.1568919, 25.7702542], [-80.156921, 25.770277], [-80.1569746, 25.7703757], [-80.1570323, 25.7704971], [-80.1571071, 25.7705468], [-80.157253, 25.7706006], [-80.1573867, 25.7706089], [-80.1574828, 25.7705981], [-80.1575246, 25.7706021], [-80.1575745, 25.7706327], [-80.1576286, 25.7706633], [-80.1576704, 25.7706673], [-80.1577373, 25.7706639], [-80.1578504, 25.7706267], [-80.157955, 25.7706046], [-80.1580344, 25.7706089], [-80.1581302, 25.7706397], [-80.1582386, 25.770682], [-80.1582846, 25.7706746], [-80.1583894, 25.7706336], [-80.1584901, 25.7705737], [-80.1585319, 25.7705701], [-80.158561, 25.770593], [-80.1586975, 25.770783], [-80.1588096, 25.7708934], [-80.1589054, 25.7709317], [-80.1590349, 25.7709401], [-80.1591478, 25.7709256], [-80.1593154, 25.7708698], [-80.1594577, 25.7708328000001], [-80.1596041, 25.7708185], [-80.159746, 25.7708307], [-80.1600385, 25.7708361], [-80.1601013, 25.7708214], [-80.1601644, 25.770765], [-80.1601944, 25.7706516], [-80.160195, 25.7705684], [-80.1601829, 25.770504], [-80.1601333, 25.7704356], [-80.1600749999999, 25.7704088], [-80.1598746, 25.7703811], [-80.1598121, 25.7703467], [-80.1598123, 25.7703202], [-80.1598293, 25.7702787], [-80.1598422, 25.7702334], [-80.1598384, 25.7701842], [-80.1598135, 25.77015], [-80.1597678, 25.7701195], [-80.1597554, 25.7700929], [-80.1597556, 25.7700702], [-80.1597767, 25.7700438], [-80.1597812, 25.7699871], [-80.1597817, 25.7699152], [-80.159757, 25.7698659], [-80.1597071, 25.7698391], [-80.1596738, 25.7698124], [-80.1596657, 25.7697821], [-80.1596785, 25.7697368], [-80.1596788, 25.7696952], [-80.1596623, 25.7696724], [-80.159604, 25.769638], [-80.1595959, 25.7696039], [-80.1596045, 25.7695737], [-80.1596422, 25.769555], [-80.1596841, 25.7695439], [-80.1597094, 25.7695024], [-80.1597144, 25.7693851], [-80.1597067, 25.7692981], [-80.1597115, 25.7692111], [-80.1597372, 25.7691166], [-80.1597291, 25.7690787], [-80.1597169, 25.7690333], [-80.1595592, 25.7688848], [-80.1594969, 25.7688315], [-80.1594342, 25.7688273], [-80.1593673, 25.7688383], [-80.1592545, 25.7688376], [-80.159125, 25.7688293], [-80.1590625, 25.7688025], [-80.1589627, 25.76873], [-80.1588792, 25.7687182], [-80.1588081, 25.7687291], [-80.1587243, 25.7687665], [-80.1586738, 25.7688154000001], [-80.1586524, 25.7688909], [-80.1586312, 25.7689324], [-80.1585934, 25.7689587], [-80.1585221, 25.7689885], [-80.1584424, 25.7690448], [-80.1583414, 25.769135], [-80.1583242, 25.7692106], [-80.1583114, 25.7692408], [-80.1582735, 25.7692822], [-80.1582189, 25.7693311], [-80.1581683, 25.7693875000001], [-80.1581348, 25.7693987], [-80.1580513, 25.7693982], [-80.1580135, 25.7694131], [-80.1579714, 25.7694696], [-80.1577397, 25.7697256], [-80.1576979, 25.7697367], [-80.1576394, 25.7697326], [-80.1575684, 25.7697208], [-80.1574514, 25.7697277], [-80.1573802, 25.76975], [-80.1572124, 25.7698436], [-80.157158, 25.7698471], [-80.1570997, 25.7698165], [-80.1570626, 25.7697482], [-80.1570349, 25.7695361], [-80.1570185, 25.769483], [-80.1569688, 25.769426], [-80.1569565, 25.7693919], [-80.1569568, 25.7693427], [-80.1569739, 25.7692936], [-80.1570372, 25.7692107], [-80.1570963, 25.7691278], [-80.1571052, 25.7690409], [-80.1570975, 25.76895], [-80.1570813, 25.768878], [-80.1569777, 25.7687564], [-80.1567824, 25.7685963], [-80.1566786, 25.7685125], [-80.1566078, 25.7684742], [-80.1564452, 25.7684241], [-80.156387, 25.7683859], [-80.1563622, 25.7683442], [-80.1563624, 25.7683063], [-80.156367, 25.7682496], [-80.1564347, 25.7681365], [-80.1564646, 25.7680421], [-80.1564823, 25.7678984], [-80.1564709, 25.7677356], [-80.1564547, 25.767675], [-80.1563597, 25.767508], [-80.1561819, 25.7672421], [-80.1559746, 25.7670176], [-80.1557668, 25.7668613], [-80.1555294, 25.7667464], [-80.1551835, 25.766612], [-80.1549125, 25.7665385], [-80.1546078, 25.7664876], [-80.1543116, 25.7664177], [-80.1541363, 25.7663827], [-80.1539233, 25.7663777], [-80.1537226, 25.7663954], [-80.1535593999999, 25.7664247], [-80.1534132, 25.7664239], [-80.1532588, 25.7663927], [-80.1530502, 25.7663499], [-80.1529415, 25.7663492], [-80.1528076, 25.7663749], [-80.152636, 25.7664118], [-80.1525106, 25.7664224], [-80.1522473, 25.7664322], [-80.1521218, 25.766458], [-80.1518996, 25.7665588], [-80.1517781, 25.7666073], [-80.1516693, 25.7666256], [-80.1513224, 25.7666387], [-80.1507332, 25.7666353], [-80.1505283, 25.766653], [-80.1503022, 25.7667198], [-80.1501263, 25.7667793], [-80.1499459, 25.766888], [-80.1497861, 25.767027], [-80.1497056, 25.7671855], [-80.1496798, 25.7672837], [-80.1496746, 25.7674199], [-80.1496946, 25.7675486], [-80.1497647, 25.7676777], [-80.1498975, 25.7678071], [-80.1500887, 25.7679558], [-80.1502096, 25.7679981], [-80.1502931, 25.7680062], [-80.1503934, 25.7679992], [-80.1504603, 25.7679996], [-80.1506148, 25.7680156], [-80.1510284, 25.7680142], [-80.1511538, 25.7680188], [-80.1513375, 25.7680387], [-80.151446, 25.7680545], [-80.1514921, 25.7680434], [-80.1515844, 25.7679796], [-80.1516263, 25.7679761], [-80.1516929, 25.7679992], [-80.1517639, 25.7680147], [-80.1518517, 25.7680077], [-80.1519813, 25.7679895], [-80.1521193, 25.7679865], [-80.1522403, 25.7679986], [-80.1522945, 25.7680178], [-80.1523486, 25.7680522]]}, "properties": {"project": "FL3502", "date": "19350123", "kind": "Natural.Mean High Water", "source": "T05629"}}, {"type": "Feature", "geometry": {"type": "LineString", "coordinates": [[-80.1884374, 25.766009], [-80.1884217, 25.7661102], [-80.1884412, 25.7662079], [-80.1884335, 25.7662742], [-80.1883874, 25.7664382], [-80.1883339, 25.7668291], [-80.1881039, 25.7680504], [-80.1879124, 25.769188]]}, "properties": {"project": "FL3502", "date": "19350123", "kind": "Man-made", "source": "T05629"}}, {"type": "Feature", "geometry": {"type": "LineString", "coordinates": [[-80.1882555, 25.7659949], [-80.188217, 25.7661135]]}, "properties": {"project": "FL3502", "date": "19350123", "kind": "Pier", "source": "T05629"}}, {"type": "Feature", "geometry": {"type": "LineString", "coordinates": [[-80.1882555, 25.7659949], [-80.1882707, 25.7658692]]}, "properties": {"project": "FL3502", "date": "19350123", "kind": "Pier", "source": "T05629"}}, {"type": "Feature", "geometry": {"type": "LineString", "coordinates": [[-80.1360787, 25.7665557], [-80.1359366, 25.766495], [-80.135757, 25.7664027], [-80.1356577, 25.7663348], [-80.1355692, 25.7662765], [-80.1354888, 25.7662377], [-80.1353976, 25.7662133], [-80.1352931, 25.7662035], [-80.13521, 25.7661889], [-80.1351349, 25.766167], [-80.1350384, 25.7661087], [-80.1348453, 25.7660068], [-80.1346603, 25.7659242], [-80.1343868, 25.7658124], [-80.1341455, 25.7657056]]}, "properties": {"project": "FL3502", "date": "19350123", "kind": "Natural.Mean High Water", "source": "T05629"}}, {"type": "Feature", "geometry": {"type": "LineString", "coordinates": [[-80.1341455, 25.7657056], [-80.1339511, 25.7656413]]}, "properties": {"project": "FL3502", "date": "19350123", "kind": "Undetermined.Approximate", "source": "T05629"}}, {"type": "Feature", "geometry": {"type": "LineString", "coordinates": [[-80.1885037, 25.7655927], [-80.1884906, 25.765667], [-80.1884374, 25.766009]]}, "properties": {"project": "FL3502", "date": "19350123", "kind": "Man-made", "source": "T05629"}}, {"type": "Feature", "geometry": {"type": "LineString", "coordinates": [[-80.1885037, 25.7655927], [-80.1883089, 25.7655621]]}, "properties": {"project": "FL3502", "date": "19350123", "kind": "Pier", "source": "T05629"}}, {"type": "Feature", "geometry": {"type": "LineString", "coordinates": [[-80.1339511, 25.7656413], [-80.1338097, 25.765563], [-80.1330822, 25.7652641]]}, "properties": {"project": "FL3502", "date": "19350123", "kind": "Natural.Mean High Water", "source": "T05629"}}, {"type": "Feature", "geometry": {"type": "LineString", "coordinates": [[-80.1323006, 25.7650264], [-80.1323414, 25.7652142], [-80.1323598, 25.7655407], [-80.1323558, 25.7660672], [-80.1323201, 25.7665366], [-80.1322752, 25.7668957], [-80.132253, 25.7672548], [-80.1321768, 25.7678629], [-80.1320465, 25.7685770000001]]}, "properties": {"project": "FL3502", "date": "19350123", "kind": "Natural.Mean High Water", "source": "T05629"}}, {"type": "Feature", "geometry": {"type": "LineString", "coordinates": [[-80.1330822, 25.7652641], [-80.1323006, 25.7650264]]}, "properties": {"project": "FL3502", "date": "19350123", "kind": "Shoreline/Alongshore Feature Boundary", "source": "T05629"}}, {"type": "Feature", "geometry": {"type": "LineString", "coordinates": [[-80.1886555, 25.7647208], [-80.1886324, 25.7648609], [-80.1885037, 25.7655927]]}, "properties": {"project": "FL3502", "date": "19350123", "kind": "Man-made", "source": "T05629"}}, {"type": "Feature", "geometry": {"type": "LineString", "coordinates": [[-80.1886555, 25.7647208], [-80.1885781, 25.7647108]]}, "properties": {"project": "FL3502", "date": "19350123", "kind": "Pier", "source": "T05629"}}, {"type": "Feature", "geometry": {"type": "LineString", "coordinates": [[-80.1890171, 25.7628363], [-80.1889949, 25.7629732]]}, "properties": {"project": "FL3502", "date": "19350123", "kind": "Man-made", "source": "T05629"}}, {"type": "Feature", "geometry": {"type": "LineString", "coordinates": [[-80.1653009, 25.7736133], [-80.1655558, 25.7736148], [-80.1655893, 25.7736074], [-80.1656357, 25.7735547], [-80.165657, 25.7734943], [-80.1657286, 25.7734039], [-80.1658423, 25.7732872], [-80.1658759, 25.7732685], [-80.1659678, 25.7732615], [-80.1660223, 25.7732429], [-80.1661187, 25.7731942], [-80.1661608, 25.7731529], [-80.1661946, 25.7731001], [-80.1662787, 25.7730325], [-80.1662914, 25.7729985], [-80.1662666, 25.7729719], [-80.1661496, 25.7729598], [-80.166108, 25.7729331], [-80.1660667, 25.7728723], [-80.1660126, 25.7728418], [-80.1659082, 25.7728222], [-80.1658708, 25.7727955], [-80.1658462, 25.7727349], [-80.1658005, 25.7726892], [-80.1657842, 25.7726323], [-80.1657595, 25.772583], [-80.1657138, 25.7725449], [-80.1656138, 25.7725027], [-80.1655348, 25.7724417], [-80.1655101, 25.7723886], [-80.1655105, 25.7723357], [-80.1655234, 25.772279], [-80.1655741, 25.7722036], [-80.1655827, 25.772162], [-80.1655746, 25.7721279], [-80.1655373, 25.7720899], [-80.1655208, 25.7720557], [-80.1655216, 25.771946], [-80.1654846, 25.7718512], [-80.1653973, 25.7717902], [-80.1652511, 25.7717742], [-80.1650048, 25.7717501], [-80.1649381, 25.7717232], [-80.1648259, 25.771628], [-80.1646968, 25.7715629], [-80.1645675, 25.7715281], [-80.1644965, 25.7715277], [-80.1643753, 25.7715384], [-80.1642037, 25.7715639], [-80.1641494, 25.7715636], [-80.164087, 25.7715329], [-80.1639874, 25.7714302], [-80.1639041, 25.7713843], [-80.1638206, 25.7713725], [-80.1636616, 25.7714018], [-80.1634397, 25.7714649], [-80.1632217, 25.7715771], [-80.1631503999999, 25.7716032], [-80.1630793, 25.7716104], [-80.162975, 25.7715946], [-80.1628831, 25.7715828], [-80.1627996, 25.7715785], [-80.1627284, 25.7716008], [-80.1626109, 25.7716682], [-80.1625229, 25.7717131], [-80.1623469, 25.7717726], [-80.1622378, 25.7718439], [-80.1621997, 25.7719042], [-80.1621823999999, 25.7719874], [-80.1621936, 25.7721917], [-80.1622219, 25.7723205], [-80.1622838, 25.7724382], [-80.1623833, 25.7725371], [-80.1624708, 25.7725868], [-80.1625375, 25.7726061], [-80.1625917, 25.772614], [-80.1626545, 25.7726068], [-80.1626965, 25.7725768], [-80.1627385, 25.7725468], [-80.1628138, 25.7725358], [-80.1629055, 25.7725628], [-80.1630221, 25.7726241], [-80.1631882, 25.7727726], [-80.1633795, 25.7729099], [-80.1636003, 25.7729944], [-80.1637965, 25.7730296], [-80.1640179, 25.7730346], [-80.1640849, 25.7730199], [-80.1641813, 25.772975], [-80.164244, 25.7729754], [-80.1642856, 25.7729983], [-80.1643269, 25.7730667], [-80.1643512, 25.7731803], [-80.1643842, 25.7732373], [-80.164455, 25.7732831], [-80.1645176, 25.7732872], [-80.1645553, 25.7732723], [-80.1645933, 25.7732158], [-80.164661, 25.7731064], [-80.1647029, 25.773084], [-80.164774, 25.773073], [-80.1648367, 25.7730809], [-80.1648531, 25.7731151], [-80.1648611, 25.7731757], [-80.1648435, 25.7732967], [-80.1647881, 25.7734477], [-80.1648046, 25.773478], [-80.1648297, 25.7734782], [-80.1648549, 25.7734632], [-80.1649229, 25.7733009], [-80.1649691, 25.7732671], [-80.1650193, 25.7732598], [-80.1650693, 25.773279], [-80.1651272, 25.773355], [-80.1651601, 25.7734422], [-80.1651805, 25.7735143], [-80.1652135, 25.7735712], [-80.1652509, 25.7735979], [-80.1653009, 25.7736133]]}, "properties": {"project": "FL3502", "date": "19350123", "kind": "Natural.Mean High Water", "source": "T05629"}}, {"type": "Feature", "geometry": {"type": "LineString", "coordinates": [[-80.1853163, 25.764593], [-80.1855759, 25.7651318], [-80.1859713, 25.7659664], [-80.1862846, 25.7666038], [-80.1868199, 25.767757], [-80.1871982, 25.7686596], [-80.1874284, 25.7692133], [-80.1871583, 25.7696129], [-80.1869747, 25.7695665], [-80.1863656, 25.7694268], [-80.1855772, 25.7692295], [-80.1851684, 25.769125], [-80.185064, 25.7691093], [-80.1849555, 25.7690973], [-80.1848971, 25.7690705], [-80.1848807, 25.769025], [-80.1848757, 25.7685407], [-80.1848307, 25.7677799000001], [-80.1848328, 25.7674735], [-80.1848252, 25.7673713], [-80.1848223, 25.7671783], [-80.1848087, 25.7667317], [-80.1847807, 25.7659295], [-80.1847523, 25.7645899], [-80.1853163, 25.764593]]}, "properties": {"project": "FL3502", "date": "19350123", "kind": "Man-made", "source": "T05629"}}, {"type": "Feature", "geometry": {"type": "LineString", "coordinates": [[-80.1391648, 25.7645679], [-80.1391455, 25.7645993], [-80.1391069, 25.7646167], [-80.1390567, 25.7646167], [-80.1389794, 25.7645887], [-80.1389292, 25.7645711], [-80.1388712, 25.7645746], [-80.1387863, 25.7646059], [-80.1386821, 25.7646302], [-80.1385623, 25.7646335], [-80.1384851, 25.764623], [-80.1384657, 25.764602]]}, "properties": {"project": "FL3502", "date": "19350123", "kind": "Natural.Mean High Water", "source": "T05629"}}, {"type": "Feature", "geometry": {"type": "LineString", "coordinates": [[-80.1889949, 25.7629732], [-80.1889774, 25.7630812], [-80.1887281, 25.7642816], [-80.1886555, 25.7647208]]}, "properties": {"project": "FL3502", "date": "19350123", "kind": "Man-made", "source": "T05629"}}, {"type": "Feature", "geometry": {"type": "LineString", "coordinates": [[-80.1889949, 25.7629732], [-80.1888884, 25.762966], [-80.1888884, 25.7629171]]}, "properties": {"project": "FL3502", "date": "19350123", "kind": "Pier", "source": "T05629"}}, {"type": "Feature", "geometry": {"type": "LineString", "coordinates": [[-80.189099, 25.7623308], [-80.1889918, 25.7623169]]}, "properties": {"project": "FL3502", "date": "19350123", "kind": "Pier", "source": "T05629"}}, {"type": "Feature", "geometry": {"type": "LineString", "coordinates": [[-80.1890171, 25.7628363], [-80.1888805, 25.7627985]]}, "properties": {"project": "FL3502", "date": "19350123", "kind": "Pier", "source": "T05629"}}, {"type": "Feature", "geometry": {"type": "LineString", "coordinates": [[-80.1384657, 25.764602], [-80.1385389, 25.7644241], [-80.1386894, 25.7642707], [-80.1386933, 25.7642498], [-80.1386739, 25.7642253], [-80.1385851, 25.7641833], [-80.1385542, 25.7641833], [-80.1385387, 25.7641902], [-80.1383575, 25.7645286], [-80.1383189, 25.7645355], [-80.1382687, 25.764525], [-80.1378089, 25.7643394], [-80.1372719, 25.7641224], [-80.1366537, 25.7638599], [-80.135993, 25.7635938], [-80.1351429, 25.7632332], [-80.1345827, 25.7629952], [-80.1337752, 25.7626661], [-80.1330927, 25.7623729]]}, "properties": {"project": "FL3502", "date": "19350123", "kind": "Man-made", "source": "T05629"}}, {"type": "Feature", "geometry": {"type": "LineString", "coordinates": [[-80.189099, 25.7623308], [-80.1890171, 25.7628363]]}, "properties": {"project": "FL3502", "date": "19350123", "kind": "Man-made", "source": "T05629"}}, {"type": "Feature", "geometry": {"type": "LineString", "coordinates": [[-80.2002355, 25.773172], [-80.2002007, 25.7731056], [-80.2001813, 25.7730882], [-80.2001504, 25.7730742], [-80.2001156, 25.7730637], [-80.200104, 25.7730462], [-80.200104, 25.7730043], [-80.2001078, 25.7729694], [-80.2000922, 25.7729206], [-80.2000379999999, 25.7728333], [-80.2000071, 25.7728193], [-80.1999762, 25.7728297], [-80.1998797, 25.7728715], [-80.1998488, 25.772868], [-80.1998372, 25.7728401], [-80.1998372, 25.7728191], [-80.1998487, 25.7727947], [-80.1999143, 25.7727529], [-80.1999259, 25.7727215], [-80.1999142, 25.7726482], [-80.1998948, 25.7725923], [-80.1998754, 25.7725749], [-80.199802, 25.7725748], [-80.1997673, 25.7725678], [-80.1997518, 25.7725468], [-80.1997517, 25.7725154], [-80.1997864, 25.7724875], [-80.1998019, 25.7724561], [-80.1998018, 25.7724282], [-80.1997824, 25.7723549], [-80.1997823, 25.7723235], [-80.1997939, 25.7722991], [-80.1998595, 25.7722887], [-80.1998749, 25.7722642], [-80.1998749, 25.7722293], [-80.1998245, 25.7720792], [-80.199739, 25.7717685], [-80.1996692, 25.7715765], [-80.1995955, 25.7713915], [-80.1995142, 25.7712623]]}, "properties": {"project": "FL3502", "date": "19350123", "kind": "Natural.Mean High Water", "source": "T05629"}}, {"type": "Feature", "geometry": {"type": "LineString", "coordinates": [[-80.1474845, 25.7722316], [-80.1473974, 25.772078], [-80.1473955, 25.7720535], [-80.1474051, 25.7720379], [-80.1474514, 25.7720082], [-80.147051, 25.7713639]]}, "properties": {"project": "FL3502", "date": "19350123", "kind": "Man-made", "source": "T05629"}}, {"type": "Feature", "geometry": {"type": "LineString", "coordinates": [[-80.1876731999999, 25.7714755], [-80.1877836, 25.771357]]}, "properties": {"project": "FL3502", "date": "19350123", "kind": "Natural.Mean High Water", "source": "T05629"}}, {"type": "Feature", "geometry": {"type": "LineString", "coordinates": [[-80.1875092, 25.7715997], [-80.1871043, 25.7712901]]}, "properties": {"project": "FL3502", "date": "19350123", "kind": "Pier", "source": "T05629"}}, {"type": "Feature", "geometry": {"type": "LineString", "coordinates": [[-80.1877836, 25.771357], [-80.1878844, 25.7712489], [-80.1879002, 25.7712145]]}, "properties": {"project": "FL3502", "date": "19350123", "kind": "Natural.Mean High Water", "source": "T05629"}}, {"type": "Feature", "geometry": {"type": "LineString", "coordinates": [[-80.1876731999999, 25.7714755], [-80.1873126999999, 25.7712135]]}, "properties": {"project": "FL3502", "date": "19350123", "kind": "Pier", "source": "T05629"}}, {"type": "Feature", "geometry": {"type": "LineString", "coordinates": [[-80.147051, 25.7713639], [-80.1469506, 25.7713969], [-80.1469003, 25.7713078], [-80.146924, 25.7711853]]}, "properties": {"project": "FL3502", "date": "19350123", "kind": "Pier", "source": "T05629"}}, {"type": "Feature", "geometry": {"type": "LineString", "coordinates": [[-80.1877836, 25.771357], [-80.187498, 25.7711299]]}, "properties": {"project": "FL3502", "date": "19350123", "kind": "Pier", "source": "T05629"}}, {"type": "Feature", "geometry": {"type": "LineString", "coordinates": [[-80.147051, 25.7713639], [-80.146924, 25.7711853]]}, "properties": {"project": "FL3502", "date": "19350123", "kind": "Shoreline/Alongshore Feature Boundary", "source": "T05629"}}, {"type": "Feature", "geometry": {"type": "LineString", "coordinates": [[-80.1995142, 25.7712623], [-80.1991743, 25.7712655], [-80.1991742, 25.7711817]]}, "properties": {"project": "FL3502", "date": "19350123", "kind": "Man-made", "source": "T05629"}}, {"type": "Feature", "geometry": {"type": "LineString", "coordinates": [[-80.1991742, 25.7711817], [-80.199433, 25.7711854]]}, "properties": {"project": "FL3502", "date": "19350123", "kind": "Pier", "source": "T05629"}}, {"type": "Feature", "geometry": {"type": "LineString", "coordinates": [[-80.1492979, 25.7711052], [-80.1505024, 25.7716436], [-80.1507362, 25.7717887], [-80.1509178, 25.7718587], [-80.151453, 25.7720827], [-80.1517853, 25.7722104], [-80.1520829, 25.7723417], [-80.1525911, 25.77259], [-80.1528558, 25.772716]]}, "properties": {"project": "FL3502", "date": "19350123", "kind": "Man-made", "source": "T05629"}}, {"type": "Feature", "geometry": {"type": "LineString", "coordinates": [[-80.1491731, 25.771054], [-80.1492979, 25.7711052]]}, "properties": {"project": "FL3502", "date": "19350123", "kind": "Undetermined.Approximate", "source": "T05629"}}, {"type": "Feature", "geometry": {"type": "LineString", "coordinates": [[-80.1879002, 25.7712145], [-80.1877026, 25.7710463]]}, "properties": {"project": "FL3502", "date": "19350123", "kind": "Pier", "source": "T05629"}}, {"type": "Feature", "geometry": {"type": "LineString", "coordinates": [[-80.1998574, 25.7708525], [-80.1998845, 25.7709048], [-80.1999154, 25.7709293], [-80.1999772, 25.7709433], [-80.2000313, 25.7709748], [-80.2000972, 25.7710795], [-80.2002097, 25.7713972], [-80.2002408, 25.7715822], [-80.2002757, 25.771659], [-80.200326, 25.771694], [-80.2003454, 25.7717638], [-80.200388, 25.7718546], [-80.2005198, 25.7721548], [-80.2005742, 25.7723922], [-80.2005832, 25.7725416]]}, "properties": {"project": "FL3502", "date": "19350123", "kind": "Natural.Mean High Water", "source": "T05629"}}, {"type": "Feature", "geometry": {"type": "LineString", "coordinates": [[-80.1878181, 25.7708021], [-80.1860422, 25.7714043]]}, "properties": {"project": "FL3502", "date": "19350123", "kind": "Pier", "source": "T05629"}}, {"type": "Feature", "geometry": {"type": "LineString", "coordinates": [[-80.1879002, 25.7712145], [-80.1879499, 25.7711059], [-80.1879613, 25.7709977], [-80.1879496, 25.7709279], [-80.1878955, 25.7708615], [-80.1878181, 25.7708021]]}, "properties": {"project": "FL3502", "date": "19350123", "kind": "Natural.Mean High Water", "source": "T05629"}}, {"type": "Feature", "geometry": {"type": "LineString", "coordinates": [[-80.1899921, 25.7703712], [-80.1901852, 25.7703644]]}, "properties": {"project": "FL3502", "date": "19350123", "kind": "Undetermined.Approximate", "source": "T05629"}}, {"type": "Feature", "geometry": {"type": "LineString", "coordinates": [[-80.1901852, 25.7703644], [-80.1905985, 25.7704171], [-80.1910467, 25.7705292], [-80.1911858, 25.7705852], [-80.1914525, 25.7706692], [-80.1918196, 25.7708056], [-80.1919703, 25.7708616], [-80.1920901, 25.7708687], [-80.1923179, 25.7708479], [-80.1925921, 25.7708028], [-80.1926886, 25.7707819], [-80.1927388, 25.7707436], [-80.1927812, 25.7707122], [-80.1928275, 25.7706948], [-80.1929048, 25.7706739], [-80.1930167, 25.7706182], [-80.193364, 25.7703846]]}, "properties": {"project": "FL3502", "date": "19350123", "kind": "Natural.Mean High Water", "source": "T05629"}}, {"type": "Feature", "geometry": {"type": "LineString", "coordinates": [[-80.1878181, 25.7708021], [-80.1882736, 25.7706315], [-80.1890303, 25.7703739], [-80.1891384, 25.770353], [-80.1895401, 25.7703534], [-80.1899921, 25.7703712]]}, "properties": {"project": "FL3502", "date": "19350123", "kind": "Natural.Mean High Water", "source": "T05629"}}, {"type": "Feature", "geometry": {"type": "LineString", "coordinates": [[-80.1991742, 25.7711817], [-80.1987687, 25.7711779], [-80.1987645, 25.7710034], [-80.1992743, 25.7709864], [-80.1992858999999, 25.7709794], [-80.1992897, 25.770955], [-80.1992549, 25.7709026], [-80.1987326, 25.7703158]]}, "properties": {"project": "FL3502", "date": "19350123", "kind": "Man-made", "source": "T05629"}}, {"type": "Feature", "geometry": {"type": "LineString", "coordinates": [[-80.193364, 25.7703846], [-80.1935336, 25.7701998]]}, "properties": {"project": "FL3502", "date": "19350123", "kind": "Undetermined.Approximate", "source": "T05629"}}, {"type": "Feature", "geometry": {"type": "LineString", "coordinates": [[-80.1914826, 25.7701405], [-80.1915869, 25.7701755000001], [-80.1917144, 25.770193], [-80.1919307, 25.7701792], [-80.1922512, 25.7701341], [-80.1925446, 25.7700646], [-80.1927376, 25.7700019]]}, "properties": {"project": "FL3502", "date": "19350123", "kind": "Natural.Mean High Water", "source": "T05629"}}, {"type": "Feature", "geometry": {"type": "LineString", "coordinates": [[-80.1927376, 25.7700019], [-80.1927413, 25.7698519], [-80.1927876, 25.7698519], [-80.1927917, 25.7699636]]}, "properties": {"project": "FL3502", "date": "19350123", "kind": "Man-made", "source": "T05629"}}, {"type": "Feature", "geometry": {"type": "LineString", "coordinates": [[-80.1914207, 25.770102], [-80.1914667, 25.7698368], [-80.1915285, 25.7698473], [-80.1914826, 25.7701405]]}, "properties": {"project": "FL3502", "date": "19350123", "kind": "Man-made", "source": "T05629"}}, {"type": "Feature", "geometry": {"type": "LineString", "coordinates": [[-80.1987326, 25.7703158], [-80.1987094, 25.7702844], [-80.1986746, 25.7702599], [-80.1986282, 25.7702459], [-80.1985857, 25.770225], [-80.1985663, 25.77019], [-80.1985276, 25.7701202], [-80.1984502, 25.7700434], [-80.1983613, 25.7699735], [-80.1983072, 25.7699595], [-80.1982261, 25.7699524], [-80.1981643, 25.7699629], [-80.1981257, 25.7699768], [-80.1980832, 25.7699767], [-80.1980445, 25.7699523], [-80.1979485, 25.7698013]]}, "properties": {"project": "FL3502", "date": "19350123", "kind": "Natural.Mean High Water", "source": "T05629"}}, {"type": "Feature", "geometry": {"type": "LineString", "coordinates": [[-80.1979485, 25.7698013], [-80.1980287, 25.7697115]]}, "properties": {"project": "FL3502", "date": "19350123", "kind": "Pier", "source": "T05629"}}, {"type": "Feature", "geometry": {"type": "LineString", "coordinates": [[-80.1899719, 25.7697971], [-80.1901341, 25.7697903]]}, "properties": {"project": "FL3502", "date": "19350123", "kind": "Undetermined.Approximate", "source": "T05629"}}, {"type": "Feature", "geometry": {"type": "LineString", "coordinates": [[-80.1901341, 25.7697903], [-80.1904934, 25.7698569], [-80.1909107, 25.7699724], [-80.1911425, 25.7700459], [-80.1914207, 25.770102]]}, "properties": {"project": "FL3502", "date": "19350123", "kind": "Natural.Mean High Water", "source": "T05629"}}, {"type": "Feature", "geometry": {"type": "LineString", "coordinates": [[-80.146924, 25.7711853], [-80.1467048, 25.7708539], [-80.1465462, 25.7706181], [-80.1465075, 25.7705971], [-80.1464689, 25.7705692], [-80.1464108, 25.7704923], [-80.1462174, 25.7701815], [-80.1460433, 25.769916], [-80.1460317, 25.7698532], [-80.1460316, 25.7697973000001], [-80.1460432, 25.7697729], [-80.1460895, 25.7697695], [-80.1462557, 25.7698395], [-80.1469357, 25.770123], [-80.1474844, 25.7703644], [-80.1480138, 25.7705884], [-80.1480911, 25.770599], [-80.1481877, 25.770634], [-80.1491731, 25.771054]]}, "properties": {"project": "FL3502", "date": "19350123", "kind": "Man-made", "source": "T05629"}}, {"type": "Feature", "geometry": {"type": "LineString", "coordinates": [[-80.1927917, 25.7699636], [-80.1928766, 25.7699602], [-80.1929654, 25.7699393], [-80.1931005, 25.7698277], [-80.1933357, 25.7695767]]}, "properties": {"project": "FL3502", "date": "19350123", "kind": "Natural.Mean High Water", "source": "T05629"}}, {"type": "Feature", "geometry": {"type": "LineString", "coordinates": [[-80.1979485, 25.7698013], [-80.1978587, 25.7696799], [-80.197762, 25.7695647], [-80.1977156, 25.7695367], [-80.1975959, 25.7695191]]}, "properties": {"project": "FL3502", "date": "19350123", "kind": "Natural.Mean High Water", "source": "T05629"}}, {"type": "Feature", "geometry": {"type": "LineString", "coordinates": [[-80.1933357, 25.7695767], [-80.1934861, 25.7693953]]}, "properties": {"project": "FL3502", "date": "19350123", "kind": "Undetermined.Approximate", "source": "T05629"}}, {"type": "Feature", "geometry": {"type": "LineString", "coordinates": [[-80.1879124, 25.769188], [-80.1879434, 25.7693032], [-80.1880519, 25.7695441], [-80.1881293, 25.7696559], [-80.1883304, 25.7698306], [-80.1884773, 25.769904], [-80.188597, 25.769925], [-80.1887013, 25.7699251], [-80.1888249, 25.7698973], [-80.1891569, 25.7698104], [-80.1893268, 25.7697896], [-80.1899719, 25.7697971]]}, "properties": {"project": "FL3502", "date": "19350123", "kind": "Natural.Mean High Water", "source": "T05629"}}, {"type": "Feature", "geometry": {"type": "LineString", "coordinates": [[-80.1975959, 25.7695191], [-80.1974833, 25.76917]]}, "properties": {"project": "FL3502", "date": "19350123", "kind": "Undetermined.Approximate", "source": "T05629"}}, {"type": "Feature", "geometry": {"type": "LineString", "coordinates": [[-80.1974833, 25.76917], [-80.1974409, 25.7691909], [-80.1973868, 25.7692014], [-80.197325, 25.7691874], [-80.1971743, 25.7691174], [-80.1969232, 25.7690823], [-80.1964866, 25.7690261], [-80.1963475, 25.7690051], [-80.1961506, 25.7690154], [-80.196027, 25.7690432], [-80.1959074, 25.7690954], [-80.1957567, 25.7690988], [-80.1955984, 25.7691091], [-80.1954671, 25.7691474], [-80.1950772, 25.7692658], [-80.1944788, 25.7694572], [-80.1942781, 25.7695199], [-80.1941855, 25.7695896], [-80.1938036, 25.7699487], [-80.1935336, 25.7701998]]}, "properties": {"project": "FL3502", "date": "19350123", "kind": "Natural.Mean High Water", "source": "T05629"}}, {"type": "Feature", "geometry": {"type": "LineString", "coordinates": [[-80.1315959, 25.7687092], [-80.131638, 25.7687075], [-80.1316897, 25.768708]]}, "properties": {"project": "FL3502", "date": "19350123", "kind": "Pier", "source": "T05629"}}, {"type": "Feature", "geometry": {"type": "LineString", "coordinates": [[-80.1975792, 25.768753], [-80.1977994, 25.7687602], [-80.1978073, 25.7688579], [-80.1979347, 25.7688546], [-80.1979541, 25.7688965], [-80.1980661, 25.7689035], [-80.198074, 25.7690292], [-80.1984415, 25.7693994], [-80.1985922, 25.7694065], [-80.1988011, 25.7696301], [-80.1987896, 25.7697138], [-80.1992732, 25.7702238], [-80.199687, 25.7705801], [-80.1999461, 25.7707618], [-80.1998574, 25.7708525]]}, "properties": {"project": "FL3502", "date": "19350123", "kind": "Man-made", "source": "T05629"}}, {"type": "Feature", "geometry": {"type": "LineString", "coordinates": [[-80.1320376, 25.7687117], [-80.1319657, 25.7691034], [-80.1318534, 25.7698379], [-80.1317502, 25.7705684], [-80.131701, 25.7710296], [-80.1315977, 25.7716498], [-80.1315033, 25.7721721], [-80.1313998, 25.7725965], [-80.1312964, 25.7731106], [-80.131184, 25.7736452], [-80.1310805, 25.7740899], [-80.1310176, 25.7744939], [-80.1308962, 25.7750529], [-80.1308241999999, 25.7754038], [-80.1307118, 25.7759588], [-80.1306039, 25.7764403], [-80.1305229, 25.7767871], [-80.1303427, 25.777346], [-80.1302482, 25.7777092], [-80.1301491, 25.7780682], [-80.1300682, 25.7785048], [-80.1298928, 25.7792597], [-80.1297983, 25.7796922], [-80.1296632, 25.7801696], [-80.1295822, 25.7804796], [-80.1295193, 25.7809], [-80.1294474, 25.7812876], [-80.129389, 25.7816222], [-80.1293442, 25.7820426], [-80.1292859, 25.7824833], [-80.1292726, 25.7828057], [-80.1292683, 25.7829975], [-80.1292278, 25.783222], [-80.1291694, 25.7836056], [-80.1291066, 25.7839891], [-80.1290707, 25.7842993], [-80.1290349, 25.7846339], [-80.1289721, 25.7851849], [-80.1289364, 25.7856215], [-80.1288962, 25.7861643], [-80.128838, 25.7867397], [-80.1288249, 25.7872173], [-80.1288071, 25.7874744], [-80.1287846, 25.7876294], [-80.1287849, 25.7880049], [-80.1287942, 25.7882907], [-80.1287674, 25.7885314], [-80.1286999, 25.7888701], [-80.1286369, 25.7891517], [-80.1285786, 25.7895965], [-80.1285113, 25.7900902], [-80.1284934, 25.7903678], [-80.1284575, 25.7905473], [-80.128372, 25.7909717], [-80.128255, 25.7914164], [-80.128219, 25.7916082], [-80.1281921, 25.7918163000001], [-80.1281381, 25.792053], [-80.1280841, 25.7923059], [-80.1280484, 25.7927549], [-80.1280576, 25.7929998], [-80.1280398, 25.7932569], [-80.1279723, 25.7936037], [-80.1279276, 25.794122], [-80.1278872, 25.7944403], [-80.1278426, 25.7950688], [-80.1278068, 25.7953953], [-80.1277347, 25.7956931000001], [-80.1277281, 25.7957096]]}, "properties": {"project": "FL3502", "date": "19350123", "kind": "Natural.Mean High Water", "source": "T05629"}}, {"type": "Feature", "geometry": {"type": "LineString", "coordinates": [[-80.1316897, 25.768708], [-80.1320376, 25.7687117]]}, "properties": {"project": "FL3502", "date": "19350123", "kind": "Pier", "source": "T05629"}}, {"type": "Feature", "geometry": {"type": "LineString", "coordinates": [[-80.1956055, 25.7686956], [-80.1956866, 25.7686956]]}, "properties": {"project": "FL3502", "date": "19350123", "kind": "Pier", "source": "T05629"}}, {"type": "Feature", "geometry": {"type": "LineString", "coordinates": [[-80.1956055, 25.7686956], [-80.195536, 25.7686955]]}, "properties": {"project": "FL3502", "date": "19350123", "kind": "Pier", "source": "T05629"}}, {"type": "Feature", "geometry": {"type": "LineString", "coordinates": [[-80.1974439, 25.7686657], [-80.1975792, 25.768753]]}, "properties": {"project": "FL3502", "date": "19350123", "kind": "Undetermined.Approximate", "source": "T05629"}}, {"type": "Feature", "geometry": {"type": "LineString", "coordinates": [[-80.1956866, 25.7686956], [-80.1957792, 25.7686399]]}, "properties": {"project": "FL3502", "date": "19350123", "kind": "Pier", "source": "T05629"}}, {"type": "Feature", "geometry": {"type": "LineString", "coordinates": [[-80.1934861, 25.7693953], [-80.1937176, 25.7692349], [-80.1939606, 25.7690467], [-80.1942886, 25.7687817], [-80.1944352, 25.7687085], [-80.1946128, 25.7686598], [-80.1947325, 25.768653], [-80.1949759, 25.7686532], [-80.1953351, 25.768643], [-80.1953737, 25.768636]]}, "properties": {"project": "FL3502", "date": "19350123", "kind": "Natural.Mean High Water", "source": "T05629"}}, {"type": "Feature", "geometry": {"type": "LineString", "coordinates": [[-80.1418817, 25.7745505], [-80.1421628, 25.7742505000001]]}, "properties": {"project": "FL3502", "date": "19350123", "kind": "Undetermined.Approximate", "source": "T05629"}}, {"type": "Feature", "geometry": {"type": "LineString", "coordinates": [[-80.1707373, 25.7760621], [-80.1708831, 25.7761273], [-80.1709667, 25.7761164], [-80.1711177, 25.7760378], [-80.1712103, 25.7759362], [-80.1712403, 25.775838], [-80.1712328999999, 25.775698], [-80.1712042, 25.7756108], [-80.1711047, 25.7755005], [-80.1710089, 25.7754583], [-80.1709295, 25.7754579], [-80.1708625, 25.7754726], [-80.1707954, 25.7755176], [-80.1706185, 25.7757134], [-80.1705635, 25.7758039], [-80.1705589, 25.7758757], [-80.1705628, 25.7759136], [-80.1705917, 25.7759592], [-80.1707373, 25.7760621]]}, "properties": {"project": "FL3502", "date": "19350123", "kind": "Natural.Mean High Water", "source": "T05629"}}, {"type": "Feature", "geometry": {"type": "LineString", "coordinates": [[-80.1429304, 25.7778699], [-80.1428228, 25.7774774], [-80.142656, 25.7768233], [-80.1425321, 25.7762758], [-80.1424191, 25.7758348], [-80.1422846, 25.7753648], [-80.1421234, 25.7750061], [-80.1421662, 25.7749723], [-80.1419996, 25.7745991], [-80.1419567, 25.77457], [-80.1418817, 25.7745505]]}, "properties": {"project": "FL3502", "date": "19350123", "kind": "Natural.Mean High Water", "source": "T05629"}}, {"type": "Feature", "geometry": {"type": "LineString", "coordinates": [[-80.1512769, 25.7812884000001], [-80.1515201, 25.781214], [-80.1517845, 25.7810862], [-80.1520111, 25.7809243], [-80.1521598, 25.7807644], [-80.1523248, 25.780517], [-80.1524191, 25.7802888000001], [-80.152452, 25.7801351], [-80.1524564, 25.7798961], [-80.1524326, 25.779672], [-80.152385, 25.7793838], [-80.1523349, 25.7789697], [-80.1522825, 25.7785663], [-80.1522206, 25.7780711], [-80.1521871, 25.7777317], [-80.152149, 25.7774414], [-80.1520823, 25.7769078], [-80.1520013, 25.7763229], [-80.1518965, 25.7755545], [-80.1518157, 25.7751147], [-80.1517613, 25.7749717], [-80.151546, 25.7746598], [-80.1513356, 25.7744846000001], [-80.1511819, 25.7743798], [-80.1510567, 25.7742943]]}, "properties": {"project": "FL3502", "date": "19350123", "kind": "Man-made", "source": "T05629"}}, {"type": "Feature", "geometry": {"type": "LineString", "coordinates": [[-80.1510567, 25.7742943], [-80.1509291, 25.7742493]]}, "properties": {"project": "FL3502", "date": "19350123", "kind": "Undetermined.Approximate", "source": "T05629"}}, {"type": "Feature", "geometry": {"type": "LineString", "coordinates": [[-80.2067407, 25.7785693], [-80.2065822, 25.7784785], [-80.2062537, 25.7783246], [-80.2060642, 25.7782407], [-80.2059212, 25.7781603], [-80.2057781, 25.7780695], [-80.2056661, 25.778031], [-80.205496, 25.7779611], [-80.2054033, 25.7779366], [-80.2052835, 25.7779225], [-80.2051985, 25.7778911], [-80.2049202, 25.777821], [-80.2044682, 25.7777264], [-80.2041397, 25.7776564], [-80.204047, 25.7776075], [-80.2039347, 25.7774817], [-80.20366, 25.7771569], [-80.2033349, 25.7767448], [-80.2029673, 25.7763432], [-80.2026385, 25.7760114], [-80.202302, 25.7757389], [-80.2018496, 25.775393], [-80.2015596, 25.7751694], [-80.2014628, 25.7750611], [-80.2012886, 25.7748167], [-80.2009323, 25.7741986]]}, "properties": {"project": "FL3502", "date": "19350123", "kind": "Natural.Mean High Water", "source": "T05629"}}, {"type": "Feature", "geometry": {"type": "LineString", "coordinates": [[-80.1509291, 25.7742493], [-80.1506645, 25.7741978], [-80.1503952, 25.7741634], [-80.1501165, 25.7741801], [-80.1498614, 25.7742353], [-80.1494884, 25.7744142], [-80.1491486, 25.7747126], [-80.1489364, 25.7750581], [-80.1488611, 25.7753013], [-80.1488377, 25.7754762], [-80.1488618, 25.7759074], [-80.148938, 25.7765221], [-80.1489447, 25.7765679]]}, "properties": {"project": "FL3502", "date": "19350123", "kind": "Man-made", "source": "T05629"}}, {"type": "Feature", "geometry": {"type": "LineString", "coordinates": [[-80.2017047, 25.7741382], [-80.2018402, 25.7743442], [-80.2019371, 25.7745327], [-80.201968, 25.7745537], [-80.2020298, 25.7745572], [-80.2020646, 25.7745747], [-80.2021111, 25.7746376], [-80.2022736, 25.7748366], [-80.2024785999999, 25.7750148], [-80.2027726, 25.7753187], [-80.2030821, 25.7756191]]}, "properties": {"project": "FL3502", "date": "19350123", "kind": "Natural.Mean High Water", "source": "T05629"}}, {"type": "Feature", "geometry": {"type": "LineString", "coordinates": [[-80.2009323, 25.7741986], [-80.200793, 25.7739996]]}, "properties": {"project": "FL3502", "date": "19350123", "kind": "Undetermined.Approximate", "source": "T05629"}}, {"type": "Feature", "geometry": {"type": "LineString", "coordinates": [[-80.2015345, 25.7739705], [-80.2017047, 25.7741382]]}, "properties": {"project": "FL3502", "date": "19350123", "kind": "Undetermined.Approximate", "source": "T05629"}}, {"type": "Feature", "geometry": {"type": "LineString", "coordinates": [[-80.2008225, 25.773066], [-80.2009578, 25.7732022]]}, "properties": {"project": "FL3502", "date": "19350123", "kind": "Undetermined.Approximate", "source": "T05629"}}, {"type": "Feature", "geometry": {"type": "LineString", "coordinates": [[-80.1780913, 25.773758], [-80.1782131, 25.7736679], [-80.1782301, 25.7736226], [-80.1782262, 25.7735772], [-80.178189, 25.773524], [-80.1780559, 25.7734362], [-80.1779516, 25.7734091], [-80.1778471, 25.7734123], [-80.1777676, 25.7734194], [-80.1776214, 25.7734148], [-80.1775795, 25.7734297], [-80.1775039, 25.7734898], [-80.1774448, 25.7735803], [-80.177436, 25.773637], [-80.177444, 25.7736938], [-80.1774855, 25.7737395], [-80.1777646, 25.7738621], [-80.1778189, 25.77387], [-80.1778859, 25.7738477], [-80.1779446, 25.7738102], [-80.1780241, 25.7737955], [-80.1780913, 25.773758]]}, "properties": {"project": "FL3502", "date": "19350123", "kind": "Natural.Mean High Water", "source": "T05629"}}, {"type": "Feature", "geometry": {"type": "LineString", "coordinates": [[-80.200793, 25.7739996], [-80.2003749, 25.7733675]]}, "properties": {"project": "FL3502", "date": "19350123", "kind": "Man-made", "source": "T05629"}}, {"type": "Feature", "geometry": {"type": "LineString", "coordinates": [[-80.1696581, 25.7756095], [-80.1699041, 25.775679], [-80.1700795, 25.7756989], [-80.1702635, 25.7756886], [-80.1703347, 25.7756588], [-80.1703981, 25.7755532], [-80.1704197, 25.7754549], [-80.1704035, 25.7753754], [-80.1703541, 25.7752692], [-80.170267, 25.7751741], [-80.170167, 25.7751395], [-80.1698997, 25.7751228], [-80.1697867, 25.7751373], [-80.1696907, 25.7751292], [-80.1696449, 25.7751062], [-80.1696284, 25.7750683], [-80.1696295, 25.7749094], [-80.1696093, 25.7748147], [-80.1695721, 25.7747539], [-80.1695139, 25.774712], [-80.1695016, 25.7746703], [-80.1695105, 25.7746022], [-80.1695487, 25.7745154], [-80.1695703, 25.7744096], [-80.1695627, 25.7742961], [-80.1695175, 25.7741936], [-80.1693765, 25.7740339], [-80.1692434, 25.7739537], [-80.1691516, 25.7739229], [-80.1690472, 25.7739223], [-80.1689259, 25.7739292], [-80.1687333, 25.7739962], [-80.168616, 25.7740258], [-80.168499, 25.7740327], [-80.1683195, 25.774009], [-80.1681067, 25.7739548], [-80.1679398, 25.7739198], [-80.1678436, 25.7739268], [-80.1677514, 25.7739679], [-80.1676339, 25.7740467], [-80.1675627, 25.7740614000001], [-80.1674709, 25.7740495], [-80.1673752, 25.7739809], [-80.167284, 25.7738858], [-80.1672637, 25.7737948], [-80.1672517, 25.7737229], [-80.1672145, 25.7736583], [-80.1670771, 25.773597], [-80.1669434, 25.7735887], [-80.1668555, 25.7736033], [-80.1667843, 25.7736332], [-80.1666415, 25.7737345], [-80.166541, 25.773768], [-80.1664491, 25.7737637], [-80.1664159, 25.7737294], [-80.1664078, 25.7736916], [-80.1664249, 25.7736349], [-80.1664462, 25.7735707000001], [-80.1664468, 25.7734837], [-80.1664305, 25.7734306], [-80.166364, 25.7733735], [-80.1662765, 25.7733427], [-80.1661721, 25.7733345], [-80.1661051, 25.7733455], [-80.1660589, 25.7733869], [-80.1660376, 25.7734397], [-80.1660436, 25.7737841], [-80.1660677, 25.7739166], [-80.1662084, 25.7741217], [-80.1663828, 25.7742779], [-80.1664871, 25.774305], [-80.1666163, 25.7743435], [-80.1667416, 25.7743594], [-80.1669462, 25.7743833], [-80.1670796, 25.7744219], [-80.1672462, 25.7745136], [-80.1674663, 25.7747078], [-80.1676905, 25.7749172], [-80.1679402, 25.7750662], [-80.1681901, 25.7751849], [-80.1684821, 25.7752509], [-80.168745, 25.7753054], [-80.1689579, 25.7753444], [-80.1693415, 25.7754677], [-80.1696581, 25.7756095]]}, "properties": {"project": "FL3502", "date": "19350123", "kind": "Natural.Mean High Water", "source": "T05629"}}, {"type": "Feature", "geometry": {"type": "LineString", "coordinates": [[-80.2009578, 25.7732022], [-80.2010739, 25.7733454], [-80.2011088, 25.7734187], [-80.2011244, 25.7735025], [-80.2011477, 25.7736072], [-80.2011865, 25.7736771], [-80.2012367, 25.773705], [-80.2013256, 25.7737191000001], [-80.2013681, 25.7737365], [-80.2013874, 25.773768], [-80.2013876, 25.7738447], [-80.2014224, 25.7738936], [-80.2015345, 25.7739705]]}, "properties": {"project": "FL3502", "date": "19350123", "kind": "Natural.Mean High Water", "source": "T05629"}}, {"type": "Feature", "geometry": {"type": "LineString", "coordinates": [[-80.2003749, 25.7733675], [-80.2002355, 25.773172]]}, "properties": {"project": "FL3502", "date": "19350123", "kind": "Undetermined.Approximate", "source": "T05629"}}, {"type": "Feature", "geometry": {"type": "LineString", "coordinates": [[-80.1529852, 25.772765], [-80.1531108, 25.7728053], [-80.1535146, 25.772968], [-80.1538779, 25.7731237], [-80.1542605, 25.7733213], [-80.1545812, 25.7734613], [-80.1549019, 25.7735908], [-80.1552382, 25.7737465], [-80.155555, 25.773876], [-80.155955, 25.7740492], [-80.1564033, 25.7742451], [-80.1568631, 25.7744341], [-80.1573443, 25.7746423], [-80.1577539, 25.7748242], [-80.1582544, 25.7750534], [-80.1587548, 25.775279], [-80.1591567, 25.7754714], [-80.1595896, 25.7756551], [-80.1599083999999, 25.7757916], [-80.160148, 25.7758896], [-80.1605364, 25.7760523], [-80.1609576, 25.7762237], [-80.1611972, 25.7763252]]}, "properties": {"project": "FL3502", "date": "19350123", "kind": "Man-made", "source": "T05629"}}, {"type": "Feature", "geometry": {"type": "LineString", "coordinates": [[-80.1528558, 25.772716], [-80.1529852, 25.772765]]}, "properties": {"project": "FL3502", "date": "19350123", "kind": "Undetermined.Approximate", "source": "T05629"}}, {"type": "Feature", "geometry": {"type": "LineString", "coordinates": [[-80.1634854, 25.7776487], [-80.163126, 25.7774982], [-80.1623686, 25.7771868], [-80.1615686, 25.7768404], [-80.1610546, 25.7766269], [-80.1603281, 25.7763155], [-80.1595127, 25.7759761], [-80.1589407, 25.7757312], [-80.1584229, 25.7755003], [-80.1577466, 25.7752029], [-80.156966, 25.774853], [-80.1564597, 25.7746221], [-80.1559187, 25.7744086], [-80.1554704, 25.7742162], [-80.1549681, 25.7740027], [-80.1545932, 25.7738382], [-80.1541759, 25.7736633], [-80.1535305, 25.7733868], [-80.1527924, 25.7730719], [-80.1522746, 25.7728584], [-80.151896, 25.7727114]]}, "properties": {"project": "FL3502", "date": "19350123", "kind": "Man-made", "source": "T05629"}}, {"type": "Feature", "geometry": {"type": "LineString", "coordinates": [[-80.151896, 25.7727114], [-80.1517453, 25.7726728]]}, "properties": {"project": "FL3502", "date": "19350123", "kind": "Undetermined.Approximate", "source": "T05629"}}, {"type": "Feature", "geometry": {"type": "LineString", "coordinates": [[-80.2005832, 25.7725416], [-80.2004895, 25.7725492]]}, "properties": {"project": "FL3502", "date": "19350123", "kind": "Pier", "source": "T05629"}}, {"type": "Feature", "geometry": {"type": "LineString", "coordinates": [[-80.2005832, 25.7725416], [-80.2005861, 25.7725911], [-80.2006095, 25.7727273], [-80.2006753, 25.772839], [-80.2008225, 25.773066]]}, "properties": {"project": "FL3502", "date": "19350123", "kind": "Natural.Mean High Water", "source": "T05629"}}, {"type": "Feature", "geometry": {"type": "LineString", "coordinates": [[-80.1475465, 25.7724132], [-80.1474845, 25.7722316]]}, "properties": {"project": "FL3502", "date": "19350123", "kind": "Undetermined.Approximate", "source": "T05629"}}, {"type": "Feature", "geometry": {"type": "LineString", "coordinates": [[-80.1517453, 25.7726728], [-80.1514786, 25.7725399], [-80.1510381, 25.7723579], [-80.1507213, 25.7722528], [-80.1502924, 25.7721616], [-80.14991, 25.7721158], [-80.149489, 25.7720944], [-80.1491259, 25.7720974], [-80.1487358, 25.7721319], [-80.1483844, 25.7721978], [-80.1480099, 25.7722916], [-80.1476315, 25.7724273], [-80.1475851, 25.7724272], [-80.1475465, 25.7724132]]}, "properties": {"project": "FL3502", "date": "19350123", "kind": "Man-made", "source": "T05629"}}, {"type": "Feature", "geometry": {"type": "LineString", "coordinates": [[-80.1421628, 25.7742505000001], [-80.1421547, 25.7742239], [-80.1421359, 25.7742118], [-80.1421038, 25.7742166], [-80.1420261, 25.7742407], [-80.1418518999999, 25.7743059], [-80.1418251, 25.7743058], [-80.1418037, 25.774301], [-80.1417741, 25.7742598], [-80.1416775, 25.7740756], [-80.141425, 25.7736151], [-80.1413096, 25.7734115], [-80.1412935, 25.7733921], [-80.1412452, 25.7733727], [-80.1411487, 25.7733362], [-80.1411165, 25.7733095], [-80.1411084, 25.7732877], [-80.1411137, 25.7732514], [-80.1411191, 25.7732272], [-80.1411164, 25.7731981], [-80.1410949, 25.7731569], [-80.1409204, 25.7729], [-80.1406976, 25.7725631], [-80.1404211, 25.7721655], [-80.1403796, 25.7720893]]}, "properties": {"project": "FL3502", "date": "19350123", "kind": "Natural.Mean High Water", "source": "T05629"}}, {"type": "Feature", "geometry": {"type": "LineString", "coordinates": [[-80.1403796, 25.7720893], [-80.1404692, 25.772059]]}, "properties": {"project": "FL3502", "date": "19350123", "kind": "Pier", "source": "T05629"}}, {"type": "Feature", "geometry": {"type": "LineString", "coordinates": [[-80.1864307, 25.7720926], [-80.1865724, 25.7720854], [-80.1866662, 25.7720515]]}, "properties": {"project": "FL3502", "date": "19350123", "kind": "Natural.Mean High Water", "source": "T05629"}}, {"type": "Feature", "geometry": {"type": "LineString", "coordinates": [[-80.1866662, 25.7720515], [-80.1868793, 25.7719746]]}, "properties": {"project": "FL3502", "date": "19350123", "kind": "Natural.Mean High Water", "source": "T05629"}}, {"type": "Feature", "geometry": {"type": "LineString", "coordinates": [[-80.1860092, 25.7779281], [-80.1859045, 25.7778783], [-80.1858422, 25.7778568]]}, "properties": {"project": "FL3502", "date": "19350123", "kind": "Man-made", "source": "T05629"}}, {"type": "Feature", "geometry": {"type": "LineString", "coordinates": [[-80.1403796, 25.7720893], [-80.1403513, 25.7720371], [-80.1403137, 25.7719668], [-80.1402994, 25.7719505]]}, "properties": {"project": "FL3502", "date": "19350123", "kind": "Natural.Mean High Water", "source": "T05629"}}, {"type": "Feature", "geometry": {"type": "LineString", "coordinates": [[-80.1402994, 25.7719505], [-80.1403645, 25.771899]]}, "properties": {"project": "FL3502", "date": "19350123", "kind": "Pier", "source": "T05629"}}, {"type": "Feature", "geometry": {"type": "LineString", "coordinates": [[-80.1868793, 25.7719746], [-80.1869005, 25.771967], [-80.1870299, 25.7718954]]}, "properties": {"project": "FL3502", "date": "19350123", "kind": "Natural.Mean High Water", "source": "T05629"}}, {"type": "Feature", "geometry": {"type": "LineString", "coordinates": [[-80.1430353, 25.7782188], [-80.1430028, 25.77787], [-80.1429304, 25.7778699]]}, "properties": {"project": "FL3502", "date": "19350123", "kind": "Man-made", "source": "T05629"}}, {"type": "Feature", "geometry": {"type": "LineString", "coordinates": [[-80.1858422, 25.7778568], [-80.1858506, 25.777997]]}, "properties": {"project": "FL3502", "date": "19350123", "kind": "Pier", "source": "T05629"}}, {"type": "Feature", "geometry": {"type": "LineString", "coordinates": [[-80.1491379, 25.7778413], [-80.1491522, 25.7780334]]}, "properties": {"project": "FL3502", "date": "19350123", "kind": "Man-made", "source": "T05629"}}, {"type": "Feature", "geometry": {"type": "LineString", "coordinates": [[-80.1856647, 25.7777942], [-80.185669, 25.7780003]]}, "properties": {"project": "FL3502", "date": "19350123", "kind": "Pier", "source": "T05629"}}, {"type": "Feature", "geometry": {"type": "LineString", "coordinates": [[-80.1858422, 25.7778568], [-80.1856919, 25.7778049], [-80.1856647, 25.7777942]]}, "properties": {"project": "FL3502", "date": "19350123", "kind": "Man-made", "source": "T05629"}}, {"type": "Feature", "geometry": {"type": "LineString", "coordinates": [[-80.15946, 25.7777756], [-80.1595264, 25.7778049], [-80.1604153, 25.7781724], [-80.1612770999999, 25.7785328000001]]}, "properties": {"project": "FL3502", "date": "19350123", "kind": "Man-made", "source": "T05629"}}, {"type": "Feature", "geometry": {"type": "LineString", "coordinates": [[-80.1593417, 25.7777233], [-80.15946, 25.7777756]]}, "properties": {"project": "FL3502", "date": "19350123", "kind": "Man-made", "source": "T05629"}}, {"type": "Feature", "geometry": {"type": "LineString", "coordinates": [[-80.1718565, 25.7812346], [-80.1708091, 25.7807799], [-80.170067, 25.780465], [-80.1694912, 25.7802166], [-80.1688187, 25.7799332], [-80.1682081, 25.7796639], [-80.1674506, 25.779335], [-80.1667665, 25.7790377], [-80.1662796, 25.7788417], [-80.1658931, 25.7786773], [-80.1650854, 25.7783344], [-80.1647221, 25.7781805], [-80.1636323, 25.7777221]]}, "properties": {"project": "FL3502", "date": "19350123", "kind": "Man-made", "source": "T05629"}}, {"type": "Feature", "geometry": {"type": "LineString", "coordinates": [[-80.18546, 25.7777027], [-80.1854604, 25.7780071]]}, "properties": {"project": "FL3502", "date": "19350123", "kind": "Pier", "source": "T05629"}}, {"type": "Feature", "geometry": {"type": "LineString", "coordinates": [[-80.1856647, 25.7777942], [-80.1855219, 25.7777384], [-80.18546, 25.7777027]]}, "properties": {"project": "FL3502", "date": "19350123", "kind": "Man-made", "source": "T05629"}}, {"type": "Feature", "geometry": {"type": "LineString", "coordinates": [[-80.1491093, 25.7776876], [-80.1490739, 25.7777132000001], [-80.1490835, 25.7777943], [-80.1491379, 25.7778413]]}, "properties": {"project": "FL3502", "date": "19350123", "kind": "Pier", "source": "T05629"}}, {"type": "Feature", "geometry": {"type": "LineString", "coordinates": [[-80.1491379, 25.7778413], [-80.1491093, 25.7776876]]}, "properties": {"project": "FL3502", "date": "19350123", "kind": "Shoreline/Alongshore Feature Boundary", "source": "T05629"}}, {"type": "Feature", "geometry": {"type": "LineString", "coordinates": [[-80.15946, 25.7777756], [-80.1594992, 25.7776653]]}, "properties": {"project": "FL3502", "date": "19350123", "kind": "Pier", "source": "T05629"}}, {"type": "Feature", "geometry": {"type": "LineString", "coordinates": [[-80.1636323, 25.7777221], [-80.1634854, 25.7776487]]}, "properties": {"project": "FL3502", "date": "19350123", "kind": "Undetermined.Approximate", "source": "T05629"}}, {"type": "Feature", "geometry": {"type": "LineString", "coordinates": [[-80.1757731, 25.7736049], [-80.175895, 25.7734959], [-80.1759958, 25.7734283], [-80.1761172, 25.7733874], [-80.1762345, 25.773354], [-80.1762597, 25.7733352], [-80.1762725, 25.7732975], [-80.176277, 25.7732445], [-80.1762982, 25.7732106], [-80.1763611, 25.7731656], [-80.1763822, 25.7731392], [-80.1763909, 25.7730976], [-80.1763998, 25.7730144], [-80.1764168, 25.7729767], [-80.1765133, 25.7729167], [-80.1765638, 25.7728678], [-80.1766018, 25.7728113], [-80.1766357, 25.7727358], [-80.1766946, 25.7726831], [-80.1767743, 25.772642], [-80.1768413, 25.7726121], [-80.1768708, 25.7725858], [-80.1768836, 25.7725404], [-80.1768841, 25.7724685], [-80.1769097, 25.7723892], [-80.1770069, 25.7722346], [-80.1771457, 25.772103], [-80.1771962, 25.7720541], [-80.1772134, 25.7719899], [-80.1772016, 25.7718839], [-80.1771684, 25.7718383], [-80.1770975, 25.7718265], [-80.1770347, 25.7718413], [-80.17698, 25.7718902], [-80.1768451, 25.7720673], [-80.176681, 25.7722366], [-80.1765756, 25.7723646], [-80.1765333, 25.7724363], [-80.1765035, 25.7725194], [-80.1764483, 25.7726439], [-80.1763765, 25.7727646], [-80.1763091, 25.7728399], [-80.1761873, 25.7729224], [-80.1760194, 25.7730274], [-80.1759058, 25.7731478], [-80.1758001, 25.7733213], [-80.1757578, 25.7734043], [-80.175703, 25.7734607], [-80.1755896, 25.7735471], [-80.1754802, 25.7736524], [-80.1754253, 25.7737467], [-80.1753998, 25.7737958], [-80.1753452, 25.7738484], [-80.175236, 25.7739197], [-80.1751438, 25.773957], [-80.175035, 25.7739829], [-80.1749136, 25.7740125], [-80.1748002, 25.7741026], [-80.1747957, 25.7741404], [-80.1748039, 25.774167], [-80.1748456, 25.7741785], [-80.1749041, 25.7741827], [-80.1749664, 25.7742284], [-80.175004, 25.7742362], [-80.1750416, 25.7742364], [-80.1750837, 25.774195], [-80.1751718, 25.7741388], [-80.1753061, 25.7740563], [-80.1753566, 25.7739998], [-80.1754284, 25.7739019], [-80.1757731, 25.7736049]]}, "properties": {"project": "FL3502", "date": "19350123", "kind": "Natural.Mean High Water", "source": "T05629"}}, {"type": "Feature", "geometry": {"type": "LineString", "coordinates": [[-80.1870299, 25.7718954], [-80.1872072, 25.7717973]]}, "properties": {"project": "FL3502", "date": "19350123", "kind": "Natural.Mean High Water", "source": "T05629"}}, {"type": "Feature", "geometry": {"type": "LineString", "coordinates": [[-80.1851147, 25.7765653], [-80.1852302, 25.7762932], [-80.1852686, 25.7761362], [-80.1852568, 25.7759687], [-80.1852025, 25.7758116], [-80.1851056, 25.7755707], [-80.1850705, 25.7753298], [-80.185058, 25.7746667], [-80.1850459, 25.7742967], [-80.1850728, 25.7742199], [-80.1851691, 25.7740071], [-80.1851921, 25.7739059], [-80.185188, 25.7737349], [-80.1851531, 25.7736407], [-80.1850292, 25.7734102], [-80.1850098, 25.7733508], [-80.1849941, 25.7731973], [-80.184993, 25.772405], [-80.1849695, 25.7721223], [-80.1849769, 25.7718885], [-80.1849961, 25.7718326], [-80.1850385, 25.7717873]]}, "properties": {"project": "FL3502", "date": "19350123", "kind": "Natural.Mean High Water", "source": "T05629"}}, {"type": "Feature", "geometry": {"type": "LineString", "coordinates": [[-80.1864307, 25.7720926], [-80.1859887, 25.7717533]]}, "properties": {"project": "FL3502", "date": "19350123", "kind": "Pier", "source": "T05629"}}, {"type": "Feature", "geometry": {"type": "LineString", "coordinates": [[-80.1872072, 25.7717973], [-80.1873289, 25.77173], [-80.1873632, 25.7717053]]}, "properties": {"project": "FL3502", "date": "19350123", "kind": "Natural.Mean High Water", "source": "T05629"}}, {"type": "Feature", "geometry": {"type": "LineString", "coordinates": [[-80.1850385, 25.7717873], [-80.1851852, 25.7716897]]}, "properties": {"project": "FL3502", "date": "19350123", "kind": "Undetermined.Approximate", "source": "T05629"}}, {"type": "Feature", "geometry": {"type": "LineString", "coordinates": [[-80.1866662, 25.7720515], [-80.1861739, 25.7716766]]}, "properties": {"project": "FL3502", "date": "19350123", "kind": "Pier", "source": "T05629"}}, {"type": "Feature", "geometry": {"type": "LineString", "coordinates": [[-80.1851852, 25.7716897], [-80.1853087, 25.7716479], [-80.1853975, 25.7716376], [-80.185498, 25.7716446], [-80.1856255, 25.7717145], [-80.1859851, 25.7719557], [-80.1861552, 25.7720536], [-80.1863715, 25.7720956], [-80.1864307, 25.7720926]]}, "properties": {"project": "FL3502", "date": "19350123", "kind": "Natural.Mean High Water", "source": "T05629"}}, {"type": "Feature", "geometry": {"type": "LineString", "coordinates": [[-80.1873632, 25.7717053], [-80.1875092, 25.7715997]]}, "properties": {"project": "FL3502", "date": "19350123", "kind": "Natural.Mean High Water", "source": "T05629"}}, {"type": "Feature", "geometry": {"type": "LineString", "coordinates": [[-80.1868793, 25.7719746], [-80.1863554, 25.7715965]]}, "properties": {"project": "FL3502", "date": "19350123", "kind": "Pier", "source": "T05629"}}, {"type": "Feature", "geometry": {"type": "LineString", "coordinates": [[-80.1870299, 25.7718954], [-80.1865677, 25.7715269]]}, "properties": {"project": "FL3502", "date": "19350123", "kind": "Pier", "source": "T05629"}}, {"type": "Feature", "geometry": {"type": "LineString", "coordinates": [[-80.1875092, 25.7715997], [-80.1876569, 25.771493], [-80.1876731999999, 25.7714755]]}, "properties": {"project": "FL3502", "date": "19350123", "kind": "Natural.Mean High Water", "source": "T05629"}}, {"type": "Feature", "geometry": {"type": "LineString", "coordinates": [[-80.1872072, 25.7717973], [-80.1867723, 25.7714468]]}, "properties": {"project": "FL3502", "date": "19350123", "kind": "Pier", "source": "T05629"}}, {"type": "Feature", "geometry": {"type": "LineString", "coordinates": [[-80.1873632, 25.7717053], [-80.1869422, 25.7713737]]}, "properties": {"project": "FL3502", "date": "19350123", "kind": "Pier", "source": "T05629"}}, {"type": "Feature", "geometry": {"type": "LineString", "coordinates": [[-80.1862824, 25.779547], [-80.1862771999999, 25.7792259], [-80.1862801, 25.7791737]]}, "properties": {"project": "FL3502", "date": "19350123", "kind": "Man-made", "source": "T05629"}}, {"type": "Feature", "geometry": {"type": "LineString", "coordinates": [[-80.1595541, 25.7800072], [-80.1593705, 25.7799163], [-80.1590459, 25.7797868], [-80.1587464, 25.7796486], [-80.1582563, 25.7794395]]}, "properties": {"project": "FL3502", "date": "19350123", "kind": "Man-made", "source": "T05629"}}, {"type": "Feature", "geometry": {"type": "LineString", "coordinates": [[-80.1493236, 25.7792736], [-80.1493665, 25.779598]]}, "properties": {"project": "FL3502", "date": "19350123", "kind": "Man-made", "source": "T05629"}}, {"type": "Feature", "geometry": {"type": "LineString", "coordinates": [[-80.1628287, 25.7791976], [-80.1633041, 25.779411], [-80.163934, 25.7796839], [-80.1642624999999, 25.7798203], [-80.164533, 25.7799375], [-80.1645717, 25.7799393], [-80.1646111, 25.7799289]]}, "properties": {"project": "FL3502", "date": "19350123", "kind": "Man-made", "source": "T05629"}}, {"type": "Feature", "geometry": {"type": "LineString", "coordinates": [[-80.1626857, 25.7791468], [-80.1628287, 25.7791976]]}, "properties": {"project": "FL3502", "date": "19350123", "kind": "Undetermined.Approximate", "source": "T05629"}}, {"type": "Feature", "geometry": {"type": "LineString", "coordinates": [[-80.1432563, 25.7818908], [-80.1432048, 25.7814015], [-80.1431558, 25.7806458], [-80.1431068, 25.7799191], [-80.1430392, 25.7791343]]}, "properties": {"project": "FL3502", "date": "19350123", "kind": "Natural.Mean High Water", "source": "T05629"}}, {"type": "Feature", "geometry": {"type": "LineString", "coordinates": [[-80.1430392, 25.7791343], [-80.1430979, 25.779132]]}, "properties": {"project": "FL3502", "date": "19350123", "kind": "Pier", "source": "T05629"}}, {"type": "Feature", "geometry": {"type": "LineString", "coordinates": [[-80.1854002, 25.7791098], [-80.1855392, 25.7791066]]}, "properties": {"project": "FL3502", "date": "19350123", "kind": "Pier", "source": "T05629"}}, {"type": "Feature", "geometry": {"type": "LineString", "coordinates": [[-80.1492998, 25.779105], [-80.1492408, 25.7791348], [-80.1492551, 25.7792564], [-80.1493236, 25.7792736]]}, "properties": {"project": "FL3502", "date": "19350123", "kind": "Pier", "source": "T05629"}}, {"type": "Feature", "geometry": {"type": "LineString", "coordinates": [[-80.1492998, 25.779105], [-80.1493236, 25.7792736]]}, "properties": {"project": "FL3502", "date": "19350123", "kind": "Shoreline/Alongshore Feature Boundary", "source": "T05629"}}, {"type": "Feature", "geometry": {"type": "LineString", "coordinates": [[-80.1855392, 25.7791066], [-80.1856473, 25.7791042]]}, "properties": {"project": "FL3502", "date": "19350123", "kind": "Pier", "source": "T05629"}}, {"type": "Feature", "geometry": {"type": "LineString", "coordinates": [[-80.1856473, 25.7791042], [-80.185771, 25.7791014]]}, "properties": {"project": "FL3502", "date": "19350123", "kind": "Pier", "source": "T05629"}}, {"type": "Feature", "geometry": {"type": "LineString", "coordinates": [[-80.185771, 25.7791014], [-80.1858946, 25.7790986]]}, "properties": {"project": "FL3502", "date": "19350123", "kind": "Pier", "source": "T05629"}}, {"type": "Feature", "geometry": {"type": "LineString", "coordinates": [[-80.1858946, 25.7790986], [-80.1859834, 25.7790966]]}, "properties": {"project": "FL3502", "date": "19350123", "kind": "Pier", "source": "T05629"}}, {"type": "Feature", "geometry": {"type": "LineString", "coordinates": [[-80.1852009999999, 25.7775461], [-80.1851316, 25.7775392]]}, "properties": {"project": "FL3502", "date": "19350123", "kind": "Shoreline/Alongshore Feature Boundary", "source": "T05629"}}, {"type": "Feature", "geometry": {"type": "LineString", "coordinates": [[-80.1593417, 25.7777233], [-80.1593987, 25.7776163]]}, "properties": {"project": "FL3502", "date": "19350123", "kind": "Pier", "source": "T05629"}}, {"type": "Feature", "geometry": {"type": "LineString", "coordinates": [[-80.18546, 25.7777027], [-80.1853827, 25.777658], [-80.1852628, 25.7775602], [-80.1852009999999, 25.7775461]]}, "properties": {"project": "FL3502", "date": "19350123", "kind": "Man-made", "source": "T05629"}}, {"type": "Feature", "geometry": {"type": "LineString", "coordinates": [[-80.1852009999999, 25.7775461], [-80.1852094, 25.7780103], [-80.1851399, 25.7780103], [-80.1851316, 25.7775392]]}, "properties": {"project": "FL3502", "date": "19350123", "kind": "Pier", "source": "T05629"}}, {"type": "Feature", "geometry": {"type": "LineString", "coordinates": [[-80.1584366, 25.7772907], [-80.1585371, 25.7773711], [-80.158854, 25.7775076], [-80.1593417, 25.7777233]]}, "properties": {"project": "FL3502", "date": "19350123", "kind": "Man-made", "source": "T05629"}}, {"type": "Feature", "geometry": {"type": "LineString", "coordinates": [[-80.1583032, 25.7772208], [-80.1583515, 25.7772435], [-80.1584366, 25.7772907]]}, "properties": {"project": "FL3502", "date": "19350123", "kind": "Shoreline/Alongshore Feature Boundary", "source": "T05629"}}, {"type": "Feature", "geometry": {"type": "LineString", "coordinates": [[-80.1583032, 25.7772208], [-80.1583128, 25.7771614], [-80.1584268, 25.7771808], [-80.1584366, 25.7772907]]}, "properties": {"project": "FL3502", "date": "19350123", "kind": "Pier", "source": "T05629"}}, {"type": "Feature", "geometry": {"type": "LineString", "coordinates": [[-80.1582563, 25.7794395], [-80.1581068, 25.7793757], [-80.1578285, 25.7792497], [-80.1573281, 25.7790398], [-80.1569358, 25.7788701], [-80.1567715, 25.7787617], [-80.1565782, 25.7785835], [-80.1564621, 25.7783635], [-80.1564155, 25.7781854], [-80.1564152, 25.7778783], [-80.1564497, 25.7776899], [-80.1565576, 25.7774911], [-80.156766, 25.7772749], [-80.156986, 25.7771356], [-80.1572331, 25.7770521], [-80.1573953, 25.7770353]]}, "properties": {"project": "FL3502", "date": "19350123", "kind": "Man-made", "source": "T05629"}}, {"type": "Feature", "geometry": {"type": "LineString", "coordinates": [[-80.1573953, 25.7770353], [-80.1574339, 25.7770313], [-80.1576425, 25.777042], [-80.1578627, 25.7770842], [-80.158168, 25.7772101], [-80.1583032, 25.7772208]]}, "properties": {"project": "FL3502", "date": "19350123", "kind": "Man-made", "source": "T05629"}}, {"type": "Feature", "geometry": {"type": "LineString", "coordinates": [[-80.1573953, 25.7770353], [-80.1573952, 25.7769441], [-80.1575999, 25.7769408]]}, "properties": {"project": "FL3502", "date": "19350123", "kind": "Pier", "source": "T05629"}}, {"type": "Feature", "geometry": {"type": "LineString", "coordinates": [[-80.1754768, 25.778382], [-80.1756228, 25.7784168], [-80.1757691, 25.7784177], [-80.1758904, 25.7783956], [-80.1759618, 25.7783469], [-80.1760169, 25.7782299], [-80.1760306, 25.7780635], [-80.1760165, 25.7776926], [-80.1759919, 25.7776206], [-80.175834, 25.777491], [-80.1756301, 25.7773575000001], [-80.1755182, 25.777232], [-80.1753648, 25.7770457], [-80.1752151, 25.7769465], [-80.1751317, 25.7769233], [-80.1749812, 25.77693], [-80.1748137, 25.7769745], [-80.1746712, 25.7770418], [-80.1746121, 25.7771171], [-80.1746034, 25.7771776], [-80.174615, 25.7773063], [-80.174622, 25.7775031], [-80.1746167, 25.777662], [-80.1746287, 25.7777491], [-80.1746947, 25.7778743], [-80.174869, 25.778038], [-80.1751394, 25.7782173], [-80.1754768, 25.778382]]}, "properties": {"project": "FL3502", "date": "19350123", "kind": "Natural.Mean High Water", "source": "T05629"}}, {"type": "Feature", "geometry": {"type": "LineString", "coordinates": [[-80.2042249, 25.7766877], [-80.204146, 25.7766984]]}, "properties": {"project": "FL3502", "date": "19350123", "kind": "Pier", "source": "T05629"}}, {"type": "Feature", "geometry": {"type": "LineString", "coordinates": [[-80.2042592, 25.7767893], [-80.2042581, 25.7768101], [-80.2042699, 25.7769183], [-80.204297, 25.7769847], [-80.2045136, 25.7771698], [-80.2047572, 25.7772887], [-80.2050663, 25.7773517], [-80.2054875, 25.7774498], [-80.2059977, 25.7776561], [-80.2064654, 25.7778903], [-80.2068366, 25.7781279], [-80.2070686, 25.7783026]]}, "properties": {"project": "FL3502", "date": "19350123", "kind": "Natural.Mean High Water", "source": "T05629"}}, {"type": "Feature", "geometry": {"type": "LineString", "coordinates": [[-80.20415, 25.7767821], [-80.2042592, 25.7767893]]}, "properties": {"project": "FL3502", "date": "19350123", "kind": "Pier", "source": "T05629"}}, {"type": "Feature", "geometry": {"type": "LineString", "coordinates": [[-80.2042619, 25.7767334], [-80.2042592, 25.7767893]]}, "properties": {"project": "FL3502", "date": "19350123", "kind": "Natural.Mean High Water", "source": "T05629"}}, {"type": "Feature", "geometry": {"type": "LineString", "coordinates": [[-80.2042249, 25.7766877], [-80.2042619, 25.7767334]]}, "properties": {"project": "FL3502", "date": "19350123", "kind": "Man-made", "source": "T05629"}}, {"type": "Feature", "geometry": {"type": "LineString", "coordinates": [[-80.2041782, 25.7766302], [-80.2041034, 25.7766425]]}, "properties": {"project": "FL3502", "date": "19350123", "kind": "Pier", "source": "T05629"}}, {"type": "Feature", "geometry": {"type": "LineString", "coordinates": [[-80.2041782, 25.7766302], [-80.2042249, 25.7766877]]}, "properties": {"project": "FL3502", "date": "19350123", "kind": "Man-made", "source": "T05629"}}, {"type": "Feature", "geometry": {"type": "LineString", "coordinates": [[-80.1488814, 25.7765797], [-80.1488909, 25.7766651]]}, "properties": {"project": "FL3502", "date": "19350123", "kind": "Pier", "source": "T05629"}}, {"type": "Feature", "geometry": {"type": "LineString", "coordinates": [[-80.1489447, 25.7765679], [-80.1488814, 25.7765797]]}, "properties": {"project": "FL3502", "date": "19350123", "kind": "Pier", "source": "T05629"}}, {"type": "Feature", "geometry": {"type": "LineString", "coordinates": [[-80.1489447, 25.7765679], [-80.1490665, 25.7774058], [-80.1491093, 25.7776876]]}, "properties": {"project": "FL3502", "date": "19350123", "kind": "Man-made", "source": "T05629"}}, {"type": "Feature", "geometry": {"type": "LineString", "coordinates": [[-80.1851316, 25.7775392], [-80.1851147, 25.7765653]]}, "properties": {"project": "FL3502", "date": "19350123", "kind": "Man-made", "source": "T05629"}}, {"type": "Feature", "geometry": {"type": "LineString", "coordinates": [[-80.2041208, 25.7765596], [-80.2039681, 25.7765726]]}, "properties": {"project": "FL3502", "date": "19350123", "kind": "Pier", "source": "T05629"}}, {"type": "Feature", "geometry": {"type": "LineString", "coordinates": [[-80.2041208, 25.7765596], [-80.2041782, 25.7766302]]}, "properties": {"project": "FL3502", "date": "19350123", "kind": "Man-made", "source": "T05629"}}, {"type": "Feature", "geometry": {"type": "LineString", "coordinates": [[-80.2040694, 25.7764962], [-80.2038173, 25.7765096], [-80.2039953, 25.7766913]]}, "properties": {"project": "FL3502", "date": "19350123", "kind": "Pier", "source": "T05629"}}, {"type": "Feature", "geometry": {"type": "LineString", "coordinates": [[-80.2040694, 25.7764962], [-80.2041208, 25.7765596]]}, "properties": {"project": "FL3502", "date": "19350123", "kind": "Man-made", "source": "T05629"}}, {"type": "Feature", "geometry": {"type": "LineString", "coordinates": [[-80.1488814, 25.7765797], [-80.1488435, 25.776458]]}, "properties": {"project": "FL3502", "date": "19350123", "kind": "Pier", "source": "T05629"}}, {"type": "Feature", "geometry": {"type": "LineString", "coordinates": [[-80.2040181, 25.776433], [-80.2040694, 25.7764962]]}, "properties": {"project": "FL3502", "date": "19350123", "kind": "Man-made", "source": "T05629"}}, {"type": "Feature", "geometry": {"type": "LineString", "coordinates": [[-80.1613634, 25.7764126], [-80.1618658, 25.7766156], [-80.162314, 25.7767993000001], [-80.1627005, 25.7769672], [-80.1632454, 25.7772086], [-80.1638309, 25.7774588], [-80.1642348, 25.777632], [-80.1647758, 25.7778664000001], [-80.1652164, 25.7780483], [-80.1656338, 25.7782268], [-80.1661419, 25.7784367], [-80.1667912, 25.7787096], [-80.1671487, 25.7788583], [-80.1675564, 25.779021]]}, "properties": {"project": "FL3502", "date": "19350123", "kind": "Man-made", "source": "T05629"}}, {"type": "Feature", "geometry": {"type": "MultiLineString", "coordinates": [[[-80.1318318, 25.817042], [-80.1315197, 25.8177511], [-80.1311916, 25.8186196], [-80.1309646, 25.8193513000001], [-80.13081892701754, 25.82]], [[-80.13727140276816, 25.82], [-80.1372516, 25.8199705], [-80.1372161, 25.8198382], [-80.137211, 25.8197196], [-80.1372437, 25.8195668], [-80.137322, 25.8194574], [-80.1376025, 25.8192229], [-80.1377111, 25.8191136], [-80.1377641, 25.8189996], [-80.1377944, 25.8188993], [-80.1378398, 25.8188378], [-80.1379131, 25.8187603], [-80.1379914, 25.8187126], [-80.1381177, 25.818658], [-80.1383123, 25.8185716], [-80.1384159, 25.8184942], [-80.1385144, 25.8183985], [-80.1385624, 25.8183165], [-80.1386407, 25.8181752], [-80.1386886, 25.8180635000001], [-80.1386986, 25.8179153], [-80.1386834, 25.8177602], [-80.1386782, 25.8176507], [-80.1386858, 25.817564], [-80.1387842, 25.8173247], [-80.1388208, 25.817042]]]}, "properties": {"project": "FL3502", "date": "19350125", "kind": "Natural.Mean High Water", "source": "T05630"}}, {"type": "Feature", "geometry": {"type": "LineString", "coordinates": [[-80.12280994510397, 25.82], [-80.1228454, 25.8198092], [-80.1229487, 25.8192461], [-80.1230622, 25.8186601], [-80.1231806, 25.8180651], [-80.1231983, 25.8180355], [-80.1232362, 25.8179876], [-80.1232438, 25.8179512], [-80.1232538, 25.8178713], [-80.1232488, 25.8178143], [-80.1232436, 25.8176387], [-80.1232688, 25.8174951], [-80.1234036, 25.817042]]}, "properties": {"project": "FL3502", "date": "19350125", "kind": "Natural.Mean High Water", "source": "T05630"}}, {"type": "Feature", "geometry": {"type": "LineString", "coordinates": [[-80.1245133, 25.817042], [-80.1243863, 25.8175114], [-80.1243409, 25.8176687], [-80.1243207, 25.8176938], [-80.1242878, 25.8177074], [-80.1242449, 25.8177279], [-80.1242171, 25.8177643], [-80.1242146, 25.8177985], [-80.1242196, 25.8178464], [-80.1242348, 25.8178784], [-80.1242475, 25.8179126], [-80.1242475, 25.8179628], [-80.1242223, 25.8180676], [-80.1241895, 25.8182318], [-80.124119, 25.8186467], [-80.1241064, 25.818738], [-80.1241165, 25.8188018], [-80.1242408, 25.8194793], [-80.1242915, 25.8197234], [-80.1243144, 25.8199902], [-80.12431505213988, 25.82]]}, "properties": {"project": "FL3502", "date": "19350125", "kind": "Natural.Mean High Water", "source": "T05630"}}, {"type": "Feature", "geometry": {"type": "LineString", "coordinates": [[-80.1211958, 25.819774], [-80.12117156907216, 25.82]]}, "properties": {"project": "FL3502", "date": "19350125", "kind": "Man-made", "source": "T05630"}}, {"type": "Feature", "geometry": {"type": "LineString", "coordinates": [[-80.1211958, 25.819774], [-80.1208424, 25.8197217]]}, "properties": {"project": "FL3502", "date": "19350125", "kind": "Pier", "source": "T05630"}}, {"type": "Feature", "geometry": {"type": "LineString", "coordinates": [[-80.1716421, 25.819229], [-80.1714263, 25.8192233], [-80.1714162, 25.8192306], [-80.1714101, 25.8192453], [-80.1714101, 25.8192637], [-80.1714162, 25.8192821], [-80.1714305, 25.8192894], [-80.1714651, 25.8192931], [-80.1714956, 25.8192895], [-80.1715505, 25.8192822], [-80.1716116, 25.8192749], [-80.1716401, 25.8192676], [-80.1716543, 25.8192603], [-80.1716604, 25.8192529], [-80.1716604, 25.8192437], [-80.1716421, 25.819229]]}, "properties": {"project": "FL3502", "date": "19350125", "kind": "Natural.Mean High Water", "source": "T05630"}}, {"type": "Feature", "geometry": {"type": "LineString", "coordinates": [[-80.121414, 25.8186504], [-80.1214032, 25.8187645], [-80.1213898, 25.8189036], [-80.1213728, 25.8191263000001], [-80.1213528, 25.819335], [-80.1213455, 25.8194992], [-80.1213199, 25.8196327], [-80.1213008, 25.8197161000001], [-80.1212728, 25.819755], [-80.1212388, 25.8197742], [-80.1211958, 25.819774]]}, "properties": {"project": "FL3502", "date": "19350125", "kind": "Natural.Mean High Water", "source": "T05630"}}, {"type": "Feature", "geometry": {"type": "LineString", "coordinates": [[-80.121414, 25.8186504], [-80.1213271, 25.8186499]]}, "properties": {"project": "FL3502", "date": "19350125", "kind": "Pier", "source": "T05630"}}, {"type": "Feature", "geometry": {"type": "LineString", "coordinates": [[-80.12144, 25.8183752], [-80.121414, 25.8186504]]}, "properties": {"project": "FL3502", "date": "19350125", "kind": "Natural.Mean High Water", "source": "T05630"}}, {"type": "Feature", "geometry": {"type": "LineString", "coordinates": [[-80.12144, 25.8183752], [-80.1211294, 25.8183452]]}, "properties": {"project": "FL3502", "date": "19350125", "kind": "Pier", "source": "T05630"}}, {"type": "Feature", "geometry": {"type": "LineString", "coordinates": [[-80.17931986088178, 25.82], [-80.1793273, 25.8199903], [-80.179591, 25.8196769], [-80.1798452, 25.8193447], [-80.1800709, 25.8190314], [-80.1802189, 25.8188533], [-80.180291, 25.818754], [-80.1804124, 25.818641], [-80.1808774, 25.8182696], [-80.1815018, 25.8177921], [-80.182297, 25.8171927], [-80.1823555, 25.8171426], [-80.1824163, 25.8171057], [-80.1824746, 25.8170885], [-80.1825376, 25.8170801], [-80.1826005, 25.8170805], [-80.1827287999999, 25.8170987], [-80.1827698, 25.8171252]]}, "properties": {"project": "FL3502", "date": "19350125", "kind": "Natural.Mean High Water", "source": "T05630"}}, {"type": "Feature", "geometry": {"type": "MultiLineString", "coordinates": [[[-80.1827698, 25.8171252], [-80.1828154, 25.8171781], [-80.1828897, 25.8172925], [-80.1830784, 25.8176771], [-80.183305, 25.8181825], [-80.1834971, 25.8185858000001], [-80.1836168, 25.8187991], [-80.1836863, 25.8188937], [-80.1837415, 25.8189664], [-80.1837824, 25.8190126], [-80.1838353, 25.819059], [-80.1838764, 25.8190745], [-80.1839199, 25.8190901], [-80.1839609, 25.8191145], [-80.1840339, 25.8192321], [-80.1841293, 25.819454], [-80.1841479, 25.8195615], [-80.1841499, 25.8196339], [-80.1841395, 25.8197259], [-80.1840824, 25.8199404], [-80.18407064788732, 25.82]], [[-80.18428854590164, 25.82], [-80.1843177, 25.8198803], [-80.1843258, 25.8197532], [-80.1843268, 25.8196173], [-80.1843153, 25.8195165], [-80.1842965, 25.8194374], [-80.1842465, 25.8193144], [-80.1841364, 25.8191209], [-80.1840231, 25.8188671], [-80.1839034, 25.8186758], [-80.1837407, 25.8183746], [-80.183529, 25.8179953], [-80.1834145, 25.8177514], [-80.1833354, 25.8176238], [-80.183297, 25.8175775], [-80.1832006, 25.8175156], [-80.1831441, 25.8174528], [-80.1830578, 25.8173187], [-80.1829017, 25.8170421]]]}, "properties": {"project": "FL3502", "date": "19350125", "kind": "Man-made", "source": "T05630"}}, {"type": "Feature", "geometry": {"type": "LineString", "coordinates": [[-80.13037301426672, 25.82], [-80.1304793, 25.8194465], [-80.1306205, 25.818913], [-80.130888, 25.8181676], [-80.1311354, 25.8175522], [-80.1313815, 25.817042]]}, "properties": {"project": "FL3502", "date": "19350125", "kind": "Natural.Mean High Water", "source": "T05630"}}, {"type": "Feature", "geometry": {"type": "LineString", "coordinates": [[-80.1215874, 25.817042], [-80.1215563, 25.8171894], [-80.1215333, 25.817387], [-80.1215069, 25.8176347], [-80.1214798, 25.8179714], [-80.1214466, 25.8183053], [-80.12144, 25.8183752]]}, "properties": {"project": "FL3502", "date": "19350125", "kind": "Natural.Mean High Water", "source": "T05630"}}]}