{"type": "FeatureCollection", "features": [{"type": "Feature", "geometry": {"type": "LineString", "coordinates": [[-80.2322567, 25.7324277], [-80.2322204, 25.732286], [-80.2321424, 25.7320905], [-80.232048, 25.7320883]]}, "properties": {"project": "EC19B03", "date": "19270227", "kind": "Undetermined Alongshore Feature", "source": "T04528"}}, {"type": "Feature", "geometry": {"type": "LineString", "coordinates": [[-80.2322836, 25.7903277], [-80.2324225999999, 25.7902145], [-80.2324013, 25.7896454]]}, "properties": {"project": "EC19B03", "date": "19270227", "kind": "Man-made", "source": "T04528"}}, {"type": "Feature", "geometry": {"type": "LineString", "coordinates": [[-80.2324013, 25.7896454], [-80.2328026, 25.7897841], [-80.2329404, 25.7898532]]}, "properties": {"project": "EC19B03", "date": "19270227", "kind": "Natural.Mean High Water", "source": "T04528"}}, {"type": "Feature", "geometry": {"type": "LineString", "coordinates": [[-80.1855149, 25.7900365], [-80.1855052, 25.7898802]]}, "properties": {"project": "EC19B03", "date": "19270227", "kind": "Undetermined.Approximate", "source": "T04528"}}, {"type": "Feature", "geometry": {"type": "LineString", "coordinates": [[-80.1855052, 25.7898802], [-80.1855308, 25.7892847], [-80.1855764, 25.7889529], [-80.1856104, 25.7886796], [-80.1856225, 25.7884942], [-80.1855921, 25.7882107], [-80.185575, 25.7875467]]}, "properties": {"project": "EC19B03", "date": "19270227", "kind": "Natural.Mean High Water", "source": "T04528"}}, {"type": "Feature", "geometry": {"type": "LineString", "coordinates": [[-80.185575, 25.7875467], [-80.1855763, 25.7873612]]}, "properties": {"project": "EC19B03", "date": "19270227", "kind": "Undetermined.Approximate", "source": "T04528"}}, {"type": "Feature", "geometry": {"type": "LineString", "coordinates": [[-80.193446, 25.7704626], [-80.1935979, 25.7703267]]}, "properties": {"project": "EC19B03", "date": "19270227", "kind": "Undetermined.Approximate", "source": "T04528"}}, {"type": "Feature", "geometry": {"type": "LineString", "coordinates": [[-80.1855763, 25.7873612], [-80.1855273, 25.7866382], [-80.1854414, 25.7865791], [-80.1854009, 25.7861981], [-80.185466, 25.7861399], [-80.1854789, 25.7858275], [-80.186126, 25.7858311], [-80.1867627, 25.7858054], [-80.1873237, 25.7857695], [-80.1879492, 25.7857827], [-80.1882621, 25.7857845], [-80.1884241, 25.7857561], [-80.1884145, 25.7855705], [-80.1883392, 25.7855408], [-80.1883517, 25.7852968], [-80.1884597, 25.7852778], [-80.1884174, 25.7851505], [-80.1880075, 25.7851385], [-80.1875653, 25.7851653], [-80.1871013, 25.7851824], [-80.1862269, 25.7852654], [-80.1853966, 25.7852509], [-80.1854006, 25.784665], [-80.1867603, 25.7845749], [-80.1877204, 25.7845315], [-80.1884002, 25.7845158], [-80.1884552, 25.7843501], [-80.1884359, 25.784018], [-80.1853503, 25.7841373], [-80.1853647, 25.7836003], [-80.1857098, 25.7836023], [-80.1861199, 25.783546], [-80.1869076999999, 25.7835113], [-80.1876415, 25.7834568], [-80.1882241, 25.7834209], [-80.1886127, 25.7833939], [-80.1886351, 25.7832767], [-80.1891098, 25.7832405], [-80.1891332, 25.782977], [-80.1890476, 25.7828788], [-80.1889947, 25.7827223], [-80.1889413, 25.7826537], [-80.1887579, 25.7826527], [-80.1887268, 25.7824767], [-80.1885325, 25.7824952], [-80.1882843, 25.7825232], [-80.1878528, 25.7825208], [-80.187844, 25.7806458], [-80.1886855, 25.7806212], [-80.1886555, 25.7802693], [-80.1886133, 25.7801324], [-80.188441, 25.7800924], [-80.1882254, 25.7800912], [-80.1879662, 25.780119], [-80.1877179, 25.7801469], [-80.1872542, 25.7801443], [-80.1864022, 25.7801591]]}, "properties": {"project": "EC19B03", "date": "19270227", "kind": "Man-made", "source": "T04528"}}, {"type": "Feature", "geometry": {"type": "LineString", "coordinates": [[-80.1899411, 25.7704334], [-80.1901566, 25.7704637000001]]}, "properties": {"project": "EC19B03", "date": "19270227", "kind": "Undetermined.Approximate", "source": "T04528"}}, {"type": "Feature", "geometry": {"type": "LineString", "coordinates": [[-80.1901566, 25.7704637000001], [-80.1906415, 25.7705251], [-80.1912554, 25.7706359], [-80.1917612, 25.7708047], [-80.1920413, 25.7708454], [-80.1922782, 25.7709053], [-80.1925805, 25.7708484], [-80.1928285, 25.7708497], [-80.1931318, 25.7706464], [-80.1933704, 25.7704719], [-80.193446, 25.7704626]]}, "properties": {"project": "EC19B03", "date": "19270227", "kind": "Natural.Mean High Water", "source": "T04528"}}, {"type": "Feature", "geometry": {"type": "LineString", "coordinates": [[-80.200287, 25.7731566], [-80.2004041, 25.7733817]]}, "properties": {"project": "EC19B03", "date": "19270227", "kind": "Undetermined.Approximate", "source": "T04528"}}, {"type": "Feature", "geometry": {"type": "LineString", "coordinates": [[-80.2004041, 25.7733817], [-80.2007675999999, 25.7738524], [-80.200885, 25.7740385]]}, "properties": {"project": "EC19B03", "date": "19270227", "kind": "Natural.Mean High Water", "source": "T04528"}}, {"type": "Feature", "geometry": {"type": "LineString", "coordinates": [[-80.2069154, 25.7786807], [-80.2070223, 25.7788178], [-80.2072156999999, 25.7789264]]}, "properties": {"project": "EC19B03", "date": "19270227", "kind": "Natural.Mean High Water", "source": "T04528"}}, {"type": "Feature", "geometry": {"type": "LineString", "coordinates": [[-80.200885, 25.7740385], [-80.2009159, 25.7742535]]}, "properties": {"project": "EC19B03", "date": "19270227", "kind": "Undetermined.Approximate", "source": "T04528"}}, {"type": "Feature", "geometry": {"type": "LineString", "coordinates": [[-80.2009159, 25.7742535], [-80.201236, 25.7747534], [-80.2018141, 25.7754205], [-80.2023184, 25.7758041], [-80.2025973, 25.7760009], [-80.2028015, 25.7761291], [-80.2029299, 25.7762763], [-80.2030583, 25.7764332], [-80.2031753, 25.776678], [-80.203347, 25.7768058], [-80.2034862, 25.7769726], [-80.2035501, 25.7770901], [-80.2036893, 25.7772373], [-80.2038284, 25.7774138], [-80.2039568, 25.777561], [-80.2040858, 25.7776205], [-80.2041832, 25.777572], [-80.2043236, 25.7775337], [-80.2043015, 25.7776119], [-80.2042574, 25.7777581], [-80.2044623, 25.777769], [-80.2045701, 25.7777696], [-80.2046782, 25.7777311], [-80.2048831, 25.7777322], [-80.2049474, 25.7777912], [-80.2052819, 25.777793], [-80.2053125, 25.778047], [-80.2054097, 25.778028], [-80.2055073, 25.7779504], [-80.2056041, 25.77799], [-80.2058196, 25.7780107], [-80.2059377, 25.7780895], [-80.2060129, 25.7781387], [-80.2061855, 25.7781397], [-80.2062277, 25.7782766], [-80.2063787, 25.7782774], [-80.2065075, 25.778366], [-80.2066789, 25.7785329]]}, "properties": {"project": "EC19B03", "date": "19270227", "kind": "Natural.Mean High Water", "source": "T04528"}}, {"type": "Feature", "geometry": {"type": "LineString", "coordinates": [[-80.2066789, 25.7785329], [-80.2069154, 25.7786807]]}, "properties": {"project": "EC19B03", "date": "19270227", "kind": "Undetermined.Approximate", "source": "T04528"}}, {"type": "Feature", "geometry": {"type": "LineString", "coordinates": [[-80.2072156999999, 25.7789264], [-80.2073875, 25.7790348]]}, "properties": {"project": "EC19B03", "date": "19270227", "kind": "User Added Line", "source": "T04528"}}, {"type": "Feature", "geometry": {"type": "LineString", "coordinates": [[-80.2073875, 25.7790348], [-80.2078495, 25.7792913], [-80.20857, 25.779637], [-80.208925, 25.7797658], [-80.2092148, 25.7799724], [-80.2095157, 25.7801303], [-80.2096227, 25.7802676], [-80.210115, 25.7808367], [-80.2103614, 25.7811115], [-80.210566, 25.7811614], [-80.2106511, 25.7813277], [-80.2107582, 25.7814456], [-80.210963, 25.7814565], [-80.2112529, 25.7816533], [-80.2118224, 25.7819786], [-80.2121346, 25.782078], [-80.2124575, 25.7821871], [-80.2126619, 25.7822567], [-80.2127907, 25.7823746], [-80.2131346, 25.782513], [-80.2135976, 25.7827012], [-80.2141463, 25.7828701], [-80.2144154, 25.7829497], [-80.2147058, 25.7830684]]}, "properties": {"project": "EC19B03", "date": "19270227", "kind": "Natural.Mean High Water", "source": "T04528"}}, {"type": "Feature", "geometry": {"type": "LineString", "coordinates": [[-80.2147058, 25.7830684], [-80.2150079, 25.7830505]]}, "properties": {"project": "EC19B03", "date": "19270227", "kind": "Undetermined.Approximate", "source": "T04528"}}, {"type": "Feature", "geometry": {"type": "LineString", "coordinates": [[-80.2229445, 25.78594], [-80.2232783, 25.7861542]]}, "properties": {"project": "EC19B03", "date": "19270227", "kind": "Undetermined.Approximate", "source": "T04528"}}, {"type": "Feature", "geometry": {"type": "LineString", "coordinates": [[-80.2367653, 25.7920937], [-80.2369676, 25.7920948]]}, "properties": {"project": "EC19B03", "date": "19270227", "kind": "Undetermined.Approximate", "source": "T04528"}}, {"type": "Feature", "geometry": {"type": "LineString", "coordinates": [[-80.2397816, 25.7931139], [-80.2399743, 25.7932386]]}, "properties": {"project": "EC19B03", "date": "19270227", "kind": "Undetermined.Approximate", "source": "T04528"}}, {"type": "Feature", "geometry": {"type": "LineString", "coordinates": [[-80.2399743, 25.7932386], [-80.24, 25.793250400566478]]}, "properties": {"project": "EC19B03", "date": "19270227", "kind": "Natural.Mean High Water", "source": "T04528"}}, {"type": "Feature", "geometry": {"type": "LineString", "coordinates": [[-80.2399491, 25.792806], [-80.2397925, 25.7926867]]}, "properties": {"project": "EC19B03", "date": "19270227", "kind": "Undetermined.Approximate", "source": "T04528"}}, {"type": "Feature", "geometry": {"type": "LineString", "coordinates": [[-80.2397925, 25.7926867], [-80.2389437, 25.7922195], [-80.2385127, 25.7919681], [-80.2381602, 25.7917765], [-80.2378597, 25.7916326], [-80.2374032, 25.7912861], [-80.2372336, 25.7911785], [-80.2372079, 25.7910834], [-80.2376666, 25.7910976], [-80.2380722, 25.7911947], [-80.23853, 25.7913156], [-80.2389619, 25.7914247000001], [-80.2393017, 25.7915688000001], [-80.2397984999999, 25.7917376]]}, "properties": {"project": "EC19B03", "date": "19270227", "kind": "Natural.Mean High Water", "source": "T04528"}}, {"type": "Feature", "geometry": {"type": "LineString", "coordinates": [[-80.2397984999999, 25.7917376], [-80.2399293, 25.7917857]]}, "properties": {"project": "EC19B03", "date": "19270227", "kind": "Undetermined.Approximate", "source": "T04528"}}, {"type": "Feature", "geometry": {"type": "MultiLineString", "coordinates": [[[-80.2399293, 25.7917857], [-80.24, 25.791795226950352]], [[-80.24, 25.791656063664593], [-80.2399565, 25.7916435]]]}, "properties": {"project": "EC19B03", "date": "19270227", "kind": "Natural.Mean High Water", "source": "T04528"}}, {"type": "Feature", "geometry": {"type": "LineString", "coordinates": [[-80.2399565, 25.7916435], [-80.2397339, 25.7915949]]}, "properties": {"project": "EC19B03", "date": "19270227", "kind": "Undetermined.Approximate", "source": "T04528"}}, {"type": "Feature", "geometry": {"type": "LineString", "coordinates": [[-80.2312708, 25.7851084], [-80.2314938, 25.7850858]]}, "properties": {"project": "EC19B03", "date": "19270227", "kind": "Undetermined.Approximate", "source": "T04528"}}, {"type": "Feature", "geometry": {"type": "LineString", "coordinates": [[-80.2314938, 25.7850858], [-80.2318345, 25.7850639], [-80.2322793, 25.7851611], [-80.2324498, 25.7851265], [-80.2327259, 25.7850093], [-80.2328708, 25.7848914], [-80.2332253, 25.7847864], [-80.2334874, 25.7847758], [-80.2337362, 25.784813], [-80.2341162, 25.784815], [-80.2343123, 25.7848753], [-80.2345994, 25.7850666000001], [-80.2347956, 25.785127], [-80.2350578, 25.7851284], [-80.235556, 25.7850597], [-80.2357528, 25.7850252], [-80.2360291, 25.7848605], [-80.2362911, 25.7848737], [-80.2365267, 25.7849343], [-80.236749, 25.7849948], [-80.2369848, 25.784996], [-80.2373128999999, 25.7849266], [-80.2375364, 25.7847971], [-80.2377737, 25.7845612], [-80.2380383, 25.7842067], [-80.2382627, 25.7839352], [-80.2385652, 25.7837586], [-80.2388413, 25.7836178], [-80.2393118, 25.7835338], [-80.2394618, 25.7835572]]}, "properties": {"project": "EC19B03", "date": "19270227", "kind": "Natural.Mean High Water", "source": "T04528"}}, {"type": "Feature", "geometry": {"type": "LineString", "coordinates": [[-80.2394618, 25.7835572], [-80.2397284, 25.7835964]]}, "properties": {"project": "EC19B03", "date": "19270227", "kind": "Undetermined.Approximate", "source": "T04528"}}, {"type": "Feature", "geometry": {"type": "LineString", "coordinates": [[-80.2397284, 25.7835964], [-80.24, 25.78365936264176]]}, "properties": {"project": "EC19B03", "date": "19270227", "kind": "Natural.Mean High Water", "source": "T04528"}}, {"type": "Feature", "geometry": {"type": "LineString", "coordinates": [[-80.2322204, 25.732286], [-80.2324665, 25.7322871], [-80.2325978, 25.7322987], [-80.2327931, 25.7323314], [-80.2330237, 25.7323326]]}, "properties": {"project": "EC19B03", "date": "19270227", "kind": "Natural.Mean High Water", "source": "T04528"}}, {"type": "Feature", "geometry": {"type": "LineString", "coordinates": [[-80.231747, 25.7322838], [-80.231836, 25.7322871], [-80.2319623, 25.7322871], [-80.2320381, 25.7322893]]}, "properties": {"project": "EC19B03", "date": "19270227", "kind": "Undetermined.Approximate", "source": "T04528"}}, {"type": "Feature", "geometry": {"type": "LineString", "coordinates": [[-80.2330237, 25.7323326], [-80.2331217, 25.7323079], [-80.2332083, 25.7318779], [-80.2332865, 25.7316758], [-80.2333018, 25.7314544], [-80.2333805, 25.7311828], [-80.2336146, 25.7306144], [-80.2336938, 25.7302542], [-80.2338637, 25.7299007], [-80.2338736, 25.7294451], [-80.2337297, 25.729014], [-80.2335784, 25.7286399], [-80.2334893, 25.7283736], [-80.2334765, 25.7281774], [-80.2335964, 25.7280008], [-80.2337227, 25.7279129], [-80.2339395, 25.7278886], [-80.2341557, 25.7279467], [-80.2343507, 25.7280491], [-80.2345526, 25.7281388], [-80.2347688999999, 25.7281967], [-80.2349222, 25.7282546], [-80.2351103, 25.7283379], [-80.2353056, 25.7283895], [-80.2354802, 25.7283904], [-80.2356552, 25.7283597], [-80.2360955, 25.7283178], [-80.2368437, 25.728214], [-80.2376203, 25.7280409], [-80.2380124, 25.7279227], [-80.2381804, 25.7278539], [-80.2383912, 25.7276652], [-80.2386027, 25.7273626], [-80.2387526, 25.7270817]]}, "properties": {"project": "EC19B03", "date": "19270227", "kind": "Natural.Mean High Water", "source": "T04528"}}, {"type": "Feature", "geometry": {"type": "LineString", "coordinates": [[-80.2096907, 25.744684], [-80.2097684, 25.7446653], [-80.2100183, 25.74453], [-80.2103064, 25.7443401], [-80.2105949, 25.7440956], [-80.2105661, 25.743904], [-80.2104309, 25.7437938], [-80.2103947, 25.7435544000001], [-80.2104053, 25.7430896], [-80.2105734, 25.7427898], [-80.2106498, 25.7426329], [-80.2106282, 25.7424893], [-80.2104629, 25.7423653], [-80.2104411, 25.7422491], [-80.2105394, 25.7422017], [-80.2106371, 25.7422707], [-80.2107726, 25.7423398], [-80.2108625, 25.7424358], [-80.2108989, 25.7426276], [-80.2109811, 25.742751], [-80.2111163, 25.7428611], [-80.2112515, 25.7429575], [-80.211387, 25.7430266], [-80.2114854, 25.742993], [-80.2114258, 25.7428627], [-80.2112153, 25.7427387], [-80.2110731, 25.7425533], [-80.2109538, 25.7423338], [-80.2108953, 25.7420397], [-80.2109447, 25.7414042], [-80.2108315, 25.7414104], [-80.2107187, 25.7413483], [-80.2107343, 25.7412594], [-80.2108557, 25.7411781], [-80.2109832, 25.7412881], [-80.211119, 25.7413163000001], [-80.2112774, 25.7413171], [-80.2114436, 25.7413112], [-80.2119054, 25.7410813], [-80.2124596, 25.7406125], [-80.2129906, 25.7402053], [-80.2135523, 25.7397161], [-80.2142513, 25.739009], [-80.2143952, 25.7389482], [-80.2145079, 25.7390173], [-80.2145749, 25.7391679], [-80.2146868, 25.7393667], [-80.2147685, 25.7395518], [-80.2148435, 25.7396273], [-80.2150619, 25.7396969], [-80.2152805, 25.739746], [-80.2154763, 25.7397948], [-80.2156874, 25.7398711], [-80.2158377, 25.7399333], [-80.2158978, 25.7399953], [-80.2158972, 25.7400774], [-80.2157456, 25.7401859], [-80.2154045, 25.7404165], [-80.2152371, 25.7406003], [-80.2150548, 25.7407838], [-80.2149034, 25.7408581], [-80.2148499, 25.7409673]]}, "properties": {"project": "EC19B03", "date": "19270227", "kind": "Natural.Mean High Water", "source": "T04528"}}, {"type": "Feature", "geometry": {"type": "LineString", "coordinates": [[-80.1976817, 25.7532772], [-80.1977247, 25.7532399], [-80.1981121, 25.7528661], [-80.1984772, 25.7524648], [-80.199101, 25.7517641], [-80.199489, 25.7512945], [-80.2004707, 25.7501038], [-80.2011851, 25.7493626], [-80.201663, 25.7490097], [-80.2019203, 25.7489086], [-80.2023145, 25.7486715], [-80.2027313, 25.748414], [-80.2031703, 25.7482251], [-80.2036468, 25.7480841], [-80.20401, 25.7479562], [-80.2043583, 25.7478008000001], [-80.2048501, 25.7476258], [-80.2058337, 25.7472757], [-80.2066508, 25.7469793], [-80.2074606, 25.7466488], [-80.2080774, 25.7463175], [-80.208544, 25.7460668], [-80.2091053, 25.745646], [-80.2093032, 25.7453803], [-80.2094104, 25.7451556], [-80.2094357, 25.744766], [-80.2096021999999, 25.7447054], [-80.2096907, 25.744684]]}, "properties": {"project": "EC19B03", "date": "19270227", "kind": "Natural.Mean High Water", "source": "T04528"}}, {"type": "Feature", "geometry": {"type": "LineString", "coordinates": [[-80.1970781, 25.7536799], [-80.1971487, 25.7535853], [-80.197308, 25.7534495], [-80.1974666, 25.7534641], [-80.1976817, 25.7532772]]}, "properties": {"project": "EC19B03", "date": "19270227", "kind": "Natural.Mean High Water", "source": "T04528"}}, {"type": "Feature", "geometry": {"type": "LineString", "coordinates": [[-80.1961689, 25.7544959], [-80.1963356, 25.7543806], [-80.1965101, 25.7542586], [-80.1966545, 25.7541227], [-80.1968437, 25.7540348], [-80.1970268, 25.7537487], [-80.1970781, 25.7536799]]}, "properties": {"project": "EC19B03", "date": "19270227", "kind": "Natural.Mean High Water", "source": "T04528"}}, {"type": "Feature", "geometry": {"type": "LineString", "coordinates": [[-80.1949875, 25.754943], [-80.1950641, 25.7548999], [-80.1954954, 25.7547246], [-80.1957526, 25.7546441], [-80.196002, 25.7545975], [-80.1961689, 25.7544959]]}, "properties": {"project": "EC19B03", "date": "19270227", "kind": "Natural.Mean High Water", "source": "T04528"}}, {"type": "Feature", "geometry": {"type": "LineString", "coordinates": [[-80.2228956, 25.7850706], [-80.2224295, 25.7849095], [-80.2221879, 25.7848705], [-80.221913, 25.7848236], [-80.2216884, 25.7847318]]}, "properties": {"project": "EC19B03", "date": "19270227", "kind": "Natural.Mean High Water", "source": "T04528"}}, {"type": "Feature", "geometry": {"type": "LineString", "coordinates": [[-80.2216884, 25.7847318], [-80.2215751, 25.7847043]]}, "properties": {"project": "EC19B03", "date": "19270227", "kind": "Man-made", "source": "T04528"}}, {"type": "Feature", "geometry": {"type": "LineString", "coordinates": [[-80.2215751, 25.7847043], [-80.2213386, 25.784647], [-80.2209223999999, 25.7845314], [-80.2204396, 25.7843627], [-80.2195492, 25.7840709], [-80.2190329, 25.7839323], [-80.2186085, 25.783779], [-80.2183502, 25.7837474], [-80.2181336, 25.7837159], [-80.2179336, 25.7836922], [-80.2178256, 25.7836162], [-80.2175512, 25.7835014], [-80.2174851, 25.7833879], [-80.217269, 25.7832658], [-80.2170693, 25.7831969], [-80.2170271, 25.7832721], [-80.2168855, 25.7832411], [-80.216761, 25.7831726], [-80.2165859, 25.7831564], [-80.2164105, 25.7831933000001], [-80.2162936, 25.7831927], [-80.2160356, 25.7831232], [-80.2159442, 25.7830548], [-80.2159288, 25.7828584], [-80.2158626, 25.7827976], [-80.2158634, 25.7826769], [-80.2157884, 25.7826765], [-80.2156874, 25.7827891], [-80.2155789, 25.7828187], [-80.2153869, 25.782848], [-80.2153455, 25.7827797], [-80.2153131, 25.7826436], [-80.2151132, 25.7825972]]}, "properties": {"project": "EC19B03", "date": "19270227", "kind": "Natural.Mean High Water", "source": "T04528"}}, {"type": "Feature", "geometry": {"type": "LineString", "coordinates": [[-80.2151132, 25.7825972], [-80.2150042, 25.7827024], [-80.2148789, 25.7827168]]}, "properties": {"project": "EC19B03", "date": "19270227", "kind": "Undetermined.Approximate", "source": "T04528"}}, {"type": "Feature", "geometry": {"type": "LineString", "coordinates": [[-80.2009478, 25.7731036], [-80.2007, 25.7727398], [-80.200593, 25.7725202], [-80.2005855, 25.7723993], [-80.2005946, 25.7722862], [-80.2006122, 25.7721503], [-80.2006128, 25.7720598], [-80.2005468999999, 25.7719461], [-80.2004141, 25.7718396], [-80.2002642, 25.7717935], [-80.2001983, 25.7716798], [-80.2002, 25.7714307], [-80.2002586, 25.7714159], [-80.2002508, 25.7713177], [-80.2002016, 25.7711967], [-80.2000691, 25.7710524], [-80.1998788, 25.7708249], [-80.19978, 25.7706431], [-80.1995448, 25.7704535]]}, "properties": {"project": "EC19B03", "date": "19270227", "kind": "Natural.Mean High Water", "source": "T04528"}}, {"type": "Feature", "geometry": {"type": "LineString", "coordinates": [[-80.1995448, 25.7704535], [-80.1995063, 25.7704225], [-80.1993202, 25.770275]]}, "properties": {"project": "EC19B03", "date": "19270227", "kind": "Man-made", "source": "T04528"}}, {"type": "Feature", "geometry": {"type": "LineString", "coordinates": [[-80.2069846, 25.7783245], [-80.2067274, 25.778104], [-80.206578, 25.7780051], [-80.2065284, 25.7779217], [-80.2063121, 25.7778375], [-80.2061873, 25.7778067], [-80.2060045, 25.777715], [-80.2056382, 25.7775998], [-80.205322, 25.7774847], [-80.2051392, 25.777378], [-80.2048227, 25.7773234], [-80.2046733, 25.7772168], [-80.2043403, 25.7771245], [-80.2042412, 25.7769804], [-80.2042755, 25.7768446], [-80.2043014, 25.7767013], [-80.2042272, 25.7765877000001], [-80.2040859, 25.7764962], [-80.2039521, 25.7765485], [-80.2039185, 25.7765936], [-80.2040349, 25.7766319], [-80.2040263, 25.7766922], [-80.2038517, 25.7766158], [-80.2038358, 25.7764873], [-80.2038448, 25.7763893], [-80.2039286, 25.7763217], [-80.2039043, 25.7762235], [-80.2037706, 25.7762454000001], [-80.2037631, 25.7761245], [-80.2036551, 25.7760711], [-80.2035971, 25.776033], [-80.2035978, 25.7759273], [-80.2035316, 25.7758213], [-80.2033902, 25.7757675], [-80.2032649, 25.7757819], [-80.2031821, 25.7756985], [-80.2031495, 25.7756001], [-80.2030497, 25.7755693], [-80.2029669, 25.7754557], [-80.2028088, 25.7754321], [-80.2027677, 25.7753187], [-80.2027101, 25.7752126], [-80.202669, 25.7751218], [-80.20247, 25.7749546], [-80.2023044, 25.7747723], [-80.2020555, 25.7745748], [-80.2018653, 25.7743395], [-80.2017742, 25.7742032]]}, "properties": {"project": "EC19B03", "date": "19270227", "kind": "Natural.Mean High Water", "source": "T04528"}}, {"type": "Feature", "geometry": {"type": "LineString", "coordinates": [[-80.2017742, 25.7742032], [-80.2015753, 25.7740435]]}, "properties": {"project": "EC19B03", "date": "19270227", "kind": "Undetermined.Approximate", "source": "T04528"}}, {"type": "Feature", "geometry": {"type": "LineString", "coordinates": [[-80.2015753, 25.7740435], [-80.2013521, 25.7737402], [-80.2010466, 25.7732703]]}, "properties": {"project": "EC19B03", "date": "19270227", "kind": "Natural.Mean High Water", "source": "T04528"}}, {"type": "Feature", "geometry": {"type": "LineString", "coordinates": [[-80.2010466, 25.7732703], [-80.2009478, 25.7731036]]}, "properties": {"project": "EC19B03", "date": "19270227", "kind": "Undetermined.Approximate", "source": "T04528"}}, {"type": "Feature", "geometry": {"type": "LineString", "coordinates": [[-80.1976982, 25.768925], [-80.1974735, 25.7688634]]}, "properties": {"project": "EC19B03", "date": "19270227", "kind": "Undetermined.Approximate", "source": "T04528"}}, {"type": "Feature", "geometry": {"type": "LineString", "coordinates": [[-80.1974735, 25.7688634], [-80.1973994, 25.768727], [-80.1972328, 25.7686959], [-80.1969829, 25.7686568], [-80.1967078, 25.768625], [-80.196449, 25.7686463], [-80.1960656, 25.7686442], [-80.1957567, 25.7686576], [-80.1955228, 25.7687469], [-80.1952389, 25.7688057], [-80.1948471, 25.7688035], [-80.1946717, 25.7688178], [-80.1946208, 25.7689457], [-80.1944206, 25.7689597], [-80.1942363, 25.7690871], [-80.1942522, 25.7692171], [-80.1940601, 25.7692295], [-80.1938506, 25.7693795], [-80.1937329, 25.7695147], [-80.1935993, 25.7695518]]}, "properties": {"project": "EC19B03", "date": "19270227", "kind": "Natural.Mean High Water", "source": "T04528"}}, {"type": "Feature", "geometry": {"type": "LineString", "coordinates": [[-80.1935993, 25.7695518], [-80.1933639, 25.7698147]]}, "properties": {"project": "EC19B03", "date": "19270227", "kind": "Undetermined.Approximate", "source": "T04528"}}, {"type": "Feature", "geometry": {"type": "LineString", "coordinates": [[-80.1933639, 25.7698147], [-80.1931545, 25.7699495], [-80.1927865, 25.7700985], [-80.1924773, 25.77021], [-80.1922014, 25.7702992], [-80.1920763, 25.7703136], [-80.191893, 25.7702824], [-80.1915268, 25.7701745], [-80.1911272, 25.7700516], [-80.1906364, 25.7698977], [-80.1902534, 25.7698276], [-80.1901527, 25.7698799]]}, "properties": {"project": "EC19B03", "date": "19270227", "kind": "Natural.Mean High Water", "source": "T04528"}}, {"type": "Feature", "geometry": {"type": "LineString", "coordinates": [[-80.1901527, 25.7698799], [-80.1898778, 25.7698559]]}, "properties": {"project": "EC19B03", "date": "19270227", "kind": "Undetermined.Approximate", "source": "T04528"}}, {"type": "Feature", "geometry": {"type": "LineString", "coordinates": [[-80.1993202, 25.770275], [-80.1991993, 25.7701792], [-80.1987846, 25.7698371], [-80.1987775, 25.7696634], [-80.1986034, 25.7695114], [-80.1984705, 25.7694201], [-80.1982958, 25.7693436], [-80.197964, 25.7690775], [-80.1979315, 25.7689489], [-80.1976982, 25.768925]]}, "properties": {"project": "EC19B03", "date": "19270227", "kind": "Natural.Mean High Water", "source": "T04528"}}, {"type": "Feature", "geometry": {"type": "LineString", "coordinates": [[-80.2150529, 25.7410708], [-80.2152808, 25.7408397], [-80.2156, 25.7405201], [-80.2157746, 25.7403638], [-80.2159266, 25.7402073], [-80.2158871, 25.7404739], [-80.2158486, 25.7405898], [-80.2159152999999, 25.7407816], [-80.2160802, 25.7409466], [-80.2163663, 25.7410506], [-80.2164413, 25.7411262], [-80.2164478, 25.7412765], [-80.2165376, 25.7414207], [-80.216582, 25.7415370000001], [-80.2165047, 25.741817], [-80.2164809, 25.7419945], [-80.2162999, 25.7419662], [-80.2161934, 25.7420887], [-80.2161094, 25.7422249], [-80.2160785, 25.7423479], [-80.2160776, 25.7424914], [-80.2159863, 25.7426072], [-80.2159251, 25.7427162], [-80.2158268, 25.7427636], [-80.2156991, 25.7426602], [-80.2155945, 25.7424957], [-80.2154146, 25.7423101], [-80.2152199, 25.7420766], [-80.2151829, 25.7419739], [-80.2152522, 25.7417623], [-80.2152536, 25.7415504], [-80.2152092, 25.7413929000001], [-80.2150669, 25.7412828], [-80.2148781, 25.7412477], [-80.2147876, 25.7412472], [-80.2146364, 25.7412941], [-80.2145533, 25.7413006], [-80.2144933, 25.741232], [-80.2145088, 25.7411637], [-80.2146598, 25.7411576], [-80.2147656, 25.7411581], [-80.214826, 25.7411516], [-80.2149468, 25.7411387], [-80.2149997, 25.7411322]]}, "properties": {"project": "EC19B03", "date": "19270227", "kind": "Natural.Mean High Water", "source": "T04528"}}, {"type": "Feature", "geometry": {"type": "LineString", "coordinates": [[-80.2150529, 25.7410708], [-80.2149997, 25.7411322]]}, "properties": {"project": "EC19B03", "date": "19270227", "kind": "Undetermined.Approximate", "source": "T04528"}}, {"type": "Feature", "geometry": {"type": "LineString", "coordinates": [[-80.2320381, 25.7322893], [-80.2322204, 25.732286]]}, "properties": {"project": "EC19B03", "date": "19270227", "kind": "Undetermined.Approximate", "source": "T04528"}}, {"type": "Feature", "geometry": {"type": "LineString", "coordinates": [[-80.2324592, 25.731828], [-80.2330237, 25.7323326]]}, "properties": {"project": "EC19B03", "date": "19270227", "kind": "Undetermined Alongshore Feature", "source": "T04528"}}, {"type": "Feature", "geometry": {"type": "LineString", "coordinates": [[-80.2317526, 25.7322563], [-80.2317393, 25.7323717], [-80.2320326, 25.7325178], [-80.2320381, 25.7322728], [-80.232048, 25.7320883], [-80.2317699, 25.7320804], [-80.2317526, 25.7322563]]}, "properties": {"project": "EC19B03", "date": "19270227", "kind": "Undetermined Alongshore Feature", "source": "T04528"}}, {"type": "Feature", "geometry": {"type": "LineString", "coordinates": [[-80.2394873, 25.7834742], [-80.2392121, 25.7834803], [-80.2389034, 25.7834863], [-80.2385272, 25.7836203], [-80.2380912, 25.7839804], [-80.2376963, 25.784424], [-80.2375533, 25.7846044], [-80.2373856, 25.7847395], [-80.2370176, 25.7849036], [-80.2366841, 25.7849018], [-80.2364762, 25.7847951], [-80.236268, 25.7847563], [-80.2359924, 25.784785], [-80.2358754, 25.7848448], [-80.2355994, 25.7849491], [-80.2352903, 25.7850305], [-80.2349815, 25.785059], [-80.2347648, 25.7850353], [-80.2343492, 25.7848141], [-80.234083, 25.7847146], [-80.2336996, 25.7846898], [-80.2332908, 25.7846877], [-80.2329314999999, 25.784784], [-80.2326218, 25.784941], [-80.2324378, 25.7850154], [-80.2322793, 25.7850372], [-80.2320457, 25.7850285], [-80.2317709, 25.7849667], [-80.2315457, 25.784973]]}, "properties": {"project": "EC19B03", "date": "19270227", "kind": "Natural.Mean High Water", "source": "T04528"}}, {"type": "Feature", "geometry": {"type": "LineString", "coordinates": [[-80.24, 25.79283448589693], [-80.2399491, 25.792806]]}, "properties": {"project": "EC19B03", "date": "19270227", "kind": "Natural.Mean High Water", "source": "T04528"}}, {"type": "Feature", "geometry": {"type": "LineString", "coordinates": [[-80.24, 25.783561689463166], [-80.2399287, 25.7835521], [-80.2396957, 25.7834904]]}, "properties": {"project": "EC19B03", "date": "19270227", "kind": "Natural.Mean High Water", "source": "T04528"}}, {"type": "Feature", "geometry": {"type": "LineString", "coordinates": [[-80.2396957, 25.7834904], [-80.2394873, 25.7834742]]}, "properties": {"project": "EC19B03", "date": "19270227", "kind": "Undetermined.Approximate", "source": "T04528"}}, {"type": "Feature", "geometry": {"type": "LineString", "coordinates": [[-80.2315457, 25.784973], [-80.2312953, 25.7849792]]}, "properties": {"project": "EC19B03", "date": "19270227", "kind": "Undetermined.Approximate", "source": "T04528"}}, {"type": "Feature", "geometry": {"type": "LineString", "coordinates": [[-80.2312953, 25.7849792], [-80.2310283, 25.785008], [-80.2307782, 25.7849916], [-80.2305119, 25.784877], [-80.2300879, 25.7846708], [-80.2299048, 25.7846094], [-80.2296629, 25.7846081], [-80.2293624, 25.7846595], [-80.229078, 25.7847787], [-80.2283833, 25.7851903], [-80.227872, 25.7855425], [-80.2274196, 25.7858498000001], [-80.227277, 25.7859699], [-80.2271677, 25.7861128], [-80.2269408, 25.7863381], [-80.2267079, 25.7862688], [-80.2264168, 25.7861541], [-80.2263172, 25.7860627], [-80.2260001, 25.7861066], [-80.2255243, 25.7861342], [-80.2251572, 25.7861549], [-80.2247649, 25.7861906], [-80.2246063, 25.7862274], [-80.2241646, 25.7861572], [-80.2239568, 25.7860427], [-80.223716, 25.7858829], [-80.2235169, 25.7857309], [-80.2232926, 25.7855937]]}, "properties": {"project": "EC19B03", "date": "19270227", "kind": "Natural.Mean High Water", "source": "T04528"}}, {"type": "Feature", "geometry": {"type": "LineString", "coordinates": [[-80.2232926, 25.7855937], [-80.2228956, 25.7850706]]}, "properties": {"project": "EC19B03", "date": "19270227", "kind": "Undetermined.Approximate", "source": "T04528"}}, {"type": "Feature", "geometry": {"type": "LineString", "coordinates": [[-80.2071673, 25.7784387], [-80.2069846, 25.7783245]]}, "properties": {"project": "EC19B03", "date": "19270227", "kind": "Undetermined.Approximate", "source": "T04528"}}, {"type": "Feature", "geometry": {"type": "LineString", "coordinates": [[-80.2088223, 25.7391392], [-80.2088881, 25.739342], [-80.2090763, 25.7396062], [-80.2092082, 25.7399206], [-80.209318, 25.7402147], [-80.209339, 25.7404172], [-80.209304, 25.7406497], [-80.2093138, 25.7408521], [-80.2094368, 25.7408426], [-80.2096167, 25.7406717], [-80.2097636, 25.7404396], [-80.2097223, 25.7399134], [-80.2096583, 25.7394576], [-80.209448, 25.7391528], [-80.2093035, 25.7390408], [-80.2090915, 25.7389889], [-80.208924, 25.7389982], [-80.2088223, 25.7391392]]}, "properties": {"project": "EC19B03", "date": "19270227", "kind": "Natural.Mean High Water", "source": "T04528"}}, {"type": "Feature", "geometry": {"type": "LineString", "coordinates": [[-80.216918, 25.7369405], [-80.2170728, 25.7372251], [-80.2174986, 25.7375772], [-80.2177071, 25.7376445], [-80.2182499, 25.7376569], [-80.2188162, 25.7372911], [-80.2198143, 25.7363506], [-80.2205506, 25.7355412], [-80.2205626, 25.7352954], [-80.2205432, 25.7350683], [-80.2203987, 25.7348122], [-80.2201292, 25.734508], [-80.2197542, 25.7343547], [-80.2193054, 25.734324], [-80.2190543, 25.7344078], [-80.2184983, 25.734802], [-80.2177732, 25.7355075], [-80.2170475, 25.7362696], [-80.2168899, 25.7364484], [-80.2168676, 25.736647], [-80.2168663, 25.7368457], [-80.216918, 25.7369405]]}, "properties": {"project": "EC19B03", "date": "19270227", "kind": "Natural.Mean High Water", "source": "T04528"}}, {"type": "Feature", "geometry": {"type": "LineString", "coordinates": [[-80.2099028, 25.7442369], [-80.2101277, 25.7441681], [-80.2102525, 25.7440145], [-80.2102066, 25.7439441], [-80.2100358, 25.7440133], [-80.2098803, 25.7441317], [-80.2099028, 25.7442369]]}, "properties": {"project": "EC19B03", "date": "19270227", "kind": "Natural.Mean High Water", "source": "T04528"}}, {"type": "Feature", "geometry": {"type": "MultiLineString", "coordinates": [[[-80.2096907, 25.744684], [-80.209684, 25.7445582]], [[-80.209684, 25.7445582], [-80.209685, 25.7444181], [-80.209522, 25.744466], [-80.2095214, 25.7445433], [-80.209684, 25.7445582]]]}, "properties": {"project": "EC19B03", "date": "19270227", "kind": "Undetermined Alongshore Feature", "source": "T04528"}}, {"type": "Feature", "geometry": {"type": "LineString", "coordinates": [[-80.202836, 25.7388233], [-80.2029472, 25.7388948], [-80.2030581, 25.7390269], [-80.2031582, 25.739078], [-80.2033258, 25.739079], [-80.2035161, 25.7390294], [-80.203729, 25.7389294], [-80.2039647, 25.7387789], [-80.2040662, 25.7386176], [-80.2040451, 25.7384555], [-80.2039569, 25.7382526], [-80.2038795, 25.7381612], [-80.2037011, 25.7380893], [-80.2034437, 25.7381588], [-80.2031071, 25.7383694], [-80.2029385, 25.7385203], [-80.2028369, 25.7386817], [-80.202836, 25.7388233]]}, "properties": {"project": "EC19B03", "date": "19270227", "kind": "Natural.Mean High Water", "source": "T04528"}}, {"type": "Feature", "geometry": {"type": "LineString", "coordinates": [[-80.2036519, 25.7404368], [-80.2038292, 25.7406503], [-80.204075, 25.7406517], [-80.2043777, 25.7405115], [-80.2045353, 25.7403404], [-80.2046144, 25.7401891], [-80.2045263, 25.7399963], [-80.2042044, 25.7396909], [-80.2040356, 25.7398825], [-80.2038445, 25.7400532], [-80.2036866, 25.7402649], [-80.2036519, 25.7404368]]}, "properties": {"project": "EC19B03", "date": "19270227", "kind": "Natural.Mean High Water", "source": "T04528"}}, {"type": "Feature", "geometry": {"type": "LineString", "coordinates": [[-80.1947493, 25.7548201], [-80.1949875, 25.754943]]}, "properties": {"project": "EC19B03", "date": "19270227", "kind": "Undetermined Alongshore Feature", "source": "T04528"}}, {"type": "Feature", "geometry": {"type": "LineString", "coordinates": [[-80.1959118, 25.7542174], [-80.1961689, 25.7544959]]}, "properties": {"project": "EC19B03", "date": "19270227", "kind": "Undetermined Alongshore Feature", "source": "T04528"}}, {"type": "Feature", "geometry": {"type": "LineString", "coordinates": [[-80.1968379, 25.753417], [-80.1970781, 25.7536799]]}, "properties": {"project": "EC19B03", "date": "19270227", "kind": "Undetermined Alongshore Feature", "source": "T04528"}}, {"type": "Feature", "geometry": {"type": "LineString", "coordinates": [[-80.1973168, 25.7529419], [-80.1976817, 25.7532772]]}, "properties": {"project": "EC19B03", "date": "19270227", "kind": "Undetermined Alongshore Feature", "source": "T04528"}}, {"type": "Feature", "geometry": {"type": "LineString", "coordinates": [[-80.1890137, 25.7597943], [-80.1891768, 25.7597771]]}, "properties": {"project": "EC19B03", "date": "19270227", "kind": "Undetermined Alongshore Feature", "source": "T04528"}}, {"type": "Feature", "geometry": {"type": "LineString", "coordinates": [[-80.1890613, 25.7601653], [-80.1894425, 25.7602633]]}, "properties": {"project": "EC19B03", "date": "19270227", "kind": "Undetermined Alongshore Feature", "source": "T04528"}}, {"type": "Feature", "geometry": {"type": "LineString", "coordinates": [[-80.189082, 25.7607931], [-80.1891248, 25.7606496], [-80.1893947, 25.7606605]]}, "properties": {"project": "EC19B03", "date": "19270227", "kind": "Undetermined Alongshore Feature", "source": "T04528"}}, {"type": "Feature", "geometry": {"type": "LineString", "coordinates": [[-80.1877038, 25.7713005], [-80.1879825, 25.7715816]]}, "properties": {"project": "EC19B03", "date": "19270227", "kind": "Undetermined Alongshore Feature", "source": "T04528"}}, {"type": "Feature", "geometry": {"type": "LineString", "coordinates": [[-80.1861429, 25.7685296], [-80.1862949, 25.7688428], [-80.1864764, 25.7691363], [-80.1867911, 25.7692774], [-80.1870772, 25.7692924], [-80.1872749, 25.76934], [-80.1874808, 25.7692947], [-80.18738, 25.768995], [-80.1872214, 25.7685887], [-80.1872517, 25.7684494], [-80.1871787, 25.7683959], [-80.1871056, 25.7683421], [-80.1870553, 25.7681958], [-80.1870343, 25.7680428], [-80.1869542, 25.7679427], [-80.1867033, 25.768134], [-80.1864085, 25.768325], [-80.1862832, 25.768404], [-80.1861581, 25.7684566], [-80.1861429, 25.7685296]]}, "properties": {"project": "EC19B03", "date": "19270227", "kind": "Natural.Mean High Water", "source": "T04528"}}, {"type": "Feature", "geometry": {"type": "LineString", "coordinates": [[-80.1881151, 25.7709114], [-80.1863133, 25.7715484]]}, "properties": {"project": "EC19B03", "date": "19270227", "kind": "Undetermined Alongshore Feature", "source": "T04528"}}, {"type": "Feature", "geometry": {"type": "LineString", "coordinates": [[-80.1879082, 25.7712305], [-80.1881364, 25.7714297]]}, "properties": {"project": "EC19B03", "date": "19270227", "kind": "Undetermined Alongshore Feature", "source": "T04528"}}, {"type": "Feature", "geometry": {"type": "LineString", "coordinates": [[-80.187554, 25.7714062], [-80.1878457, 25.7716829]]}, "properties": {"project": "EC19B03", "date": "19270227", "kind": "Undetermined Alongshore Feature", "source": "T04528"}}, {"type": "Feature", "geometry": {"type": "LineString", "coordinates": [[-80.1874046, 25.7714622], [-80.1877283, 25.77177]]}, "properties": {"project": "EC19B03", "date": "19270227", "kind": "Undetermined Alongshore Feature", "source": "T04528"}}, {"type": "Feature", "geometry": {"type": "LineString", "coordinates": [[-80.1872235, 25.7715677], [-80.1875728, 25.7718746]]}, "properties": {"project": "EC19B03", "date": "19270227", "kind": "Undetermined Alongshore Feature", "source": "T04528"}}, {"type": "Feature", "geometry": {"type": "LineString", "coordinates": [[-80.1869955, 25.7716161], [-80.187412, 25.7719777]]}, "properties": {"project": "EC19B03", "date": "19270227", "kind": "Undetermined Alongshore Feature", "source": "T04528"}}, {"type": "Feature", "geometry": {"type": "LineString", "coordinates": [[-80.1868301, 25.7717219], [-80.187272, 25.7720673]]}, "properties": {"project": "EC19B03", "date": "19270227", "kind": "Undetermined Alongshore Feature", "source": "T04528"}}, {"type": "Feature", "geometry": {"type": "LineString", "coordinates": [[-80.1866412, 25.7717918], [-80.1871036, 25.7721752]]}, "properties": {"project": "EC19B03", "date": "19270227", "kind": "Undetermined Alongshore Feature", "source": "T04528"}}, {"type": "Feature", "geometry": {"type": "LineString", "coordinates": [[-80.1864761, 25.7718619], [-80.1869051, 25.772224]]}, "properties": {"project": "EC19B03", "date": "19270227", "kind": "Undetermined Alongshore Feature", "source": "T04528"}}, {"type": "Feature", "geometry": {"type": "LineString", "coordinates": [[-80.1862717, 25.7719105], [-80.1866537, 25.7722704]]}, "properties": {"project": "EC19B03", "date": "19270227", "kind": "Undetermined Alongshore Feature", "source": "T04528"}}, {"type": "Feature", "geometry": {"type": "LineString", "coordinates": [[-80.1853874, 25.7739624], [-80.1852781, 25.7739603], [-80.1852612, 25.7741716], [-80.185378, 25.7741669]]}, "properties": {"project": "EC19B03", "date": "19270227", "kind": "Undetermined Alongshore Feature", "source": "T04528"}}, {"type": "Feature", "geometry": {"type": "LineString", "coordinates": [[-80.1854268, 25.7761434], [-80.1852554, 25.7761376], [-80.1852853, 25.7763349], [-80.1854477, 25.7763521]]}, "properties": {"project": "EC19B03", "date": "19270227", "kind": "Undetermined Alongshore Feature", "source": "T04528"}}, {"type": "Feature", "geometry": {"type": "LineString", "coordinates": [[-80.1854268, 25.7805657], [-80.1854701, 25.7809726], [-80.1854569, 25.781202], [-80.1854207, 25.7814625], [-80.1854655, 25.7816503], [-80.1855099, 25.7818695], [-80.1855319, 25.782026], [-80.1856348, 25.7821412], [-80.1857044, 25.782079], [-80.1857975, 25.7819128], [-80.1858673, 25.7818089], [-80.1858223, 25.7816626], [-80.1859044, 25.7814547], [-80.1860797, 25.781101], [-80.1861263, 25.7810073], [-80.1862302, 25.780956], [-80.1863116, 25.7808313], [-80.1862892, 25.7807374], [-80.186186, 25.7806742], [-80.1859912, 25.7805376], [-80.1858303, 25.7804843], [-80.1856229, 25.7805147], [-80.1854268, 25.7805657]]}, "properties": {"project": "EC19B03", "date": "19270227", "kind": "Natural.Mean High Water", "source": "T04528"}}, {"type": "Feature", "geometry": {"type": "LineString", "coordinates": [[-80.1853833, 25.7801901], [-80.1864022, 25.7801591]]}, "properties": {"project": "EC19B03", "date": "19270227", "kind": "Undetermined Alongshore Feature", "source": "T04528"}}, {"type": "Feature", "geometry": {"type": "LineString", "coordinates": [[-80.1863485, 25.7785183], [-80.1852902, 25.7786255]]}, "properties": {"project": "EC19B03", "date": "19270227", "kind": "Undetermined Alongshore Feature", "source": "T04528"}}, {"type": "Feature", "geometry": {"type": "LineString", "coordinates": [[-80.1852902, 25.7786255], [-80.1852683, 25.7784899]]}, "properties": {"project": "EC19B03", "date": "19270227", "kind": "Undetermined Alongshore Feature", "source": "T04528"}}, {"type": "Feature", "geometry": {"type": "LineString", "coordinates": [[-80.1853051, 25.7781669], [-80.1852863, 25.7777117]]}, "properties": {"project": "EC19B03", "date": "19270227", "kind": "Undetermined Alongshore Feature", "source": "T04528"}}, {"type": "Feature", "geometry": {"type": "LineString", "coordinates": [[-80.1855568, 25.7778486], [-80.1855471, 25.7781161]]}, "properties": {"project": "EC19B03", "date": "19270227", "kind": "Undetermined Alongshore Feature", "source": "T04528"}}, {"type": "Feature", "geometry": {"type": "LineString", "coordinates": [[-80.1857572, 25.7779308], [-80.1857428, 25.7781276]]}, "properties": {"project": "EC19B03", "date": "19270227", "kind": "Undetermined Alongshore Feature", "source": "T04528"}}, {"type": "Feature", "geometry": {"type": "LineString", "coordinates": [[-80.1859133, 25.7779936], [-80.1858925, 25.7781181]]}, "properties": {"project": "EC19B03", "date": "19270227", "kind": "Undetermined Alongshore Feature", "source": "T04528"}}, {"type": "Feature", "geometry": {"type": "LineString", "coordinates": [[-80.1860696, 25.7780547], [-80.1860535, 25.7781607]]}, "properties": {"project": "EC19B03", "date": "19270227", "kind": "Undetermined Alongshore Feature", "source": "T04528"}}, {"type": "Feature", "geometry": {"type": "LineString", "coordinates": [[-80.1757358999999, 25.7775934], [-80.1755295, 25.7774517], [-80.1752709, 25.7773678], [-80.175064, 25.7773081], [-80.1747779, 25.7774474], [-80.1746342, 25.7776224], [-80.1747108, 25.7777872], [-80.1746837, 25.7779512], [-80.1745918, 25.7781267], [-80.1745774, 25.7783495], [-80.174706, 25.7784793], [-80.1750283, 25.7787275], [-80.17539, 25.7788821], [-80.1755845, 25.7788832], [-80.1758440999999, 25.7788142], [-80.1760264, 25.7786746], [-80.176209, 25.7785231], [-80.1762755, 25.7782653], [-80.1762123, 25.778042], [-80.176006, 25.7778883], [-80.1758907, 25.7776999], [-80.1757358999999, 25.7775934]]}, "properties": {"project": "EC19B03", "date": "19270227", "kind": "Natural.Mean High Water", "source": "T04528"}}, {"type": "Feature", "geometry": {"type": "LineString", "coordinates": [[-80.1771497, 25.7792792], [-80.1772531, 25.7793385], [-80.1774075, 25.7794802], [-80.1776665, 25.7795051], [-80.1779253, 25.7795769], [-80.1780282, 25.7796715], [-80.1781821, 25.7799187], [-80.1784915, 25.7801669], [-80.1785944, 25.7802729], [-80.1787612, 25.7805087], [-80.1789935, 25.780639], [-80.1791349, 25.7808158], [-80.1792521, 25.7807226], [-80.1795252, 25.7805833], [-80.179656, 25.7804081], [-80.1796576, 25.7801735], [-80.1795816, 25.7799266], [-80.1794146, 25.7797145], [-80.1792471, 25.7795727], [-80.1790919, 25.7795131], [-80.1790809, 25.7792432], [-80.1789786, 25.7790549], [-80.1788496, 25.7789721], [-80.1786033, 25.7789707], [-80.1783691, 25.7790985], [-80.1782, 25.7791913], [-80.1780967, 25.7791555], [-80.177968, 25.7790258], [-80.1777224, 25.7789305], [-80.1773856, 25.7789052], [-80.177191, 25.7789275], [-80.1770477, 25.7790792], [-80.1770857, 25.779185], [-80.1771497, 25.7792792]]}, "properties": {"project": "EC19B03", "date": "19270227", "kind": "Natural.Mean High Water", "source": "T04528"}}, {"type": "Feature", "geometry": {"type": "LineString", "coordinates": [[-80.1810937, 25.7831074], [-80.1811802, 25.7832663], [-80.1812863, 25.7833989], [-80.1814417, 25.7834085], [-80.1815586, 25.7833476], [-80.1815602, 25.7831189], [-80.1815321, 25.782969], [-80.181377, 25.7828979], [-80.1812118, 25.7829055], [-80.1811041, 25.7830194], [-80.1810937, 25.7831074]]}, "properties": {"project": "EC19B03", "date": "19270227", "kind": "Natural.Mean High Water", "source": "T04528"}}, {"type": "Feature", "geometry": {"type": "LineString", "coordinates": [[-80.1825047, 25.7828777], [-80.1825128, 25.7831066], [-80.1826575, 25.783301], [-80.1828312, 25.7834515], [-80.1829765, 25.7835318], [-80.1831708, 25.7835329], [-80.183492, 25.7834728], [-80.1837846, 25.7833425], [-80.1841265, 25.7830629], [-80.1843225, 25.7828351], [-80.1844889, 25.7826601], [-80.1845093, 25.7825281], [-80.184471, 25.7824401], [-80.1842375, 25.7824827], [-80.1841312, 25.7823765], [-80.1839577, 25.782182], [-80.1837738, 25.7820753], [-80.1836185, 25.7820304], [-80.1834243, 25.7820029], [-80.1830935999999, 25.782045], [-80.1828691, 25.7821846000001], [-80.182634, 25.7824385], [-80.1825258, 25.7826403], [-80.1825047, 25.7828777]]}, "properties": {"project": "EC19B03", "date": "19270227", "kind": "Natural.Mean High Water", "source": "T04528"}}, {"type": "Feature", "geometry": {"type": "LineString", "coordinates": [[-80.167879, 25.7917358], [-80.1686653, 25.7915864], [-80.1696972, 25.7915538], [-80.1702631, 25.7914548], [-80.1705746, 25.7913671], [-80.1708598, 25.7909977], [-80.1710025, 25.790781], [-80.1710037, 25.7906148]]}, "properties": {"project": "EC19B03", "date": "19270227", "kind": "Natural.Mean High Water", "source": "T04528"}}, {"type": "Feature", "geometry": {"type": "LineString", "coordinates": [[-80.1710037, 25.7906148], [-80.1710048, 25.7904612]]}, "properties": {"project": "EC19B03", "date": "19270227", "kind": "Undetermined.Approximate", "source": "T04528"}}, {"type": "Feature", "geometry": {"type": "LineString", "coordinates": [[-80.1710048, 25.7904612], [-80.1709077, 25.7902049], [-80.1706136, 25.7898193], [-80.1702471, 25.7896895], [-80.1698234999999, 25.7896229], [-80.1691312, 25.7896189000001], [-80.1685371, 25.789705], [-80.1677658, 25.7897252]]}, "properties": {"project": "EC19B03", "date": "19270227", "kind": "Natural.Mean High Water", "source": "T04528"}}, {"type": "Feature", "geometry": {"type": "LineString", "coordinates": [[-80.175316, 25.7902938], [-80.1747797, 25.7902013], [-80.17447, 25.7900331], [-80.1741752, 25.78975], [-80.1739928, 25.7895442], [-80.1737108, 25.789466], [-80.1732869, 25.7894636], [-80.1724814, 25.7894717], [-80.1721845, 25.7894828], [-80.1718590999999, 25.789545], [-80.1716181, 25.7896587], [-80.1714746, 25.7899649], [-80.1714855, 25.7904127]]}, "properties": {"project": "EC19B03", "date": "19270227", "kind": "Natural.Mean High Water", "source": "T04528"}}, {"type": "Feature", "geometry": {"type": "LineString", "coordinates": [[-80.1714855, 25.7904127], [-80.1714985, 25.790592]]}, "properties": {"project": "EC19B03", "date": "19270227", "kind": "Undetermined.Approximate", "source": "T04528"}}, {"type": "Feature", "geometry": {"type": "LineString", "coordinates": [[-80.1714985, 25.790592], [-80.171496, 25.7909501], [-80.1715511, 25.791155], [-80.1717336, 25.7913225], [-80.1719308, 25.791426], [-80.1720861, 25.7914525], [-80.1725102, 25.7914164], [-80.1729911, 25.7913553], [-80.1740086, 25.7913482], [-80.1764538, 25.7912725], [-80.1784751, 25.7912072], [-80.1792526, 25.7911604], [-80.1793943, 25.79111], [-80.179452, 25.790944], [-80.1794543, 25.7906115], [-80.1794564, 25.7903044]]}, "properties": {"project": "EC19B03", "date": "19270227", "kind": "Natural.Mean High Water", "source": "T04528"}}, {"type": "Feature", "geometry": {"type": "LineString", "coordinates": [[-80.1794564, 25.7903044], [-80.175316, 25.7902938]]}, "properties": {"project": "EC19B03", "date": "19270227", "kind": "Undetermined.Approximate", "source": "T04528"}}, {"type": "Feature", "geometry": {"type": "LineString", "coordinates": [[-80.1865945, 25.7976069], [-80.1870056, 25.7976323]]}, "properties": {"project": "EC19B03", "date": "19270227", "kind": "Undetermined Alongshore Feature", "source": "T04528"}}, {"type": "Feature", "geometry": {"type": "LineString", "coordinates": [[-80.1866505, 25.7965009], [-80.1871184, 25.7965151]]}, "properties": {"project": "EC19B03", "date": "19270227", "kind": "Undetermined Alongshore Feature", "source": "T04528"}}, {"type": "Feature", "geometry": {"type": "LineString", "coordinates": [[-80.1861593, 25.7940008], [-80.1861719, 25.7939242], [-80.1863503, 25.7939364]]}, "properties": {"project": "EC19B03", "date": "19270227", "kind": "Undetermined Alongshore Feature", "source": "T04528"}}, {"type": "Feature", "geometry": {"type": "LineString", "coordinates": [[-80.1864883, 25.8082835], [-80.1868355, 25.808324]]}, "properties": {"project": "EC19B03", "date": "19270227", "kind": "Undetermined Alongshore Feature", "source": "T04528"}}, {"type": "Feature", "geometry": {"type": "LineString", "coordinates": [[-80.1853143, 25.7792831], [-80.1863731, 25.7792686]]}, "properties": {"project": "EC19B03", "date": "19270227", "kind": "Undetermined Alongshore Feature", "source": "T04528"}}, {"type": "Feature", "geometry": {"type": "LineString", "coordinates": [[-80.1854196, 25.7799191], [-80.1863938, 25.7799018]]}, "properties": {"project": "EC19B03", "date": "19270227", "kind": "Undetermined Alongshore Feature", "source": "T04528"}}, {"type": "Feature", "geometry": {"type": "LineString", "coordinates": [[-80.185329, 25.7796998], [-80.1863866, 25.7796852]]}, "properties": {"project": "EC19B03", "date": "19270227", "kind": "Undetermined Alongshore Feature", "source": "T04528"}}, {"type": "Feature", "geometry": {"type": "LineString", "coordinates": [[-80.1853191, 25.7794703], [-80.1853143, 25.7792831]]}, "properties": {"project": "EC19B03", "date": "19270227", "kind": "Undetermined Alongshore Feature", "source": "T04528"}}, {"type": "Feature", "geometry": {"type": "LineString", "coordinates": [[-80.1893947, 25.7606605], [-80.1893985, 25.7606029], [-80.1894425, 25.7602633]]}, "properties": {"project": "EC19B03", "date": "19270227", "kind": "Natural.Mean High Water", "source": "T04528"}}, {"type": "Feature", "geometry": {"type": "LineString", "coordinates": [[-80.1894425, 25.7602633], [-80.1894848, 25.7601577], [-80.1892939, 25.7600358], [-80.1891953, 25.7598314], [-80.1891768, 25.7597771]]}, "properties": {"project": "EC19B03", "date": "19270227", "kind": "Man-made", "source": "T04528"}}, {"type": "Feature", "geometry": {"type": "LineString", "coordinates": [[-80.1881151, 25.7709114], [-80.1885695, 25.7707284], [-80.1889153, 25.7706132], [-80.1893156, 25.7704299], [-80.1896391, 25.7704317], [-80.1899411, 25.7704334]]}, "properties": {"project": "EC19B03", "date": "19270227", "kind": "Natural.Mean High Water", "source": "T04528"}}, {"type": "Feature", "geometry": {"type": "LineString", "coordinates": [[-80.1732789, 25.7951468], [-80.1734005, 25.7951919], [-80.1735144, 25.7951926], [-80.173572, 25.7950896], [-80.1736213, 25.7949943], [-80.1736948, 25.7949579], [-80.1737198, 25.794855], [-80.1733293, 25.794919], [-80.1732798, 25.795007], [-80.1732789, 25.7951468]]}, "properties": {"project": "EC19B03", "date": "19270227", "kind": "Natural.Mean High Water", "source": "T04528"}}, {"type": "Feature", "geometry": {"type": "LineString", "coordinates": [[-80.2368531, 25.7919328], [-80.2369894, 25.7919335]]}, "properties": {"project": "EC19B03", "date": "19270227", "kind": "Undetermined.Approximate", "source": "T04528"}}, {"type": "Feature", "geometry": {"type": "LineString", "coordinates": [[-80.2369894, 25.7919335], [-80.2373458, 25.7918873], [-80.2375884, 25.7918406], [-80.2373695, 25.7917297], [-80.2371283, 25.7915296], [-80.2369402, 25.7913436], [-80.2366682, 25.7912255], [-80.2362079, 25.7909626], [-80.2359893, 25.7908106], [-80.2358909, 25.7907827]]}, "properties": {"project": "EC19B03", "date": "19270227", "kind": "Natural.Mean High Water", "source": "T04528"}}, {"type": "Feature", "geometry": {"type": "LineString", "coordinates": [[-80.1881364, 25.7714297], [-80.1881768, 25.7713806], [-80.1881576, 25.7710387], [-80.1881151, 25.7709114]]}, "properties": {"project": "EC19B03", "date": "19270227", "kind": "Natural.Mean High Water", "source": "T04528"}}, {"type": "Feature", "geometry": {"type": "LineString", "coordinates": [[-80.1879825, 25.7715816], [-80.188057, 25.7715264], [-80.1881364, 25.7714297]]}, "properties": {"project": "EC19B03", "date": "19270227", "kind": "Natural.Mean High Water", "source": "T04528"}}, {"type": "Feature", "geometry": {"type": "LineString", "coordinates": [[-80.1878457, 25.7716829], [-80.1879825, 25.7715816]]}, "properties": {"project": "EC19B03", "date": "19270227", "kind": "Natural.Mean High Water", "source": "T04528"}}, {"type": "Feature", "geometry": {"type": "LineString", "coordinates": [[-80.1877283, 25.77177], [-80.1878457, 25.7716829]]}, "properties": {"project": "EC19B03", "date": "19270227", "kind": "Natural.Mean High Water", "source": "T04528"}}, {"type": "Feature", "geometry": {"type": "LineString", "coordinates": [[-80.1875728, 25.7718746], [-80.1876777, 25.7718074], [-80.1877283, 25.77177]]}, "properties": {"project": "EC19B03", "date": "19270227", "kind": "Natural.Mean High Water", "source": "T04528"}}, {"type": "Feature", "geometry": {"type": "LineString", "coordinates": [[-80.187412, 25.7719777], [-80.1875728, 25.7718746]]}, "properties": {"project": "EC19B03", "date": "19270227", "kind": "Natural.Mean High Water", "source": "T04528"}}, {"type": "Feature", "geometry": {"type": "LineString", "coordinates": [[-80.187272, 25.7720673], [-80.187412, 25.7719777]]}, "properties": {"project": "EC19B03", "date": "19270227", "kind": "Natural.Mean High Water", "source": "T04528"}}, {"type": "Feature", "geometry": {"type": "LineString", "coordinates": [[-80.1871036, 25.7721752], [-80.187272, 25.7720673]]}, "properties": {"project": "EC19B03", "date": "19270227", "kind": "Natural.Mean High Water", "source": "T04528"}}, {"type": "Feature", "geometry": {"type": "LineString", "coordinates": [[-80.1869051, 25.772224], [-80.1871036, 25.7721752]]}, "properties": {"project": "EC19B03", "date": "19270227", "kind": "Natural.Mean High Water", "source": "T04528"}}, {"type": "Feature", "geometry": {"type": "LineString", "coordinates": [[-80.1866537, 25.7722704], [-80.1867148, 25.7722707], [-80.1869051, 25.772224]]}, "properties": {"project": "EC19B03", "date": "19270227", "kind": "Natural.Mean High Water", "source": "T04528"}}, {"type": "Feature", "geometry": {"type": "LineString", "coordinates": [[-80.1898778, 25.7698559], [-80.1895857, 25.7698693], [-80.1893935, 25.7699286], [-80.1890512, 25.769972], [-80.1887679, 25.7699704], [-80.1885845, 25.7699392], [-80.188252, 25.7697637], [-80.1880785, 25.7695438], [-80.1880217, 25.7692942], [-80.1880559, 25.7691659], [-80.1881607, 25.7684944], [-80.1882647, 25.7679062], [-80.1883369, 25.7671136], [-80.1885087, 25.7663746], [-80.1885315, 25.7661518]]}, "properties": {"project": "EC19B03", "date": "19270227", "kind": "Natural.Mean High Water", "source": "T04528"}}, {"type": "Feature", "geometry": {"type": "LineString", "coordinates": [[-80.1885315, 25.7661518], [-80.1885561, 25.7659097]]}, "properties": {"project": "EC19B03", "date": "19270227", "kind": "Man-made", "source": "T04528"}}, {"type": "Feature", "geometry": {"type": "LineString", "coordinates": [[-80.2148499, 25.7409673], [-80.2146853, 25.7409478], [-80.2144904, 25.7408878], [-80.2143825, 25.7408233], [-80.2143543, 25.7409707], [-80.214223, 25.7411076], [-80.2140814, 25.7411805], [-80.2137124, 25.7411735], [-80.2135066, 25.7411183], [-80.2133438, 25.7411175], [-80.213236, 25.7409941], [-80.2131178, 25.7408263], [-80.2130095, 25.7407862], [-80.213014, 25.7409241], [-80.2130731, 25.7410227], [-80.2131374, 25.7411263], [-80.2132021, 25.7412003], [-80.213228, 25.7413873], [-80.2133309, 25.7414124], [-80.2135151, 25.7414773], [-80.2136561, 25.7414977], [-80.2137268, 25.7414784], [-80.2139116, 25.7414106], [-80.2140746, 25.7413919], [-80.2141888, 25.7413679], [-80.2142537, 25.7414027], [-80.2142475, 25.7415009], [-80.2142255, 25.7415499], [-80.2141598, 25.7416528], [-80.2141152, 25.7418196], [-80.2141084, 25.7420359], [-80.214108, 25.7420949], [-80.2139556, 25.742153], [-80.2138246, 25.7422654], [-80.2137374, 25.7423386], [-80.2135411, 25.7424605], [-80.2133233, 25.7425625], [-80.2131006, 25.7425809], [-80.2129547, 25.7425016], [-80.2128959, 25.7423832], [-80.2128752, 25.742221], [-80.2128541, 25.7421324], [-80.2127458, 25.7421022], [-80.2125295, 25.7419782], [-80.2124053, 25.7418694], [-80.2123241, 25.7418493], [-80.2123667, 25.7419774], [-80.2124798, 25.7421107], [-80.2126635, 25.7422198], [-80.2126671, 25.742495], [-80.2126927, 25.7427555], [-80.2127353, 25.7428592], [-80.2127886, 25.7430019], [-80.2128799, 25.74314], [-80.213015, 25.743244], [-80.2132314, 25.7433435], [-80.2133767, 25.7435410000001], [-80.2134523, 25.7435954], [-80.213566, 25.7436451], [-80.2137071, 25.7436459], [-80.2138049, 25.7436563], [-80.2139072, 25.7437502], [-80.2139988, 25.7438442], [-80.2140691, 25.7438838], [-80.2141507, 25.7438842], [-80.2142319, 25.7438699], [-80.2142865, 25.7438457], [-80.2143631, 25.7437723], [-80.2144446, 25.7437238], [-80.2145591, 25.7436456], [-80.2146739, 25.7435332], [-80.2144294, 25.7435564], [-80.2142935, 25.7436048], [-80.2141798, 25.7435551], [-80.2141096, 25.7435007], [-80.2139632, 25.7434802], [-80.2137731, 25.7434989], [-80.2136209, 25.7435423], [-80.2134966, 25.7434678], [-80.2134318, 25.7434035], [-80.2135414, 25.7432568], [-80.2136779, 25.7431198], [-80.2137973, 25.7431204], [-80.2139002, 25.7431406], [-80.2139704, 25.7432], [-80.2139969, 25.7432986], [-80.2140343, 25.7433921], [-80.2141103, 25.7433826], [-80.2142031, 25.7433044], [-80.2142472, 25.7432114], [-80.2142755, 25.7430395], [-80.2142817, 25.7429166], [-80.2142332, 25.7428624], [-80.2140596, 25.7428515], [-80.2139294999999, 25.7428362], [-80.2137883, 25.7428501], [-80.2136738, 25.7429233], [-80.2135646, 25.7430357], [-80.2134773, 25.7430892], [-80.2134178, 25.7430692], [-80.2134353, 25.7428727], [-80.2135448, 25.7427455], [-80.2137135, 25.7426727], [-80.213817, 25.7426142], [-80.2139533, 25.7424971], [-80.2142095, 25.7423412], [-80.2143404, 25.7422289], [-80.2145685, 25.7422252], [-80.2147308999999, 25.7422606], [-80.214872, 25.7422711], [-80.2149638, 25.7423501], [-80.2151311, 25.7424886], [-80.2152819, 25.7426615], [-80.2154221, 25.7428047], [-80.2155569, 25.7429481], [-80.2156591, 25.7430519], [-80.2157191, 25.7430276], [-80.2158062, 25.7429985], [-80.215942, 25.7429895], [-80.2161156, 25.7429855], [-80.2161919, 25.7429466], [-80.2162637, 25.7427455], [-80.2163572, 25.7425691], [-80.2166188, 25.7423885], [-80.216756, 25.7421681], [-80.2168061, 25.7419767], [-80.2169099, 25.7418643], [-80.2170083, 25.7417467], [-80.2170363, 25.7416387], [-80.2169822, 25.7415991], [-80.2168959, 25.7414955], [-80.2168315, 25.7414067], [-80.2167996, 25.7412936], [-80.2166542, 25.7411403], [-80.216595, 25.7410564], [-80.2166016, 25.7408647], [-80.2166784, 25.7407424], [-80.216663, 25.7406242], [-80.2165117, 25.7405104], [-80.2163817, 25.7404851], [-80.2162568, 25.7404992], [-80.2162291, 25.7405776], [-80.216207, 25.7406366], [-80.2161365, 25.7406313], [-80.2160716, 25.7405867], [-80.2160721, 25.740508], [-80.2161215, 25.7404346], [-80.2161177, 25.7401789], [-80.2161511, 25.7400513], [-80.21626, 25.7400076], [-80.2165262, 25.7399847], [-80.2167165, 25.7399167], [-80.2170913, 25.73985], [-80.2174442, 25.739847], [-80.2179594999999, 25.7398792], [-80.2183067, 25.7398859], [-80.2184696, 25.7398868], [-80.2186163, 25.7398533], [-80.2187852, 25.7397607], [-80.2190739, 25.7395903], [-80.2193411, 25.7393951], [-80.2196248, 25.7391607], [-80.2200497, 25.738922], [-80.2203224, 25.7387122], [-80.2203875, 25.7386979], [-80.2204742, 25.7387375], [-80.2205763, 25.7388807], [-80.2206728, 25.7390679], [-80.2208125, 25.7392801], [-80.2209257, 25.7394036], [-80.2209738, 25.7395267], [-80.2209787, 25.7396005], [-80.2208918, 25.7396246], [-80.2208209, 25.7396733], [-80.2207772, 25.7397173], [-80.2208199, 25.7398306], [-80.2208738, 25.7398702], [-80.2211184, 25.7398176], [-80.221358, 25.7396910000001], [-80.2217989, 25.7394868], [-80.222654, 25.7390245], [-80.2228063, 25.7389565], [-80.2227635, 25.7388579], [-80.2226768, 25.7388477], [-80.222481, 25.7389154], [-80.2221432, 25.73912], [-80.2217185, 25.7393389], [-80.2214296, 25.7395291], [-80.2212772, 25.7395824], [-80.2211797, 25.7395523], [-80.2210831, 25.7393897]]}, "properties": {"project": "EC19B03", "date": "19270227", "kind": "Natural.Mean High Water", "source": "T04528"}}, {"type": "Feature", "geometry": {"type": "LineString", "coordinates": [[-80.2210831, 25.7393897], [-80.2209481, 25.7391725]]}, "properties": {"project": "EC19B03", "date": "19270227", "kind": "Man-made", "source": "T04528"}}, {"type": "Feature", "geometry": {"type": "LineString", "coordinates": [[-80.2209481, 25.7391725], [-80.2207748, 25.7389689], [-80.2207546, 25.7388424], [-80.220623, 25.7386898], [-80.2206313, 25.7384684], [-80.2207378, 25.7382158], [-80.2210826, 25.7378444], [-80.2216731, 25.7372843], [-80.2224164, 25.7369023], [-80.2231943, 25.7365203], [-80.2238643, 25.7361904]]}, "properties": {"project": "EC19B03", "date": "19270227", "kind": "Natural.Mean High Water", "source": "T04528"}}, {"type": "Feature", "geometry": {"type": "LineString", "coordinates": [[-80.1935979, 25.7703267], [-80.1937499, 25.7701616], [-80.1937722, 25.7700543], [-80.1939018, 25.7700355], [-80.1940425, 25.7699484], [-80.194162, 25.769822], [-80.1942062, 25.769666], [-80.194379, 25.7696279], [-80.1944659, 25.7695307], [-80.1946598, 25.7695611], [-80.194768, 25.7695129], [-80.1948010999999, 25.7694056], [-80.1949526, 25.7693381], [-80.1951037, 25.7693292], [-80.1952762, 25.7693302]]}, "properties": {"project": "EC19B03", "date": "19270227", "kind": "Natural.Mean High Water", "source": "T04528"}}, {"type": "Feature", "geometry": {"type": "LineString", "coordinates": [[-80.1952762, 25.7693302], [-80.195503, 25.7692728], [-80.1956868, 25.7692153], [-80.1958049, 25.769255]]}, "properties": {"project": "EC19B03", "date": "19270227", "kind": "Man-made", "source": "T04528"}}, {"type": "Feature", "geometry": {"type": "LineString", "coordinates": [[-80.1958049, 25.769255], [-80.1960429, 25.7691684], [-80.1963129, 25.7691113], [-80.196615, 25.7690935], [-80.1970247, 25.769125], [-80.1973048999999, 25.7691558], [-80.1974876, 25.7692447]]}, "properties": {"project": "EC19B03", "date": "19270227", "kind": "Natural.Mean High Water", "source": "T04528"}}, {"type": "Feature", "geometry": {"type": "LineString", "coordinates": [[-80.1974876, 25.7692447], [-80.1976492, 25.7692652]]}, "properties": {"project": "EC19B03", "date": "19270227", "kind": "Undetermined.Approximate", "source": "T04528"}}, {"type": "Feature", "geometry": {"type": "LineString", "coordinates": [[-80.1976492, 25.7692652], [-80.1976912, 25.7694314], [-80.1980019, 25.7697358], [-80.1981836, 25.769981], [-80.1983342, 25.7700504], [-80.1984846, 25.7701389], [-80.1985591, 25.7702858], [-80.1987849, 25.7703847], [-80.1989883, 25.7706104], [-80.1992889, 25.7708075], [-80.1994173, 25.7709546], [-80.1994688, 25.771316], [-80.199641, 25.7713658], [-80.1998242, 25.7713863], [-80.1997912, 25.7714839], [-80.1997365, 25.7716008], [-80.1998325, 25.7717478], [-80.1998314, 25.7719138], [-80.199798, 25.7720698], [-80.1998836, 25.7721679], [-80.1999254999999, 25.7723635], [-80.1998815, 25.7724901], [-80.1998695, 25.7726756], [-80.1999774, 25.7726664], [-80.2000091, 25.7727642], [-80.1999864, 25.7729301], [-80.2001372, 25.7729799], [-80.2001797, 25.773068], [-80.200287, 25.7731566]]}, "properties": {"project": "EC19B03", "date": "19270227", "kind": "Natural.Mean High Water", "source": "T04528"}}, {"type": "Feature", "geometry": {"type": "LineString", "coordinates": [[-80.2150079, 25.7830505], [-80.215072, 25.783168], [-80.2149733, 25.7833921], [-80.214975, 25.78354], [-80.2151518, 25.7835787]]}, "properties": {"project": "EC19B03", "date": "19270227", "kind": "Natural.Mean High Water", "source": "T04528"}}, {"type": "Feature", "geometry": {"type": "LineString", "coordinates": [[-80.2151518, 25.7835787], [-80.2153495, 25.7835798]]}, "properties": {"project": "EC19B03", "date": "19270227", "kind": "Man-made", "source": "T04528"}}, {"type": "Feature", "geometry": {"type": "LineString", "coordinates": [[-80.2302328, 25.7889824], [-80.2303312, 25.7889516], [-80.2303957, 25.7887244], [-80.2305583, 25.7888504], [-80.2309718, 25.7890687], [-80.2314229, 25.7892874], [-80.2320203, 25.7895724]]}, "properties": {"project": "EC19B03", "date": "19270227", "kind": "Natural.Mean High Water", "source": "T04528"}}, {"type": "Feature", "geometry": {"type": "LineString", "coordinates": [[-80.2153495, 25.7835798], [-80.2153827, 25.7832876], [-80.2154558, 25.7832692], [-80.2156529, 25.7833928], [-80.2158293, 25.7834881], [-80.2160161, 25.7835739], [-80.2162451, 25.7836223], [-80.2163283, 25.7836417], [-80.2165258, 25.7836898], [-80.2166503, 25.7837754], [-80.2168377, 25.7837764], [-80.2173919, 25.7840894], [-80.2179601, 25.7843655], [-80.2187291, 25.784658], [-80.2190635, 25.7847508], [-80.2193985, 25.7848134], [-80.2206361, 25.7852296], [-80.221071, 25.7853685], [-80.2218073, 25.7855546], [-80.2223596, 25.785679], [-80.2229445, 25.78594]]}, "properties": {"project": "EC19B03", "date": "19270227", "kind": "Natural.Mean High Water", "source": "T04528"}}, {"type": "Feature", "geometry": {"type": "LineString", "coordinates": [[-80.2320203, 25.7895724], [-80.2320746, 25.7895983], [-80.2321243, 25.7897009], [-80.232158, 25.790327], [-80.2322836, 25.7903277]]}, "properties": {"project": "EC19B03", "date": "19270227", "kind": "Man-made", "source": "T04528"}}, {"type": "Feature", "geometry": {"type": "LineString", "coordinates": [[-80.2329404, 25.7898532], [-80.2332292, 25.7899229]]}, "properties": {"project": "EC19B03", "date": "19270227", "kind": "User Added Line", "source": "T04528"}}, {"type": "Feature", "geometry": {"type": "LineString", "coordinates": [[-80.2232783, 25.7861542], [-80.2238794, 25.7865217], [-80.2243642, 25.7867064], [-80.2248676, 25.7866179], [-80.2252538, 25.786529], [-80.2254382, 25.7865147], [-80.2258057, 25.7866988], [-80.225891, 25.7864717], [-80.2261588, 25.7865186], [-80.2265106, 25.7865509], [-80.2266378, 25.7866673], [-80.2267621, 25.7868841], [-80.2269991, 25.7871472], [-80.2271872, 25.7872164], [-80.2272243, 25.7873193], [-80.2271859, 25.7874213], [-80.2270349, 25.7874547], [-80.2269714, 25.7875681], [-80.2270463999999, 25.7876141], [-80.2271974, 25.7875921], [-80.2271963, 25.7877629], [-80.2273216, 25.7878317], [-80.2273725, 25.7877296], [-80.2273486, 25.7875244], [-80.2273869, 25.7874451], [-80.2276251, 25.7875488], [-80.2277886, 25.7875497], [-80.2279394, 25.7875391], [-80.2280906, 25.7874831], [-80.2284047, 25.7875074], [-80.228769, 25.7875549], [-80.2292461, 25.7876712], [-80.2295717, 25.787855], [-80.2297341, 25.7880152], [-80.2297557, 25.7885389], [-80.2297921, 25.788744], [-80.2299683, 25.7887107], [-80.2299953, 25.7884264], [-80.2300828, 25.7885292], [-80.2300939, 25.7887456], [-80.2300428, 25.7888704], [-80.2301173, 25.7890188]]}, "properties": {"project": "EC19B03", "date": "19270227", "kind": "Natural.Mean High Water", "source": "T04528"}}, {"type": "Feature", "geometry": {"type": "LineString", "coordinates": [[-80.2301173, 25.7890188], [-80.2302328, 25.7889824]]}, "properties": {"project": "EC19B03", "date": "19270227", "kind": "Man-made", "source": "T04528"}}, {"type": "Feature", "geometry": {"type": "LineString", "coordinates": [[-80.2369676, 25.7920948], [-80.2376559, 25.7920434], [-80.2379594, 25.792045], [-80.2380822, 25.7920848]]}, "properties": {"project": "EC19B03", "date": "19270227", "kind": "Man-made", "source": "T04528"}}, {"type": "Feature", "geometry": {"type": "LineString", "coordinates": [[-80.2380822, 25.7920848], [-80.2381151, 25.7920955], [-80.2383193, 25.7922204], [-80.2384895, 25.7923139], [-80.2387163, 25.7924078], [-80.2388297, 25.7924908], [-80.2389312, 25.7926149], [-80.2391473, 25.7926882], [-80.2394077, 25.7928544], [-80.2396799, 25.7930206], [-80.2397816, 25.7931139]]}, "properties": {"project": "EC19B03", "date": "19270227", "kind": "Natural.Mean High Water", "source": "T04528"}}, {"type": "Feature", "geometry": {"type": "LineString", "coordinates": [[-80.2357541, 25.7920334], [-80.2361379, 25.7921453], [-80.2367653, 25.7920937]]}, "properties": {"project": "EC19B03", "date": "19270227", "kind": "Man-made", "source": "T04528"}}, {"type": "Feature", "geometry": {"type": "LineString", "coordinates": [[-80.2080356, 25.746189], [-80.2080774, 25.7463175]]}, "properties": {"project": "EC19B03", "date": "19270227", "kind": "Undetermined Alongshore Feature", "source": "T04528"}}, {"type": "Feature", "geometry": {"type": "LineString", "coordinates": [[-80.1891768, 25.7597771], [-80.1891134, 25.7595893], [-80.1890406, 25.7592642], [-80.188977, 25.7588259], [-80.1891, 25.7583463], [-80.1893219, 25.7579032], [-80.1897326, 25.7574543], [-80.1902106, 25.7570946], [-80.1906648, 25.7568989], [-80.1908414, 25.7568728]]}, "properties": {"project": "EC19B03", "date": "19270227", "kind": "Man-made", "source": "T04528"}}, {"type": "Feature", "geometry": {"type": "LineString", "coordinates": [[-80.1908414, 25.7568728], [-80.1911559, 25.7568265], [-80.1917009, 25.7566041], [-80.192556, 25.7562805], [-80.1939797, 25.7555913], [-80.1948594, 25.7550151], [-80.1949875, 25.754943]]}, "properties": {"project": "EC19B03", "date": "19270227", "kind": "Natural.Mean High Water", "source": "T04528"}}, {"type": "Feature", "geometry": {"type": "LineString", "coordinates": [[-80.2397339, 25.7915949], [-80.2393937, 25.7915101], [-80.2391196, 25.7913425], [-80.2388577, 25.7913055], [-80.2384656999999, 25.7911493], [-80.2380078, 25.7910164], [-80.2375366, 25.7909308], [-80.2370647, 25.7909522], [-80.2366988, 25.7907959], [-80.2360719, 25.7904723], [-80.2354312, 25.7902317], [-80.235222, 25.7901594000001], [-80.2350122, 25.7901702], [-80.2347633, 25.790157], [-80.234344, 25.7901548], [-80.2339914, 25.7899631], [-80.2337951, 25.7899146]]}, "properties": {"project": "EC19B03", "date": "19270227", "kind": "Natural.Mean High Water", "source": "T04528"}}, {"type": "Feature", "geometry": {"type": "LineString", "coordinates": [[-80.2337951, 25.7899146], [-80.233762, 25.7889654], [-80.2335522, 25.7889643], [-80.2335212, 25.7897234]]}, "properties": {"project": "EC19B03", "date": "19270227", "kind": "Man-made", "source": "T04528"}}, {"type": "Feature", "geometry": {"type": "LineString", "coordinates": [[-80.2335212, 25.7897234], [-80.2332864, 25.789556], [-80.2327893, 25.7893992], [-80.2320046, 25.7891696], [-80.2314557, 25.7889414], [-80.2307895, 25.7886056], [-80.2304254, 25.7881766], [-80.2300739, 25.7877951], [-80.2297225, 25.7874492], [-80.2295396, 25.7873296], [-80.2291337, 25.7873037], [-80.2285444, 25.7872412], [-80.227929, 25.7871668], [-80.2275365, 25.7870579], [-80.2272495, 25.7868547], [-80.2270806, 25.7866165], [-80.2271077, 25.786498], [-80.2272663, 25.7862855], [-80.2274515, 25.7860254], [-80.2277413, 25.7857896], [-80.2281102, 25.7854714], [-80.228676, 25.7851302], [-80.2291104, 25.784824], [-80.2293599, 25.7847423], [-80.2296878, 25.7846849], [-80.2300542999999, 25.7847577], [-80.2304071, 25.7849139], [-80.2307726, 25.7851294], [-80.2310084, 25.7851425], [-80.2312708, 25.7851084]]}, "properties": {"project": "EC19B03", "date": "19270227", "kind": "Natural.Mean High Water", "source": "T04528"}}, {"type": "Feature", "geometry": {"type": "LineString", "coordinates": [[-80.2238643, 25.7361904], [-80.2239951, 25.736126]]}, "properties": {"project": "EC19B03", "date": "19270227", "kind": "Man-made", "source": "T04528"}}, {"type": "Feature", "geometry": {"type": "LineString", "coordinates": [[-80.2239951, 25.736126], [-80.2241475, 25.736051], [-80.2246453, 25.7357814], [-80.224736, 25.7357944], [-80.2247635, 25.7358706], [-80.2247909, 25.7359403], [-80.2249027, 25.7359662], [-80.2251472, 25.7359613], [-80.2253497, 25.7359749], [-80.2255592, 25.7360267], [-80.2258025, 25.7361988], [-80.2259349, 25.7362375], [-80.2261934, 25.7362389], [-80.2263332, 25.736246], [-80.2264231, 25.7363857], [-80.2265406, 25.7365825], [-80.226637, 25.7368045], [-80.2268867, 25.7370462], [-80.2270252, 25.7372684], [-80.2271581, 25.7372502], [-80.2271097, 25.737136], [-80.2269711, 25.7369961], [-80.22693, 25.7368567], [-80.2268122, 25.7367168], [-80.2267158, 25.7364885], [-80.226675, 25.7363048], [-80.2269824, 25.7363126], [-80.2273318, 25.7363145], [-80.2277299, 25.736323], [-80.2277857, 25.7363169], [-80.2278215, 25.7362095], [-80.2278571, 25.7361149], [-80.2279763, 25.7360458], [-80.2280739, 25.736078], [-80.2281293, 25.7361731], [-80.2282057, 25.7362243], [-80.2283106, 25.7362185], [-80.228493, 25.7361055], [-80.2286753, 25.7360053], [-80.2288716, 25.7358797], [-80.2290263, 25.7357604], [-80.2292225, 25.7356475], [-80.2292868, 25.7354326], [-80.2292946, 25.7353062], [-80.2291908, 25.7351537], [-80.2289826, 25.7349375], [-80.2291783, 25.7349385], [-80.2292485, 25.7348631], [-80.2292903, 25.7348885], [-80.2293523, 25.7350344], [-80.2294287, 25.7351107], [-80.2294917, 25.7350857], [-80.2294923, 25.7349971], [-80.229472, 25.7348767], [-80.2293468, 25.7347938], [-80.2292774, 25.7347301], [-80.2293408, 25.7346544], [-80.2294316, 25.7346616], [-80.2295149, 25.7347441], [-80.2296051, 25.7348396], [-80.2296679, 25.7348399], [-80.2297588, 25.7348276], [-80.2298506, 25.7346762], [-80.2299568, 25.734468], [-80.2299369, 25.7342907], [-80.2299871, 25.7341011], [-80.2301348, 25.7339501], [-80.2302539, 25.7338874], [-80.2304149, 25.7338439], [-80.2303947, 25.7337362], [-80.2302208999999, 25.7335834], [-80.2298947, 25.733259], [-80.2298325, 25.7331575], [-80.2299168, 25.7330756], [-80.2300219, 25.7330445], [-80.2301481, 25.7329755], [-80.2303581, 25.7329007], [-80.2304568, 25.7327746], [-80.2307797, 25.732517], [-80.2310043, 25.7323662], [-80.2312844, 25.7322474], [-80.2314039, 25.7321532], [-80.2315367, 25.7321603], [-80.231747, 25.7322838]]}, "properties": {"project": "EC19B03", "date": "19270227", "kind": "Natural.Mean High Water", "source": "T04528"}}, {"type": "Feature", "geometry": {"type": "LineString", "coordinates": [[-80.2359042, 25.7915472], [-80.2359077, 25.7917426], [-80.2361034, 25.7918945], [-80.2363911, 25.7919304], [-80.2366562, 25.7919318], [-80.2368531, 25.7919328]]}, "properties": {"project": "EC19B03", "date": "19270227", "kind": "Natural.Mean High Water", "source": "T04528"}}, {"type": "Feature", "geometry": {"type": "LineString", "coordinates": [[-80.2358909, 25.7907827], [-80.2359018, 25.7914079]]}, "properties": {"project": "EC19B03", "date": "19270227", "kind": "Natural.Mean High Water", "source": "T04528"}}, {"type": "Feature", "geometry": {"type": "LineString", "coordinates": [[-80.2359018, 25.7914079], [-80.2359042, 25.7915472]]}, "properties": {"project": "EC19B03", "date": "19270227", "kind": "Man-made", "source": "T04528"}}, {"type": "Feature", "geometry": {"type": "LineString", "coordinates": [[-80.1862845, 25.8116118], [-80.1859931, 25.8116101], [-80.1855939, 25.8116177], [-80.1854969, 25.8116073], [-80.1854878, 25.8113534], [-80.1855012, 25.8109726], [-80.1865806, 25.8109005], [-80.1865958, 25.8102561], [-80.186736, 25.8102569], [-80.1867638, 25.8093489], [-80.1855012, 25.8094004], [-80.1855174, 25.8085998], [-80.1868234, 25.8085193], [-80.1868355, 25.808324]]}, "properties": {"project": "EC19B03", "date": "19270227", "kind": "Man-made", "source": "T04528"}}, {"type": "Feature", "geometry": {"type": "LineString", "coordinates": [[-80.2148789, 25.7827168], [-80.2147792, 25.7826710000001], [-80.2147966, 25.7825578], [-80.2147975, 25.7824218]]}, "properties": {"project": "EC19B03", "date": "19270227", "kind": "Man-made", "source": "T04528"}}, {"type": "Feature", "geometry": {"type": "LineString", "coordinates": [[-80.1885561, 25.7659097], [-80.1885801, 25.7656727], [-80.1886842, 25.7650768], [-80.1888416, 25.7640356], [-80.1890067, 25.7630396], [-80.1891382, 25.7621041], [-80.1891397, 25.7618776]]}, "properties": {"project": "EC19B03", "date": "19270227", "kind": "Natural.Mean High Water", "source": "T04528"}}, {"type": "Feature", "geometry": {"type": "LineString", "coordinates": [[-80.1891397, 25.7618776], [-80.1890566, 25.7618243], [-80.1888402, 25.7617928], [-80.1888245, 25.7616493], [-80.1889028, 25.7611362], [-80.1890279, 25.7611369], [-80.1891863, 25.7611454], [-80.1892779, 25.761161], [-80.1893202, 25.7610931]]}, "properties": {"project": "EC19B03", "date": "19270227", "kind": "Man-made", "source": "T04528"}}, {"type": "Feature", "geometry": {"type": "LineString", "coordinates": [[-80.1893202, 25.7610931], [-80.1893799, 25.7608822], [-80.1893947, 25.7606605]]}, "properties": {"project": "EC19B03", "date": "19270227", "kind": "Natural.Mean High Water", "source": "T04528"}}, {"type": "Feature", "geometry": {"type": "MultiLineString", "coordinates": [[[-80.17954383110091, 25.82], [-80.1797016, 25.8197285], [-80.1799628, 25.8193882], [-80.1802345, 25.8190968], [-80.1810703, 25.8183789], [-80.1819166, 25.8176709], [-80.1824375, 25.8172245], [-80.1825891, 25.8171472], [-80.1827833, 25.8171678], [-80.1829226, 25.8172956], [-80.1829436, 25.8173836], [-80.1829966, 25.8175207], [-80.1831037, 25.8176385], [-80.1831884, 25.8178635], [-80.1833273, 25.8180596], [-80.1834123, 25.8182553], [-80.1835082, 25.8184219], [-80.1836041, 25.8186079], [-80.1837318, 25.8188625], [-80.1839137, 25.819098], [-80.1841275, 25.8193628], [-80.1842554, 25.8195686], [-80.1842652, 25.8197347], [-80.18427228125388, 25.82]], [[-80.18441531015844, 25.82], [-80.1844486, 25.819765], [-80.1844497, 25.819599], [-80.1843859, 25.8194424], [-80.1842897, 25.8193149], [-80.184226, 25.8191584], [-80.1841944, 25.8190508], [-80.1840554, 25.8188643], [-80.1839164, 25.8187073], [-80.18381, 25.8184626], [-80.183682, 25.8182569], [-80.1835867, 25.8179928], [-80.1835015, 25.8178262], [-80.1832978, 25.8176493], [-80.1831589, 25.8174533], [-80.1830629, 25.8172866], [-80.1829882, 25.817169], [-80.1830009, 25.8168957], [-80.1830996, 25.8166912], [-80.1833056, 25.8165166], [-80.1837068, 25.8162064], [-80.1842932, 25.8156432], [-80.1849983, 25.8151004], [-80.1852153, 25.8149259], [-80.1853565, 25.8147802], [-80.185476, 25.8146637], [-80.1854991, 25.8144392], [-80.1858123, 25.8143824], [-80.1859527, 25.8143539], [-80.1860508, 25.8142176], [-80.1862031, 25.8140427], [-80.1863039, 25.8135062], [-80.1864263, 25.8129601], [-80.1864935, 25.8125991], [-80.1864409, 25.8124035], [-80.1863902, 25.8119443000001], [-80.1863594, 25.8116903], [-80.1862845, 25.8116118]]]}, "properties": {"project": "EC19B03", "date": "19270227", "kind": "Natural.Mean High Water", "source": "T04528"}}, {"type": "Feature", "geometry": {"type": "LineString", "coordinates": [[-80.2147975, 25.7824218], [-80.2147063, 25.7823006], [-80.2145558, 25.7823828000001], [-80.2144054, 25.7824423], [-80.2142225, 25.7823508], [-80.2139979, 25.7822589], [-80.2137729, 25.7822124], [-80.2137235, 25.7821141], [-80.2134985, 25.7820825], [-80.213174, 25.7819902]]}, "properties": {"project": "EC19B03", "date": "19270227", "kind": "Natural.Mean High Water", "source": "T04528"}}, {"type": "Feature", "geometry": {"type": "LineString", "coordinates": [[-80.2332292, 25.7899229], [-80.2337177, 25.7901873], [-80.2342441, 25.7904404], [-80.2347211, 25.7905453], [-80.2351737, 25.7905591], [-80.2354628, 25.7905492], [-80.2357511, 25.7906646]]}, "properties": {"project": "EC19B03", "date": "19270227", "kind": "Natural.Mean High Water", "source": "T04528"}}, {"type": "Feature", "geometry": {"type": "LineString", "coordinates": [[-80.2357511, 25.7906646], [-80.2357541, 25.7920334]]}, "properties": {"project": "EC19B03", "date": "19270227", "kind": "Man-made", "source": "T04528"}}, {"type": "Feature", "geometry": {"type": "LineString", "coordinates": [[-80.213174, 25.7819902], [-80.2129928, 25.7819409]]}, "properties": {"project": "EC19B03", "date": "19270227", "kind": "Man-made", "source": "T04528"}}, {"type": "Feature", "geometry": {"type": "LineString", "coordinates": [[-80.2129928, 25.7819409], [-80.2128908, 25.7819131], [-80.2125246, 25.7817903], [-80.2120671, 25.7816218], [-80.2115519, 25.7813169], [-80.2108459, 25.7808676], [-80.2106471, 25.780655], [-80.2104901, 25.7804578], [-80.2103498, 25.7802155], [-80.2102588, 25.7800941], [-80.2099102, 25.7798506], [-80.2096613, 25.7796454], [-80.2094037, 25.7795005], [-80.2092623, 25.7794394], [-80.2089136, 25.7792184], [-80.2087222, 25.779157], [-80.2085141, 25.7790879], [-80.2083139, 25.7791019], [-80.2080814, 25.7789194], [-80.2077574, 25.7787515], [-80.2075826, 25.7786902], [-80.2075081, 25.7785991], [-80.2072669, 25.7784996], [-80.2071673, 25.7784387]]}, "properties": {"project": "EC19B03", "date": "19270227", "kind": "Natural.Mean High Water", "source": "T04528"}}, {"type": "Feature", "geometry": {"type": "LineString", "coordinates": [[-80.1860696, 25.7780547], [-80.1859744, 25.7780182], [-80.1859133, 25.7779936]]}, "properties": {"project": "EC19B03", "date": "19270227", "kind": "Natural.Mean High Water", "source": "T04528"}}, {"type": "Feature", "geometry": {"type": "LineString", "coordinates": [[-80.1855568, 25.7778486], [-80.1853722, 25.7777708], [-80.1852863, 25.7777117]]}, "properties": {"project": "EC19B03", "date": "19270227", "kind": "Natural.Mean High Water", "source": "T04528"}}, {"type": "Feature", "geometry": {"type": "LineString", "coordinates": [[-80.1857572, 25.7779308], [-80.1856303, 25.7778796], [-80.1855568, 25.7778486]]}, "properties": {"project": "EC19B03", "date": "19270227", "kind": "Natural.Mean High Water", "source": "T04528"}}, {"type": "Feature", "geometry": {"type": "LineString", "coordinates": [[-80.1859133, 25.7779936], [-80.1857572, 25.7779308]]}, "properties": {"project": "EC19B03", "date": "19270227", "kind": "Natural.Mean High Water", "source": "T04528"}}, {"type": "Feature", "geometry": {"type": "LineString", "coordinates": [[-80.1863485, 25.7785183], [-80.1863394, 25.7782741], [-80.1862326, 25.7781173], [-80.1860696, 25.7780547]]}, "properties": {"project": "EC19B03", "date": "19270227", "kind": "Natural.Mean High Water", "source": "T04528"}}, {"type": "Feature", "geometry": {"type": "LineString", "coordinates": [[-80.1852902, 25.7786255], [-80.1852779, 25.778761]]}, "properties": {"project": "EC19B03", "date": "19270227", "kind": "Undetermined Alongshore Feature", "source": "T04528"}}, {"type": "Feature", "geometry": {"type": "LineString", "coordinates": [[-80.1863731, 25.7792686], [-80.1863485, 25.7785183]]}, "properties": {"project": "EC19B03", "date": "19270227", "kind": "Man-made", "source": "T04528"}}, {"type": "Feature", "geometry": {"type": "LineString", "coordinates": [[-80.1853143, 25.7792831], [-80.1853099, 25.7791159]]}, "properties": {"project": "EC19B03", "date": "19270227", "kind": "Undetermined Alongshore Feature", "source": "T04528"}}, {"type": "Feature", "geometry": {"type": "LineString", "coordinates": [[-80.1863866, 25.7796852], [-80.1863731, 25.7792686]]}, "properties": {"project": "EC19B03", "date": "19270227", "kind": "Man-made", "source": "T04528"}}, {"type": "Feature", "geometry": {"type": "LineString", "coordinates": [[-80.1863938, 25.7799018], [-80.1863866, 25.7796852]]}, "properties": {"project": "EC19B03", "date": "19270227", "kind": "Man-made", "source": "T04528"}}, {"type": "Feature", "geometry": {"type": "LineString", "coordinates": [[-80.1864022, 25.7801591], [-80.1863938, 25.7799018]]}, "properties": {"project": "EC19B03", "date": "19270227", "kind": "Man-made", "source": "T04528"}}, {"type": "Feature", "geometry": {"type": "LineString", "coordinates": [[-80.1863503, 25.7939364], [-80.186365, 25.7935078], [-80.1864876, 25.7929226], [-80.1862202, 25.7925988], [-80.1854973, 25.7926045], [-80.1855149, 25.7900365]]}, "properties": {"project": "EC19B03", "date": "19270227", "kind": "Man-made", "source": "T04528"}}, {"type": "Feature", "geometry": {"type": "LineString", "coordinates": [[-80.1871184, 25.7965151], [-80.1870843, 25.795582], [-80.1868909, 25.7954735], [-80.1866339, 25.7951986], [-80.1864631, 25.794934], [-80.1863381, 25.7942888], [-80.1863503, 25.7939364]]}, "properties": {"project": "EC19B03", "date": "19270227", "kind": "Man-made", "source": "T04528"}}, {"type": "Feature", "geometry": {"type": "LineString", "coordinates": [[-80.1870056, 25.7976323], [-80.1870278, 25.7975349], [-80.1870829, 25.7973689], [-80.1871479, 25.7973205], [-80.1871184, 25.7965151]]}, "properties": {"project": "EC19B03", "date": "19270227", "kind": "Man-made", "source": "T04528"}}, {"type": "Feature", "geometry": {"type": "LineString", "coordinates": [[-80.1868355, 25.808324], [-80.1868611, 25.8077284], [-80.1855123, 25.8077697], [-80.1855321, 25.8064613], [-80.1867193, 25.8063898], [-80.1866778999999, 25.8061259], [-80.1854911, 25.8061388], [-80.1855147, 25.8042641], [-80.1868313, 25.8041934], [-80.1867821, 25.8034997], [-80.1854771, 25.8034826], [-80.1855038, 25.8011295], [-80.1855, 25.7985319], [-80.1868268, 25.79851], [-80.1868495, 25.7983735], [-80.1868722, 25.7982076], [-80.1869269, 25.7980907], [-80.1869281, 25.7979248], [-80.1870253, 25.7979058], [-80.1870056, 25.7976323]]}, "properties": {"project": "EC19B03", "date": "19270227", "kind": "Man-made", "source": "T04528"}}, {"type": "Feature", "geometry": {"type": "LineString", "coordinates": [[-80.1853874, 25.7739624], [-80.1852817, 25.7736591], [-80.1852516, 25.7733172], [-80.18525, 25.7719793], [-80.1854124, 25.7718826], [-80.1856284, 25.771835], [-80.1858116, 25.7718556], [-80.1860583, 25.7720524], [-80.1863267, 25.7722197000001], [-80.1865099, 25.7722696], [-80.1866537, 25.7722704]]}, "properties": {"project": "EC19B03", "date": "19270227", "kind": "Natural.Mean High Water", "source": "T04528"}}, {"type": "Feature", "geometry": {"type": "LineString", "coordinates": [[-80.185378, 25.7741669], [-80.1853864, 25.7741088], [-80.1853874, 25.7739624]]}, "properties": {"project": "EC19B03", "date": "19270227", "kind": "Shoreline/Alongshore Feature Boundary", "source": "T04528"}}, {"type": "Feature", "geometry": {"type": "LineString", "coordinates": [[-80.1854268, 25.7761434], [-80.1854164, 25.7760426], [-80.1852886, 25.7757976], [-80.1852368999999, 25.7754751], [-80.1852758, 25.7745185], [-80.1853638, 25.7742651], [-80.185378, 25.7741669]]}, "properties": {"project": "EC19B03", "date": "19270227", "kind": "Natural.Mean High Water", "source": "T04528"}}, {"type": "Feature", "geometry": {"type": "LineString", "coordinates": [[-80.1854477, 25.7763521], [-80.1854366, 25.776238], [-80.1854268, 25.7761434]]}, "properties": {"project": "EC19B03", "date": "19270227", "kind": "Shoreline/Alongshore Feature Boundary", "source": "T04528"}}, {"type": "Feature", "geometry": {"type": "LineString", "coordinates": [[-80.1852863, 25.7777117], [-80.1852611, 25.7766764], [-80.1854568, 25.7764432], [-80.1854477, 25.7763521]]}, "properties": {"project": "EC19B03", "date": "19270227", "kind": "Natural.Mean High Water", "source": "T04528"}}, {"type": "Feature", "geometry": {"type": "LineString", "coordinates": [[-80.1622607, 25.6736113], [-80.1623363, 25.6741891]]}, "properties": {"project": "EC19B03", "date": "19270227", "kind": "Natural.Apparent.Mangrove Or Cypress", "source": "T04529"}}, {"type": "Feature", "geometry": {"type": "LineString", "coordinates": [[-80.1493613, 25.771254], [-80.1496303, 25.7713621], [-80.1502886, 25.7716279], [-80.1509287, 25.7719101], [-80.1514425, 25.7721588], [-80.1516139, 25.7722253]]}, "properties": {"project": "EC19B03", "date": "19270227", "kind": "Natural.Mean High Water", "source": "T04529"}}, {"type": "Feature", "geometry": {"type": "LineString", "coordinates": [[-80.1596338, 25.6666245], [-80.1597047, 25.666726]]}, "properties": {"project": "EC19B03", "date": "19270227", "kind": "Shoreline/Alongshore Feature Boundary", "source": "T04529"}}, {"type": "Feature", "geometry": {"type": "LineString", "coordinates": [[-80.132941, 25.7654373], [-80.1323782, 25.7651894], [-80.1304653, 25.764389], [-80.1289286, 25.7637074]]}, "properties": {"project": "EC19B03", "date": "19270227", "kind": "Undetermined Alongshore Feature", "source": "T04529"}}, {"type": "Feature", "geometry": {"type": "LineString", "coordinates": [[-80.1489326, 25.7710818], [-80.1493613, 25.771254]]}, "properties": {"project": "EC19B03", "date": "19270227", "kind": "Undetermined.Approximate", "source": "T04529"}}, {"type": "Feature", "geometry": {"type": "LineString", "coordinates": [[-80.1469166, 25.7714444], [-80.1468361, 25.7713293], [-80.1468367, 25.7712475], [-80.1467919, 25.7711817], [-80.1467837, 25.7710424], [-80.1465866, 25.7707957], [-80.1462466, 25.7702777], [-80.1461574, 25.7701134], [-80.1460855, 25.7700476], [-80.1460864, 25.7699246], [-80.1461951, 25.7699171], [-80.1464744, 25.7700334], [-80.1469613, 25.770241], [-80.1476648, 25.7705317], [-80.148251, 25.7707562000001], [-80.1486476, 25.7709551], [-80.1489269, 25.7710795], [-80.1489326, 25.7710818]]}, "properties": {"project": "EC19B03", "date": "19270227", "kind": "Natural.Mean High Water", "source": "T04529"}}, {"type": "Feature", "geometry": {"type": "LineString", "coordinates": [[-80.1421621, 25.7751381], [-80.142205, 25.7752737]]}, "properties": {"project": "EC19B03", "date": "19270227", "kind": "Undetermined.Approximate", "source": "T04529"}}, {"type": "Feature", "geometry": {"type": "LineString", "coordinates": [[-80.142205, 25.7752737], [-80.1422328, 25.775361], [-80.1422755, 25.7755198]]}, "properties": {"project": "EC19B03", "date": "19270227", "kind": "Natural.Mean High Water", "source": "T04529"}}, {"type": "Feature", "geometry": {"type": "LineString", "coordinates": [[-80.1429176, 25.7782356], [-80.1429246, 25.7783057], [-80.1429292, 25.7783854]]}, "properties": {"project": "EC19B03", "date": "19270227", "kind": "Shoreline/Alongshore Feature Boundary", "source": "T04529"}}, {"type": "Feature", "geometry": {"type": "LineString", "coordinates": [[-80.1504706, 25.7812765], [-80.15066, 25.7812973], [-80.1509978, 25.7813254], [-80.1510874, 25.7813295]]}, "properties": {"project": "EC19B03", "date": "19270227", "kind": "Man-made", "source": "T04529"}}, {"type": "Feature", "geometry": {"type": "LineString", "coordinates": [[-80.1511494, 25.7814484], [-80.1512015, 25.7814487], [-80.1512496, 25.7813293], [-80.1514231, 25.781293], [-80.1517332, 25.7811636], [-80.1519952, 25.7810077], [-80.1522878, 25.7806333], [-80.1524548, 25.7802406], [-80.1524771, 25.7798122], [-80.1523573, 25.7789892], [-80.1522087, 25.7781399], [-80.1521077, 25.7774134], [-80.1519533, 25.7760393], [-80.1518692, 25.775619], [-80.1517944, 25.7752599], [-80.1517186, 25.7750495], [-80.1515083, 25.7747597], [-80.1512294, 25.7745743], [-80.1510753, 25.7745034]]}, "properties": {"project": "EC19B03", "date": "19270227", "kind": "Man-made", "source": "T04529"}}, {"type": "Feature", "geometry": {"type": "LineString", "coordinates": [[-80.1511482, 25.7816186], [-80.1509882, 25.7816249], [-80.150985, 25.7815054], [-80.151033, 25.7815057]]}, "properties": {"project": "EC19B03", "date": "19270227", "kind": "Undetermined Alongshore Feature", "source": "T04529"}}, {"type": "Feature", "geometry": {"type": "LineString", "coordinates": [[-80.1638285, 25.7818964000001], [-80.1640358, 25.7819918]]}, "properties": {"project": "EC19B03", "date": "19270227", "kind": "Man-made", "source": "T04529"}}, {"type": "Feature", "geometry": {"type": "LineString", "coordinates": [[-80.1431584, 25.7819431], [-80.1431621, 25.782005], [-80.1431964, 25.7821089], [-80.1432047, 25.7821258]]}, "properties": {"project": "EC19B03", "date": "19270227", "kind": "Shoreline/Alongshore Feature Boundary", "source": "T04529"}}, {"type": "Feature", "geometry": {"type": "LineString", "coordinates": [[-80.1432047, 25.7821258], [-80.1432312, 25.7821808], [-80.1432647, 25.7823882], [-80.1433245, 25.7826674], [-80.1433828, 25.783122], [-80.1434354, 25.7834247]]}, "properties": {"project": "EC19B03", "date": "19270227", "kind": "Natural.Mean High Water", "source": "T04529"}}, {"type": "Feature", "geometry": {"type": "LineString", "coordinates": [[-80.1662671, 25.7829538], [-80.1665009, 25.7830659], [-80.166711, 25.783166], [-80.1671036, 25.7832077], [-80.1672999, 25.7831957], [-80.1676793, 25.7830332], [-80.1678914, 25.7828501], [-80.1680451, 25.7827193], [-80.1681408, 25.7825288], [-80.1681863, 25.7822658], [-80.168159, 25.7820089000001], [-80.1680737, 25.7817318], [-80.1679659, 25.78156], [-80.1678213, 25.7814407], [-80.1676407, 25.781262], [-80.167133, 25.7810746], [-80.1660308, 25.7806141], [-80.1658058, 25.780547], [-80.1657336, 25.7804677], [-80.1651968, 25.78028], [-80.1644866, 25.7799402], [-80.1640443, 25.7797533], [-80.1635514, 25.7795332], [-80.1631235, 25.7793596], [-80.1628408, 25.7792263]]}, "properties": {"project": "EC19B03", "date": "19270227", "kind": "Man-made", "source": "T04529"}}, {"type": "Feature", "geometry": {"type": "LineString", "coordinates": [[-80.1434354, 25.7834247], [-80.1434589, 25.7835608], [-80.1434693, 25.7836094]]}, "properties": {"project": "EC19B03", "date": "19270227", "kind": "Shoreline/Alongshore Feature Boundary", "source": "T04529"}}, {"type": "Feature", "geometry": {"type": "LineString", "coordinates": [[-80.1434693, 25.7836094], [-80.1435526, 25.7839997], [-80.1437254, 25.7844549], [-80.1439513, 25.7848468], [-80.1441493, 25.7851035]]}, "properties": {"project": "EC19B03", "date": "19270227", "kind": "Natural.Mean High Water", "source": "T04529"}}, {"type": "Feature", "geometry": {"type": "LineString", "coordinates": [[-80.1441493, 25.7851035], [-80.1443527, 25.7853671], [-80.14451, 25.7855036], [-80.1446755, 25.7857596], [-80.14485, 25.7859677], [-80.145172, 25.7864877], [-80.1453724, 25.7867519], [-80.1455115, 25.7870236], [-80.1457113, 25.7873914], [-80.1457243, 25.787491]]}, "properties": {"project": "EC19B03", "date": "19270227", "kind": "Natural.Mean High Water", "source": "T04529"}}, {"type": "Feature", "geometry": {"type": "LineString", "coordinates": [[-80.1484049, 25.789523], [-80.1480545, 25.7893884], [-80.1476828, 25.7893456], [-80.1473103, 25.7894147], [-80.1469599, 25.7895657], [-80.1466992, 25.7897784], [-80.1465404, 25.7899], [-80.1464724, 25.7899608]]}, "properties": {"project": "EC19B03", "date": "19270227", "kind": "Natural.Mean High Water", "source": "T04529"}}, {"type": "Feature", "geometry": {"type": "LineString", "coordinates": [[-80.1485941, 25.7895957], [-80.1484049, 25.789523]]}, "properties": {"project": "EC19B03", "date": "19270227", "kind": "Shoreline/Alongshore Feature Boundary", "source": "T04529"}}, {"type": "Feature", "geometry": {"type": "LineString", "coordinates": [[-80.1464724, 25.7899608], [-80.1463589, 25.7900623]]}, "properties": {"project": "EC19B03", "date": "19270227", "kind": "Shoreline/Alongshore Feature Boundary", "source": "T04529"}}, {"type": "Feature", "geometry": {"type": "LineString", "coordinates": [[-80.1463589, 25.7900623], [-80.1463135, 25.7901028], [-80.1460421, 25.7902338], [-80.1459179, 25.7902535], [-80.1458272, 25.7903244], [-80.1457584, 25.7905077], [-80.1457571, 25.7906913], [-80.1458234, 25.790855]]}, "properties": {"project": "EC19B03", "date": "19270227", "kind": "Natural.Mean High Water", "source": "T04529"}}, {"type": "Feature", "geometry": {"type": "LineString", "coordinates": [[-80.1497635, 25.7904222], [-80.1496151, 25.7902444], [-80.1493128, 25.7899571], [-80.1485941, 25.7895957]]}, "properties": {"project": "EC19B03", "date": "19270227", "kind": "Natural.Mean High Water", "source": "T04529"}}, {"type": "Feature", "geometry": {"type": "LineString", "coordinates": [[-80.1498722, 25.7905522], [-80.1497635, 25.7904222]]}, "properties": {"project": "EC19B03", "date": "19270227", "kind": "Shoreline/Alongshore Feature Boundary", "source": "T04529"}}, {"type": "Feature", "geometry": {"type": "LineString", "coordinates": [[-80.1458234, 25.790855], [-80.1459689, 25.791009]]}, "properties": {"project": "EC19B03", "date": "19270227", "kind": "Shoreline/Alongshore Feature Boundary", "source": "T04529"}}, {"type": "Feature", "geometry": {"type": "LineString", "coordinates": [[-80.1693975, 25.6809037], [-80.1697402, 25.6811189]]}, "properties": {"project": "EC19B03", "date": "19270227", "kind": "Natural.Mean High Water", "source": "T04529"}}, {"type": "Feature", "geometry": {"type": "LineString", "coordinates": [[-80.1582507, 25.7261742], [-80.1584001, 25.7262251], [-80.1585879, 25.7264189], [-80.1588301, 25.7266702], [-80.1589788, 25.726878], [-80.1590883, 25.7269787], [-80.1589301, 25.7270634], [-80.1587636, 25.7271909], [-80.1586764, 25.727276], [-80.1585729, 25.727404], [-80.1583052, 25.7273811], [-80.1580214, 25.7274008], [-80.1577685, 25.727485], [-80.1575392, 25.7275908], [-80.1573416, 25.7276539], [-80.1571363, 25.7277312000001], [-80.1570806, 25.7278166], [-80.1569698, 25.7278801], [-80.1569688, 25.7280158], [-80.1569288, 25.7281083], [-80.1568963, 25.7282438], [-80.1567067, 25.7283069], [-80.1565411, 25.7283059], [-80.1563128, 25.7282761], [-80.1560368, 25.728303], [-80.1556741, 25.7283366], [-80.1555632, 25.7284003], [-80.1553974, 25.7284563], [-80.1551837, 25.7285836], [-80.1551117, 25.7287403], [-80.155103, 25.7288401], [-80.1550082, 25.7288681], [-80.1548822, 25.7288532], [-80.1547873, 25.7289026], [-80.1547313, 25.7290093], [-80.1545498999999, 25.7290511], [-80.1543293, 25.7290427], [-80.1541396, 25.7290987], [-80.1538084, 25.7291396], [-80.1534852, 25.7291662], [-80.1531152, 25.7290999]]}, "properties": {"project": "EC19B03", "date": "19270227", "kind": "Natural.Apparent.Mangrove Or Cypress", "source": "T04529"}}, {"type": "Feature", "geometry": {"type": "LineString", "coordinates": [[-80.1531152, 25.7290999], [-80.1525084, 25.7290749], [-80.1521857, 25.729023], [-80.1520921, 25.7288941], [-80.1520061, 25.7287936], [-80.1519594, 25.7286934], [-80.1518421, 25.7285785], [-80.1514648, 25.7284407], [-80.151174, 25.7283248]]}, "properties": {"project": "EC19B03", "date": "19270227", "kind": "Natural.Mean High Water", "source": "T04529"}}, {"type": "Feature", "geometry": {"type": "LineString", "coordinates": [[-80.1430879, 25.7807234], [-80.1431464, 25.781734], [-80.1431584, 25.7819431]]}, "properties": {"project": "EC19B03", "date": "19270227", "kind": "Natural.Mean High Water", "source": "T04529"}}, {"type": "Feature", "geometry": {"type": "LineString", "coordinates": [[-80.1474297, 25.7926294], [-80.1477817, 25.7928563], [-80.148085, 25.7930112], [-80.1484455, 25.7930439], [-80.1489528, 25.7930265], [-80.1492571, 25.7930283], [-80.1495108, 25.7929228]]}, "properties": {"project": "EC19B03", "date": "19270227", "kind": "Natural.Mean High Water", "source": "T04529"}}, {"type": "Feature", "geometry": {"type": "LineString", "coordinates": [[-80.1409244, 25.7730461], [-80.1410294, 25.7730046], [-80.1410722, 25.7730966]]}, "properties": {"project": "EC19B03", "date": "19270227", "kind": "Undetermined Alongshore Feature", "source": "T04529"}}, {"type": "Feature", "geometry": {"type": "MultiLineString", "coordinates": [[[-80.1324629, 25.7687255], [-80.132343, 25.7687205]], [[-80.132343, 25.7687205], [-80.1321832, 25.7688348], [-80.13074, 25.7688646], [-80.1307414, 25.7686725], [-80.1322584, 25.7686719], [-80.132343, 25.7687205]]]}, "properties": {"project": "EC19B03", "date": "19270227", "kind": "Undetermined Alongshore Feature", "source": "T04529"}}, {"type": "Feature", "geometry": {"type": "LineString", "coordinates": [[-80.1370439, 25.7674326], [-80.1373743, 25.7680163], [-80.1374441, 25.7681124], [-80.1375145, 25.7681129], [-80.137584, 25.7682327], [-80.1376538, 25.7683368], [-80.1377505, 25.7683532], [-80.1378284, 25.7685133], [-80.1379161, 25.7685854], [-80.1381423, 25.7689294], [-80.138308, 25.7691296], [-80.1384734, 25.7693938], [-80.1385165, 25.7695134000001], [-80.138568, 25.769689], [-80.1388643, 25.7701052], [-80.1393957, 25.7708733], [-80.1397532, 25.7713457], [-80.1401016, 25.7718339], [-80.140354, 25.7722578], [-80.1405198, 25.7724421], [-80.1407462, 25.772786], [-80.1409244, 25.7730461], [-80.1410423, 25.7732181], [-80.1411636, 25.7734739], [-80.1412603, 25.7735063], [-80.1415301, 25.7739302], [-80.1417045, 25.7741545], [-80.1418087, 25.7743622]]}, "properties": {"project": "EC19B03", "date": "19270227", "kind": "Natural.Mean High Water", "source": "T04529"}}, {"type": "Feature", "geometry": {"type": "LineString", "coordinates": [[-80.132941, 25.7654373], [-80.1338786, 25.765804], [-80.1354405, 25.7664907], [-80.1365198, 25.7669194], [-80.1368352, 25.7671046]]}, "properties": {"project": "EC19B03", "date": "19270227", "kind": "Natural.Mean High Water", "source": "T04529"}}, {"type": "Feature", "geometry": {"type": "LineString", "coordinates": [[-80.1368352, 25.7671046], [-80.1368867, 25.7673042], [-80.1367009, 25.7674226], [-80.1367965, 25.7675985], [-80.1370439, 25.7674326]]}, "properties": {"project": "EC19B03", "date": "19270227", "kind": "Man-made", "source": "T04529"}}, {"type": "Feature", "geometry": {"type": "LineString", "coordinates": [[-80.1423271, 25.7757122], [-80.1423943, 25.7756793], [-80.1423429, 25.7755065], [-80.1422755, 25.7755198]]}, "properties": {"project": "EC19B03", "date": "19270227", "kind": "Undetermined Alongshore Feature", "source": "T04529"}}, {"type": "Feature", "geometry": {"type": "LineString", "coordinates": [[-80.1423271, 25.7757122], [-80.1423346, 25.7758955], [-80.1424285, 25.7762865], [-80.142566, 25.7767496], [-80.1426868, 25.7770852], [-80.1427975, 25.7776117], [-80.1428578, 25.7778033], [-80.1428999, 25.7780586], [-80.1429176, 25.7782356]]}, "properties": {"project": "EC19B03", "date": "19270227", "kind": "Natural.Mean High Water", "source": "T04529"}}, {"type": "Feature", "geometry": {"type": "LineString", "coordinates": [[-80.1422755, 25.7755198], [-80.1423271, 25.7757122]]}, "properties": {"project": "EC19B03", "date": "19270227", "kind": "Shoreline/Alongshore Feature Boundary", "source": "T04529"}}, {"type": "Feature", "geometry": {"type": "LineString", "coordinates": [[-80.1284889, 25.8000005], [-80.1279234, 25.800284], [-80.1278357, 25.8002277000001], [-80.1278578, 25.7996221], [-80.1276465, 25.7996209], [-80.1274752, 25.8001777], [-80.1273242, 25.8003521], [-80.1269181, 25.800509], [-80.1266885, 25.8006033], [-80.1265734, 25.8006982], [-80.1265192, 25.8008812], [-80.1264005, 25.8014543], [-80.1263358, 25.8018763], [-80.1262807, 25.8021868], [-80.1263315, 25.80245], [-80.1266561, 25.8026274], [-80.1268753, 25.8027403], [-80.1269275, 25.8028441], [-80.1269784, 25.8030915000001], [-80.1269903, 25.8038327], [-80.1269787, 25.804255], [-80.1267803, 25.8048835], [-80.1266552, 25.8051376], [-80.1264845, 25.805615], [-80.1261892, 25.8062666], [-80.1259753, 25.8066319], [-80.1258414, 25.8068622], [-80.1257175, 25.8069491], [-80.1255927, 25.8071635], [-80.1253444, 25.807417], [-80.1250605, 25.8077262], [-80.1248378, 25.8080515], [-80.124633, 25.808369], [-80.1245961, 25.8085841], [-80.1245742999999, 25.8091736], [-80.1245812, 25.8094287], [-80.12465, 25.8096602], [-80.1246664, 25.8098118], [-80.1246827, 25.8099872], [-80.124593, 25.8102098], [-80.1245546, 25.8106479], [-80.1245876999999, 25.8109351], [-80.124629, 25.8113177], [-80.1245722, 25.8118352], [-80.1244462, 25.8122092], [-80.1243291, 25.812575], [-80.1241411, 25.8129804], [-80.1239881, 25.8134497], [-80.1239067, 25.813744], [-80.1237545, 25.8140856], [-80.1236877, 25.8148107], [-80.1236583, 25.8152011], [-80.1236293, 25.8155514], [-80.1235801, 25.8162524], [-80.1234164, 25.8169607], [-80.1233515, 25.8174066], [-80.1232869, 25.8178046], [-80.1230494, 25.8189587], [-80.1229849, 25.8193489], [-80.1228949, 25.8196272], [-80.1228482, 25.8199857], [-80.12284498360454, 25.82]]}, "properties": {"project": "EC19B03", "date": "19270227", "kind": "Man-made", "source": "T04529"}}, {"type": "Feature", "geometry": {"type": "LineString", "coordinates": [[-80.136669, 25.7959872], [-80.136439, 25.7960623], [-80.136172, 25.7962357], [-80.135869, 25.7963978], [-80.1355536, 25.7965708], [-80.1351536, 25.7967871], [-80.134705, 25.7970359], [-80.1344746, 25.7971766], [-80.1341718, 25.797295], [-80.1339293, 25.7974358], [-80.1334805, 25.7977063], [-80.1327531, 25.7980736], [-80.1321352, 25.798376], [-80.1319865, 25.7984235]]}, "properties": {"project": "EC19B03", "date": "19270227", "kind": "Man-made", "source": "T04529"}}, {"type": "Feature", "geometry": {"type": "LineString", "coordinates": [[-80.1495962, 25.7928873], [-80.1498116, 25.7927254], [-80.1499602, 25.7924405], [-80.1501429, 25.7921048], [-80.150233, 25.7921156], [-80.15029, 25.7920341], [-80.1502118, 25.7919216], [-80.1503259999999, 25.7917182], [-80.1503268, 25.7916161]]}, "properties": {"project": "EC19B03", "date": "19270227", "kind": "Natural.Mean High Water", "source": "T04529"}}, {"type": "Feature", "geometry": {"type": "LineString", "coordinates": [[-80.1495108, 25.7929228], [-80.1495962, 25.7928873]]}, "properties": {"project": "EC19B03", "date": "19270227", "kind": "Natural.Mean High Water", "source": "T04529"}}, {"type": "Feature", "geometry": {"type": "LineString", "coordinates": [[-80.12119100029301, 25.82], [-80.1212071, 25.8198676], [-80.1212539, 25.819703], [-80.121322, 25.8191263000001], [-80.1214002, 25.8184014], [-80.1214655, 25.8181873], [-80.1215048, 25.8178082], [-80.1215927, 25.8169926], [-80.1216405, 25.8166961], [-80.1216874, 25.816515], [-80.1217517, 25.8164411], [-80.1218639, 25.8160543], [-80.1219566, 25.8158241], [-80.1220043, 25.8155275], [-80.1219979, 25.8151647], [-80.122, 25.8148844], [-80.1220204, 25.8145795], [-80.1219936, 25.8145133], [-80.1219861, 25.8142906], [-80.1220436, 25.8139118], [-80.122118, 25.813706], [-80.1221376, 25.8135166], [-80.1221846, 25.8133273], [-80.1222597, 25.8130227], [-80.1222429, 25.8128246], [-80.1222073, 25.8127007000001], [-80.122218, 25.8124947], [-80.1223002, 25.8124788], [-80.1223724, 25.812545], [-80.1224546, 25.812529], [-80.1225731, 25.8125051], [-80.1225933, 25.8122496], [-80.1225871, 25.8118456], [-80.1225709, 25.8115817], [-80.1226566, 25.8110628], [-80.122714, 25.8107004], [-80.1227429, 25.8104862], [-80.1227547, 25.8101235], [-80.1228561, 25.8099592], [-80.1229116, 25.8098441], [-80.1229395, 25.8097536], [-80.1229516, 25.8093579], [-80.1229273, 25.8089455], [-80.1229111, 25.808665], [-80.1229494, 25.8084181], [-80.1229699, 25.8081213], [-80.1230345, 25.807998], [-80.1230809, 25.8078665], [-80.1231739, 25.8076278], [-80.1232678, 25.8072409], [-80.1233417, 25.807093], [-80.1233528, 25.8068293], [-80.1234094, 25.8065574], [-80.1234677, 25.8060549], [-80.1234959, 25.8059561], [-80.12356, 25.8058988], [-80.1236255, 25.8056684], [-80.1236906, 25.8054873], [-80.1238661, 25.8051504], [-80.1240327, 25.8047885], [-80.1242528, 25.8045755], [-80.1242996, 25.8044027], [-80.1243561, 25.804164], [-80.1244297, 25.8040572], [-80.1244943, 25.8039339], [-80.1245781, 25.8036953], [-80.1246156, 25.8035554000001], [-80.1246258, 25.8033824], [-80.1247372, 25.8031027], [-80.1249314, 25.8027163], [-80.1251343, 25.8023712], [-80.125173, 25.8020665], [-80.1252845, 25.8017703], [-80.1253948, 25.8016226], [-80.1255068, 25.8012605], [-80.1255817, 25.800989], [-80.1256559, 25.8008079], [-80.1257028, 25.8006103], [-80.1257595, 25.8003633], [-80.1258244, 25.8001742], [-80.1259442, 25.7999852], [-80.1260005, 25.7997712], [-80.1260752, 25.799516], [-80.1261861, 25.7993106], [-80.1262508, 25.799179], [-80.1263624, 25.7988415], [-80.1264465, 25.7985618], [-80.1265766, 25.7982081], [-80.1266979, 25.7978214], [-80.1267716, 25.7976816], [-80.1268453, 25.7975749], [-80.126856, 25.7973689], [-80.1269208, 25.7972209], [-80.127004, 25.7970647], [-80.1270967, 25.7968261], [-80.1272363, 25.796423], [-80.1273025, 25.7960854], [-80.127295, 25.7958627], [-80.1273864, 25.7958303], [-80.1274246, 25.7955914], [-80.1274633, 25.79527], [-80.1275015, 25.7950229], [-80.127586, 25.7946938], [-80.1277067, 25.7943646], [-80.127782, 25.7940353], [-80.127849, 25.7935823], [-80.1279318, 25.7934838], [-80.1279982, 25.7931216], [-80.1280739, 25.7927343], [-80.1281677, 25.7923474], [-80.1282531, 25.7918945], [-80.1283364, 25.7916971], [-80.1283475, 25.7914251], [-80.1283777, 25.7910378], [-80.1283978, 25.7907823], [-80.128464, 25.7904446], [-80.1285138, 25.7898762], [-80.128535, 25.7894475], [-80.1286006, 25.7892005], [-80.1286926, 25.7890691], [-80.1287308, 25.7888218000001], [-80.1287615, 25.7883853], [-80.1288473, 25.7878416], [-80.1288583, 25.7875614], [-80.1288792, 25.7872152], [-80.1288731, 25.7868196], [-80.1289294, 25.7865806], [-80.1289578, 25.7864242], [-80.1289788, 25.7860533], [-80.1290267, 25.7857155], [-80.1290462, 25.7855507], [-80.1290576, 25.7852293], [-80.1290594, 25.784982], [-80.1290977, 25.7847266], [-80.1291354, 25.7845537], [-80.1292283, 25.7843152], [-80.1293016, 25.7842332], [-80.1292937, 25.7840846], [-80.1293311, 25.7839612], [-80.1292974, 25.7835818], [-80.1293353, 25.783376], [-80.1293735, 25.783137], [-80.1293748, 25.7829639], [-80.1293667, 25.7828154], [-80.1293865, 25.7825846], [-80.1294002, 25.7819665], [-80.1294472, 25.7817688], [-80.1294697, 25.7811754], [-80.1295272, 25.7807964], [-80.1295557, 25.7806317], [-80.1296297, 25.7804756], [-80.1297028, 25.7804182], [-80.1297769, 25.7802538], [-80.1299153, 25.7799906], [-80.1300535, 25.7797937], [-80.1300815, 25.7796949], [-80.1300842, 25.7793238], [-80.1301596, 25.7789782], [-80.1302533, 25.7786077], [-80.1303651, 25.7782703], [-80.1304679, 25.7779082], [-80.1305886, 25.7775956], [-80.1306542, 25.7773486], [-80.1306925, 25.7770932], [-80.1307398, 25.7769812], [-80.130803, 25.7767714], [-80.1308517, 25.7766295], [-80.1308873999999, 25.7764133], [-80.1309794, 25.7759932], [-80.1310152, 25.7757647], [-80.1311262, 25.7755118], [-80.1312862, 25.7751232], [-80.1313772, 25.7748084], [-80.1314476, 25.7745182], [-80.1314766, 25.7742833], [-80.1314943, 25.7737393], [-80.1314713, 25.773127], [-80.1315004, 25.7729045], [-80.1315428, 25.7727132], [-80.1315978, 25.7726517], [-80.1316335, 25.772423], [-80.1316898, 25.7722069], [-80.1318641, 25.7717072], [-80.1321004, 25.7711521], [-80.1321501, 25.7708988], [-80.1321989, 25.7707692], [-80.1322697, 25.7704295], [-80.1322657, 25.7700337], [-80.1323218, 25.7698178], [-80.1323302, 25.7696075], [-80.1323478, 25.7690696], [-80.1324232, 25.7690145], [-80.1324454, 25.7688044], [-80.1324629, 25.7687255], [-80.1325018, 25.7685511], [-80.1325447, 25.7682856], [-80.1325674, 25.7679703], [-80.1326189, 25.7674574], [-80.1326699, 25.7670186], [-80.1327063, 25.7667158], [-80.1327631, 25.7664256], [-80.1327994, 25.7661351], [-80.1328759, 25.7659501], [-80.1329323, 25.7656968], [-80.132941, 25.7654373]]}, "properties": {"project": "EC19B03", "date": "19270227", "kind": "Natural.Mean High Water", "source": "T04529"}}, {"type": "Feature", "geometry": {"type": "LineString", "coordinates": [[-80.1474297, 25.7926294], [-80.147318, 25.7927068], [-80.1473328, 25.7927627]]}, "properties": {"project": "EC19B03", "date": "19270227", "kind": "Undetermined Alongshore Feature", "source": "T04529"}}, {"type": "Feature", "geometry": {"type": "LineString", "coordinates": [[-80.1534334, 25.7362663], [-80.1531002, 25.7363602], [-80.152722, 25.7363923], [-80.1524493, 25.7364728], [-80.1523204, 25.7365132], [-80.1521083, 25.7365734], [-80.1517302, 25.7365919], [-80.1513522, 25.7365897], [-80.151065, 25.7365812], [-80.1509127, 25.7367309], [-80.1506098999999, 25.7367908], [-80.1502684, 25.7369736], [-80.1495482, 25.7372708], [-80.1493359, 25.7373517], [-80.1491846, 25.7373576], [-80.1490782, 25.7374323], [-80.1490098, 25.7375004], [-80.1487752, 25.7375333], [-80.1484257, 25.7377708], [-80.1481447, 25.7379403], [-80.1477648, 25.7382051], [-80.1472786, 25.7385448], [-80.1467537, 25.7389935], [-80.1462366, 25.7394356], [-80.1460771, 25.7395442], [-80.1458648, 25.739632], [-80.145765, 25.7398367], [-80.1456725, 25.7400827], [-80.1453976, 25.7404783], [-80.1451977, 25.7409289], [-80.1449749, 25.7414343], [-80.1446885, 25.7423639], [-80.1444801, 25.7429789], [-80.1443334, 25.7433888], [-80.1439724, 25.7441673], [-80.1438021, 25.7447209], [-80.1436172, 25.7452059], [-80.1433713, 25.7457591], [-80.1432946, 25.7459298], [-80.143286, 25.746053], [-80.1430405999999, 25.7465445], [-80.1426117, 25.7473089], [-80.1424674, 25.7474039], [-80.1423899, 25.7476636], [-80.1422908, 25.7477932], [-80.1421988, 25.747957], [-80.1420309, 25.7481477], [-80.1418781, 25.7483863], [-80.1417871, 25.7484337], [-80.141497, 25.7488155], [-80.1412665, 25.7493482], [-80.1410138, 25.749778], [-80.1407769, 25.7501328], [-80.1406539, 25.7504127], [-80.1406302, 25.7505496], [-80.1406821, 25.7506867], [-80.1408095, 25.7508586], [-80.1408465, 25.7509753000001], [-80.1408899, 25.751229], [-80.1410097999999, 25.7514008], [-80.141136, 25.7517302], [-80.1412553, 25.7519432], [-80.141406, 25.7520262], [-80.1415497, 25.7520134], [-80.1417238, 25.7519871]]}, "properties": {"project": "EC19B03", "date": "19270227", "kind": "Natural.Mean High Water", "source": "T04529"}}, {"type": "Feature", "geometry": {"type": "LineString", "coordinates": [[-80.1630133, 25.7317205], [-80.1627935, 25.7317876], [-80.1625207, 25.7318819], [-80.1623013, 25.7319423], [-80.1620805, 25.7321396], [-80.1619288, 25.7322072], [-80.161807, 25.7323435], [-80.161526, 25.732513], [-80.1612532, 25.7326073], [-80.1609649, 25.7327563], [-80.1606768, 25.7328847], [-80.1603661, 25.7329786], [-80.1602746, 25.7331082], [-80.1601762, 25.733142], [-80.1600542, 25.7332713], [-80.1598651, 25.7332908], [-80.1596983, 25.7333515], [-80.1594858, 25.7334598], [-80.1593038, 25.7335546], [-80.1589863, 25.7335733], [-80.1586758, 25.7336263], [-80.1582968, 25.7337679], [-80.1579403, 25.7339438]]}, "properties": {"project": "EC19B03", "date": "19270227", "kind": "Natural.Apparent.Mangrove Or Cypress", "source": "T04529"}}, {"type": "Feature", "geometry": {"type": "LineString", "coordinates": [[-80.1579403, 25.7339438], [-80.1574783, 25.7340715], [-80.157046, 25.7342742], [-80.1565222999999, 25.7345587], [-80.1562797, 25.7346532], [-80.1559073, 25.7349318], [-80.1554824, 25.7351485], [-80.1549966, 25.7354057], [-80.1546171, 25.7356502], [-80.1542300999999, 25.7358532], [-80.1539039, 25.7360225], [-80.1534334, 25.7362663]]}, "properties": {"project": "EC19B03", "date": "19270227", "kind": "Natural.Mean High Water", "source": "T04529"}}, {"type": "Feature", "geometry": {"type": "LineString", "coordinates": [[-80.1457243, 25.787491], [-80.1457447, 25.7876466], [-80.1456814, 25.7878853], [-80.1455295, 25.7881953], [-80.1453961, 25.7883858], [-80.1452807, 25.7885286], [-80.1450491, 25.7889017], [-80.1447896, 25.78949], [-80.1447596, 25.7899918], [-80.1447541, 25.7907569], [-80.1447599, 25.7911793], [-80.1447228, 25.7914421]]}, "properties": {"project": "EC19B03", "date": "19270227", "kind": "Natural.Mean High Water", "source": "T04529"}}, {"type": "Feature", "geometry": {"type": "LineString", "coordinates": [[-80.1447228, 25.7914421], [-80.144413, 25.7916634], [-80.1439091, 25.7919712], [-80.1437593, 25.7919863], [-80.1435648, 25.7921047], [-80.1430874, 25.7923967], [-80.1423188, 25.7927668], [-80.1419121, 25.7930035], [-80.1417353, 25.793114], [-80.1414792, 25.79324]]}, "properties": {"project": "EC19B03", "date": "19270227", "kind": "Man-made", "source": "T04529"}}, {"type": "Feature", "geometry": {"type": "LineString", "coordinates": [[-80.140472, 25.8152541], [-80.1404569, 25.8154075]]}, "properties": {"project": "EC19B03", "date": "19270227", "kind": "Shoreline/Alongshore Feature Boundary", "source": "T04529"}}, {"type": "Feature", "geometry": {"type": "LineString", "coordinates": [[-80.1691517, 25.6807491], [-80.1693975, 25.6809037]]}, "properties": {"project": "EC19B03", "date": "19270227", "kind": "Natural.Apparent.Mangrove Or Cypress", "source": "T04529"}}, {"type": "Feature", "geometry": {"type": "LineString", "coordinates": [[-80.140472, 25.8152541], [-80.140571, 25.8152676], [-80.1405823, 25.8150073], [-80.1407095, 25.815008], [-80.1406981, 25.8152938], [-80.1407357, 25.815294], [-80.1407143, 25.8156522], [-80.1406013, 25.8156472], [-80.1405935, 25.8154041], [-80.1404569, 25.8154075]]}, "properties": {"project": "EC19B03", "date": "19270227", "kind": "Undetermined Alongshore Feature", "source": "T04529"}}, {"type": "Feature", "geometry": {"type": "LineString", "coordinates": [[-80.1319865, 25.7984235], [-80.1318325, 25.7984726], [-80.1314205, 25.7986778], [-80.1312021, 25.7988187], [-80.1309598, 25.7989266], [-80.130802, 25.799024], [-80.1306445, 25.7990886], [-80.1304871, 25.7991424000001], [-80.130293, 25.7992833]]}, "properties": {"project": "EC19B03", "date": "19270227", "kind": "Natural.Mean High Water", "source": "T04529"}}, {"type": "Feature", "geometry": {"type": "LineString", "coordinates": [[-80.1404569, 25.8154075], [-80.1404043, 25.8155181], [-80.1402283, 25.8157347], [-80.1400863, 25.8158149], [-80.1399401, 25.8158268], [-80.1397517, 25.8158043], [-80.1396205, 25.8157012], [-80.139532, 25.8155557], [-80.1394995, 25.8154789]]}, "properties": {"project": "EC19B03", "date": "19270227", "kind": "Natural.Mean High Water", "source": "T04529"}}, {"type": "Feature", "geometry": {"type": "LineString", "coordinates": [[-80.1395786, 25.8149672], [-80.1397812, 25.8149769], [-80.1401347, 25.8149790000001], [-80.1403373, 25.814993], [-80.1404028, 25.8150658], [-80.1404397, 25.815177], [-80.140472, 25.8152541]]}, "properties": {"project": "EC19B03", "date": "19270227", "kind": "Natural.Mean High Water", "source": "T04529"}}, {"type": "Feature", "geometry": {"type": "LineString", "coordinates": [[-80.1401487, 25.7564289], [-80.1399858, 25.7565502], [-80.1397831, 25.756549], [-80.139567, 25.7565111], [-80.1393227, 25.7566687], [-80.1391328, 25.7567655], [-80.1389436, 25.7567644], [-80.1384717, 25.7565903], [-80.138106, 25.7567227], [-80.1378486, 25.7568069], [-80.1375241, 25.7568293], [-80.1372538, 25.7568155], [-80.1369968, 25.7568508], [-80.1368341, 25.7569355], [-80.1368193, 25.7571067], [-80.1369389, 25.7574011], [-80.1370189, 25.7575362], [-80.1370163, 25.7579033], [-80.1369871, 25.7581847], [-80.136931, 25.7584903], [-80.1369024, 25.7586981], [-80.1367914, 25.7590892], [-80.1364073, 25.7598823], [-80.1361338, 25.7603335], [-80.1358869, 25.7608339], [-80.1355452, 25.7613702], [-80.1353265, 25.7616994], [-80.1350942, 25.7620284], [-80.1346451, 25.7624785], [-80.1342919, 25.7627334], [-80.1343035, 25.7630027]]}, "properties": {"project": "EC19B03", "date": "19270227", "kind": "Natural.Mean High Water", "source": "T04529"}}, {"type": "Feature", "geometry": {"type": "LineString", "coordinates": [[-80.1298427, 25.7611103], [-80.1343035, 25.7630027]]}, "properties": {"project": "EC19B03", "date": "19270227", "kind": "Undetermined Alongshore Feature", "source": "T04529"}}, {"type": "Feature", "geometry": {"type": "LineString", "coordinates": [[-80.1343035, 25.7630027], [-80.1364868, 25.7638479], [-80.1381304, 25.7645674], [-80.1384806, 25.7647287], [-80.1389538, 25.7647071], [-80.1392682, 25.7642192], [-80.1395916, 25.7643436], [-80.1394675, 25.7646978], [-80.1410083, 25.764658], [-80.1409514, 25.7632134], [-80.1414784, 25.7632165], [-80.1416168, 25.7646493], [-80.1429147, 25.7645835], [-80.1429139, 25.7646936], [-80.1431978, 25.7646953], [-80.1431987, 25.7645729], [-80.1462811, 25.7644441], [-80.1477141, 25.7643792], [-80.1489036, 25.7643617], [-80.1484697, 25.7626703], [-80.1467487, 25.7613996], [-80.1448536, 25.7599444], [-80.1436571, 25.7590684], [-80.1416139, 25.7575511], [-80.1401487, 25.7564289]]}, "properties": {"project": "EC19B03", "date": "19270227", "kind": "Man-made", "source": "T04529"}}, {"type": "Feature", "geometry": {"type": "LineString", "coordinates": [[-80.1685931, 25.6830663], [-80.1688594, 25.6833428], [-80.1690555, 25.6836716], [-80.1691596, 25.6837992], [-80.169159, 25.6838836], [-80.1694027, 25.6840859], [-80.1695187, 25.6841817], [-80.1695877, 25.6843091], [-80.1695281, 25.684499], [-80.1693624, 25.6848575], [-80.1692329, 25.6850047], [-80.1690348, 25.6849825], [-80.1688841, 25.6848442], [-80.1686513, 25.6847689]]}, "properties": {"project": "EC19B03", "date": "19270227", "kind": "Natural.Apparent.Mangrove Or Cypress", "source": "T04529"}}, {"type": "Feature", "geometry": {"type": "LineString", "coordinates": [[-80.1686513, 25.6847689], [-80.1685344, 25.6847682], [-80.1682307, 25.6848404], [-80.168043, 25.684998], [-80.1679824, 25.6853041], [-80.1680621, 25.6856006], [-80.1682597, 25.685697], [-80.1684343, 25.6857614]]}, "properties": {"project": "EC19B03", "date": "19270227", "kind": "Natural.Mean High Water", "source": "T04529"}}, {"type": "Feature", "geometry": {"type": "LineString", "coordinates": [[-80.1697402, 25.6811189], [-80.1695819, 25.6814987], [-80.1694402, 25.6817657], [-80.1686929, 25.6818601], [-80.1666537, 25.6820458], [-80.1648948, 25.6822049], [-80.1626063, 25.6824595], [-80.1581384999999, 25.6829272], [-80.1573136, 25.6829788], [-80.1572662, 25.6830772], [-80.1573577, 25.6833457], [-80.1575125, 25.6834593], [-80.1580729, 25.6834062], [-80.1588516, 25.6832837], [-80.1602618, 25.683209], [-80.1611725, 25.6831086], [-80.1621301, 25.6829978], [-80.1639276, 25.6828707], [-80.1667999, 25.6825488], [-80.1674419, 25.6824996], [-80.1677101, 25.6825328], [-80.1679432, 25.6825659], [-80.1681177, 25.6826303], [-80.1683966, 25.6827904], [-80.1685931, 25.6830663]]}, "properties": {"project": "EC19B03", "date": "19270227", "kind": "Natural.Mean High Water", "source": "T04529"}}, {"type": "Feature", "geometry": {"type": "LineString", "coordinates": [[-80.1769099, 25.686549], [-80.1770221, 25.6866211], [-80.1779953, 25.6859834], [-80.1781407, 25.6861374], [-80.1778808, 25.6862584], [-80.1777787, 25.6863803]]}, "properties": {"project": "EC19B03", "date": "19270227", "kind": "Man-made", "source": "T04529"}}, {"type": "Feature", "geometry": {"type": "LineString", "coordinates": [[-80.1777787, 25.6863803], [-80.1778225, 25.6865438], [-80.1779456, 25.6866569], [-80.1780915, 25.6867394], [-80.1783506, 25.6867408], [-80.1784978, 25.6866294], [-80.1785557, 25.6864358], [-80.1783767, 25.6862306], [-80.1782987, 25.6861281], [-80.1784455, 25.6860472], [-80.1786246, 25.6862116], [-80.1786797, 25.6863956], [-80.1786788, 25.6865283], [-80.1786213, 25.6867015], [-80.1783946, 25.6868942], [-80.1781806, 25.686893], [-80.1776962, 25.6868903], [-80.1774031, 25.6869193], [-80.1770983, 25.6870093], [-80.1768049, 25.687069], [-80.1766012, 25.6872006], [-80.1764206, 25.6872608], [-80.1761835, 25.6873309], [-80.1757555, 25.6873183], [-80.1755196, 25.6872149], [-80.1752269, 25.6871826], [-80.1748793, 25.6869458], [-80.1744871, 25.6866476], [-80.1739155, 25.6862054], [-80.1733442, 25.6857326], [-80.1729853, 25.6855058], [-80.172739, 25.6852799], [-80.172335, 25.685053], [-80.1719641, 25.6849284], [-80.1718749, 25.6847952], [-80.1716278, 25.6846917], [-80.1714936, 25.684548], [-80.1710993, 25.6845458], [-80.1710534, 25.6846682], [-80.1712083, 25.6850772], [-80.1713414, 25.685374], [-80.1714863, 25.6855996], [-80.1716413, 25.6859986], [-80.1717743, 25.6863056]]}, "properties": {"project": "EC19B03", "date": "19270227", "kind": "Natural.Mean High Water", "source": "T04529"}}, {"type": "Feature", "geometry": {"type": "LineString", "coordinates": [[-80.1733206, 25.6912537], [-80.1743981, 25.6912342], [-80.174374, 25.6906565]]}, "properties": {"project": "EC19B03", "date": "19270227", "kind": "Man-made", "source": "T04529"}}, {"type": "Feature", "geometry": {"type": "LineString", "coordinates": [[-80.1717743, 25.6863056], [-80.170197, 25.6863272000001], [-80.1702074, 25.6864498], [-80.1719986, 25.6864395]]}, "properties": {"project": "EC19B03", "date": "19270227", "kind": "Man-made", "source": "T04529"}}, {"type": "Feature", "geometry": {"type": "LineString", "coordinates": [[-80.1749825, 25.6915605], [-80.1747561, 25.6917429], [-80.1743481, 25.6920979], [-80.1739506, 25.692555], [-80.1736203, 25.6930636], [-80.1734589, 25.6935832], [-80.1733333, 25.6938479], [-80.1732423, 25.6939903]]}, "properties": {"project": "EC19B03", "date": "19270227", "kind": "Natural.Mean High Water", "source": "T04529"}}, {"type": "Feature", "geometry": {"type": "LineString", "coordinates": [[-80.1732423, 25.6939903], [-80.1728136999999, 25.6940287], [-80.169884, 25.6940836], [-80.1686334, 25.6940969], [-80.1659291, 25.6941325], [-80.1659654, 25.6943223], [-80.1691436999999, 25.6942499], [-80.1722214, 25.6942574]]}, "properties": {"project": "EC19B03", "date": "19270227", "kind": "Man-made", "source": "T04529"}}, {"type": "Feature", "geometry": {"type": "LineString", "coordinates": [[-80.174374, 25.6906565], [-80.1742214, 25.6907016], [-80.1740066, 25.6907566], [-80.1738594, 25.6908376], [-80.1736107, 25.6909179], [-80.1734350999999, 25.6910141], [-80.1733215, 25.6911361], [-80.1733206, 25.6912537]]}, "properties": {"project": "EC19B03", "date": "19270227", "kind": "Natural.Mean High Water", "source": "T04529"}}, {"type": "Feature", "geometry": {"type": "LineString", "coordinates": [[-80.1684343, 25.6857614], [-80.1689796, 25.6856198], [-80.1690818, 25.6855282], [-80.169206, 25.6855289], [-80.1692975, 25.6853556], [-80.1697563, 25.6843047], [-80.1708031, 25.6847607], [-80.1707936, 25.6844844], [-80.1698819, 25.684111], [-80.170009, 25.6836515], [-80.1703764, 25.6828147], [-80.1705937999999, 25.6823761]]}, "properties": {"project": "EC19B03", "date": "19270227", "kind": "Man-made", "source": "T04529"}}, {"type": "Feature", "geometry": {"type": "LineString", "coordinates": [[-80.1705937999999, 25.6823761], [-80.1705951, 25.682192], [-80.1705654, 25.6819601]]}, "properties": {"project": "EC19B03", "date": "19270227", "kind": "Natural.Mean High Water", "source": "T04529"}}, {"type": "Feature", "geometry": {"type": "LineString", "coordinates": [[-80.1719986, 25.6864395], [-80.1721666, 25.6865936], [-80.172222, 25.6867368], [-80.1725244, 25.6869937], [-80.1729398, 25.6872003], [-80.1731531, 25.6873138], [-80.1733066, 25.6879169], [-80.1734843999999, 25.6882752], [-80.173729, 25.6887462], [-80.1738281, 25.6890734], [-80.1739727, 25.6893498], [-80.1740576, 25.6901057], [-80.1740204, 25.6906057], [-80.1735798, 25.6907767], [-80.1732402, 25.6910096], [-80.1730688, 25.6913557]]}, "properties": {"project": "EC19B03", "date": "19270227", "kind": "Natural.Apparent.Mangrove Or Cypress", "source": "T04529"}}, {"type": "Feature", "geometry": {"type": "LineString", "coordinates": [[-80.1429292, 25.7783854], [-80.1429558, 25.7788479], [-80.1430053, 25.7793025], [-80.1430439, 25.7800757], [-80.1430817, 25.780619]]}, "properties": {"project": "EC19B03", "date": "19270227", "kind": "Natural.Mean High Water", "source": "T04529"}}, {"type": "Feature", "geometry": {"type": "LineString", "coordinates": [[-80.1745573, 25.6895267], [-80.1752549, 25.6893301], [-80.1756913, 25.6893622], [-80.1760064, 25.6895519], [-80.1760927, 25.6896809], [-80.1760693, 25.689928], [-80.1758915, 25.6903818], [-80.1756919, 25.6908354], [-80.175417, 25.6911602], [-80.1751528, 25.6913981]]}, "properties": {"project": "EC19B03", "date": "19270227", "kind": "Natural.Mean High Water", "source": "T04529"}}, {"type": "Feature", "geometry": {"type": "LineString", "coordinates": [[-80.1430817, 25.780619], [-80.1430837, 25.7806497], [-80.1430879, 25.7807234]]}, "properties": {"project": "EC19B03", "date": "19270227", "kind": "Man-made", "source": "T04529"}}, {"type": "Feature", "geometry": {"type": "LineString", "coordinates": [[-80.1677658, 25.7897252], [-80.1677742, 25.7898758]]}, "properties": {"project": "EC19B03", "date": "19270227", "kind": "User Added Line", "source": "T04529"}}, {"type": "Feature", "geometry": {"type": "LineString", "coordinates": [[-80.1730688, 25.6913557], [-80.1746122, 25.6913644], [-80.1745573, 25.6895267]]}, "properties": {"project": "EC19B03", "date": "19270227", "kind": "Man-made", "source": "T04529"}}, {"type": "Feature", "geometry": {"type": "LineString", "coordinates": [[-80.1448284, 25.7513207], [-80.1449968, 25.7513231], [-80.145163, 25.7512491], [-80.1454716, 25.7510157], [-80.1457443, 25.7508781], [-80.1464544, 25.7507004], [-80.1470105, 25.7505753], [-80.1474244, 25.7505243], [-80.1479086, 25.7505484], [-80.1485099, 25.7507124], [-80.1489937, 25.7507901], [-80.1493, 25.7508989], [-80.1492076, 25.7506202], [-80.1490675, 25.750384], [-80.1493408, 25.7501502], [-80.1496136, 25.7500128], [-80.1501522, 25.7503122], [-80.1505291, 25.7500271], [-80.1508208, 25.7495587], [-80.1515439, 25.7492756], [-80.1523821, 25.7490194], [-80.1539702, 25.7482482], [-80.1548851, 25.7473524], [-80.1551689, 25.7469818], [-80.1555595, 25.7468079], [-80.1558845, 25.7467314], [-80.1561467, 25.7463607], [-80.156303, 25.745676], [-80.156564, 25.745462], [-80.1566301, 25.745286], [-80.1563944, 25.7449713], [-80.1564624, 25.7445407], [-80.1562713, 25.7440303], [-80.156296, 25.7435798], [-80.1565804, 25.7431505], [-80.15667, 25.7427007], [-80.1567807, 25.7423289], [-80.156848, 25.7420355], [-80.1569154, 25.741644], [-80.1572429, 25.741215], [-80.1577667, 25.740552], [-80.157942, 25.7402199], [-80.1579452, 25.7397695], [-80.158225, 25.739967], [-80.1584399, 25.7401641], [-80.1588076, 25.7401662], [-80.1589994, 25.7405788], [-80.1591821, 25.7403569], [-80.1593465, 25.7400493], [-80.1597034, 25.7400514], [-80.1600445, 25.7399798], [-80.1603858, 25.7398935000001], [-80.1608093, 25.7396464], [-80.1608425, 25.7395291], [-80.1609726, 25.7394857], [-80.1617982, 25.7391095], [-80.1625939, 25.7385975], [-80.1632632, 25.7380273], [-80.1637419, 25.7375138], [-80.1641874, 25.737258], [-80.1644433, 25.7369151], [-80.1645106, 25.7363703], [-80.1647981, 25.7359988], [-80.1652433, 25.7357719], [-80.1655632, 25.7353433], [-80.1666459, 25.734364], [-80.1668802, 25.7340263], [-80.1670444, 25.7334785], [-80.1668155, 25.7330736], [-80.1668888, 25.7327996], [-80.1671578999999, 25.7325268], [-80.1672129, 25.7323172], [-80.1675358, 25.7319963], [-80.1677695, 25.7317232], [-80.167754, 25.7313841], [-80.1673059, 25.7317528], [-80.1668239, 25.731863], [-80.1665212, 25.7318291], [-80.1662374, 25.7316499], [-80.1658283, 25.7315345], [-80.1655439, 25.7314684], [-80.165293, 25.7316282], [-80.1652604, 25.731432]]}, "properties": {"project": "EC19B03", "date": "19270227", "kind": "Undetermined.Approximate", "source": "T04529"}}, {"type": "Feature", "geometry": {"type": "LineString", "coordinates": [[-80.1474447, 25.7722255], [-80.1474001, 25.772127], [-80.1474546, 25.77207], [-80.1474465, 25.7719717], [-80.1473655, 25.7718974], [-80.1472384, 25.7719540000001], [-80.1471222, 25.7717814], [-80.1471683, 25.7716671], [-80.1471143, 25.7716012], [-80.1470518, 25.7715026], [-80.1469166, 25.7714444]]}, "properties": {"project": "EC19B03", "date": "19270227", "kind": "Natural.Mean High Water", "source": "T04529"}}, {"type": "Feature", "geometry": {"type": "LineString", "coordinates": [[-80.1516139, 25.7722253], [-80.1495095, 25.7719633], [-80.1474447, 25.7722255]]}, "properties": {"project": "EC19B03", "date": "19270227", "kind": "Undetermined.Approximate", "source": "T04529"}}, {"type": "Feature", "geometry": {"type": "LineString", "coordinates": [[-80.1461536, 25.7725383], [-80.1462142, 25.7724732], [-80.1462509999999, 25.77237], [-80.146432, 25.7722949], [-80.1465232, 25.7721647], [-80.146524, 25.7720556], [-80.1464824, 25.7719792], [-80.1463443, 25.7719347], [-80.1461459, 25.7719228], [-80.1459835, 25.7719218], [-80.1459828, 25.7720252], [-80.1459933, 25.7722377], [-80.1459983, 25.7723958], [-80.1460757, 25.7724834], [-80.1461536, 25.7725383]]}, "properties": {"project": "EC19B03", "date": "19270227", "kind": "Natural.Mean High Water", "source": "T04529"}}, {"type": "Feature", "geometry": {"type": "LineString", "coordinates": [[-80.1652604, 25.731432], [-80.1647698, 25.7313265], [-80.1644987, 25.731188], [-80.1645144, 25.7310854], [-80.1649071, 25.7311561], [-80.1652022, 25.7311099], [-80.1652486999999, 25.7309526], [-80.1651208, 25.7308698000001], [-80.1647804999999, 25.7308746], [-80.1643875, 25.7308724], [-80.1642581, 25.7310018], [-80.164114, 25.7310763], [-80.1638642, 25.7311022], [-80.1637202, 25.7311699], [-80.1636509, 25.7313339], [-80.1636498, 25.7314981], [-80.1634455, 25.7315586], [-80.1633009, 25.7316672], [-80.163172, 25.731728], [-80.1630133, 25.7317205]]}, "properties": {"project": "EC19B03", "date": "19270227", "kind": "Natural.Apparent.Mangrove Or Cypress", "source": "T04529"}}, {"type": "Feature", "geometry": {"type": "LineString", "coordinates": [[-80.1417238, 25.7519871], [-80.1421852, 25.7519624], [-80.1426618, 25.7519309], [-80.1430178, 25.7518371], [-80.143472, 25.7517577], [-80.1436914, 25.7517384], [-80.1440633, 25.7515421], [-80.1440865, 25.7514669], [-80.1440188, 25.7514048], [-80.1440574, 25.7512886], [-80.1441783, 25.7513168], [-80.1443223, 25.7512492], [-80.1444435, 25.7512293], [-80.1448284, 25.7513207]]}, "properties": {"project": "EC19B03", "date": "19270227", "kind": "Natural.Apparent.Mangrove Or Cypress", "source": "T04529"}}, {"type": "Feature", "geometry": {"type": "LineString", "coordinates": [[-80.151174, 25.7283248], [-80.1509863, 25.7282365], [-80.1507961, 25.7280838], [-80.1505345, 25.7279163], [-80.1501524, 25.7278564], [-80.1499695, 25.7278119]]}, "properties": {"project": "EC19B03", "date": "19270227", "kind": "Natural.Mean High Water", "source": "T04529"}}, {"type": "Feature", "geometry": {"type": "LineString", "coordinates": [[-80.1499695, 25.7278119], [-80.1496191, 25.7277883]]}, "properties": {"project": "EC19B03", "date": "19270227", "kind": "User Added Line", "source": "T04529"}}, {"type": "Feature", "geometry": {"type": "LineString", "coordinates": [[-80.1496191, 25.7277883], [-80.1493961, 25.7277725], [-80.1492207, 25.7277787], [-80.1490848, 25.7278429], [-80.1490208, 25.7278858], [-80.1488694, 25.727885], [-80.1488145, 25.7277763], [-80.1486804, 25.7275662], [-80.1486812, 25.7274581], [-80.1485786, 25.7273203], [-80.1483495, 25.7270447], [-80.1481831, 25.7269211], [-80.1480002, 25.7268767], [-80.1479773, 25.7267322], [-80.1478831, 25.7265224], [-80.1478847, 25.726306], [-80.1479103, 25.7260751], [-80.1479269, 25.7259669], [-80.1480072, 25.725888], [-80.1480563, 25.7257151], [-80.1481045, 25.7256432], [-80.1481299, 25.7254412], [-80.148124, 25.7251526], [-80.1480299, 25.7249499], [-80.1479192, 25.7248266], [-80.1478572, 25.7245736], [-80.147851, 25.7243426], [-80.1478367, 25.7240972], [-80.1477756, 25.7237432], [-80.1477698, 25.7234256], [-80.1477259, 25.7228697], [-80.1477754, 25.7226462], [-80.1478569, 25.7224086], [-80.1479238, 25.7219471], [-80.1479744, 25.7215505], [-80.1480313, 25.7213919], [-80.1481137, 25.72101], [-80.1482438, 25.7206499], [-80.1483348, 25.7201597], [-80.1484488, 25.7198139], [-80.148467, 25.7195181], [-80.148533, 25.7191865], [-80.1486584, 25.7183862], [-80.1487408, 25.7179825], [-80.1487911, 25.7176147], [-80.1489467, 25.7170238], [-80.1491592, 25.7162673], [-80.1492404, 25.7160515], [-80.1493449, 25.7159219], [-80.1495391, 25.7155118], [-80.1497648, 25.7151378], [-80.1499834, 25.7146267], [-80.1502587, 25.7140509], [-80.1503557, 25.7138205], [-80.1504453, 25.713525], [-80.150583, 25.7132301], [-80.1506967, 25.7129276], [-80.1508765, 25.7122863], [-80.1509816, 25.712056], [-80.151112, 25.7116598], [-80.1511849, 25.7114942], [-80.151275, 25.7111555], [-80.1513984, 25.7106078], [-80.1516891, 25.7100466], [-80.1518756, 25.709593], [-80.1519642, 25.7094345], [-80.1521348, 25.7089883], [-80.1523686, 25.7085494], [-80.1526757, 25.7079666], [-80.1527493, 25.7076928], [-80.1528218, 25.7075778], [-80.152894, 25.7075131], [-80.1530235, 25.7072397], [-80.1530728, 25.7070018], [-80.1532189, 25.7066201], [-80.1533414, 25.7062096], [-80.1535838, 25.7057344], [-80.1537134, 25.7054106000001], [-80.1540371, 25.7046908], [-80.1543444, 25.7040575], [-80.1544502, 25.7037045], [-80.1546033, 25.7034816], [-80.154815, 25.7028549], [-80.1549035, 25.7027183], [-80.1550257, 25.7023366], [-80.1551315, 25.7020125], [-80.1552624, 25.7015441], [-80.1553211, 25.7011114], [-80.1554277, 25.700679], [-80.1554923, 25.7005711], [-80.1555094, 25.7003908], [-80.1555981, 25.7002469], [-80.1556478, 25.6999586], [-80.1557539, 25.6996271], [-80.1558276, 25.699339], [-80.1559108, 25.6988125], [-80.1560512, 25.6981278], [-80.1561017, 25.6977239], [-80.1561707, 25.6969954], [-80.1562136, 25.6965554], [-80.1561998, 25.6962521], [-80.1562107, 25.6958121], [-80.1562519, 25.6956463], [-80.1563003, 25.6955456], [-80.1562637, 25.6951051], [-80.1562889, 25.6949176], [-80.1564019, 25.6947017], [-80.1564358, 25.6944132], [-80.1564869, 25.6939517], [-80.1565306, 25.6934033], [-80.1565588, 25.6927829], [-80.1565634, 25.6921262], [-80.1565742, 25.6915731], [-80.156576, 25.6914839], [-80.1565454, 25.6912961], [-80.1565497, 25.6906897], [-80.1565776, 25.6901199], [-80.1565654, 25.6895786], [-80.1565148, 25.6888494], [-80.1564618, 25.6884522], [-80.1564252, 25.688019], [-80.156407, 25.687196], [-80.1563175, 25.6863367], [-80.1562662, 25.6857014], [-80.1562119, 25.685499], [-80.1561039, 25.6850004], [-80.1560347, 25.6846463], [-80.1559641, 25.6844944], [-80.1558319, 25.6840245], [-80.1557474, 25.6835982], [-80.1556858, 25.683302], [-80.1556114, 25.6825581], [-80.1555589, 25.6820814], [-80.1553884, 25.6814237], [-80.1553429, 25.6810915], [-80.1552478999999, 25.6810116], [-80.1552106, 25.6806577], [-80.1551418, 25.680246], [-80.1550961, 25.679921], [-80.1549662, 25.6791696], [-80.1549136, 25.6787363], [-80.1548278, 25.678476], [-80.154658, 25.6777174], [-80.1544726, 25.6768935], [-80.154325, 25.676344], [-80.1541842, 25.6759969], [-80.1541303, 25.6757511], [-80.1540050999999, 25.6754257], [-80.1539197, 25.6751004], [-80.1538336, 25.6749267], [-80.1537384, 25.6748395], [-80.1535896, 25.6745066], [-80.1536097, 25.6739006], [-80.15374, 25.6734972], [-80.1538303, 25.673108], [-80.1538747, 25.6724443], [-80.1538908, 25.6713186], [-80.1541566, 25.6709014], [-80.1545423, 25.6703913], [-80.1546239, 25.6701175], [-80.1547278, 25.6700604], [-80.1547771, 25.6698514], [-80.1549157, 25.6693903], [-80.1551507, 25.6687999], [-80.1551926, 25.6685331], [-80.1552738, 25.668317], [-80.1554112, 25.6680291], [-80.1554611, 25.6677335], [-80.1555827, 25.6674022], [-80.1557602, 25.6671001], [-80.1558729, 25.6669277]]}, "properties": {"project": "EC19B03", "date": "19270227", "kind": "Natural.Mean High Water", "source": "T04529"}}, {"type": "Feature", "geometry": {"type": "LineString", "coordinates": [[-80.1558729, 25.6669277], [-80.1561141, 25.666597]]}, "properties": {"project": "EC19B03", "date": "19270227", "kind": "Undetermined.Approximate", "source": "T04529"}}, {"type": "Feature", "geometry": {"type": "LineString", "coordinates": [[-80.1561141, 25.666597], [-80.1564264, 25.6663533], [-80.1564987, 25.6662744], [-80.1566276, 25.6660442], [-80.1567796, 25.6659439], [-80.1569959, 25.665765], [-80.1572043, 25.6655929], [-80.1573166, 25.6654492], [-80.1574604, 25.6654139], [-80.1576911, 25.6654298]]}, "properties": {"project": "EC19B03", "date": "19270227", "kind": "Natural.Mean High Water", "source": "T04529"}}, {"type": "Feature", "geometry": {"type": "LineString", "coordinates": [[-80.1576911, 25.6654298], [-80.1579709, 25.6653086], [-80.1581304, 25.6652446], [-80.1583693, 25.6652459], [-80.1585206, 25.6652613], [-80.1587107, 25.6653778], [-80.1587978, 25.665465], [-80.1589403, 25.6655741], [-80.1591148, 25.6656762], [-80.1591293, 25.6658854], [-80.1591762, 25.6660156], [-80.1593101, 25.6662185], [-80.1594203, 25.6664068], [-80.159523, 25.6665228], [-80.1596338, 25.6666245]]}, "properties": {"project": "EC19B03", "date": "19270227", "kind": "Natural.Mean High Water", "source": "T04529"}}, {"type": "Feature", "geometry": {"type": "LineString", "coordinates": [[-80.1751528, 25.6913981], [-80.1749825, 25.6915605]]}, "properties": {"project": "EC19B03", "date": "19270227", "kind": "Man-made", "source": "T04529"}}, {"type": "Feature", "geometry": {"type": "LineString", "coordinates": [[-80.1623363, 25.6741891], [-80.1626365, 25.6745444], [-80.1630235, 25.6750013], [-80.1634579, 25.6755163], [-80.1638141, 25.6758358], [-80.1639887, 25.6760822], [-80.1638627, 25.6762787], [-80.1635199, 25.6763473], [-80.1631004, 25.6763167], [-80.1626988, 25.6759056], [-80.1624827, 25.6756647], [-80.1620345, 25.6752533], [-80.1618613, 25.6755624], [-80.161812, 25.6759287], [-80.1619656, 25.6762115], [-80.1628023, 25.6766814], [-80.1635309, 25.677038], [-80.1646315, 25.6775659], [-80.1653911, 25.6779508], [-80.1661825, 25.6782229], [-80.1668024, 25.6785509], [-80.1671117, 25.6788205], [-80.1674515, 25.6791748], [-80.1677595, 25.679656], [-80.1680057, 25.6799956], [-80.1684541, 25.6803928], [-80.1691517, 25.6807491]]}, "properties": {"project": "EC19B03", "date": "19270227", "kind": "Undetermined.Approximate", "source": "T04529"}}, {"type": "Feature", "geometry": {"type": "LineString", "coordinates": [[-80.1689599, 25.6830314], [-80.169375, 25.6838142], [-80.1696942, 25.6839974], [-80.1698204, 25.6837933], [-80.1702907, 25.6825608], [-80.170405, 25.6823165], [-80.1703954, 25.6820714], [-80.1702386, 25.6819378], [-80.1700131, 25.6819672], [-80.1698653, 25.6821705], [-80.1697062, 25.6823635], [-80.1694466, 25.6824335], [-80.1694454, 25.682607], [-80.169343, 25.6827494], [-80.1691622, 25.6828402], [-80.1690939, 25.6829317], [-80.1690371, 25.6830028], [-80.1689599, 25.6830314]]}, "properties": {"project": "EC19B03", "date": "19270227", "kind": "Natural.Apparent.Mangrove Or Cypress", "source": "T04529"}}, {"type": "Feature", "geometry": {"type": "LineString", "coordinates": [[-80.1701504, 25.6816617], [-80.1702514999999, 25.6817031], [-80.1704097, 25.6816428], [-80.1703881, 25.6814999], [-80.1702532, 25.6814683], [-80.1701286, 25.6815595], [-80.1701504, 25.6816617]]}, "properties": {"project": "EC19B03", "date": "19270227", "kind": "Natural.Mean High Water", "source": "T04529"}}, {"type": "Feature", "geometry": {"type": "LineString", "coordinates": [[-80.1705654, 25.6819601], [-80.1710729, 25.6818507], [-80.1711851, 25.6819228], [-80.171476, 25.6822001], [-80.1716559, 25.6822623], [-80.1717567, 25.6823344], [-80.1718574, 25.682437], [-80.1720372, 25.6825095], [-80.1721609, 25.6825306], [-80.1722616, 25.6826436], [-80.1725529, 25.6828697], [-80.1729336, 25.6832087], [-80.1732583, 25.6834964], [-80.1734257, 25.6837321], [-80.1736948, 25.6839174], [-80.17402, 25.6841234], [-80.1742671, 25.6842371], [-80.1744578, 25.6843607], [-80.1745921999999, 25.6844737], [-80.1747037, 25.6846377], [-80.1748606, 25.6847508], [-80.1750397, 25.6849255], [-80.1751963, 25.6850794], [-80.1754099, 25.6851521], [-80.1755669, 25.685255]]}, "properties": {"project": "EC19B03", "date": "19270227", "kind": "Natural.Mean High Water", "source": "T04529"}}, {"type": "Feature", "geometry": {"type": "LineString", "coordinates": [[-80.1755669, 25.685255], [-80.1758697, 25.6854609], [-80.176352, 25.6857598], [-80.1765977, 25.6860776], [-80.1768553, 25.6863037], [-80.1769099, 25.686549]]}, "properties": {"project": "EC19B03", "date": "19270227", "kind": "Undetermined.Approximate", "source": "T04529"}}, {"type": "Feature", "geometry": {"type": "LineString", "coordinates": [[-80.1722214, 25.6942574], [-80.1722968, 25.6946], [-80.1725184, 25.6946819], [-80.1728078, 25.6946331], [-80.1728176, 25.6948244], [-80.1726947, 25.6949043], [-80.1721491, 25.6950825], [-80.1722021, 25.6954451], [-80.1728019, 25.6954889], [-80.1729121, 25.6956002], [-80.1726879, 25.6958809], [-80.1722758, 25.6960294], [-80.1718853, 25.6962688], [-80.1714531, 25.6961054], [-80.1711981, 25.6960233], [-80.1707973, 25.6961318], [-80.1704287, 25.6964015], [-80.170171, 25.6967122], [-80.1699349, 25.6971035], [-80.1699219, 25.6973853], [-80.1696545, 25.6974843], [-80.1696531, 25.6976957], [-80.1697962, 25.6978778]]}, "properties": {"project": "EC19B03", "date": "19270227", "kind": "Undetermined.Approximate", "source": "T04529"}}, {"type": "Feature", "geometry": {"type": "LineString", "coordinates": [[-80.1697962, 25.6978778], [-80.1696161, 25.6982292], [-80.1686271, 25.6982135], [-80.1674985, 25.6975225], [-80.1672884, 25.6974004], [-80.167109, 25.6976108], [-80.1671072, 25.6978725], [-80.1675058, 25.6981063], [-80.16786, 25.6982795], [-80.1680708, 25.6983312], [-80.1683046, 25.6982619], [-80.168471, 25.6983132], [-80.1685588, 25.6984647], [-80.1693255, 25.6984691]]}, "properties": {"project": "EC19B03", "date": "19270227", "kind": "Natural.Apparent.Mangrove Or Cypress", "source": "T04529"}}, {"type": "Feature", "geometry": {"type": "LineString", "coordinates": [[-80.1693255, 25.6984691], [-80.1692561999999, 25.6988412], [-80.1692202999999, 25.6992135], [-80.1689852, 25.6994639], [-80.1685481, 25.699995], [-80.1680891, 25.7004957], [-80.1678432, 25.7007057], [-80.1674977, 25.7008548], [-80.1670072, 25.7010634], [-80.1667721, 25.7013237], [-80.1667023, 25.7017763], [-80.1668343, 25.7019784], [-80.1671201, 25.702413], [-80.1672954, 25.7027764], [-80.1674689, 25.7034016], [-80.1676549, 25.7037953], [-80.1676507, 25.7044094], [-80.167891, 25.7049947], [-80.1681542, 25.7055196], [-80.1684182, 25.7059137], [-80.1685592, 25.7063877000001], [-80.1690115, 25.7068635], [-80.1697427, 25.7072099], [-80.1708421, 25.7072967], [-80.171574, 25.7075324], [-80.1726837, 25.7077602], [-80.173062, 25.707702], [-80.173379, 25.7079785], [-80.1737464, 25.708197], [-80.1739847, 25.7082573], [-80.1742438, 25.7084555], [-80.1745234, 25.7088306], [-80.1748694, 25.7090095], [-80.1752148, 25.7092868], [-80.1753654, 25.7094646], [-80.1751255, 25.7096402], [-80.1752983, 25.7097788], [-80.1755574, 25.7099768], [-80.1760744, 25.7105304], [-80.1753596, 25.7103101], [-80.1741669, 25.7101853], [-80.1737979, 25.7101635], [-80.1734067, 25.7102597], [-80.1734224, 25.7111249], [-80.1730313, 25.7111621], [-80.172685, 25.711042], [-80.1726667, 25.7105505], [-80.1727773, 25.7102364], [-80.1723861, 25.7103129], [-80.1720599, 25.7103896], [-80.1716706, 25.7102105], [-80.1713668, 25.7101891], [-80.1715814, 25.7105443], [-80.1711673, 25.7107974], [-80.1709306, 25.7105012], [-80.1707115, 25.7107948], [-80.1707306, 25.7111687], [-80.17047, 25.711187], [-80.169908, 25.710869], [-80.169217, 25.7103538], [-80.1685268, 25.7097403], [-80.1683112, 25.7095031], [-80.1682046, 25.709247], [-80.1678369, 25.7090483], [-80.167534, 25.7089285], [-80.1674485, 25.7087314], [-80.1672523, 25.7088482], [-80.1671623, 25.7092999], [-80.1670955, 25.7095552], [-80.1668337999999, 25.7097306], [-80.1665519, 25.7096898], [-80.1662262, 25.7097075], [-80.1660295, 25.7099227], [-80.1655065, 25.710195], [-80.1648975, 25.7103883], [-80.1646799, 25.7104656], [-80.1641579, 25.7106002], [-80.1635933, 25.7106756], [-80.1629642, 25.7106327], [-80.1624207, 25.7107279], [-80.1620301, 25.7107257], [-80.1616607, 25.7108021], [-80.1615355, 25.7109495], [-80.1615336, 25.711226], [-80.1613865, 25.7113136], [-80.1612506, 25.7115009], [-80.1612128, 25.7116998], [-80.1612119, 25.7118214], [-80.1610282, 25.7118978], [-80.1607714, 25.7119737], [-80.1605144, 25.7120385], [-80.1604648, 25.7121489], [-80.1605376, 25.7122267], [-80.1609161, 25.7122289], [-80.1613805, 25.7121653], [-80.1615741, 25.7124097], [-80.1616204, 25.7127639], [-80.1618421, 25.7124776], [-80.1622096, 25.7123138], [-80.1625762, 25.7122717], [-80.162931, 25.7121631], [-80.1632484, 25.7121649], [-80.1634564, 25.7120997], [-80.1634551, 25.7122988], [-80.1633077, 25.7124197], [-80.1631843, 25.7125959], [-80.1629268, 25.7127603], [-80.1629989, 25.7129266], [-80.1631447, 25.7130049], [-80.1632053, 25.7131048], [-80.1631794, 25.7133038], [-80.1631055, 25.7134028], [-80.1630071, 25.7134907], [-80.1629571, 25.7136564], [-80.1627237, 25.7138652], [-80.1624911, 25.7139634], [-80.1622585, 25.7140505], [-80.1621728, 25.7140832], [-80.1621472, 25.714249], [-80.1620237, 25.7144584], [-80.1618037, 25.7144903], [-80.1613757, 25.7145764], [-80.161082, 25.7146741], [-80.1608118, 25.7148939], [-80.160603, 25.7150696], [-80.1605415, 25.7151578], [-80.1605405, 25.7153015], [-80.1607838, 25.7154246], [-80.1606729, 25.7155788], [-80.1605493, 25.7157661], [-80.1605484, 25.7158877], [-80.1607796, 25.7160107], [-80.1613177999999, 25.7158701], [-80.1616474, 25.715883], [-80.1618913, 25.7159177], [-80.1620735, 25.7160514], [-80.1622076, 25.7160853], [-80.1624401, 25.7160093], [-80.1624384, 25.7162415], [-80.1622418, 25.7164284], [-80.1619117, 25.7165041], [-80.16169, 25.7167792], [-80.1614795, 25.7172093], [-80.161246, 25.7173959], [-80.1610493, 25.7175828], [-80.1606451, 25.7177796], [-80.1603754, 25.7179218], [-80.160069, 25.7180859], [-80.1599083, 25.7183948], [-80.1596372, 25.718736], [-80.1591101, 25.7190206], [-80.158572, 25.7191613], [-80.1581687, 25.7192143], [-80.1578264, 25.7192565], [-80.1576789, 25.7194104], [-80.1577263, 25.7196097], [-80.1578601, 25.719688], [-80.158226, 25.7197343], [-80.1583845, 25.7197685], [-80.1584694, 25.7198576], [-80.1586274, 25.7199468], [-80.1586382, 25.720157], [-80.1583682999999, 25.7203214], [-80.1579161, 25.7203741], [-80.1575995, 25.7202948], [-80.1574162, 25.7202937], [-80.1572817, 25.7203372], [-80.1572196, 25.7204806], [-80.1572669, 25.7206911], [-80.157363, 25.720946], [-80.1573619, 25.7211009], [-80.1572025, 25.7211662], [-80.1570434, 25.7212206], [-80.1568964, 25.7212862], [-80.1565903, 25.7214061], [-80.1564795, 25.7215381], [-80.156369, 25.721637], [-80.1563063, 25.721869], [-80.1562686, 25.7220236], [-80.1562428, 25.7222115], [-80.1562412, 25.7224327], [-80.15624, 25.7226096], [-80.1560688, 25.7226418], [-80.1557876, 25.7226955], [-80.1555921, 25.7227165], [-80.1554696, 25.722771], [-80.1551275, 25.7228024], [-80.1550556, 25.7226028], [-80.1552892, 25.7223939], [-80.1552779, 25.7222502], [-80.1551431, 25.7223046], [-80.1549955999999, 25.7224255], [-80.1548225, 25.7227783], [-80.1544441, 25.7227761], [-80.1540269, 25.7230282], [-80.1538666, 25.7232484], [-80.1540364, 25.7234263], [-80.1543296, 25.7233949], [-80.1545265, 25.7231749], [-80.1543807, 25.7230745], [-80.1546872, 25.7228993], [-80.1549192, 25.7229116], [-80.1551757, 25.7229021], [-80.1551624, 25.7230457], [-80.1553308, 25.7234118], [-80.1557192, 25.7237348], [-80.1560588, 25.7240575], [-80.1563259, 25.7242802], [-80.1565193, 25.7245689], [-80.1565408, 25.7249672], [-80.1564161, 25.7253314], [-80.1560966, 25.7256172], [-80.155717, 25.7257808], [-80.1552159, 25.7258443], [-80.154679, 25.7257859], [-80.1544832, 25.7258512], [-80.1542741, 25.7260712], [-80.15409, 25.7262139], [-80.1539193999999, 25.7261576], [-80.1537974, 25.7261237]]}, "properties": {"project": "EC19B03", "date": "19270227", "kind": "Undetermined.Approximate", "source": "T04529"}}, {"type": "Feature", "geometry": {"type": "LineString", "coordinates": [[-80.1597047, 25.666726], [-80.1598113, 25.6667125], [-80.1597606, 25.6665813], [-80.1596338, 25.6666245]]}, "properties": {"project": "EC19B03", "date": "19270227", "kind": "Undetermined Alongshore Feature", "source": "T04529"}}, {"type": "Feature", "geometry": {"type": "LineString", "coordinates": [[-80.1537974, 25.7261237], [-80.1534437, 25.7260663], [-80.1531753, 25.7260537], [-80.1528594, 25.7258307], [-80.15286, 25.7257531], [-80.152845, 25.7261291], [-80.152661, 25.7262608], [-80.1524044, 25.7262926], [-80.1522081, 25.7264019], [-80.1521584, 25.7265234], [-80.1519624, 25.7266439], [-80.1518303, 25.7263113], [-80.1516484, 25.7261222], [-80.1513944, 25.7258], [-80.1511388, 25.725688], [-80.1510523, 25.7258091], [-80.1509292, 25.7259742], [-80.1506957, 25.7261388], [-80.1505723, 25.7263593], [-80.1504484, 25.7266019], [-80.1506309, 25.7266914], [-80.1508873, 25.7266929], [-80.1510943, 25.7267826], [-80.151289, 25.7268611], [-80.1514353, 25.7269173], [-80.1516914, 25.726963], [-80.1519339, 25.7271967], [-80.1523115, 25.7273204], [-80.1527629, 25.7273675], [-80.1531413, 25.7273697], [-80.1535436, 25.7274937], [-80.1542152, 25.7274865], [-80.1547657, 25.7273346], [-80.1552054, 25.7273372], [-80.1555711, 25.7274059], [-80.1559126, 25.7274743], [-80.1562419, 25.7275204], [-80.1565858, 25.7272348], [-80.1571257, 25.7268619], [-80.1573223, 25.7267192], [-80.1575422, 25.7266872], [-80.1578245, 25.7264678], [-80.1580575999999, 25.7263142], [-80.1582507, 25.7261742]]}, "properties": {"project": "EC19B03", "date": "19270227", "kind": "Undetermined.Approximate", "source": "T04529"}}, {"type": "Feature", "geometry": {"type": "LineString", "coordinates": [[-80.1629227, 25.7315748], [-80.1630052, 25.7315753], [-80.1630133, 25.7317205]]}, "properties": {"project": "EC19B03", "date": "19270227", "kind": "Undetermined Alongshore Feature", "source": "T04529"}}, {"type": "Feature", "geometry": {"type": "LineString", "coordinates": [[-80.1627111, 25.7162718], [-80.1628769, 25.7163191], [-80.1631061, 25.716355], [-80.1632602, 25.7162403], [-80.1634382, 25.7163223], [-80.1636555, 25.7162772], [-80.1637844, 25.7160583], [-80.1639259, 25.7159435], [-80.1641564, 25.7158292], [-80.1643877, 25.7155877], [-80.1644018, 25.7154029], [-80.1645435, 25.7152186], [-80.1645588, 25.7148605], [-80.1646242, 25.7146295], [-80.1645745, 25.7144326], [-80.1644219, 25.7143739], [-80.1641158, 25.7143375], [-80.1639377, 25.7142556], [-80.1636697, 25.7142541], [-80.1634522, 25.7143107], [-80.163286, 25.7143559], [-80.1630169, 25.7145162], [-80.1628881, 25.714712], [-80.1628871, 25.7148623], [-80.1627331, 25.7149539], [-80.1627191, 25.7151272], [-80.1626926, 25.7152543], [-80.1626531, 25.715439], [-80.1626514, 25.7156818], [-80.162637, 25.71589], [-80.1626356, 25.716098], [-80.1627111, 25.7162718]]}, "properties": {"project": "EC19B03", "date": "19270227", "kind": "Undetermined.Approximate", "source": "T04529"}}, {"type": "Feature", "geometry": {"type": "LineString", "coordinates": [[-80.1691673, 25.6851755], [-80.1690284, 25.6851747], [-80.1687354, 25.6849805], [-80.1683592, 25.6850005], [-80.1682277, 25.6850813], [-80.1681859, 25.685229], [-80.1682422, 25.6853703], [-80.1683067, 25.6854892], [-80.1685761, 25.6855648], [-80.1688379, 25.6855292], [-80.1690511, 25.6854341], [-80.1691257, 25.6852938], [-80.1691673, 25.6851755]]}, "properties": {"project": "EC19B03", "date": "19270227", "kind": "Natural.Mean High Water", "source": "T04529"}}, {"type": "Feature", "geometry": {"type": "LineString", "coordinates": [[-80.1469166, 25.7714444], [-80.14668, 25.7712716]]}, "properties": {"project": "EC19B03", "date": "19270227", "kind": "Undetermined Alongshore Feature", "source": "T04529"}}, {"type": "Feature", "geometry": {"type": "LineString", "coordinates": [[-80.1413279, 25.8028722], [-80.1414189, 25.8031244], [-80.1417457, 25.803378], [-80.142251, 25.8034116], [-80.1443495, 25.8033553], [-80.146701, 25.8032928], [-80.1474258, 25.8032665], [-80.1476878, 25.803146], [-80.1477985, 25.8030094], [-80.1479015, 25.8027202], [-80.1479403, 25.8020338], [-80.1478856, 25.8014234], [-80.1477108, 25.8011249], [-80.1475017, 25.80091], [-80.1473251, 25.8008328], [-80.1465668, 25.8008436], [-80.1448141, 25.8008637], [-80.142766, 25.8009356], [-80.141822, 25.8009529], [-80.1415601, 25.8010583], [-80.1413646, 25.8012935], [-80.1413034, 25.8015981], [-80.1412996, 25.8021245], [-80.1413279, 25.8028722]]}, "properties": {"project": "EC19B03", "date": "19270227", "kind": "Natural.Mean High Water", "source": "T04529"}}, {"type": "Feature", "geometry": {"type": "LineString", "coordinates": [[-80.1416316, 25.8004865], [-80.1417998, 25.8005409], [-80.1422295, 25.8005435], [-80.1433335, 25.8005118], [-80.1447156999999, 25.8004741], [-80.1458703, 25.8004581], [-80.1467803, 25.8004482], [-80.1471346, 25.8003892], [-80.1473631, 25.800238], [-80.1475249, 25.8000101], [-80.1474767, 25.799697], [-80.1473609, 25.7993913], [-80.1471362, 25.7990011], [-80.1468847, 25.7988164], [-80.1465984, 25.7987843], [-80.1454437, 25.7988232], [-80.1435981, 25.7988658], [-80.1424689, 25.798882], [-80.1417862, 25.7989163], [-80.1415917, 25.7990143], [-80.141422, 25.7991809], [-80.1413361, 25.7993939], [-80.1413331, 25.7998059], [-80.1413307, 25.8001491], [-80.1413970999999, 25.800302], [-80.1414974, 25.8004094], [-80.1416316, 25.8004865]]}, "properties": {"project": "EC19B03", "date": "19270227", "kind": "Natural.Mean High Water", "source": "T04529"}}, {"type": "Feature", "geometry": {"type": "LineString", "coordinates": [[-80.1417801, 25.7986109], [-80.1425384, 25.7986079], [-80.1440046, 25.7985936], [-80.1457913, 25.7985278], [-80.1460193, 25.7984529], [-80.1462315, 25.798233], [-80.1462838, 25.798012], [-80.1462598, 25.7978211], [-80.14611, 25.7975686], [-80.1458256, 25.7972694], [-80.145717, 25.7971544], [-80.1456079, 25.7971004], [-80.1454072, 25.7968703], [-80.1451641, 25.7967011], [-80.1447174, 25.7967061], [-80.1437902, 25.7967693000001], [-80.14213, 25.7968053], [-80.1419866, 25.7968274], [-80.1416568, 25.796978], [-80.1414701, 25.7971751], [-80.1413585, 25.797472], [-80.1413394, 25.7977769], [-80.1413624, 25.7980821], [-80.1414031, 25.7982806], [-80.1415788, 25.7984649], [-80.1417801, 25.7986109]]}, "properties": {"project": "EC19B03", "date": "19270227", "kind": "Natural.Mean High Water", "source": "T04529"}}, {"type": "Feature", "geometry": {"type": "LineString", "coordinates": [[-80.1459689, 25.791009], [-80.1462255, 25.7913881], [-80.1464153, 25.791634]]}, "properties": {"project": "EC19B03", "date": "19270227", "kind": "Natural.Mean High Water", "source": "T04529"}}, {"type": "Feature", "geometry": {"type": "LineString", "coordinates": [[-80.1464153, 25.791634], [-80.1465269, 25.7917878]]}, "properties": {"project": "EC19B03", "date": "19270227", "kind": "Undetermined.Approximate", "source": "T04529"}}, {"type": "Feature", "geometry": {"type": "LineString", "coordinates": [[-80.1459689, 25.791009], [-80.1458106, 25.7910692], [-80.1457441, 25.7909362], [-80.1458234, 25.790855]]}, "properties": {"project": "EC19B03", "date": "19270227", "kind": "Undetermined Alongshore Feature", "source": "T04529"}}, {"type": "Feature", "geometry": {"type": "LineString", "coordinates": [[-80.1465269, 25.7917878], [-80.1466498, 25.7919517], [-80.1468625, 25.7921367], [-80.147109, 25.7923625], [-80.1473666, 25.7925886], [-80.1474297, 25.7926294]]}, "properties": {"project": "EC19B03", "date": "19270227", "kind": "Natural.Mean High Water", "source": "T04529"}}, {"type": "Feature", "geometry": {"type": "LineString", "coordinates": [[-80.1503268, 25.7916161], [-80.1503276, 25.7914936]]}, "properties": {"project": "EC19B03", "date": "19270227", "kind": "Undetermined.Approximate", "source": "T04529"}}, {"type": "Feature", "geometry": {"type": "LineString", "coordinates": [[-80.1503276, 25.7914936], [-80.1502621, 25.7911973], [-80.1501505, 25.7910335], [-80.1500064, 25.7907162], [-80.1498722, 25.7905522]]}, "properties": {"project": "EC19B03", "date": "19270227", "kind": "Natural.Mean High Water", "source": "T04529"}}, {"type": "Feature", "geometry": {"type": "LineString", "coordinates": [[-80.1463589, 25.7900623], [-80.1462581, 25.7899596], [-80.146157, 25.7899284], [-80.1463496, 25.7897866], [-80.1463488, 25.7898989], [-80.1464724, 25.7899608]]}, "properties": {"project": "EC19B03", "date": "19270227", "kind": "Undetermined Alongshore Feature", "source": "T04529"}}, {"type": "Feature", "geometry": {"type": "LineString", "coordinates": [[-80.1484049, 25.789523], [-80.1484822, 25.7894726], [-80.148606, 25.7895141], [-80.1485941, 25.7895957]]}, "properties": {"project": "EC19B03", "date": "19270227", "kind": "Undetermined Alongshore Feature", "source": "T04529"}}, {"type": "Feature", "geometry": {"type": "LineString", "coordinates": [[-80.1497635, 25.7904222], [-80.1499071, 25.7904095], [-80.1498722, 25.7905522]]}, "properties": {"project": "EC19B03", "date": "19270227", "kind": "Undetermined Alongshore Feature", "source": "T04529"}}, {"type": "Feature", "geometry": {"type": "LineString", "coordinates": [[-80.1495962, 25.7928873], [-80.149595, 25.792995]]}, "properties": {"project": "EC19B03", "date": "19270227", "kind": "Undetermined Alongshore Feature", "source": "T04529"}}, {"type": "Feature", "geometry": {"type": "LineString", "coordinates": [[-80.1495108, 25.7929228], [-80.1495387, 25.7930708]]}, "properties": {"project": "EC19B03", "date": "19270227", "kind": "Undetermined Alongshore Feature", "source": "T04529"}}, {"type": "Feature", "geometry": {"type": "LineString", "coordinates": [[-80.1539155, 25.791487], [-80.1539272, 25.7923], [-80.1539771, 25.7926394], [-80.1540055, 25.7935393], [-80.154029, 25.7939183], [-80.1541494, 25.7941479], [-80.1543396, 25.794362], [-80.1545308, 25.7944815], [-80.1547128, 25.794593], [-80.1550353, 25.7946106], [-80.1553056, 25.7946122], [-80.1554715, 25.7945658], [-80.1556639, 25.7944644], [-80.1557422, 25.7944808], [-80.1558213, 25.7943943], [-80.1559091, 25.794308], [-80.1561026, 25.7940644], [-80.1561828, 25.7938045], [-80.1561606, 25.7932519], [-80.1560721, 25.7922256], [-80.1560431, 25.791389]]}, "properties": {"project": "EC19B03", "date": "19270227", "kind": "Man-made", "source": "T04529"}}, {"type": "Feature", "geometry": {"type": "LineString", "coordinates": [[-80.1560431, 25.791389], [-80.1560355, 25.7912389]]}, "properties": {"project": "EC19B03", "date": "19270227", "kind": "Undetermined.Approximate", "source": "T04529"}}, {"type": "Feature", "geometry": {"type": "LineString", "coordinates": [[-80.1560355, 25.7912389], [-80.155973, 25.7902127], [-80.1559118, 25.7889971], [-80.1558265, 25.788744], [-80.1556798, 25.7885223], [-80.1556021, 25.788427], [-80.1553854, 25.7882601], [-80.155142, 25.788164], [-80.1548457, 25.7881386], [-80.1545142, 25.788184], [-80.1543216, 25.7883012], [-80.1540678, 25.7884498], [-80.1540235, 25.7885364], [-80.1538562, 25.7887959], [-80.1537859, 25.7888585], [-80.15375, 25.789016], [-80.1537838, 25.7891584], [-80.1538, 25.7893478], [-80.1538289, 25.7901686], [-80.1538818, 25.7913369]]}, "properties": {"project": "EC19B03", "date": "19270227", "kind": "Man-made", "source": "T04529"}}, {"type": "Feature", "geometry": {"type": "LineString", "coordinates": [[-80.1538818, 25.7913369], [-80.1539155, 25.791487]]}, "properties": {"project": "EC19B03", "date": "19270227", "kind": "Undetermined.Approximate", "source": "T04529"}}, {"type": "Feature", "geometry": {"type": "LineString", "coordinates": [[-80.1599766, 25.7910724], [-80.1599119, 25.7903774], [-80.1598652, 25.7895803], [-80.1598173, 25.7889565], [-80.1597716, 25.7880173], [-80.159741, 25.7874093], [-80.1597158, 25.7872672], [-80.1595609, 25.7869901], [-80.159405, 25.786855], [-80.1590577, 25.7866558], [-80.1587705, 25.7865988], [-80.1584477, 25.7866286], [-80.1581592, 25.7867531], [-80.1579313, 25.7869333], [-80.1577463, 25.7872084], [-80.1576307, 25.7875155], [-80.157716, 25.7890233], [-80.1578136, 25.7900182], [-80.1578492, 25.7911469]]}, "properties": {"project": "EC19B03", "date": "19270227", "kind": "Man-made", "source": "T04529"}}, {"type": "Feature", "geometry": {"type": "LineString", "coordinates": [[-80.1578492, 25.7911469], [-80.1578394, 25.7913126]]}, "properties": {"project": "EC19B03", "date": "19270227", "kind": "Undetermined.Approximate", "source": "T04529"}}, {"type": "Feature", "geometry": {"type": "LineString", "coordinates": [[-80.1578394, 25.7913126], [-80.1578782, 25.7919677], [-80.1579243, 25.7928439], [-80.1579581, 25.7929941], [-80.1580132, 25.7938388], [-80.1580666999999, 25.7949281], [-80.1580565, 25.7951095], [-80.1581512, 25.7952838], [-80.1582112, 25.7954261], [-80.1582629, 25.7955133], [-80.1584024, 25.7955219], [-80.1584276, 25.7956484], [-80.1586536, 25.7957444], [-80.1589321, 25.795809], [-80.15915, 25.7958103], [-80.1593767, 25.7958037], [-80.1595953, 25.7957182], [-80.1598319, 25.7955617], [-80.1600167, 25.7952865], [-80.1601757, 25.7949876], [-80.1601545, 25.7942774], [-80.1600834, 25.7932353], [-80.1599753, 25.7912539]]}, "properties": {"project": "EC19B03", "date": "19270227", "kind": "Man-made", "source": "T04529"}}, {"type": "Feature", "geometry": {"type": "LineString", "coordinates": [[-80.1599753, 25.7912539], [-80.1599766, 25.7910724]]}, "properties": {"project": "EC19B03", "date": "19270227", "kind": "Undetermined.Approximate", "source": "T04529"}}, {"type": "Feature", "geometry": {"type": "LineString", "coordinates": [[-80.1617905, 25.7909882], [-80.1618154, 25.791154]]}, "properties": {"project": "EC19B03", "date": "19270227", "kind": "Undetermined.Approximate", "source": "T04529"}}, {"type": "Feature", "geometry": {"type": "LineString", "coordinates": [[-80.1618154, 25.791154], [-80.1618599, 25.7922749], [-80.161874, 25.7927327], [-80.1618803, 25.7930798], [-80.1619837, 25.7932541], [-80.1621215, 25.7934758], [-80.1623731, 25.793651], [-80.1625907, 25.7937073], [-80.1627996, 25.7937480000001], [-80.1631049, 25.7937261], [-80.1634107, 25.7936254], [-80.163682, 25.7934611], [-80.1638234, 25.7932015], [-80.1639059, 25.7926181], [-80.1638643, 25.7910869]]}, "properties": {"project": "EC19B03", "date": "19270227", "kind": "Man-made", "source": "T04529"}}, {"type": "Feature", "geometry": {"type": "LineString", "coordinates": [[-80.1638643, 25.7910869], [-80.1638481, 25.7909132]]}, "properties": {"project": "EC19B03", "date": "19270227", "kind": "Undetermined.Approximate", "source": "T04529"}}, {"type": "Feature", "geometry": {"type": "LineString", "coordinates": [[-80.1638481, 25.7909132], [-80.1638025, 25.7899501], [-80.1637214, 25.7891053], [-80.1636968, 25.7888842], [-80.163628, 25.7887339], [-80.1634988, 25.78852], [-80.1633169999999, 25.7883454], [-80.1629433, 25.7881776], [-80.1625775, 25.7881755], [-80.1622541, 25.7882683], [-80.1619389, 25.7884637], [-80.1617096, 25.7888414], [-80.1616645, 25.789054], [-80.1617201, 25.7898434], [-80.1617672, 25.7905776], [-80.1617905, 25.7909882]]}, "properties": {"project": "EC19B03", "date": "19270227", "kind": "Man-made", "source": "T04529"}}, {"type": "Feature", "geometry": {"type": "LineString", "coordinates": [[-80.167879, 25.7917358], [-80.1672339, 25.7917936], [-80.166621, 25.7917901], [-80.1662473, 25.7916646], [-80.1659764, 25.7914473], [-80.1658413, 25.791277], [-80.1657747, 25.791149], [-80.1657282, 25.7909493]]}, "properties": {"project": "EC19B03", "date": "19270227", "kind": "Man-made", "source": "T04529"}}, {"type": "Feature", "geometry": {"type": "LineString", "coordinates": [[-80.1657282, 25.7909493], [-80.1657389, 25.7908106]]}, "properties": {"project": "EC19B03", "date": "19270227", "kind": "Undetermined.Approximate", "source": "T04529"}}, {"type": "Feature", "geometry": {"type": "LineString", "coordinates": [[-80.1657389, 25.7908106], [-80.1657306, 25.7906198], [-80.1658953, 25.7903346], [-80.1661655, 25.7900501], [-80.1664921, 25.7899133], [-80.1667603, 25.7899061], [-80.1671817, 25.7898912], [-80.1677742, 25.7898758]]}, "properties": {"project": "EC19B03", "date": "19270227", "kind": "Man-made", "source": "T04529"}}, {"type": "Feature", "geometry": {"type": "LineString", "coordinates": [[-80.1583161, 25.7835054], [-80.1603027, 25.784328], [-80.1625412, 25.7853144], [-80.1631402, 25.7855755], [-80.1636866, 25.7858364000001], [-80.1642018, 25.7860302], [-80.1644545, 25.7860604], [-80.1648662, 25.7859864], [-80.1650671, 25.7859112], [-80.1652471, 25.7857786], [-80.1653959, 25.7856172], [-80.1655351, 25.785303], [-80.1655579, 25.7850551], [-80.1655492, 25.7848068], [-80.1653929, 25.7845291], [-80.1651941, 25.784318], [-80.164669, 25.7840478], [-80.1627349, 25.7832541], [-80.1611063, 25.7824812]]}, "properties": {"project": "EC19B03", "date": "19270227", "kind": "Man-made", "source": "T04529"}}, {"type": "Feature", "geometry": {"type": "LineString", "coordinates": [[-80.1611063, 25.7824812], [-80.1609066, 25.7823846]]}, "properties": {"project": "EC19B03", "date": "19270227", "kind": "Undetermined.Approximate", "source": "T04529"}}, {"type": "Feature", "geometry": {"type": "LineString", "coordinates": [[-80.1618682, 25.781051], [-80.1622959, 25.7812246], [-80.1626801, 25.781398], [-80.1628108, 25.7814251], [-80.163028, 25.781558], [-80.1633761, 25.781718], [-80.1636007, 25.7818181], [-80.1637749, 25.7818718]]}, "properties": {"project": "EC19B03", "date": "19270227", "kind": "Man-made", "source": "T04529"}}, {"type": "Feature", "geometry": {"type": "LineString", "coordinates": [[-80.1609066, 25.7823846], [-80.1597923, 25.7819487], [-80.1587416, 25.7814654], [-80.1574908, 25.7809523], [-80.157039, 25.7807398], [-80.1566495, 25.7806707], [-80.1563859, 25.7806691], [-80.1559948, 25.7808195], [-80.1556233, 25.7811801], [-80.155537, 25.7814564], [-80.1555353, 25.7817045], [-80.1556383, 25.7820392], [-80.1558259, 25.7823363], [-80.1559623, 25.7824323], [-80.1562881, 25.7825869], [-80.1566141, 25.7826938], [-80.1569606, 25.7828867], [-80.157591, 25.7831766], [-80.158127, 25.783428], [-80.1583161, 25.7835054]]}, "properties": {"project": "EC19B03", "date": "19270227", "kind": "Man-made", "source": "T04529"}}, {"type": "Feature", "geometry": {"type": "LineString", "coordinates": [[-80.1640358, 25.7819918], [-80.1649205, 25.7823655], [-80.1659357, 25.7827928], [-80.1661676, 25.782906]]}, "properties": {"project": "EC19B03", "date": "19270227", "kind": "Man-made", "source": "T04529"}}, {"type": "Feature", "geometry": {"type": "LineString", "coordinates": [[-80.1628408, 25.7792263], [-80.1626231, 25.7791657]]}, "properties": {"project": "EC19B03", "date": "19270227", "kind": "Undetermined.Approximate", "source": "T04529"}}, {"type": "Feature", "geometry": {"type": "LineString", "coordinates": [[-80.1626231, 25.7791657], [-80.1618111, 25.7788253000001], [-80.1610136, 25.7784649], [-80.1595923, 25.7778776], [-80.1586136, 25.7774702], [-80.1578888, 25.7771434], [-80.1574823, 25.7770489], [-80.1571986, 25.7770472], [-80.1568779, 25.7771572], [-80.1567022, 25.7773275], [-80.1564826, 25.7775106], [-80.1563567, 25.7778457], [-80.1563474, 25.7781221], [-80.1564617, 25.7784191], [-80.1566198, 25.7786965], [-80.1568876, 25.7788692], [-80.1576923, 25.7792229], [-80.1581709, 25.7794033], [-80.1584608, 25.7795565], [-80.1592948, 25.7798773], [-80.1595485, 25.7799908], [-80.1596351, 25.7800768], [-80.1603746, 25.7804104000001], [-80.1608894, 25.7806305], [-80.1616726, 25.7809379]]}, "properties": {"project": "EC19B03", "date": "19270227", "kind": "Man-made", "source": "T04529"}}, {"type": "Feature", "geometry": {"type": "LineString", "coordinates": [[-80.1616726, 25.7809379], [-80.1618682, 25.781051]]}, "properties": {"project": "EC19B03", "date": "19270227", "kind": "Undetermined.Approximate", "source": "T04529"}}, {"type": "Feature", "geometry": {"type": "LineString", "coordinates": [[-80.1661676, 25.782906], [-80.1661659, 25.7830671], [-80.1662715, 25.7830849], [-80.1662671, 25.7829538]]}, "properties": {"project": "EC19B03", "date": "19270227", "kind": "Man-made", "source": "T04529"}}, {"type": "Feature", "geometry": {"type": "LineString", "coordinates": [[-80.1637749, 25.7818718], [-80.1637172, 25.7820269], [-80.1637776, 25.7820443], [-80.1638285, 25.7818964000001]]}, "properties": {"project": "EC19B03", "date": "19270227", "kind": "Man-made", "source": "T04529"}}, {"type": "Feature", "geometry": {"type": "LineString", "coordinates": [[-80.1562637, 25.6951051], [-80.1560536, 25.6950947]]}, "properties": {"project": "EC19B03", "date": "19270227", "kind": "Undetermined Alongshore Feature", "source": "T04529"}}, {"type": "Feature", "geometry": {"type": "LineString", "coordinates": [[-80.1565742, 25.6915731], [-80.1563018, 25.6915715]]}, "properties": {"project": "EC19B03", "date": "19270227", "kind": "Undetermined Alongshore Feature", "source": "T04529"}}, {"type": "Feature", "geometry": {"type": "LineString", "coordinates": [[-80.1597047, 25.666726], [-80.1597831, 25.666914], [-80.1598058, 25.6670801], [-80.159852, 25.6673113], [-80.1598988, 25.667456], [-80.1600012, 25.6676371], [-80.1600713, 25.6678396], [-80.1601654, 25.6680277], [-80.1601947, 25.6683887], [-80.1602492, 25.6685911], [-80.1603508, 25.6688587], [-80.1605322, 25.6691051], [-80.1606267, 25.66925], [-80.1606972, 25.6694236], [-80.1607986, 25.6697346], [-80.1609948, 25.6701398], [-80.1612615, 25.670726], [-80.1614886999999, 25.6712541], [-80.1616384, 25.6714787], [-80.1618268, 25.6718839], [-80.1619287, 25.6721154], [-80.1620063, 25.6724045], [-80.1622086, 25.673084], [-80.1622607, 25.6736113]]}, "properties": {"project": "EC19B03", "date": "19270227", "kind": "Natural.Mean High Water", "source": "T04529"}}, {"type": "Feature", "geometry": {"type": "LineString", "coordinates": [[-80.1493202, 25.7794964], [-80.1493564, 25.7798465], [-80.1494114, 25.7802491], [-80.1494583, 25.7804418], [-80.1496592, 25.7807403], [-80.1497934, 25.7808636], [-80.1499664, 25.7810133], [-80.1500909, 25.7811453], [-80.1502548, 25.7811986], [-80.1503753, 25.7812542]]}, "properties": {"project": "EC19B03", "date": "19270227", "kind": "Man-made", "source": "T04529"}}, {"type": "Feature", "geometry": {"type": "LineString", "coordinates": [[-80.1510753, 25.7745034], [-80.1509212, 25.7744413]]}, "properties": {"project": "EC19B03", "date": "19270227", "kind": "Undetermined.Approximate", "source": "T04529"}}, {"type": "Feature", "geometry": {"type": "LineString", "coordinates": [[-80.1509212, 25.7744413], [-80.1506129, 25.7743259], [-80.1502749, 25.7743063], [-80.1499849, 25.7743397], [-80.1496263, 25.7745037], [-80.1494518, 25.7745727], [-80.1492865, 25.7747293], [-80.1490725, 25.7749554], [-80.148916, 25.7752168], [-80.1488367, 25.7755049], [-80.1488258, 25.7756799], [-80.1488814, 25.775995], [-80.1489908, 25.7769228], [-80.1491363, 25.7782007], [-80.1493202, 25.7794964]]}, "properties": {"project": "EC19B03", "date": "19270227", "kind": "Man-made", "source": "T04529"}}, {"type": "Feature", "geometry": {"type": "LineString", "coordinates": [[-80.1504706, 25.7812765], [-80.150482, 25.7813467], [-80.15057, 25.7813617], [-80.1505652, 25.7814559], [-80.1502535, 25.7814035], [-80.1502582, 25.7813091], [-80.1503822, 25.7813171], [-80.1503753, 25.7812542]]}, "properties": {"project": "EC19B03", "date": "19270227", "kind": "Man-made", "source": "T04529"}}, {"type": "Feature", "geometry": {"type": "LineString", "coordinates": [[-80.1510874, 25.7813295], [-80.1510935, 25.781448], [-80.1511494, 25.7814484]]}, "properties": {"project": "EC19B03", "date": "19270227", "kind": "Man-made", "source": "T04529"}}, {"type": "Feature", "geometry": {"type": "LineString", "coordinates": [[-80.1511494, 25.7814484], [-80.1511482, 25.7816186]]}, "properties": {"project": "EC19B03", "date": "19270227", "kind": "Undetermined Alongshore Feature", "source": "T04529"}}, {"type": "Feature", "geometry": {"type": "LineString", "coordinates": [[-80.1418087, 25.7743622], [-80.1419041, 25.7745461]]}, "properties": {"project": "EC19B03", "date": "19270227", "kind": "Undetermined.Approximate", "source": "T04529"}}, {"type": "Feature", "geometry": {"type": "LineString", "coordinates": [[-80.1419041, 25.7745461], [-80.1419557, 25.7747059], [-80.1420689, 25.7748899], [-80.1421466, 25.7750896], [-80.1421621, 25.7751381]]}, "properties": {"project": "EC19B03", "date": "19270227", "kind": "Natural.Mean High Water", "source": "T04529"}}, {"type": "Feature", "geometry": {"type": "LineString", "coordinates": [[-80.1414792, 25.79324], [-80.1412404, 25.7933741]]}, "properties": {"project": "EC19B03", "date": "19270227", "kind": "Undetermined.Approximate", "source": "T04529"}}, {"type": "Feature", "geometry": {"type": "LineString", "coordinates": [[-80.1412404, 25.7933741], [-80.1407454, 25.79365], [-80.1402684, 25.7938703], [-80.1398883, 25.7940913], [-80.1394287, 25.7943277], [-80.13904, 25.7945484], [-80.1385184, 25.7948324], [-80.1382093, 25.7949819], [-80.1379704, 25.7951319], [-80.1375817, 25.7953288], [-80.1372369, 25.795526], [-80.136857, 25.795731]]}, "properties": {"project": "EC19B03", "date": "19270227", "kind": "Man-made", "source": "T04529"}}, {"type": "Feature", "geometry": {"type": "LineString", "coordinates": [[-80.136857, 25.795731], [-80.1366449, 25.7958333]]}, "properties": {"project": "EC19B03", "date": "19270227", "kind": "Undetermined.Approximate", "source": "T04529"}}, {"type": "Feature", "geometry": {"type": "LineString", "coordinates": [[-80.1366449, 25.7958333], [-80.1361148, 25.7960932], [-80.1356815, 25.7963535], [-80.1350984, 25.796645], [-80.13463, 25.7969051], [-80.1344443, 25.7970236], [-80.1341348, 25.797205], [-80.1338788, 25.7972992], [-80.1337901, 25.7973863], [-80.1334366, 25.7975595], [-80.1331009, 25.7977328], [-80.1328536, 25.7978507], [-80.1321644, 25.7981815], [-80.1318024, 25.7983467], [-80.1312101, 25.7986619], [-80.1310864, 25.798733], [-80.1309187, 25.7988037], [-80.1306713, 25.7989138], [-80.1304769, 25.7990162], [-80.1301767, 25.7991499]]}, "properties": {"project": "EC19B03", "date": "19270227", "kind": "Man-made", "source": "T04529"}}, {"type": "Feature", "geometry": {"type": "LineString", "coordinates": [[-80.1301767, 25.7991499], [-80.1299734, 25.7992602]]}, "properties": {"project": "EC19B03", "date": "19270227", "kind": "Undetermined.Approximate", "source": "T04529"}}, {"type": "Feature", "geometry": {"type": "LineString", "coordinates": [[-80.1299734, 25.7992602], [-80.1292751, 25.7996306], [-80.1286834, 25.7998901]]}, "properties": {"project": "EC19B03", "date": "19270227", "kind": "Man-made", "source": "T04529"}}, {"type": "Feature", "geometry": {"type": "LineString", "coordinates": [[-80.1286834, 25.7998901], [-80.1284889, 25.8000005]]}, "properties": {"project": "EC19B03", "date": "19270227", "kind": "Undetermined.Approximate", "source": "T04529"}}, {"type": "Feature", "geometry": {"type": "LineString", "coordinates": [[-80.13734255870446, 25.82], [-80.137319, 25.8199615], [-80.1372538, 25.8197718], [-80.1372742, 25.8195824], [-80.1374466, 25.8194284], [-80.1376093, 25.8193], [-80.1377061, 25.8190766], [-80.1377738, 25.8189393], [-80.1378892, 25.8187764], [-80.1380229, 25.8187168], [-80.1382134, 25.8186749], [-80.138405, 25.8185124], [-80.1385488, 25.8183668], [-80.1386453, 25.8181693], [-80.1386847, 25.8179971], [-80.1385914, 25.8177383], [-80.1386306, 25.8175835], [-80.1386886, 25.8174459], [-80.1387561, 25.8173344], [-80.1387959, 25.817102], [-80.1387414, 25.8167227], [-80.1388193, 25.816482], [-80.1390485, 25.8163714], [-80.1392203, 25.8163035], [-80.1394298, 25.816279], [-80.1395541, 25.8162107], [-80.1396023, 25.8160905], [-80.1395849, 25.8159008], [-80.1394343, 25.8156588], [-80.1393598, 25.8154344], [-80.1393334, 25.8151413000001], [-80.139297, 25.8149171], [-80.1392324, 25.814624], [-80.1391955, 25.8144603], [-80.1389591, 25.8142605]]}, "properties": {"project": "EC19B03", "date": "19270227", "kind": "Natural.Mean High Water", "source": "T04529"}}, {"type": "Feature", "geometry": {"type": "LineString", "coordinates": [[-80.1389591, 25.8142605], [-80.1388548, 25.8142084]]}, "properties": {"project": "EC19B03", "date": "19270227", "kind": "Undetermined.Approximate", "source": "T04529"}}, {"type": "Feature", "geometry": {"type": "LineString", "coordinates": [[-80.1388548, 25.8142084], [-80.1386176, 25.814112], [-80.1383144, 25.8139379], [-80.1381063, 25.8137557], [-80.1376047, 25.813374], [-80.1371883, 25.8130441], [-80.137075, 25.8129143], [-80.1368962, 25.8126462], [-80.1366893, 25.812309], [-80.1366822, 25.811973], [-80.1367037, 25.8116459], [-80.1368207, 25.8112504], [-80.1369771, 25.8106828], [-80.137084, 25.8103734], [-80.1371325, 25.8102445], [-80.1371054, 25.8100548], [-80.1370013, 25.8099594], [-80.1367642, 25.8098719], [-80.1364319, 25.8097579], [-80.1362988, 25.8097399]]}, "properties": {"project": "EC19B03", "date": "19270227", "kind": "Natural.Mean High Water", "source": "T04529"}}, {"type": "Feature", "geometry": {"type": "LineString", "coordinates": [[-80.1362988, 25.8097399], [-80.136118, 25.8097301]]}, "properties": {"project": "EC19B03", "date": "19270227", "kind": "Undetermined.Approximate", "source": "T04529"}}, {"type": "Feature", "geometry": {"type": "LineString", "coordinates": [[-80.136118, 25.8097301], [-80.1356512999999, 25.8097791], [-80.1352136, 25.8097765], [-80.1348229, 25.8098603], [-80.1344126, 25.8099958], [-80.1340784, 25.8101746], [-80.1338868, 25.8103458000001], [-80.133579, 25.8108005], [-80.1333081, 25.8114276], [-80.1330843, 25.8120636], [-80.1329475, 25.8125882000001], [-80.1329066, 25.8129756], [-80.1329217, 25.8134839], [-80.1329381, 25.81388]]}, "properties": {"project": "EC19B03", "date": "19270227", "kind": "Natural.Mean High Water", "source": "T04529"}}, {"type": "Feature", "geometry": {"type": "LineString", "coordinates": [[-80.1329381, 25.81388], [-80.1329274, 25.8140437]]}, "properties": {"project": "EC19B03", "date": "19270227", "kind": "Undetermined.Approximate", "source": "T04529"}}, {"type": "Feature", "geometry": {"type": "LineString", "coordinates": [[-80.1329274, 25.8140437], [-80.1329248, 25.814397], [-80.1328557, 25.8147152], [-80.1326214, 25.8155063], [-80.1322734, 25.8162709], [-80.1320318, 25.8167948], [-80.1317517, 25.8173443], [-80.131452, 25.8179886], [-80.1312866, 25.8184958000001], [-80.1311214999999, 25.8189513], [-80.13086320239047, 25.82]]}, "properties": {"project": "EC19B03", "date": "19270227", "kind": "Natural.Mean High Water", "source": "T04529"}}, {"type": "Feature", "geometry": {"type": "LineString", "coordinates": [[-80.13041233788276, 25.82], [-80.1305182, 25.8194646], [-80.1306451, 25.819026], [-80.1308594, 25.8183296], [-80.1312858, 25.8172899], [-80.1316616, 25.8166461], [-80.1318649, 25.8161909], [-80.1321454, 25.8155551], [-80.1323976, 25.8149106], [-80.1325055, 25.8144289], [-80.1325279, 25.8140068]]}, "properties": {"project": "EC19B03", "date": "19270227", "kind": "Natural.Mean High Water", "source": "T04529"}}, {"type": "Feature", "geometry": {"type": "LineString", "coordinates": [[-80.1325279, 25.8140068], [-80.1325193, 25.8138775]]}, "properties": {"project": "EC19B03", "date": "19270227", "kind": "Undetermined.Approximate", "source": "T04529"}}, {"type": "Feature", "geometry": {"type": "LineString", "coordinates": [[-80.1325193, 25.8138775], [-80.132475, 25.8134381], [-80.1324306, 25.8129728], [-80.1324517, 25.8127059], [-80.1325693, 25.8122414], [-80.1327063, 25.8117255], [-80.1329093, 25.8112959], [-80.1331414, 25.8108064], [-80.1334788, 25.8101883], [-80.1336799, 25.81], [-80.1338521, 25.8098717], [-80.1340341, 25.8097265], [-80.1342541, 25.8095727], [-80.1345685, 25.8095057], [-80.1348739, 25.8093869], [-80.1357499, 25.8093232], [-80.1362255, 25.8093432]]}, "properties": {"project": "EC19B03", "date": "19270227", "kind": "Natural.Mean High Water", "source": "T04529"}}, {"type": "Feature", "geometry": {"type": "LineString", "coordinates": [[-80.1412511, 25.7935437], [-80.140124, 25.7941164], [-80.1391056, 25.7946789], [-80.1381842, 25.7951763], [-80.1369114, 25.7958683]]}, "properties": {"project": "EC19B03", "date": "19270227", "kind": "Man-made", "source": "T04529"}}, {"type": "Feature", "geometry": {"type": "LineString", "coordinates": [[-80.1362255, 25.8093432], [-80.1363965, 25.8093872]]}, "properties": {"project": "EC19B03", "date": "19270227", "kind": "Undetermined.Approximate", "source": "T04529"}}, {"type": "Feature", "geometry": {"type": "LineString", "coordinates": [[-80.1363965, 25.8093872], [-80.1368715999999, 25.8094763], [-80.137413, 25.8096258], [-80.1375273, 25.8096008], [-80.1378532, 25.8092753], [-80.1384668, 25.8086416], [-80.1391665, 25.8079654], [-80.1395979, 25.80752], [-80.1403931, 25.8067581], [-80.1408538, 25.8062182], [-80.1409599, 25.806012], [-80.1409286, 25.8050901], [-80.1409309, 25.8047715], [-80.140779, 25.8047189], [-80.1405408, 25.804752], [-80.1403032, 25.8047247], [-80.1401142, 25.8045255], [-80.1399828999999, 25.8042922], [-80.1399472, 25.803956], [-80.1399034, 25.803439], [-80.1399084, 25.8027413], [-80.1398934, 25.8021554], [-80.1399234, 25.8019748], [-80.1399714, 25.8018977], [-80.1399731, 25.8016563], [-80.1398887, 25.8015179], [-80.1399121, 25.8008721], [-80.1398816, 25.7998297], [-80.1398546, 25.7996486], [-80.1398569, 25.79933], [-80.1399155, 25.7990977], [-80.1400115, 25.7989692], [-80.1401645, 25.7988752], [-80.1403458, 25.7988161], [-80.1405646, 25.7988174], [-80.1407929, 25.7988187], [-80.1409169, 25.798785], [-80.1409937, 25.7986906], [-80.141033, 25.7985187], [-80.1410083, 25.7979844], [-80.1410397, 25.797597], [-80.1410898, 25.7972442], [-80.1411583, 25.7969861], [-80.1413598, 25.7967376], [-80.1417133, 25.7965588], [-80.1420945, 25.7964576], [-80.1425892, 25.7964693], [-80.1434459, 25.7964225], [-80.1441884, 25.7963838], [-80.144883, 25.7963879], [-80.1450639, 25.7963545], [-80.1451503, 25.7962604], [-80.1451358, 25.7956314], [-80.1462681, 25.7956124], [-80.1462519, 25.795233], [-80.145338, 25.7952796], [-80.1453292, 25.7951931], [-80.1451104, 25.7951918], [-80.1450745, 25.7948903], [-80.1452268, 25.7948912], [-80.1452276, 25.7947792000001], [-80.1451804, 25.7947273], [-80.1450857, 25.7946492], [-80.1450879, 25.7943306], [-80.1451927, 25.7943312], [-80.1451938, 25.7941761], [-80.1450798, 25.7941496], [-80.1451037, 25.7934779], [-80.1452559, 25.7934701], [-80.1452353, 25.7923502], [-80.1451593, 25.7923498], [-80.1451605, 25.7921947], [-80.1450557, 25.7921941], [-80.1450578, 25.7919099]]}, "properties": {"project": "EC19B03", "date": "19270227", "kind": "Man-made", "source": "T04529"}}, {"type": "Feature", "geometry": {"type": "LineString", "coordinates": [[-80.1450578, 25.7919099], [-80.1450681, 25.7917187]]}, "properties": {"project": "EC19B03", "date": "19270227", "kind": "Undetermined.Approximate", "source": "T04529"}}, {"type": "Feature", "geometry": {"type": "LineString", "coordinates": [[-80.1450681, 25.7917187], [-80.1448511, 25.7916736], [-80.1446456, 25.7917053], [-80.1444394, 25.7918134], [-80.1441969, 25.7919541], [-80.1440028, 25.7920841], [-80.1437974, 25.7921047], [-80.143579, 25.7922456], [-80.1434091, 25.792354], [-80.1430457, 25.7925376], [-80.1427545, 25.7927108], [-80.1424639, 25.7928293000001], [-80.1419544, 25.7931434], [-80.1417118, 25.7932949], [-80.1415178, 25.7934031]]}, "properties": {"project": "EC19B03", "date": "19270227", "kind": "Man-made", "source": "T04529"}}, {"type": "Feature", "geometry": {"type": "LineString", "coordinates": [[-80.1415178, 25.7934031], [-80.1412511, 25.7935437]]}, "properties": {"project": "EC19B03", "date": "19270227", "kind": "Undetermined.Approximate", "source": "T04529"}}, {"type": "Feature", "geometry": {"type": "LineString", "coordinates": [[-80.1369114, 25.7958683], [-80.136669, 25.7959872]]}, "properties": {"project": "EC19B03", "date": "19270227", "kind": "Undetermined.Approximate", "source": "T04529"}}, {"type": "Feature", "geometry": {"type": "LineString", "coordinates": [[-80.130293, 25.7992833], [-80.1300263, 25.7994239]]}, "properties": {"project": "EC19B03", "date": "19270227", "kind": "Undetermined.Approximate", "source": "T04529"}}, {"type": "Feature", "geometry": {"type": "LineString", "coordinates": [[-80.1300263, 25.7994239], [-80.1298206, 25.7994774], [-80.1295539, 25.7996068], [-80.1291903, 25.7998124], [-80.1289118, 25.7998981], [-80.1287542, 25.7999738], [-80.1286692, 25.8000389]]}, "properties": {"project": "EC19B03", "date": "19270227", "kind": "Natural.Mean High Water", "source": "T04529"}}, {"type": "Feature", "geometry": {"type": "LineString", "coordinates": [[-80.1286692, 25.8000389], [-80.1284391, 25.8001357]]}, "properties": {"project": "EC19B03", "date": "19270227", "kind": "Undetermined.Approximate", "source": "T04529"}}, {"type": "Feature", "geometry": {"type": "LineString", "coordinates": [[-80.1284391, 25.8001357], [-80.1280998, 25.8002977], [-80.1277604, 25.8004707], [-80.1275541, 25.8006115], [-80.1273954, 25.8008292], [-80.1272846, 25.8011237], [-80.1272196, 25.8017574], [-80.1272017, 25.8025552], [-80.1271939, 25.8036156], [-80.1272002, 25.8044136], [-80.1270639, 25.804872], [-80.1268788, 25.8054066], [-80.1267677, 25.8057338], [-80.1264488, 25.8064097], [-80.1261915, 25.806911], [-80.1257013, 25.8078919], [-80.1254072999999, 25.8084696], [-80.125271, 25.8089059], [-80.125243, 25.8094524], [-80.125289, 25.8097586], [-80.1252603, 25.8103707], [-80.1252938, 25.8107535], [-80.1252899, 25.8112782], [-80.1252357, 25.8120868], [-80.1250818, 25.8133102], [-80.1249446, 25.8138998], [-80.1248818, 25.8142056], [-80.1248177, 25.8147296], [-80.1247151, 25.8155273], [-80.124624, 25.816445], [-80.1245484, 25.8168271], [-80.1245106, 25.8170784], [-80.1244604, 25.8173294], [-80.1243369, 25.8177003]]}, "properties": {"project": "EC19B03", "date": "19270227", "kind": "Natural.Mean High Water", "source": "T04529"}}, {"type": "Feature", "geometry": {"type": "LineString", "coordinates": [[-80.1243369, 25.8177003], [-80.1242384, 25.8179621]]}, "properties": {"project": "EC19B03", "date": "19270227", "kind": "Undetermined.Approximate", "source": "T04529"}}, {"type": "Feature", "geometry": {"type": "LineString", "coordinates": [[-80.1242384, 25.8179621], [-80.1241507, 25.818388], [-80.1241115, 25.8187922], [-80.1241942, 25.8190331], [-80.1242765, 25.8193506], [-80.12431822015199, 25.82]]}, "properties": {"project": "EC19B03", "date": "19270227", "kind": "Natural.Mean High Water", "source": "T04529"}}, {"type": "Feature", "geometry": {"type": "LineString", "coordinates": [[-80.1255974, 25.8178628], [-80.1242142, 25.8177296], [-80.1242131, 25.8178891], [-80.1242384, 25.8179621], [-80.1243154, 25.8179621], [-80.1243154, 25.8179234], [-80.1243724, 25.8178314], [-80.1246753, 25.8178812], [-80.1248042, 25.817919], [-80.1250019, 25.8179545], [-80.1252285, 25.8179834], [-80.1254351, 25.8180101], [-80.125584, 25.8180256], [-80.1255974, 25.8178628]]}, "properties": {"project": "EC19B03", "date": "19270227", "kind": "Undetermined Alongshore Feature", "source": "T04529"}}, {"type": "Feature", "geometry": {"type": "LineString", "coordinates": [[-80.1394995, 25.8154789], [-80.1394974, 25.815384]]}, "properties": {"project": "EC19B03", "date": "19270227", "kind": "Undetermined.Approximate", "source": "T04529"}}, {"type": "Feature", "geometry": {"type": "LineString", "coordinates": [[-80.1394974, 25.815384], [-80.1394992, 25.8151339], [-80.1395001, 25.8150173], [-80.1395786, 25.8149672]]}, "properties": {"project": "EC19B03", "date": "19270227", "kind": "Natural.Mean High Water", "source": "T04529"}}, {"type": "Feature", "geometry": {"type": "LineString", "coordinates": [[-80.139166, 25.8141153], [-80.13946, 25.8142087], [-80.1399939, 25.8141953], [-80.1403629, 25.8140891], [-80.1406776, 25.8138826], [-80.1408724, 25.8136589], [-80.1409471, 25.8135259], [-80.1409849, 25.8133763], [-80.1409309, 25.8132092], [-80.1407949, 25.8129168], [-80.1406589, 25.812641], [-80.1405233, 25.8122986], [-80.1403866, 25.8121061000001], [-80.1400101999999, 25.8119373], [-80.139615, 25.8118765], [-80.1393657, 25.8119417], [-80.1390237, 25.8121563], [-80.1388099, 25.8124385], [-80.1387434, 25.8127214], [-80.1387485, 25.813288], [-80.1388369, 25.8138051], [-80.138891, 25.8139638], [-80.1389733, 25.8140225]]}, "properties": {"project": "EC19B03", "date": "19270227", "kind": "Natural.Mean High Water", "source": "T04529"}}, {"type": "Feature", "geometry": {"type": "LineString", "coordinates": [[-80.1389733, 25.8140225], [-80.139166, 25.8141153]]}, "properties": {"project": "EC19B03", "date": "19270227", "kind": "Undetermined.Approximate", "source": "T04529"}}, {"type": "Feature", "geometry": {"type": "MultiLineString", "coordinates": [[[-80.1457243, 25.787491], [-80.1458697, 25.7875111]], [[-80.1458697, 25.7875111], [-80.145868, 25.7877546], [-80.1459978, 25.7877469], [-80.145946, 25.7872176], [-80.1458717, 25.7872423], [-80.1458697, 25.7875111]]]}, "properties": {"project": "EC19B03", "date": "19270227", "kind": "Undetermined Alongshore Feature", "source": "T04529"}}, {"type": "Feature", "geometry": {"type": "LineString", "coordinates": [[-80.1429292, 25.7783854], [-80.1430838, 25.7783855], [-80.1430918, 25.7787286], [-80.1432498, 25.7787295], [-80.1432027, 25.7779574], [-80.1430133, 25.7779372], [-80.1430427, 25.7782328], [-80.1429176, 25.7782356]]}, "properties": {"project": "EC19B03", "date": "19270227", "kind": "Undetermined Alongshore Feature", "source": "T04529"}}, {"type": "Feature", "geometry": {"type": "LineString", "coordinates": [[-80.1441493, 25.7851035], [-80.1446866, 25.7850645]]}, "properties": {"project": "EC19B03", "date": "19270227", "kind": "Undetermined Alongshore Feature", "source": "T04529"}}, {"type": "Feature", "geometry": {"type": "LineString", "coordinates": [[-80.1434693, 25.7836094], [-80.1436063, 25.7836113], [-80.1436014, 25.7834268], [-80.1434354, 25.7834247]]}, "properties": {"project": "EC19B03", "date": "19270227", "kind": "Undetermined Alongshore Feature", "source": "T04529"}}, {"type": "Feature", "geometry": {"type": "LineString", "coordinates": [[-80.1432047, 25.7821258], [-80.1433392, 25.7821233], [-80.1433282, 25.7819388], [-80.1431584, 25.7819431]]}, "properties": {"project": "EC19B03", "date": "19270227", "kind": "Undetermined Alongshore Feature", "source": "T04529"}}, {"type": "Feature", "geometry": {"type": "LineString", "coordinates": [[-80.1528045, 25.7859876], [-80.1531197, 25.7859211], [-80.1533224, 25.7857171], [-80.1533877, 25.785387], [-80.1533395, 25.7850904], [-80.1529634, 25.7848716], [-80.1525733, 25.784858], [-80.1522572, 25.7850499], [-80.1521041, 25.7853226], [-80.1520898, 25.7855618], [-80.1522641, 25.7858478], [-80.1524897, 25.7859858], [-80.1527036, 25.7859871], [-80.1528045, 25.7859876]]}, "properties": {"project": "EC19B03", "date": "19270227", "kind": "Man-made", "source": "T04529"}}, {"type": "Feature", "geometry": {"type": "LineString", "coordinates": [[-80.1413577, 25.8045809], [-80.1413659, 25.8057784], [-80.1414659, 25.8059392], [-80.1417091, 25.8061086], [-80.1422721, 25.8063331], [-80.1430293, 25.80649], [-80.1439812, 25.8065491], [-80.1449424, 25.8064556], [-80.1456603, 25.8062156], [-80.1463288, 25.8058458], [-80.1468296, 25.8053225], [-80.1471365, 25.8048514], [-80.1471806, 25.8045541], [-80.1471237, 25.8042563], [-80.1470317, 25.8041643], [-80.1467968, 25.8040409], [-80.146553, 25.8039403], [-80.1455586, 25.8039725], [-80.1439234, 25.804024], [-80.1428951, 25.8040636], [-80.142339, 25.8040527], [-80.1417994, 25.8040953], [-80.1415706, 25.8042694], [-80.1414267, 25.8043525], [-80.1413584, 25.8044894], [-80.1413577, 25.8045809]]}, "properties": {"project": "EC19B03", "date": "19270227", "kind": "Natural.Mean High Water", "source": "T04529"}}, {"type": "Feature", "geometry": {"type": "LineString", "coordinates": [[-80.1511482, 25.7816186], [-80.1513083, 25.7816233], [-80.1513132, 25.7815145]]}, "properties": {"project": "EC19B03", "date": "19270227", "kind": "Undetermined Alongshore Feature", "source": "T04529"}}]}