{"type": "FeatureCollection", "features": [{"type": "Feature", "geometry": {"type": "LineString", "coordinates": [[-80.1243110483059, 25.82], [-80.124282, 25.8197402], [-80.1242615, 25.8196213], [-80.1241521, 25.8191082], [-80.1241018, 25.8188079], [-80.1241029, 25.8186549], [-80.1241117, 25.8185792], [-80.1242308, 25.8179992], [-80.1242331, 25.8179145], [-80.1242218, 25.8178892], [-80.1242072, 25.8178624], [-80.1242074, 25.8178371], [-80.1242111, 25.8177748], [-80.1242196, 25.8177436], [-80.1242312, 25.8177289], [-80.1242493, 25.8177201], [-80.1243215, 25.8177131], [-80.1243364, 25.8177013], [-80.1243563, 25.8176672], [-80.1244406, 25.8173618], [-80.1244508, 25.8173158], [-80.1244598, 25.8172134], [-80.1244584, 25.8171747], [-80.1244706, 25.8171203], [-80.1245062, 25.8170751], [-80.1245445, 25.8170421]]}, "properties": {"project": "FL4501", "date": "19450309", "kind": "Natural.Mean High Water", "source": "T08595"}}, {"type": "Feature", "geometry": {"type": "LineString", "coordinates": [[-80.1827583, 25.817042], [-80.1829026, 25.8172893], [-80.1829883, 25.817471], [-80.1830094, 25.8175112], [-80.183042, 25.81755], [-80.1830631, 25.8175783], [-80.1832538, 25.8180012], [-80.183443, 25.8184078], [-80.183563, 25.8186298], [-80.1837317, 25.8189174], [-80.1838533, 25.8191216], [-80.183972, 25.8192811], [-80.1840241, 25.8193438], [-80.1840631, 25.819402], [-80.1840906, 25.8194556], [-80.1841035, 25.8194973], [-80.1841113, 25.8195612], [-80.1841092, 25.819625], [-80.1840973, 25.8196755], [-80.1840823, 25.819711], [-80.1840575, 25.819748], [-80.1840178, 25.8197923], [-80.1838377, 25.8199651], [-80.18380847231144, 25.82]]}, "properties": {"project": "FL4501", "date": "19450309", "kind": "Man-made", "source": "T08595"}}, {"type": "Feature", "geometry": {"type": "LineString", "coordinates": [[-80.1234123, 25.8170421], [-80.1232447, 25.8177586], [-80.1232429, 25.8179962], [-80.1232296, 25.8180258], [-80.1231866, 25.8180642], [-80.1231634, 25.8180967], [-80.1231466, 25.8181471], [-80.1230239, 25.8187732], [-80.1228568, 25.8196247], [-80.12278807795352, 25.82]]}, "properties": {"project": "FL4501", "date": "19450309", "kind": "Natural.Mean High Water", "source": "T08595"}}, {"type": "Feature", "geometry": {"type": "LineString", "coordinates": [[-80.1214636, 25.817042], [-80.121406, 25.8171404], [-80.1213695, 25.8172378], [-80.1213244, 25.8175673], [-80.1212702, 25.8182412], [-80.1212441, 25.8183701]]}, "properties": {"project": "FL4501", "date": "19450309", "kind": "Natural.Mean High Water", "source": "T08595"}}, {"type": "Feature", "geometry": {"type": "LineString", "coordinates": [[-80.17934304289855, 25.82], [-80.1795743, 25.8197183], [-80.1797415, 25.8195009], [-80.1797614, 25.8194728], [-80.179808, 25.8193825], [-80.1800149, 25.8191207], [-80.1802283, 25.8188694], [-80.180283, 25.8188029], [-80.1803045, 25.8187689], [-80.1803311, 25.818726], [-80.1803543, 25.8186949], [-80.1804138, 25.8186343], [-80.1804897, 25.8185739], [-80.1807323, 25.8183732], [-80.1809318, 25.8182332], [-80.181298, 25.8179561], [-80.1816066, 25.8177113], [-80.181915, 25.8174843], [-80.1823853, 25.8171096], [-80.1824117, 25.8170875], [-80.1824532, 25.817042]]}, "properties": {"project": "FL4501", "date": "19450309", "kind": "Natural.Mean High Water", "source": "T08595"}}, {"type": "Feature", "geometry": {"type": "LineString", "coordinates": [[-80.18485726613862, 25.82], [-80.1848568, 25.8199679], [-80.1848457, 25.8199039], [-80.1848235, 25.8197998], [-80.1847993, 25.8197314], [-80.1847669, 25.8196733], [-80.1847198, 25.8196062], [-80.1846286, 25.8194972], [-80.1845227, 25.8193852], [-80.1842832, 25.8191344], [-80.1841333, 25.8189776], [-80.184104, 25.8189388], [-80.1840212, 25.8188061], [-80.183906, 25.8186139], [-80.1837148, 25.8182623], [-80.183475, 25.8178094], [-80.1833634, 25.8175771000001], [-80.1833033, 25.8174846], [-80.1830685, 25.817042]]}, "properties": {"project": "FL4501", "date": "19450309", "kind": "Man-made", "source": "T08595"}}, {"type": "Feature", "geometry": {"type": "LineString", "coordinates": [[-80.1211783, 25.8197795], [-80.1211761, 25.8198715], [-80.12115970225192, 25.82]]}, "properties": {"project": "FL4501", "date": "19450309", "kind": "Natural.Mean High Water", "source": "T08595"}}, {"type": "Feature", "geometry": {"type": "LineString", "coordinates": [[-80.1211783, 25.8197795], [-80.1208549, 25.8197472]]}, "properties": {"project": "FL4501", "date": "19450309", "kind": "Pier", "source": "T08595"}}, {"type": "Feature", "geometry": {"type": "LineString", "coordinates": [[-80.1211891, 25.8193196], [-80.1211783, 25.8197795]]}, "properties": {"project": "FL4501", "date": "19450309", "kind": "Natural.Mean High Water", "source": "T08595"}}, {"type": "Feature", "geometry": {"type": "LineString", "coordinates": [[-80.1211891, 25.8193196], [-80.1209639, 25.8193127]]}, "properties": {"project": "FL4501", "date": "19450309", "kind": "Pier", "source": "T08595"}}, {"type": "Feature", "geometry": {"type": "LineString", "coordinates": [[-80.1712282, 25.8192693], [-80.1712033, 25.819318], [-80.1711965, 25.8193593], [-80.1711996, 25.8193801], [-80.1712142, 25.8193979], [-80.1712256, 25.8194009], [-80.1712355, 25.819401], [-80.1712585, 25.8193775], [-80.1712783, 25.8193465], [-80.1712867, 25.819314], [-80.1712887, 25.8192696], [-80.1712807, 25.8192429], [-80.1712693, 25.819237], [-80.1712562, 25.8192354], [-80.1712448, 25.8192398], [-80.1712282, 25.8192693]]}, "properties": {"project": "FL4501", "date": "19450309", "kind": "Natural.Mean High Water", "source": "T08595"}}, {"type": "Feature", "geometry": {"type": "LineString", "coordinates": [[-80.1212441, 25.8183701], [-80.1212395, 25.8183926], [-80.1211814, 25.8187101], [-80.1211776, 25.8187813], [-80.1211904, 25.8192626], [-80.1211891, 25.8193196]]}, "properties": {"project": "FL4501", "date": "19450309", "kind": "Natural.Mean High Water", "source": "T08595"}}, {"type": "Feature", "geometry": {"type": "LineString", "coordinates": [[-80.1212441, 25.8183701], [-80.1208864, 25.818338]]}, "properties": {"project": "FL4501", "date": "19450309", "kind": "Pier", "source": "T08595"}}, {"type": "Feature", "geometry": {"type": "LineString", "coordinates": [[-80.1715186, 25.8170421], [-80.171549, 25.8171064], [-80.1715634, 25.8171479], [-80.171568, 25.8171908], [-80.1715693, 25.8172382], [-80.1715623, 25.8172973], [-80.1715523, 25.8173328], [-80.1715406, 25.8173667], [-80.1715224, 25.8173977], [-80.1715026, 25.8174242], [-80.1714844, 25.8174567], [-80.1714678, 25.817498], [-80.1714441, 25.8176074], [-80.1714188, 25.8177153], [-80.1714054, 25.8177684], [-80.1713884, 25.8178556], [-80.1713781, 25.8179355], [-80.1713655, 25.8180982], [-80.1713518, 25.8181839], [-80.1713335, 25.81824], [-80.1713184, 25.8182903], [-80.1713081, 25.8183583], [-80.1712995, 25.8184248], [-80.1712741, 25.8185445], [-80.1712574, 25.8185918], [-80.1712443, 25.8186035], [-80.1712328, 25.8186049], [-80.1712214, 25.8186004], [-80.1712134, 25.8185826], [-80.1712135, 25.8185664], [-80.1712285999999, 25.8185013], [-80.1712456, 25.8184082], [-80.1712659, 25.8183181], [-80.1712762, 25.8182486], [-80.1712782, 25.8181865], [-80.1712802, 25.8181406], [-80.1712888, 25.8180755], [-80.1713008, 25.8180001], [-80.1713209, 25.8179263], [-80.1713797, 25.8176973], [-80.1714049, 25.8176057], [-80.1714266, 25.8175348], [-80.1714401, 25.8174772], [-80.1714453, 25.8174372], [-80.1714472, 25.8174047], [-80.1714425, 25.8173692], [-80.1714345, 25.817338], [-80.1714072, 25.8172757], [-80.1713895, 25.8172268], [-80.1713832, 25.8171987], [-80.1713868, 25.8171513], [-80.1713954, 25.8170922], [-80.1714014, 25.8170421]]}, "properties": {"project": "FL4501", "date": "19450309", "kind": "Natural.Mean High Water", "source": "T08595"}}, {"type": "Feature", "geometry": {"type": "LineString", "coordinates": [[-80.1314238, 25.8170419], [-80.1313196, 25.8171513], [-80.1312351, 25.8172689], [-80.1311699, 25.8174304], [-80.1309779, 25.8178808], [-80.1307804, 25.8184187], [-80.130618, 25.8188544], [-80.1305169, 25.8192118], [-80.130439, 25.8195455], [-80.13033995498043, 25.82]]}, "properties": {"project": "FL4501", "date": "19450309", "kind": "Man-made", "source": "T08595"}}, {"type": "Feature", "geometry": {"type": "LineString", "coordinates": [[-80.13081192392784, 25.82], [-80.1308303, 25.8199013], [-80.1309573, 25.8193615], [-80.1309912, 25.8192116], [-80.1311003, 25.8188766], [-80.1312764, 25.8183623], [-80.1314687, 25.8178599], [-80.1316408, 25.8174495], [-80.1316996, 25.8172598], [-80.1317212, 25.8172168], [-80.1318669, 25.8170419]]}, "properties": {"project": "FL4501", "date": "19450309", "kind": "Man-made", "source": "T08595"}}, {"type": "Feature", "geometry": {"type": "LineString", "coordinates": [[-80.1388254, 25.8170421], [-80.1387404, 25.817373], [-80.138712, 25.8174352], [-80.1386588, 25.8175314], [-80.1386487, 25.817567], [-80.1386451, 25.8180645], [-80.1386399, 25.8181091], [-80.1386232, 25.8181505], [-80.1385402, 25.8182763], [-80.1385302, 25.8183], [-80.1385315, 25.8183431], [-80.1385493, 25.8183803], [-80.1385508, 25.8183967000001], [-80.1385441, 25.8184204], [-80.1385176, 25.818447], [-80.1384962, 25.8184572], [-80.1384552, 25.8184585], [-80.1384322, 25.8184539], [-80.1384076, 25.8184552], [-80.1383878, 25.818467], [-80.1383267, 25.818532], [-80.1382969, 25.8185571], [-80.1382475, 25.8185865], [-80.137999, 25.818686], [-80.137943, 25.8187094], [-80.1379051, 25.8187315], [-80.1378556, 25.8187713], [-80.137811, 25.8188126], [-80.1377811999999, 25.8188451], [-80.1377579, 25.8188851], [-80.1376875, 25.8190956], [-80.1376675, 25.81914], [-80.1376393, 25.8191725], [-80.1374445, 25.8193437], [-80.1372859, 25.8194823], [-80.1372544, 25.8195223], [-80.1372179, 25.8195785], [-80.1371946, 25.8196229], [-80.1371812, 25.8196703], [-80.1371731999999, 25.8198604], [-80.1371779, 25.8198931], [-80.1372005, 25.8199482], [-80.1372343128167, 25.82]]}, "properties": {"project": "FL4501", "date": "19450309", "kind": "Natural.Mean High Water", "source": "T08595"}}, {"type": "Feature", "geometry": {"type": "LineString", "coordinates": [[-80.1579321, 25.7910616], [-80.1579412, 25.790951], [-80.1579429, 25.7908461], [-80.1579244, 25.7908138], [-80.1579079, 25.7907854], [-80.1579102, 25.790759], [-80.157925, 25.790725], [-80.1579254, 25.7906626], [-80.1579282, 25.7905644000001], [-80.1579243, 25.7905247], [-80.1579142, 25.7904868], [-80.1579147, 25.7904093], [-80.1579111, 25.7903299], [-80.1578987, 25.7903147], [-80.1578863, 25.790292], [-80.1578886, 25.7902636], [-80.1579055, 25.7902297], [-80.1579141, 25.7901976], [-80.157906, 25.7901673], [-80.1578853, 25.790137], [-80.157873, 25.7901104], [-80.1578753, 25.7900802], [-80.1578807, 25.7899007], [-80.1578768, 25.7898666], [-80.1578687, 25.7898288], [-80.1578512, 25.7897918], [-80.1578555, 25.7897767], [-80.1578641, 25.7897465], [-80.1578664, 25.7897087], [-80.1578583, 25.7896766], [-80.1578419, 25.7896368], [-80.1578421, 25.7896103], [-80.1578611, 25.7895764], [-80.1578675, 25.7895537], [-80.1578572, 25.7895291], [-80.1578365, 25.7895082], [-80.1578346, 25.7894798], [-80.1578474, 25.7894478], [-80.157853, 25.7893939000001], [-80.1578428, 25.7893599], [-80.1578243, 25.7893125], [-80.1578288, 25.7892728], [-80.1578437, 25.7892276], [-80.1578379, 25.7891708], [-80.1578386, 25.7890707], [-80.1578317, 25.789013], [-80.1578068, 25.7889864], [-80.1578007, 25.7889599], [-80.1578072, 25.788924], [-80.1578242, 25.788892], [-80.1578202, 25.7888674], [-80.1578057, 25.7888446], [-80.1578059, 25.7888162], [-80.1578208, 25.7887747], [-80.1578214, 25.7886859], [-80.1578064, 25.7886036], [-80.1577878, 25.7885695], [-80.1577755, 25.7885448], [-80.1577736, 25.7885184], [-80.1577884, 25.7884806], [-80.157793, 25.7884315], [-80.1577658, 25.7879862], [-80.1577657, 25.7878549], [-80.157743, 25.7878188], [-80.1577265, 25.7877904], [-80.1577266, 25.7877734], [-80.1577414, 25.7877508], [-80.1577499, 25.7877244], [-80.1577654, 25.7876092], [-80.157745, 25.787387], [-80.1577377999999, 25.7872244], [-80.1577501, 25.7871176], [-80.1578011, 25.7869875], [-80.1578686, 25.7868821], [-80.1579855, 25.7867381], [-80.1580234, 25.7867025], [-80.158034, 25.7866779], [-80.1580342, 25.7866515], [-80.1580363, 25.7866383], [-80.1580469, 25.7866251], [-80.158074, 25.7866196], [-80.15812, 25.7866142], [-80.158141, 25.7865992], [-80.158225, 25.7865335], [-80.1583069, 25.7864678], [-80.1585444, 25.7863813], [-80.1587158, 25.7863521], [-80.1589413, 25.7863571], [-80.1591133, 25.7863818], [-80.1592196, 25.7864164], [-80.1593154, 25.7864434], [-80.1593571, 25.7864531], [-80.1593716, 25.7864683], [-80.1593881, 25.7864987], [-80.1594213, 25.786531], [-80.1595875, 25.7866416], [-80.1597813, 25.7868383], [-80.1598388, 25.7869785], [-80.1598676999999, 25.7870297], [-80.1598957, 25.7870554], [-80.1598955, 25.7870856], [-80.1598948, 25.7871877], [-80.1599171, 25.787271], [-80.15996, 25.7874111], [-80.1599732, 25.7874688], [-80.1599624, 25.7875104], [-80.1599473, 25.787584], [-80.1599484, 25.7877163], [-80.1599501, 25.7877825], [-80.1599603, 25.7878165], [-80.1599769, 25.7878318], [-80.1599829, 25.7878677], [-80.1599702, 25.7878884], [-80.1599512, 25.7879204], [-80.1599466, 25.7879733], [-80.1599541, 25.7880925], [-80.1599653, 25.7882834], [-80.159986, 25.7883119], [-80.1599983, 25.7883384], [-80.159996, 25.7883706], [-80.1599812, 25.7884045], [-80.1599766, 25.7884649], [-80.1599801, 25.7885633], [-80.1599951, 25.788655], [-80.1600136, 25.7886929], [-80.1600175, 25.7887251], [-80.1600069, 25.7887553], [-80.1600087, 25.7887931], [-80.1600252, 25.7888196], [-80.1600522, 25.7888462], [-80.1600562, 25.7888652], [-80.1600372, 25.7888991], [-80.1600224, 25.7889292], [-80.160018, 25.7889595], [-80.1600299999999, 25.7891722], [-80.1600372, 25.7893366], [-80.1600419, 25.7894189], [-80.1600562, 25.7894568], [-80.1600831, 25.7894891], [-80.160083, 25.7895099], [-80.1600534, 25.7895607], [-80.1600465, 25.7896552], [-80.1600572, 25.7897639], [-80.1600776, 25.7898264], [-80.1600984, 25.7898454], [-80.1601191, 25.7898626], [-80.1601272, 25.789908], [-80.1601141, 25.7899873], [-80.1600973, 25.7900042], [-80.1600657, 25.7900418], [-80.1600634, 25.7900758], [-80.1600827, 25.7901393], [-80.1601034, 25.7901734], [-80.1601407, 25.7902039], [-80.1601656, 25.7902324], [-80.1601716, 25.7902721], [-80.1601606, 25.7903476], [-80.1601417, 25.7903702], [-80.1601121, 25.7904135], [-80.1601055, 25.7904626], [-80.1601082, 25.7905316], [-80.1601204, 25.7905789], [-80.1601367, 25.7906225], [-80.1601511, 25.7906566], [-80.1601467999999, 25.7906812], [-80.1601298, 25.7907264], [-80.1601205, 25.7908568], [-80.1601225, 25.7909362]]}, "properties": {"project": "FL4501", "date": "19450301", "kind": "Man-made", "source": "T08596"}}, {"type": "Feature", "geometry": {"type": "LineString", "coordinates": [[-80.1447929, 25.785752], [-80.1448051, 25.7857648], [-80.1450239, 25.7860432], [-80.145264, 25.7863756], [-80.1454219, 25.786639], [-80.145581, 25.7869268], [-80.1455944, 25.786949], [-80.145624, 25.7869712], [-80.1456565, 25.7869812], [-80.145678, 25.7869985], [-80.1457368, 25.7871068], [-80.1457553, 25.7871731], [-80.1457629, 25.7872442], [-80.1457739, 25.7873498]]}, "properties": {"project": "FL4501", "date": "19450301", "kind": "Natural.Mean High Water", "source": "T08596"}}, {"type": "Feature", "geometry": {"type": "LineString", "coordinates": [[-80.1451084, 25.7857317], [-80.1447929, 25.785752]]}, "properties": {"project": "FL4501", "date": "19450301", "kind": "Pier", "source": "T08596"}}, {"type": "Feature", "geometry": {"type": "LineString", "coordinates": [[-80.1855364, 25.787175], [-80.1855072, 25.7870274], [-80.1854825, 25.786615], [-80.1854441999999, 25.7860929], [-80.1854147, 25.7857481], [-80.1854282, 25.7857004], [-80.1859739, 25.7856895], [-80.1865294999999, 25.7856787], [-80.1875924, 25.7856488], [-80.1881722, 25.7856341], [-80.1884396, 25.7856316]]}, "properties": {"project": "FL4501", "date": "19450301", "kind": "Pier", "source": "T08596"}}, {"type": "Feature", "geometry": {"type": "LineString", "coordinates": [[-80.1444664, 25.7853813], [-80.1445712, 25.7855206], [-80.1447929, 25.785752]]}, "properties": {"project": "FL4501", "date": "19450301", "kind": "Natural.Mean High Water", "source": "T08596"}}, {"type": "Feature", "geometry": {"type": "LineString", "coordinates": [[-80.1448041, 25.7853714], [-80.1444664, 25.7853813]]}, "properties": {"project": "FL4501", "date": "19450301", "kind": "Pier", "source": "T08596"}}, {"type": "Feature", "geometry": {"type": "LineString", "coordinates": [[-80.1884396, 25.7856316], [-80.1884392, 25.7856179], [-80.1884309, 25.785287], [-80.1884292, 25.7850559]]}, "properties": {"project": "FL4501", "date": "19450301", "kind": "Man-made", "source": "T08596"}}, {"type": "Feature", "geometry": {"type": "LineString", "coordinates": [[-80.1441247, 25.7849242], [-80.1441942, 25.7850255], [-80.1443821, 25.7852694], [-80.1444664, 25.7853813]]}, "properties": {"project": "FL4501", "date": "19450301", "kind": "Natural.Mean High Water", "source": "T08596"}}, {"type": "Feature", "geometry": {"type": "LineString", "coordinates": [[-80.1447462, 25.7849019], [-80.1441247, 25.7849242]]}, "properties": {"project": "FL4501", "date": "19450301", "kind": "Pier", "source": "T08596"}}, {"type": "Feature", "geometry": {"type": "LineString", "coordinates": [[-80.1533603, 25.7851527], [-80.1533172, 25.7850485], [-80.15328, 25.7849973], [-80.1532344, 25.7849498], [-80.1531928, 25.7849287], [-80.1531303, 25.7849076], [-80.153049, 25.7848901], [-80.1529343, 25.7848762], [-80.1528843, 25.7848702], [-80.1528028, 25.7848754], [-80.152715, 25.7848938], [-80.1526061, 25.7849367], [-80.1525432, 25.7849817], [-80.1524433, 25.7850822], [-80.1523361, 25.7851855], [-80.1522875, 25.7852608], [-80.1522492, 25.7853627], [-80.1522478, 25.7854165], [-80.152264, 25.7854922], [-80.1523154, 25.7856041], [-80.1524107, 25.7856972], [-80.1525001, 25.7857582], [-80.1525802, 25.7857861], [-80.1526719, 25.7858131], [-80.1527302, 25.7858342], [-80.1527949, 25.785846], [-80.152847, 25.7858482], [-80.1529222, 25.785841], [-80.1529726, 25.7858073], [-80.1531007, 25.7857079], [-80.1532196, 25.7855734], [-80.1532997, 25.7854624], [-80.1533506, 25.785353], [-80.1533712, 25.7852388], [-80.1533603, 25.7851527]]}, "properties": {"project": "FL4501", "date": "19450301", "kind": "Natural.Mean High Water", "source": "T08596"}}, {"type": "Feature", "geometry": {"type": "LineString", "coordinates": [[-80.1440777, 25.7848558], [-80.1441247, 25.7849242]]}, "properties": {"project": "FL4501", "date": "19450301", "kind": "Natural.Mean High Water", "source": "T08596"}}, {"type": "Feature", "geometry": {"type": "LineString", "coordinates": [[-80.1440777, 25.7848558], [-80.1441496, 25.7848067]]}, "properties": {"project": "FL4501", "date": "19450301", "kind": "Pier", "source": "T08596"}}, {"type": "Feature", "geometry": {"type": "LineString", "coordinates": [[-80.1884292, 25.7850559], [-80.1884069, 25.7850557], [-80.1878902, 25.7850509], [-80.1873258, 25.7850657], [-80.1869043, 25.7850892], [-80.1863596, 25.785116], [-80.1858171, 25.7851289], [-80.1853826, 25.7851385], [-80.1853876, 25.7846416]]}, "properties": {"project": "FL4501", "date": "19450301", "kind": "Pier", "source": "T08596"}}, {"type": "Feature", "geometry": {"type": "LineString", "coordinates": [[-80.1853876, 25.7846416], [-80.1853894, 25.7844652], [-80.1855047, 25.7844646]]}, "properties": {"project": "FL4501", "date": "19450301", "kind": "Pier", "source": "T08596"}}, {"type": "Feature", "geometry": {"type": "LineString", "coordinates": [[-80.1438083, 25.7844324], [-80.1438713, 25.7845356], [-80.1439999, 25.7847423], [-80.1440777, 25.7848558]]}, "properties": {"project": "FL4501", "date": "19450301", "kind": "Natural.Mean High Water", "source": "T08596"}}, {"type": "Feature", "geometry": {"type": "LineString", "coordinates": [[-80.1438083, 25.7844324], [-80.143896, 25.784417]]}, "properties": {"project": "FL4501", "date": "19450301", "kind": "Pier", "source": "T08596"}}, {"type": "Feature", "geometry": {"type": "LineString", "coordinates": [[-80.1855047, 25.7844646], [-80.1859305999999, 25.7844623], [-80.1864972, 25.7844515], [-80.1869957, 25.7844284], [-80.1875492, 25.7844036], [-80.188107, 25.7843888], [-80.1884448, 25.7843807]]}, "properties": {"project": "FL4501", "date": "19450301", "kind": "Pier", "source": "T08596"}}, {"type": "Feature", "geometry": {"type": "LineString", "coordinates": [[-80.1884448, 25.7843807], [-80.1884292, 25.7850559]]}, "properties": {"project": "FL4501", "date": "19450301", "kind": "Shoreline/Alongshore Feature Boundary", "source": "T08596"}}, {"type": "Feature", "geometry": {"type": "LineString", "coordinates": [[-80.1884448, 25.7843807], [-80.1884406, 25.7840222], [-80.1884335, 25.7839464]]}, "properties": {"project": "FL4501", "date": "19450301", "kind": "Man-made", "source": "T08596"}}, {"type": "Feature", "geometry": {"type": "LineString", "coordinates": [[-80.1435752, 25.7837801], [-80.1435878, 25.7838522], [-80.1436435, 25.784007], [-80.1436966, 25.7841593], [-80.1437509, 25.7843264], [-80.1437857, 25.7843953], [-80.1438083, 25.7844324]]}, "properties": {"project": "FL4501", "date": "19450301", "kind": "Natural.Mean High Water", "source": "T08596"}}, {"type": "Feature", "geometry": {"type": "LineString", "coordinates": [[-80.1435752, 25.7837801], [-80.1436763, 25.7837604]]}, "properties": {"project": "FL4501", "date": "19450301", "kind": "Pier", "source": "T08596"}}, {"type": "Feature", "geometry": {"type": "LineString", "coordinates": [[-80.1391856, 25.8140689], [-80.1392598, 25.814116], [-80.1393124, 25.8141433], [-80.1393786, 25.8141608], [-80.1394713, 25.8141859], [-80.1395674, 25.814195], [-80.1397482, 25.8141949], [-80.1398404, 25.8141942], [-80.1398567, 25.8141833], [-80.1398974, 25.8141737], [-80.1401745, 25.814168], [-80.1402809, 25.8141539], [-80.1404072, 25.8141142], [-80.1405371, 25.8140463], [-80.1406336, 25.8139978], [-80.1407276, 25.8139187], [-80.1408825, 25.8137614], [-80.1409564, 25.8136564], [-80.1409998, 25.8135549], [-80.1410157, 25.8134176], [-80.1410106, 25.8132827], [-80.1409941, 25.8132238], [-80.1409624, 25.8131071], [-80.1409116, 25.8130124], [-80.1408877, 25.8129497], [-80.1408825, 25.8129227], [-80.1408691, 25.8129018], [-80.1408315, 25.8128513], [-80.1408057, 25.8127702], [-80.140771, 25.8126989], [-80.1407336, 25.8126226], [-80.1407083, 25.8125575], [-80.1406637, 25.8124493], [-80.1406264, 25.8123694], [-80.1405875, 25.8123091], [-80.1404996, 25.8122044], [-80.1404242, 25.8121389], [-80.1403716, 25.8121031], [-80.1402819, 25.8120486], [-80.1401847, 25.8120026], [-80.1401334, 25.8119803], [-80.1400712, 25.8119578], [-80.139946, 25.8119411], [-80.1398066, 25.8119244], [-80.1396989, 25.8119237], [-80.1396094, 25.8119465], [-80.1395225, 25.8119632], [-80.139397, 25.811998], [-80.1393155, 25.8120331], [-80.139242, 25.812078], [-80.1391337, 25.8121595], [-80.1390341, 25.812257], [-80.1389739, 25.8123388], [-80.1389291, 25.8124452], [-80.1389121, 25.8125457], [-80.1389061, 25.8126253], [-80.1388688, 25.8128237], [-80.1388669, 25.8129022], [-80.1388351, 25.8130859], [-80.1388193, 25.8131999], [-80.1388108, 25.8133506], [-80.1388132, 25.8133887], [-80.1388291, 25.8134464], [-80.1388422, 25.813498], [-80.1388809, 25.8136846], [-80.138895, 25.813795], [-80.1389089, 25.8138405], [-80.1389276, 25.8138761], [-80.1389732, 25.8139303], [-80.1390244, 25.8139748], [-80.1390891, 25.8140218], [-80.1391491, 25.8140577]]}, "properties": {"project": "FL4501", "date": "19450301", "kind": "Natural.Mean High Water", "source": "T08596"}}, {"type": "Feature", "geometry": {"type": "LineString", "coordinates": [[-80.1221384, 25.8125437], [-80.1221488, 25.8125177], [-80.1221743, 25.8124062], [-80.1222161, 25.8121402], [-80.1222458, 25.811851], [-80.1222487, 25.8118352]]}, "properties": {"project": "FL4501", "date": "19450301", "kind": "Natural.Mean High Water", "source": "T08596"}}, {"type": "Feature", "geometry": {"type": "LineString", "coordinates": [[-80.1222487, 25.8118352], [-80.1219194, 25.8117938]]}, "properties": {"project": "FL4501", "date": "19450301", "kind": "Pier", "source": "T08596"}}, {"type": "Feature", "geometry": {"type": "LineString", "coordinates": [[-80.1864457, 25.8128943], [-80.1864682, 25.8127287], [-80.1864753, 25.8126078], [-80.1865069999999, 25.8123906], [-80.1865059, 25.8122526], [-80.1865045, 25.8121487], [-80.186482, 25.8120805], [-80.1864513, 25.8119896], [-80.1863619, 25.8117793], [-80.1862981, 25.811641], [-80.1862339, 25.8115612], [-80.1861466, 25.8115059], [-80.1860862, 25.8114772], [-80.1860007, 25.8114578], [-80.1859047, 25.8114554], [-80.185889, 25.8114591]]}, "properties": {"project": "FL4501", "date": "19450301", "kind": "Natural.Mean High Water", "source": "T08596"}}, {"type": "Feature", "geometry": {"type": "LineString", "coordinates": [[-80.1222487, 25.8118352], [-80.1222537, 25.8118081], [-80.1222692, 25.8117601], [-80.1222849, 25.8116846], [-80.1223049, 25.8115439], [-80.1223124, 25.81144], [-80.122309, 25.8113799], [-80.1223056, 25.8113318], [-80.1223154, 25.8112872], [-80.122352, 25.8111248]]}, "properties": {"project": "FL4501", "date": "19450301", "kind": "Natural.Mean High Water", "source": "T08596"}}, {"type": "Feature", "geometry": {"type": "LineString", "coordinates": [[-80.122352, 25.8111248], [-80.1220033, 25.8110758]]}, "properties": {"project": "FL4501", "date": "19450301", "kind": "Pier", "source": "T08596"}}, {"type": "Feature", "geometry": {"type": "LineString", "coordinates": [[-80.185889, 25.8114591], [-80.1858593, 25.8114895000001], [-80.1858041, 25.8115051], [-80.1854388, 25.811509], [-80.185438, 25.8109871], [-80.1855957, 25.8109402], [-80.1858092, 25.8109255], [-80.1858576, 25.8109232]]}, "properties": {"project": "FL4501", "date": "19450301", "kind": "Man-made", "source": "T08596"}}, {"type": "Feature", "geometry": {"type": "LineString", "coordinates": [[-80.1858576, 25.8109232], [-80.186059, 25.8109139]]}, "properties": {"project": "FL4501", "date": "19450301", "kind": "Man-made", "source": "T08596"}}, {"type": "Feature", "geometry": {"type": "LineString", "coordinates": [[-80.122352, 25.8111248], [-80.1223919, 25.8109476], [-80.1224508, 25.8105468], [-80.1224685, 25.8104336]]}, "properties": {"project": "FL4501", "date": "19450301", "kind": "Natural.Mean High Water", "source": "T08596"}}, {"type": "Feature", "geometry": {"type": "LineString", "coordinates": [[-80.1224685, 25.8104336], [-80.1221328, 25.8104095]]}, "properties": {"project": "FL4501", "date": "19450301", "kind": "Pier", "source": "T08596"}}, {"type": "Feature", "geometry": {"type": "LineString", "coordinates": [[-80.1224685, 25.8104336], [-80.1224827, 25.8103426], [-80.1225172, 25.8100354], [-80.1225195, 25.8099804], [-80.1225181, 25.8099117], [-80.1225282, 25.8098345], [-80.1225303, 25.8097984], [-80.1225286, 25.809771], [-80.1225278, 25.8097434]]}, "properties": {"project": "FL4501", "date": "19450301", "kind": "Natural.Mean High Water", "source": "T08596"}}, {"type": "Feature", "geometry": {"type": "LineString", "coordinates": [[-80.1225278, 25.8097434], [-80.1221664, 25.809717]]}, "properties": {"project": "FL4501", "date": "19450301", "kind": "Pier", "source": "T08596"}}, {"type": "Feature", "geometry": {"type": "LineString", "coordinates": [[-80.1329364, 25.8139575], [-80.1329307, 25.8139249], [-80.1328837, 25.8136843], [-80.1328536, 25.8134499], [-80.1328442, 25.8131592], [-80.1328512, 25.8130391], [-80.1328514, 25.813006], [-80.1328489, 25.8129803], [-80.1328382, 25.812963], [-80.1328274, 25.8129458], [-80.1328275, 25.8129323], [-80.1328385, 25.812914], [-80.132859, 25.8128908], [-80.1328673, 25.8128676], [-80.1328759, 25.812707], [-80.1329039, 25.8125821], [-80.1329631, 25.8123666], [-80.1330523, 25.8121158], [-80.1331222, 25.8119139], [-80.1332047, 25.811641], [-80.1332787, 25.8114391], [-80.1332955, 25.8113558], [-80.1333873, 25.8111234], [-80.1335158, 25.8108679], [-80.1336357, 25.8106859], [-80.1337083, 25.810576], [-80.1338291, 25.8104443], [-80.1338415, 25.8104186], [-80.1338512, 25.8103855], [-80.1338595, 25.8103672], [-80.1338691, 25.8103476], [-80.1338828, 25.8103342], [-80.1339167, 25.8103246], [-80.1339439, 25.8103125], [-80.1339616, 25.8102955], [-80.1340824, 25.8101674], [-80.1342295, 25.8100555], [-80.1342521, 25.8100323], [-80.1342711, 25.8100202], [-80.1343241, 25.8100046], [-80.1344845, 25.8099246], [-80.1345653, 25.809892], [-80.1345884999999, 25.8098725], [-80.1346049, 25.8098505], [-80.1346266, 25.8098445], [-80.1346469, 25.8098508], [-80.1346645, 25.8098607], [-80.1347078, 25.8098597], [-80.1347742, 25.8098515], [-80.1349636, 25.8098048], [-80.1349854, 25.8097878], [-80.1350003, 25.8097756], [-80.1350247, 25.8097746], [-80.1350518, 25.8097821], [-80.1351757, 25.8097791], [-80.1352951, 25.8097627], [-80.1355398, 25.8097372], [-80.1355676, 25.8097238], [-80.1355935, 25.8097129], [-80.1356219, 25.8097131], [-80.1356489, 25.8097255], [-80.1356814, 25.8097294], [-80.1358101, 25.8097314], [-80.1359639, 25.8097151], [-80.1360452, 25.8097193], [-80.1360878, 25.8097196000001], [-80.1361041, 25.8097148], [-80.1362328, 25.8097143], [-80.1362945, 25.809711], [-80.136411, 25.8097068], [-80.1364896, 25.8097121], [-80.1365734, 25.8097261], [-80.1368474, 25.8097805], [-80.1370265, 25.8098318], [-80.1371183, 25.8098716], [-80.1371972, 25.809926], [-80.1372118, 25.8099592], [-80.1372236, 25.8100181], [-80.1372258, 25.8100795], [-80.137212, 25.810126], [-80.1371981, 25.8101688], [-80.1371103, 25.8104196], [-80.1370167, 25.8107072], [-80.1369214, 25.8110549], [-80.1368415, 25.8113413], [-80.1368287, 25.8115166], [-80.1368265, 25.8116245000001], [-80.1368014, 25.8119186], [-80.1368062, 25.8120033], [-80.1368152, 25.8120683], [-80.1368367, 25.8121812], [-80.1368844, 25.8123385], [-80.1369287, 25.8124773], [-80.13699, 25.8126187], [-80.1370335, 25.8126913], [-80.1370564, 25.8127122], [-80.1370821, 25.8127185], [-80.1371037, 25.8127297], [-80.1371157, 25.812758], [-80.1371208, 25.8127972], [-80.1371369, 25.8128206], [-80.1372258, 25.8128923], [-80.1374105, 25.8131018], [-80.1375929, 25.8132672], [-80.1376387, 25.8133018], [-80.137663, 25.8133130000001], [-80.1376968, 25.8133181], [-80.1377171, 25.8133256], [-80.1377379, 25.8133502], [-80.1377741, 25.8133995], [-80.1378065, 25.8134279], [-80.1378456, 25.8134538], [-80.1378672, 25.8134626], [-80.1378888, 25.8134627], [-80.1379078, 25.8134579], [-80.1379309, 25.813458], [-80.1379511, 25.8134655], [-80.1379714, 25.8134767], [-80.1379888, 25.8134976], [-80.1380002, 25.8135197], [-80.1380013, 25.8135467], [-80.1380053, 25.8135664], [-80.1380362, 25.8135997], [-80.1381062, 25.813654], [-80.1381494, 25.8136837], [-80.1382197, 25.813705], [-80.1382576, 25.8137101], [-80.1382656, 25.8137224], [-80.1382755, 25.8137568], [-80.1382794, 25.8137777], [-80.1383238, 25.8138258], [-80.1384046, 25.8138814], [-80.1384384, 25.8138988], [-80.1384695, 25.8139051], [-80.1385196, 25.8139103], [-80.1385453, 25.8139141], [-80.1385676, 25.8139228], [-80.1385715, 25.8139376], [-80.1385767, 25.8139719], [-80.138586, 25.8139977], [-80.1386102, 25.8140212], [-80.1386426, 25.814041], [-80.1386872, 25.8140597], [-80.1387372, 25.814071], [-80.1387575, 25.8140809], [-80.1387682, 25.8140945], [-80.1387829, 25.8141166], [-80.1388058, 25.814145], [-80.1388273, 25.8141647], [-80.1389556, 25.8142602]]}, "properties": {"project": "FL4501", "date": "19450301", "kind": "Man-made", "source": "T08596"}}, {"type": "Feature", "geometry": {"type": "LineString", "coordinates": [[-80.1364105, 25.8095983], [-80.1364453, 25.8096042], [-80.136474, 25.809591], [-80.1364847, 25.80957], [-80.1364955, 25.8095452], [-80.1364936, 25.8095165], [-80.1364799, 25.809503], [-80.1364672, 25.8095068], [-80.1364586, 25.809523], [-80.1364447, 25.8095411], [-80.1364225, 25.8095476], [-80.136397, 25.8095638], [-80.1363927, 25.8095781], [-80.1364, 25.8095925], [-80.1364105, 25.8095983]]}, "properties": {"project": "FL4501", "date": "19450301", "kind": "Natural.Mean High Water", "source": "T08596"}}, {"type": "Feature", "geometry": {"type": "LineString", "coordinates": [[-80.1253862, 25.8011313], [-80.1249828, 25.8010307]]}, "properties": {"project": "FL4501", "date": "19450301", "kind": "Pier", "source": "T08596"}}, {"type": "Feature", "geometry": {"type": "LineString", "coordinates": [[-80.1450831, 25.803248], [-80.1447633, 25.8032596], [-80.1444672, 25.8032732], [-80.1442214, 25.803276], [-80.1439498, 25.8032775], [-80.1436646, 25.8032825], [-80.1433808, 25.8032864], [-80.1431011, 25.8032878], [-80.1428186, 25.8032892], [-80.1427583, 25.8032882], [-80.1427284, 25.8033016], [-80.1427108, 25.8033113], [-80.1426891, 25.8033148], [-80.1426688, 25.8033135], [-80.1426498, 25.8033072], [-80.1426051, 25.8033082], [-80.1422428, 25.8033079], [-80.1419563, 25.8033068], [-80.1419178, 25.8032974], [-80.1418487, 25.8032908], [-80.1418244, 25.8032833], [-80.1417622, 25.8032707], [-80.1417149, 25.8032545], [-80.1416145, 25.8031883], [-80.1415593, 25.803134], [-80.1415163, 25.8030835], [-80.1414787, 25.8030367], [-80.1414446, 25.8029868], [-80.1414192, 25.8029327], [-80.1414059, 25.8028971], [-80.1413939, 25.8028774], [-80.1413696, 25.8028638], [-80.1413561, 25.8028576], [-80.1413467, 25.8028477], [-80.1413414, 25.8028256], [-80.1413456, 25.8028023], [-80.1413635, 25.8027718], [-80.1413678, 25.8027387], [-80.1413669, 25.8024849], [-80.1413706, 25.8020649], [-80.141372, 25.8019675], [-80.1413694, 25.8019466], [-80.1413573, 25.8019367], [-80.1413425, 25.8019244], [-80.1413358, 25.8019108], [-80.1413414, 25.80189], [-80.1413563999999, 25.8018742], [-80.1413728, 25.8018571], [-80.1413757, 25.8018314], [-80.1413719, 25.8016082], [-80.1413653, 25.8014886], [-80.1413587, 25.8014555], [-80.1413563999999, 25.8014052], [-80.1413581, 25.80135], [-80.1413707, 25.8012961], [-80.1414217, 25.8011799], [-80.1415113, 25.8010511], [-80.1416095, 25.8009585], [-80.1417679, 25.800873], [-80.1419226, 25.800842], [-80.1421821, 25.8008221], [-80.1424442, 25.800823], [-80.1427267, 25.8008192], [-80.1429414, 25.80081], [-80.1432591, 25.8008076], [-80.1433411, 25.8008038], [-80.1433587, 25.8007978], [-80.1433832, 25.8007832], [-80.1434036, 25.800776], [-80.1434278999999, 25.8007773], [-80.1434482, 25.8007897], [-80.1434617, 25.8007971], [-80.1434928, 25.800801], [-80.1435429, 25.8008013], [-80.1438239, 25.8008048], [-80.144078, 25.8007983], [-80.1443617, 25.8007982], [-80.1446481999999, 25.800798], [-80.1448521, 25.8007912], [-80.1448671, 25.8007876], [-80.1448766, 25.8007779], [-80.1448862, 25.8007645], [-80.1449025, 25.8007609], [-80.1449269, 25.8007598], [-80.1449627, 25.8007618], [-80.1449708, 25.8007692], [-80.1449992, 25.8007731], [-80.1451753, 25.8007741], [-80.1451902, 25.8007705], [-80.1452093, 25.8007584], [-80.1452277, 25.8007468], [-80.1452561, 25.8007433], [-80.1452927, 25.8007497], [-80.145321, 25.8007633], [-80.1453453, 25.8007696], [-80.1453873, 25.8007723], [-80.1454943, 25.8007705], [-80.1455343, 25.8007738], [-80.145552, 25.8007641], [-80.1455669, 25.8007519], [-80.1455792, 25.8007458], [-80.1455995, 25.8007435], [-80.1456225, 25.8007522], [-80.1456386999999, 25.8007609], [-80.1456698, 25.8007684], [-80.1457768, 25.8007715], [-80.146047, 25.8007651], [-80.146259, 25.8007621], [-80.1462726, 25.800756], [-80.1462916999999, 25.8007463], [-80.1463025, 25.8007415], [-80.1463202, 25.8007379], [-80.1463351, 25.8007392], [-80.1463628, 25.8007437], [-80.1463803, 25.8007536], [-80.1464019, 25.8007611], [-80.1464791, 25.8007652], [-80.1466023999999, 25.8007647], [-80.1468848, 25.8007658], [-80.1470427, 25.8007514], [-80.1471024, 25.8007407], [-80.1471647, 25.8007386], [-80.1472846, 25.8007424], [-80.1473617, 25.8007526], [-80.1474009, 25.8007614], [-80.1474536, 25.8007814], [-80.147546, 25.8008426], [-80.1476482, 25.8009376], [-80.14771, 25.8010116], [-80.1477299, 25.8010644], [-80.1477746, 25.8011609], [-80.147801, 25.8012579], [-80.1478272, 25.8013893], [-80.1478555, 25.8015053], [-80.1478776, 25.8016305], [-80.1478806, 25.8019641], [-80.1478649, 25.8023606], [-80.1478368, 25.802594], [-80.1478032, 25.8027545], [-80.1477714, 25.8028475], [-80.1477319, 25.8029607], [-80.1476541, 25.8030497], [-80.1475601, 25.8031215], [-80.1474907, 25.803164], [-80.1474289, 25.8031912], [-80.1473801, 25.8032008], [-80.1472297, 25.803206], [-80.1470163, 25.8032164], [-80.1468407999999, 25.803216], [-80.1468029, 25.8032195], [-80.1467473, 25.8032338], [-80.1464675, 25.8032377], [-80.1461864, 25.8032416], [-80.1459636, 25.8032397], [-80.1455098, 25.8032394], [-80.14548, 25.8032454], [-80.1454636, 25.8032576], [-80.1454351, 25.8032721], [-80.1454209, 25.8032714], [-80.1454074, 25.803264], [-80.1454007, 25.8032554], [-80.1453723, 25.8032503], [-80.1453424, 25.8032526], [-80.1451292, 25.8032421]]}, "properties": {"project": "FL4501", "date": "19450301", "kind": "Man-made", "source": "T08596"}}, {"type": "Feature", "geometry": {"type": "LineString", "coordinates": [[-80.1921094, 25.7563574], [-80.1920755, 25.7563627], [-80.1920306, 25.7563671], [-80.1920054, 25.7563916], [-80.1919739, 25.7564198], [-80.1919257, 25.7564422], [-80.1917625, 25.7565055], [-80.1916515, 25.7565597], [-80.1915363, 25.7566158], [-80.1913259, 25.7567025], [-80.1911878, 25.7567547], [-80.1911208, 25.7567864], [-80.191079, 25.7568051], [-80.1910601, 25.7568201], [-80.1910308, 25.7568275], [-80.1909702, 25.7568404], [-80.1909472, 25.7568365]]}, "properties": {"project": "FL4501", "date": "19450301", "kind": "Natural.Mean High Water", "source": "T08596"}}, {"type": "Feature", "geometry": {"type": "LineString", "coordinates": [[-80.1400586, 25.7563308], [-80.140074, 25.756356], [-80.1400926, 25.7563826], [-80.1401279, 25.7563979], [-80.140274, 25.7564063]]}, "properties": {"project": "FL4501", "date": "19450301", "kind": "Natural.Mean High Water", "source": "T08596"}}, {"type": "Feature", "geometry": {"type": "LineString", "coordinates": [[-80.1400172, 25.756291], [-80.1400451, 25.7563086], [-80.1400586, 25.7563308]]}, "properties": {"project": "FL4501", "date": "19450301", "kind": "Shoreline/Alongshore Feature Boundary", "source": "T08596"}}, {"type": "Feature", "geometry": {"type": "LineString", "coordinates": [[-80.140274, 25.7564063], [-80.1403069, 25.7563994], [-80.1403153, 25.7563881], [-80.1404047, 25.756296], [-80.1404151999999, 25.7562885], [-80.1404298, 25.7562858], [-80.1404528, 25.7562907], [-80.1404746, 25.7563059], [-80.1405773, 25.7563868], [-80.1407802, 25.7565454], [-80.1409863, 25.7566926], [-80.1412297, 25.7568741], [-80.1412561, 25.756904], [-80.1411941, 25.7569604], [-80.1411128, 25.7569533], [-80.1410982, 25.7569437], [-80.141068, 25.7569417], [-80.1410481, 25.7569519], [-80.141025, 25.7569716], [-80.1410133, 25.756999], [-80.1410140999999, 25.7570302], [-80.1410244, 25.7570539], [-80.1410524, 25.757071], [-80.1410925, 25.7570944], [-80.1411091, 25.757104], [-80.1411372, 25.757106], [-80.1411561, 25.7571024], [-80.1412505, 25.757032], [-80.1412888999999, 25.7569845], [-80.1413393, 25.7569489], [-80.1415739, 25.757127], [-80.1418645, 25.7573395], [-80.1420305, 25.7574747]]}, "properties": {"project": "FL4501", "date": "19450301", "kind": "Man-made", "source": "T08596"}}, {"type": "Feature", "geometry": {"type": "LineString", "coordinates": [[-80.13335, 25.7622367], [-80.1334498, 25.7621619], [-80.1335442, 25.7620963], [-80.1335839, 25.7620833], [-80.1336885, 25.7620499], [-80.1337932, 25.7620052], [-80.133875, 25.7619566], [-80.133978, 25.7618589], [-80.134103, 25.7617415], [-80.1341743, 25.7617022], [-80.1342624, 25.7616385], [-80.1343485, 25.7615691], [-80.1344043, 25.7614985], [-80.134436, 25.7614496], [-80.1345075999999, 25.761363], [-80.1345519, 25.7612896], [-80.1346172, 25.7612181], [-80.1347841, 25.7610745], [-80.1349017, 25.7609826], [-80.1350842, 25.760859], [-80.1352721, 25.7607004], [-80.1354384, 25.7605086], [-80.1356479, 25.7602575], [-80.1358976, 25.7599367], [-80.1360723, 25.7597298], [-80.1361894, 25.7595689], [-80.1363076, 25.7593806], [-80.1364819, 25.7590915], [-80.1366185, 25.7588248], [-80.1367123, 25.7586921], [-80.1367488, 25.7585468], [-80.1368311, 25.7582855], [-80.1369434, 25.7579129], [-80.1370884, 25.7574847], [-80.1370972, 25.7574243], [-80.1371084, 25.7573166], [-80.1371078, 25.757257], [-80.1370857, 25.7571341], [-80.1370759, 25.7570489], [-80.1370804, 25.7570074], [-80.1370974, 25.7569602], [-80.137129, 25.756917], [-80.1372307, 25.756858], [-80.137395, 25.7567919], [-80.1375183, 25.7567699], [-80.1377481, 25.7567486], [-80.1378337, 25.756734], [-80.1379948, 25.756682], [-80.1382009, 25.7566199], [-80.138473, 25.7565044], [-80.1386267, 25.7564646], [-80.1387542, 25.7564408], [-80.1388525, 25.7564168], [-80.1389339999999, 25.7564116], [-80.1389611, 25.7564156], [-80.1390006, 25.7564309], [-80.1390504, 25.7564709], [-80.1390836, 25.7565032], [-80.1391242, 25.7565101], [-80.1392182, 25.7565012], [-80.1393667, 25.7564605], [-80.1395759, 25.7563918], [-80.1399033, 25.7562926], [-80.1399702, 25.7562798], [-80.1400172, 25.756291]]}, "properties": {"project": "FL4501", "date": "19450301", "kind": "Natural.Mean High Water", "source": "T08596"}}, {"type": "Feature", "geometry": {"type": "LineString", "coordinates": [[-80.1400586, 25.7563308], [-80.1401287, 25.7562799], [-80.1403046, 25.756279], [-80.1403817, 25.7559647], [-80.1403465, 25.7559625], [-80.1402921, 25.7561892], [-80.1402412, 25.7562348], [-80.1400872, 25.7562398], [-80.1400172, 25.756291]]}, "properties": {"project": "FL4501", "date": "19450301", "kind": "Pier", "source": "T08596"}}, {"type": "Feature", "geometry": {"type": "LineString", "coordinates": [[-80.1932895, 25.7558885], [-80.1932704, 25.7558987], [-80.1932222, 25.7559324], [-80.1931374, 25.7559745], [-80.1929678, 25.7560548], [-80.1928255, 25.7561126], [-80.1926893999999, 25.7561667], [-80.1924623, 25.7562552], [-80.1923012, 25.7563129], [-80.1922364, 25.7563352], [-80.1921987, 25.7563463], [-80.1921465, 25.7563517], [-80.1921094, 25.7563574]]}, "properties": {"project": "FL4501", "date": "19450301", "kind": "Man-made", "source": "T08596"}}, {"type": "Feature", "geometry": {"type": "LineString", "coordinates": [[-80.1948663, 25.7549248], [-80.194793, 25.7549762], [-80.1947343, 25.7550174], [-80.1946525, 25.7550737], [-80.1945299, 25.755159], [-80.1944377, 25.7552077], [-80.1943288, 25.7552638], [-80.194289, 25.7552843], [-80.1942387, 25.7553086], [-80.1941247, 25.7553448], [-80.1940786, 25.7553805], [-80.1939696, 25.7554498], [-80.1937538, 25.7555696], [-80.193606, 25.7556567], [-80.1935599, 25.7556923], [-80.1934654, 25.7557712], [-80.1934046, 25.7558181], [-80.1933584, 25.7558519], [-80.1932895, 25.7558885]]}, "properties": {"project": "FL4501", "date": "19450301", "kind": "Natural.Mean High Water", "source": "T08596"}}, {"type": "Feature", "geometry": {"type": "LineString", "coordinates": [[-80.1948663, 25.7549248], [-80.1947233, 25.7547027]]}, "properties": {"project": "FL4501", "date": "19450301", "kind": "Pier", "source": "T08596"}}, {"type": "Feature", "geometry": {"type": "LineString", "coordinates": [[-80.1225278, 25.8097434], [-80.1225256, 25.8096713], [-80.1225323, 25.8095288], [-80.1225706, 25.8092302], [-80.1225949, 25.8090476]]}, "properties": {"project": "FL4501", "date": "19450301", "kind": "Natural.Mean High Water", "source": "T08596"}}, {"type": "Feature", "geometry": {"type": "LineString", "coordinates": [[-80.1225949, 25.8090476], [-80.1223989, 25.809044]]}, "properties": {"project": "FL4501", "date": "19450301", "kind": "Pier", "source": "T08596"}}, {"type": "Feature", "geometry": {"type": "LineString", "coordinates": [[-80.1225949, 25.8090476], [-80.1226359, 25.8087402], [-80.12269, 25.8083516]]}, "properties": {"project": "FL4501", "date": "19450301", "kind": "Natural.Mean High Water", "source": "T08596"}}, {"type": "Feature", "geometry": {"type": "LineString", "coordinates": [[-80.1399352, 25.7644638], [-80.1398477, 25.764435], [-80.1397646, 25.7643929], [-80.1397188, 25.7643643], [-80.1396651, 25.7642902], [-80.1396282, 25.7642031], [-80.1396034, 25.7641576], [-80.1395733, 25.7641337], [-80.139542, 25.7641317], [-80.1395023, 25.7641447], [-80.1394897, 25.7641597000001], [-80.1394958, 25.7641824], [-80.1395144, 25.7641958], [-80.1395331, 25.7642148], [-80.139535, 25.7642337], [-80.1395224, 25.7642487], [-80.1395119, 25.7642657], [-80.1395116, 25.764294], [-80.139501, 25.7643167], [-80.1394801, 25.7643222], [-80.139453, 25.7643221], [-80.1394195, 25.764337], [-80.1393922, 25.7643633], [-80.1393754, 25.7643745], [-80.1393336, 25.7643743], [-80.139292, 25.7643665], [-80.139242, 25.7643473], [-80.1392253, 25.7643434], [-80.1391919, 25.7643526], [-80.1391268, 25.7644052], [-80.1390763, 25.7644521], [-80.1389946, 25.7644932], [-80.1388764, 25.7645313], [-80.1387235, 25.7646041], [-80.1386586, 25.7646396], [-80.1385729, 25.7646429], [-80.1385355, 25.7646257]]}, "properties": {"project": "FL4501", "date": "19450301", "kind": "Natural.Mean High Water", "source": "T08596"}}, {"type": "Feature", "geometry": {"type": "LineString", "coordinates": [[-80.1888105, 25.7640839], [-80.1887909, 25.7641797]]}, "properties": {"project": "FL4501", "date": "19450301", "kind": "Natural.Mean High Water", "source": "T08596"}}, {"type": "Feature", "geometry": {"type": "LineString", "coordinates": [[-80.1888105, 25.7640839], [-80.1887462, 25.764066]]}, "properties": {"project": "FL4501", "date": "19450301", "kind": "Pier", "source": "T08596"}}, {"type": "Feature", "geometry": {"type": "LineString", "coordinates": [[-80.1888275, 25.7640042], [-80.1888171, 25.7640516], [-80.1888105, 25.7640839]]}, "properties": {"project": "FL4501", "date": "19450301", "kind": "Natural.Mean High Water", "source": "T08596"}}, {"type": "Feature", "geometry": {"type": "LineString", "coordinates": [[-80.1888275, 25.7640042], [-80.1887676, 25.7639845]]}, "properties": {"project": "FL4501", "date": "19450301", "kind": "Pier", "source": "T08596"}}, {"type": "Feature", "geometry": {"type": "LineString", "coordinates": [[-80.1886902, 25.7640084], [-80.1886906, 25.7639555], [-80.1886763, 25.7639101], [-80.1886576, 25.7638873], [-80.1886369, 25.7638739], [-80.1885952, 25.7638643], [-80.1885576, 25.763864], [-80.1885116, 25.7638751], [-80.188476, 25.7638919], [-80.1884487, 25.7639182], [-80.1884255, 25.7639578], [-80.1884252, 25.7639918], [-80.1884417, 25.7640316], [-80.1884582, 25.7640525], [-80.1884874, 25.7640583], [-80.1885793, 25.7640475], [-80.188667, 25.7640423], [-80.1886796, 25.7640348], [-80.1886839, 25.7640216], [-80.1886902, 25.7640084]]}, "properties": {"project": "FL4501", "date": "19450301", "kind": "Natural.Mean High Water", "source": "T08596"}}, {"type": "Feature", "geometry": {"type": "LineString", "coordinates": [[-80.1889278, 25.7635646], [-80.1889022, 25.7636694], [-80.1888721, 25.7638015], [-80.1888275, 25.7640042]]}, "properties": {"project": "FL4501", "date": "19450301", "kind": "Natural.Mean High Water", "source": "T08596"}}, {"type": "Feature", "geometry": {"type": "LineString", "coordinates": [[-80.1889278, 25.7635646], [-80.1888032, 25.7635451]]}, "properties": {"project": "FL4501", "date": "19450301", "kind": "Pier", "source": "T08596"}}, {"type": "Feature", "geometry": {"type": "LineString", "coordinates": [[-80.1488382, 25.7642714], [-80.1485313, 25.7642715], [-80.1482172, 25.7642781], [-80.1478956, 25.7642914], [-80.1472882, 25.7642916], [-80.1466619, 25.7643068], [-80.1460345, 25.764323], [-80.1456304, 25.764348], [-80.1454257, 25.7643676], [-80.145149, 25.764384], [-80.1449966, 25.7643812], [-80.144863, 25.7643823], [-80.1443838, 25.7644031], [-80.1440508, 25.7644153], [-80.143748, 25.7644287], [-80.1430998, 25.7644447], [-80.1428483, 25.7644404], [-80.1427462, 25.7644171], [-80.1426546, 25.7643882], [-80.1425962, 25.7643727], [-80.1425358, 25.764361], [-80.1424774, 25.7643569], [-80.1424157, 25.7643669], [-80.142334, 25.7644062], [-80.1422543, 25.7644567], [-80.1422082, 25.7644905], [-80.1421621, 25.7645034], [-80.142016, 25.764512], [-80.1418406, 25.7645204], [-80.1417581, 25.7645209], [-80.1417019, 25.7645054], [-80.1416728, 25.7644807], [-80.1416502, 25.7644333], [-80.1416363, 25.7643406], [-80.1416224, 25.7640882], [-80.1416119, 25.7636676], [-80.141603, 25.7633018], [-80.1416047, 25.7632196], [-80.1411767, 25.7632265], [-80.1411796, 25.7636915], [-80.1411825, 25.7640194], [-80.1411875, 25.7643436], [-80.1412017, 25.7644004], [-80.1412024, 25.7644411], [-80.1411897999999, 25.764458], [-80.1411040999999, 25.7644745], [-80.1406238, 25.7645019], [-80.14032, 25.7645105], [-80.1401197, 25.764498], [-80.1399654, 25.7644725], [-80.1399352, 25.7644638]]}, "properties": {"project": "FL4501", "date": "19450301", "kind": "Man-made", "source": "T08596"}}, {"type": "Feature", "geometry": {"type": "LineString", "coordinates": [[-80.1890361, 25.7630596], [-80.1890215, 25.763155], [-80.1890042, 25.7632532], [-80.1889742, 25.7633607], [-80.1889634, 25.7634193], [-80.1889278, 25.7635646]]}, "properties": {"project": "FL4501", "date": "19450301", "kind": "Natural.Mean High Water", "source": "T08596"}}, {"type": "Feature", "geometry": {"type": "LineString", "coordinates": [[-80.1890361, 25.7630596], [-80.1889412, 25.7630513]]}, "properties": {"project": "FL4501", "date": "19450301", "kind": "Pier", "source": "T08596"}}, {"type": "Feature", "geometry": {"type": "LineString", "coordinates": [[-80.189055, 25.762962], [-80.1890401, 25.7630331], [-80.1890361, 25.7630596]]}, "properties": {"project": "FL4501", "date": "19450301", "kind": "Natural.Mean High Water", "source": "T08596"}}, {"type": "Feature", "geometry": {"type": "LineString", "coordinates": [[-80.189055, 25.762962], [-80.1889771, 25.7629439]]}, "properties": {"project": "FL4501", "date": "19450301", "kind": "Pier", "source": "T08596"}}, {"type": "Feature", "geometry": {"type": "LineString", "coordinates": [[-80.1891073, 25.7627267], [-80.1890638, 25.7629199], [-80.189055, 25.762962]]}, "properties": {"project": "FL4501", "date": "19450301", "kind": "Natural.Mean High Water", "source": "T08596"}}, {"type": "Feature", "geometry": {"type": "LineString", "coordinates": [[-80.1891073, 25.7627267], [-80.189024, 25.7626813]]}, "properties": {"project": "FL4501", "date": "19450301", "kind": "Pier", "source": "T08596"}}, {"type": "Feature", "geometry": {"type": "LineString", "coordinates": [[-80.1891818, 25.7624381], [-80.1891273, 25.7626377], [-80.1891073, 25.7627267]]}, "properties": {"project": "FL4501", "date": "19450301", "kind": "Natural.Mean High Water", "source": "T08596"}}, {"type": "Feature", "geometry": {"type": "LineString", "coordinates": [[-80.1891818, 25.7624381], [-80.1890941, 25.7623948]]}, "properties": {"project": "FL4501", "date": "19450301", "kind": "Pier", "source": "T08596"}}, {"type": "Feature", "geometry": {"type": "LineString", "coordinates": [[-80.1960327, 25.7544472], [-80.1960238, 25.7544632], [-80.1959965, 25.7544857], [-80.1959629999999, 25.7545007], [-80.1958878, 25.7545078], [-80.1958314, 25.7545113], [-80.1957155, 25.7545267], [-80.1956215, 25.7545394], [-80.1955545, 25.7545674], [-80.1953326, 25.7546663], [-80.1952739, 25.7547], [-80.195207, 25.7547261], [-80.1950908, 25.7547737], [-80.1950321, 25.7548131], [-80.1949398, 25.7548749], [-80.1948663, 25.7549248]]}, "properties": {"project": "FL4501", "date": "19450301", "kind": "Natural.Mean High Water", "source": "T08596"}}, {"type": "Feature", "geometry": {"type": "LineString", "coordinates": [[-80.1961142, 25.7544109], [-80.1960327, 25.7544472]]}, "properties": {"project": "FL4501", "date": "19450301", "kind": "Shoreline/Alongshore Feature Boundary", "source": "T08596"}}, {"type": "Feature", "geometry": {"type": "LineString", "coordinates": [[-80.1961142, 25.7544109], [-80.1960806, 25.7543898], [-80.1960267, 25.7543422], [-80.1959895, 25.7542853], [-80.1959563, 25.7542625], [-80.1959395, 25.754268], [-80.1959311, 25.7542812], [-80.1959517, 25.7543154], [-80.1959973, 25.7543667], [-80.1960242, 25.754397], [-80.1960366, 25.7544255], [-80.1960327, 25.7544472]]}, "properties": {"project": "FL4501", "date": "19450301", "kind": "Pier", "source": "T08596"}}, {"type": "Feature", "geometry": {"type": "LineString", "coordinates": [[-80.1969984, 25.7536402], [-80.1969935, 25.7536539], [-80.1969303, 25.7537481], [-80.1968668, 25.7538687], [-80.1968109, 25.7539581], [-80.196769, 25.7539919], [-80.1966579, 25.7540613], [-80.196576, 25.754127], [-80.1964584, 25.7542322], [-80.1963232, 25.7543269], [-80.1962729, 25.7543531], [-80.1961829, 25.7543979], [-80.1961473, 25.7544147], [-80.1961142, 25.7544109]]}, "properties": {"project": "FL4501", "date": "19450301", "kind": "Natural.Mean High Water", "source": "T08596"}}, {"type": "Feature", "geometry": {"type": "LineString", "coordinates": [[-80.197046, 25.7535905], [-80.1969984, 25.7536402]]}, "properties": {"project": "FL4501", "date": "19450301", "kind": "Shoreline/Alongshore Feature Boundary", "source": "T08596"}}, {"type": "Feature", "geometry": {"type": "LineString", "coordinates": [[-80.197046, 25.7535905], [-80.1970263, 25.7535851], [-80.1970015, 25.7535585], [-80.1969663, 25.7535073], [-80.1969446, 25.7534778], [-80.1969133, 25.7534814], [-80.1968859999999, 25.7535021], [-80.1968838, 25.7535153], [-80.1968921, 25.7535267], [-80.1969171, 25.7535382], [-80.1970002, 25.7535934], [-80.1970063, 25.7536181], [-80.1969984, 25.7536402]]}, "properties": {"project": "FL4501", "date": "19450301", "kind": "Pier", "source": "T08596"}}, {"type": "Feature", "geometry": {"type": "LineString", "coordinates": [[-80.1975663, 25.7532233], [-80.1974098, 25.7533661000001], [-80.1973363, 25.753428], [-80.1972944, 25.753458], [-80.1972671, 25.7534787], [-80.1972294, 25.7534974], [-80.1971875, 25.7535141], [-80.1971372, 25.7535441], [-80.1970765, 25.7535759], [-80.197046, 25.7535905]]}, "properties": {"project": "FL4501", "date": "19450301", "kind": "Natural.Mean High Water", "source": "T08596"}}, {"type": "Feature", "geometry": {"type": "LineString", "coordinates": [[-80.1976165, 25.7531581], [-80.1975663, 25.7532233]]}, "properties": {"project": "FL4501", "date": "19450301", "kind": "Shoreline/Alongshore Feature Boundary", "source": "T08596"}}, {"type": "Feature", "geometry": {"type": "LineString", "coordinates": [[-80.1976165, 25.7531581], [-80.1975898, 25.7531355], [-80.1975338, 25.7530804], [-80.1974714999999, 25.753029], [-80.1974382, 25.7530194], [-80.1974131, 25.7530268], [-80.1974088, 25.7530438], [-80.1974128, 25.7530665], [-80.1974418, 25.7530969], [-80.1975083, 25.7531407], [-80.1975499, 25.7531712], [-80.1975664, 25.7531921], [-80.1975684, 25.7532053], [-80.1975663, 25.7532233]]}, "properties": {"project": "FL4501", "date": "19450301", "kind": "Pier", "source": "T08596"}}, {"type": "Feature", "geometry": {"type": "LineString", "coordinates": [[-80.1984415, 25.7523628], [-80.1983941, 25.7524009], [-80.1982166, 25.7525691], [-80.1980673, 25.7527327], [-80.1979706, 25.7528418], [-80.1977299, 25.7530928], [-80.1976669, 25.7531548], [-80.1976543, 25.7531585], [-80.1976165, 25.7531581]]}, "properties": {"project": "FL4501", "date": "19450301", "kind": "Natural.Mean High Water", "source": "T08596"}}, {"type": "Feature", "geometry": {"type": "LineString", "coordinates": [[-80.1988121, 25.7520385], [-80.1988097, 25.7520497], [-80.1987677, 25.7520854], [-80.1985599, 25.7522676], [-80.1984415, 25.7523628]]}, "properties": {"project": "FL4501", "date": "19450301", "kind": "Natural.Mean High Water", "source": "T08596"}}, {"type": "Feature", "geometry": {"type": "LineString", "coordinates": [[-80.1988121, 25.7520385], [-80.1987478, 25.7519473], [-80.198633, 25.7519429], [-80.1982787, 25.7521791], [-80.1984415, 25.7523628]]}, "properties": {"project": "FL4501", "date": "19450301", "kind": "Pier", "source": "T08596"}}, {"type": "Feature", "geometry": {"type": "LineString", "coordinates": [[-80.1997704, 25.7509659], [-80.199686, 25.7510159], [-80.1996419, 25.7510553], [-80.1996334, 25.751078], [-80.1996331, 25.751112], [-80.1996495, 25.7511575], [-80.1996556, 25.7511877], [-80.1996533, 25.7512199], [-80.1996259, 25.7512594], [-80.1996089, 25.7513009], [-80.1995731, 25.7513536], [-80.1995456, 25.7514026], [-80.1994994, 25.7514402], [-80.199447, 25.7514814], [-80.199361, 25.7515377], [-80.1992878, 25.7515713], [-80.1992459, 25.7515824], [-80.1991958999999, 25.7515821], [-80.1991625, 25.7515801], [-80.1991478, 25.7515857], [-80.1991247, 25.7516158], [-80.1990394, 25.7517278], [-80.1989784, 25.7517936], [-80.198823, 25.7519307], [-80.1987929, 25.7519523], [-80.1988039, 25.7519797], [-80.1988142, 25.7520044], [-80.1988162, 25.7520195], [-80.1988121, 25.7520385]]}, "properties": {"project": "FL4501", "date": "19450301", "kind": "Natural.Mean High Water", "source": "T08596"}}, {"type": "Feature", "geometry": {"type": "LineString", "coordinates": [[-80.1414428, 25.7503779], [-80.1415403, 25.7505296], [-80.1416104, 25.7506434], [-80.1416307, 25.7507229], [-80.1416757, 25.7508593], [-80.1417699, 25.7511017], [-80.1419099, 25.7513747], [-80.141982, 25.7515132], [-80.1420858, 25.7515856], [-80.142144, 25.7516237], [-80.1421909, 25.7516325], [-80.1422264, 25.7516308], [-80.1423287, 25.7516163], [-80.1425735, 25.7515403], [-80.1428401, 25.7514747], [-80.1430219, 25.7514342], [-80.1431348, 25.7514122], [-80.1432089, 25.7514079], [-80.1433403, 25.7514295], [-80.1434424, 25.751449], [-80.1435403999999, 25.7514533], [-80.1435948, 25.7514423], [-80.1436514, 25.751403], [-80.143748, 25.7513222], [-80.1438792, 25.7512257], [-80.1439524, 25.7511921], [-80.1440633, 25.7511625], [-80.1441636, 25.7511366], [-80.1442516, 25.7510993], [-80.1443395, 25.7510658], [-80.144373, 25.7510509], [-80.1443836, 25.7510245], [-80.1443693, 25.7509753000001]]}, "properties": {"project": "FL4501", "date": "19450301", "kind": "Natural.Mean High Water", "source": "T08596"}}, {"type": "Feature", "geometry": {"type": "LineString", "coordinates": [[-80.1443693, 25.7509753000001], [-80.1443212, 25.7508436], [-80.1442592, 25.7507601], [-80.1441639, 25.7506613], [-80.1440913, 25.7505966], [-80.1439742, 25.750491], [-80.1438641, 25.7503779]]}, "properties": {"project": "FL4501", "date": "19450301", "kind": "Natural.Apparent.Marsh Or Swamp", "source": "T08596"}}, {"type": "Feature", "geometry": {"type": "LineString", "coordinates": [[-80.1445848, 25.7507663], [-80.1445258, 25.7507677], [-80.1444612, 25.7507496], [-80.1443888, 25.7507047], [-80.1442561, 25.7505972], [-80.1441411, 25.7504827], [-80.1440544, 25.7503779]]}, "properties": {"project": "FL4501", "date": "19450301", "kind": "Natural.Mean High Water", "source": "T08596"}}, {"type": "Feature", "geometry": {"type": "LineString", "coordinates": [[-80.1455768, 25.7503778], [-80.1455239, 25.7504109], [-80.1454786, 25.7504266], [-80.1454176, 25.7504458], [-80.1453605, 25.7504739], [-80.1452818, 25.7504894], [-80.1451856, 25.750496], [-80.1450854, 25.7505007], [-80.1450048, 25.7505163], [-80.1449457, 25.7505426], [-80.1448826, 25.7505813], [-80.1448193, 25.7506432], [-80.144762, 25.7506944], [-80.1447107, 25.7507333], [-80.1446516, 25.7507578], [-80.1445848, 25.7507663]]}, "properties": {"project": "FL4501", "date": "19450301", "kind": "Natural.Apparent.Marsh Or Swamp", "source": "T08596"}}, {"type": "Feature", "geometry": {"type": "LineString", "coordinates": [[-80.1385355, 25.7646257], [-80.1385854, 25.7645097], [-80.1386298, 25.7644315], [-80.1386688, 25.7643075], [-80.1385491, 25.7642624], [-80.1384825, 25.7643716], [-80.1384696, 25.7644273], [-80.1384548, 25.7644612], [-80.1384157, 25.7645205], [-80.1384005, 25.7645285], [-80.1383775, 25.7645321], [-80.1383525, 25.7645291], [-80.1382619, 25.7645021], [-80.1381152, 25.7644446], [-80.1378763, 25.7643482], [-80.1377123, 25.7642947000001], [-80.1375418, 25.7642096], [-80.1374684, 25.7641804], [-80.1374329, 25.7641783], [-80.1373996, 25.7641686], [-80.137307, 25.7641255], [-80.1372446, 25.7641015], [-80.1370256, 25.7640071], [-80.1369273, 25.7639626], [-80.1368191, 25.7639147], [-80.1367182, 25.7638678], [-80.1365979, 25.7638251], [-80.136521, 25.7637868], [-80.1364617, 25.7637647], [-80.1362738, 25.7636875], [-80.1361324, 25.7636234], [-80.1359082, 25.7635252], [-80.1357546999999, 25.7634557], [-80.1356673, 25.7634212], [-80.1355997, 25.7633934], [-80.1354315, 25.7633361], [-80.1352879, 25.7632729], [-80.1350919, 25.7631796], [-80.1350367, 25.7631557], [-80.1349732, 25.7631373], [-80.1348063, 25.7630593], [-80.1346668, 25.7630037], [-80.1344915, 25.7629247], [-80.1344228, 25.7629016], [-80.1343521, 25.7628709], [-80.1341882, 25.7627976], [-80.1340467, 25.7627401], [-80.1338236, 25.7626419], [-80.1337309, 25.7626045], [-80.1335328, 25.762514], [-80.1334963, 25.7625034], [-80.1334807, 25.7625033], [-80.1334557, 25.7624975], [-80.1334182, 25.7624802], [-80.1330988, 25.762347]]}, "properties": {"project": "FL4501", "date": "19450301", "kind": "Man-made", "source": "T08596"}}, {"type": "Feature", "geometry": {"type": "LineString", "coordinates": [[-80.18921, 25.7622998000001], [-80.1891818, 25.7624381]]}, "properties": {"project": "FL4501", "date": "19450301", "kind": "Natural.Mean High Water", "source": "T08596"}}, {"type": "Feature", "geometry": {"type": "LineString", "coordinates": [[-80.18921, 25.7622998000001], [-80.189119, 25.7622974]]}, "properties": {"project": "FL4501", "date": "19450301", "kind": "Pier", "source": "T08596"}}, {"type": "Feature", "geometry": {"type": "LineString", "coordinates": [[-80.133212, 25.7622801], [-80.1330988, 25.762347]]}, "properties": {"project": "FL4501", "date": "19450301", "kind": "Shoreline/Alongshore Feature Boundary", "source": "T08596"}}, {"type": "Feature", "geometry": {"type": "LineString", "coordinates": [[-80.133212, 25.7622801], [-80.1332819, 25.7622781], [-80.1332987, 25.7622707], [-80.13335, 25.7622367]]}, "properties": {"project": "FL4501", "date": "19450301", "kind": "Natural.Mean High Water", "source": "T08596"}}, {"type": "Feature", "geometry": {"type": "LineString", "coordinates": [[-80.1324795, 25.7619715], [-80.1325219, 25.7619895], [-80.1328945, 25.7621567], [-80.1331016, 25.7622473], [-80.133212, 25.7622801]]}, "properties": {"project": "FL4501", "date": "19450301", "kind": "Undetermined Alongshore Feature", "source": "T08596"}}, {"type": "Feature", "geometry": {"type": "LineString", "coordinates": [[-80.13335, 25.7622367], [-80.1330717, 25.7621255], [-80.1326846, 25.7619599]]}, "properties": {"project": "FL4501", "date": "19450301", "kind": "Pier", "source": "T08596"}}, {"type": "Feature", "geometry": {"type": "LineString", "coordinates": [[-80.1891809, 25.7618059], [-80.1891453, 25.7619218]]}, "properties": {"project": "FL4501", "date": "19450301", "kind": "Pier", "source": "T08596"}}, {"type": "Feature", "geometry": {"type": "LineString", "coordinates": [[-80.1891809, 25.7618059], [-80.1891976, 25.7618177], [-80.1892141, 25.7618443], [-80.1892221, 25.7618935], [-80.1892196, 25.7619653], [-80.1892044, 25.7620389000001], [-80.1892121, 25.7622894], [-80.18921, 25.7622998000001]]}, "properties": {"project": "FL4501", "date": "19450301", "kind": "Natural.Mean High Water", "source": "T08596"}}, {"type": "Feature", "geometry": {"type": "LineString", "coordinates": [[-80.1890608, 25.7617767], [-80.1890267, 25.7619012]]}, "properties": {"project": "FL4501", "date": "19450301", "kind": "Pier", "source": "T08596"}}, {"type": "Feature", "geometry": {"type": "LineString", "coordinates": [[-80.1890608, 25.7617767], [-80.1891143, 25.7617851], [-80.1891706, 25.7617987], [-80.1891809, 25.7618059]]}, "properties": {"project": "FL4501", "date": "19450301", "kind": "Natural.Mean High Water", "source": "T08596"}}, {"type": "Feature", "geometry": {"type": "LineString", "coordinates": [[-80.1322895, 25.764989], [-80.1321227, 25.7649148], [-80.1320414, 25.7648799], [-80.1319676, 25.7648503], [-80.1318249, 25.7647919], [-80.1317341, 25.7647467], [-80.1316509, 25.7647204], [-80.1315658, 25.7646804], [-80.13145, 25.7646295], [-80.131398, 25.7646094], [-80.1313488, 25.7645911], [-80.1313119, 25.7645771], [-80.1312693, 25.76457], [-80.1312361, 25.7645587], [-80.131178, 25.7645398], [-80.1310768, 25.7644937], [-80.1309922, 25.7644602], [-80.1309496, 25.7644384], [-80.1308939, 25.7644141], [-80.130813, 25.7643762], [-80.1307478, 25.7643544], [-80.1307203, 25.7643482], [-80.1305931, 25.7642955], [-80.1305184, 25.7642658], [-80.1304026, 25.7642132], [-80.1303128, 25.7641783], [-80.1302055, 25.7641257], [-80.1301166, 25.7640882], [-80.1299894, 25.7640398], [-80.1298206, 25.7639739], [-80.1297904, 25.7639574], [-80.129743, 25.7639451], [-80.1296415, 25.7638926], [-80.1295488, 25.7638551], [-80.1294245, 25.7638007], [-80.1293554, 25.7637711], [-80.1293218, 25.7637627], [-80.1292924, 25.7637608], [-80.1292716, 25.7637521], [-80.1292225, 25.763732], [-80.1292054, 25.7637285], [-80.1291771, 25.7637154], [-80.1290461, 25.7636636], [-80.1289619, 25.7636304], [-80.1288111, 25.763563], [-80.1286159, 25.7634832], [-80.1285019, 25.7634357], [-80.1284149, 25.7633974], [-80.1283512, 25.7633631], [-80.1282188, 25.7633142], [-80.1280651, 25.763251], [-80.1278869, 25.763174], [-80.1277342, 25.7631074], [-80.1276983, 25.7630917], [-80.1275058, 25.7630145], [-80.1273625, 25.76296], [-80.1273322, 25.7629547], [-80.1271558, 25.762893], [-80.1269795, 25.7628177], [-80.1268116, 25.7627467], [-80.1267062, 25.7626993], [-80.1266864, 25.7626914], [-80.1266722, 25.7626836], [-80.1266429, 25.7626731], [-80.1264779, 25.7626073], [-80.1262977, 25.7625311], [-80.1261271, 25.7624583], [-80.1259328, 25.7623777], [-80.1257546, 25.7623006], [-80.1255763, 25.7622236], [-80.1254, 25.7621499], [-80.1252983, 25.7621197], [-80.125216, 25.762084], [-80.125051, 25.762013], [-80.1248766, 25.761942], [-80.1247153, 25.7618787], [-80.124644, 25.7618384], [-80.1246337, 25.7618211], [-80.1246329, 25.7618065], [-80.1246358, 25.7617937], [-80.124652, 25.7617834], [-80.124672, 25.7617767], [-80.1246995, 25.7617812], [-80.1247326, 25.7617899], [-80.1247733, 25.7618014], [-80.1247978, 25.7618152], [-80.124916, 25.7618632000001], [-80.1251198, 25.7619464], [-80.1253264, 25.7620305], [-80.1253411, 25.7620405], [-80.1253647, 25.7620467], [-80.1254007, 25.7620546], [-80.1255246, 25.7621052], [-80.125699, 25.7621839], [-80.1259018, 25.7622646], [-80.1261093, 25.762359], [-80.1263112, 25.7624457], [-80.1265169, 25.7625264], [-80.1267225, 25.7626113], [-80.1269301, 25.7626997], [-80.1271338, 25.7627864], [-80.1273101, 25.7628652], [-80.1273276, 25.7628692], [-80.1273684, 25.762878], [-80.1274753, 25.762913], [-80.1277216, 25.7630162], [-80.1279045, 25.7630942], [-80.1280704, 25.7631686], [-80.1282761, 25.7632527], [-80.128694, 25.7634339], [-80.1289015999999, 25.7635188], [-80.1290968, 25.763602], [-80.1292788, 25.7636783], [-80.1293105, 25.763684], [-80.1293513, 25.763692], [-80.1293863, 25.763706], [-80.1294685, 25.7637425], [-80.12966, 25.7638197], [-80.1297068, 25.7638401], [-80.1297692, 25.7638671], [-80.1298439, 25.7639011], [-80.130026, 25.7639704], [-80.130208, 25.7640475], [-80.130407, 25.7641316], [-80.1306051, 25.76422], [-80.1306491, 25.7642335], [-80.1306802, 25.7642509], [-80.130806, 25.7643023], [-80.1311814, 25.7644514], [-80.1312557, 25.7644815], [-80.1312831, 25.7644859], [-80.1313191, 25.7644939], [-80.1313787, 25.7645174], [-80.1315626, 25.7645945], [-80.1317673, 25.7646786], [-80.1320803, 25.7648162], [-80.1321049, 25.7648241], [-80.1321257, 25.7648311], [-80.1321455, 25.7648415], [-80.1321597, 25.7648484], [-80.1322913, 25.7649103]]}, "properties": {"project": "FL4501", "date": "19450301", "kind": "Undetermined Alongshore Feature", "source": "T08596"}}, {"type": "Feature", "geometry": {"type": "LineString", "coordinates": [[-80.1889331, 25.7617534], [-80.1889145, 25.7618906]]}, "properties": {"project": "FL4501", "date": "19450301", "kind": "Pier", "source": "T08596"}}, {"type": "Feature", "geometry": {"type": "LineString", "coordinates": [[-80.1889331, 25.7617534], [-80.1889892, 25.7617655], [-80.1890608, 25.7617767]]}, "properties": {"project": "FL4501", "date": "19450301", "kind": "Natural.Mean High Water", "source": "T08596"}}, {"type": "Feature", "geometry": {"type": "LineString", "coordinates": [[-80.1324795, 25.7619715], [-80.1326863, 25.7615775], [-80.1329977, 25.7617148]]}, "properties": {"project": "FL4501", "date": "19450301", "kind": "Pier", "source": "T08596"}}, {"type": "Feature", "geometry": {"type": "LineString", "coordinates": [[-80.1561877, 25.7911232], [-80.1561881, 25.791066], [-80.1561939, 25.7909971], [-80.1561878, 25.790963], [-80.1561862, 25.7909044], [-80.1561865, 25.7908515], [-80.1561806, 25.790808], [-80.1561728, 25.7907323], [-80.1561731, 25.7906907], [-80.1561829, 25.7906313], [-80.156177, 25.7905821], [-80.1561585, 25.7905366], [-80.1561546, 25.7905007], [-80.1561631, 25.7904762], [-80.1561884, 25.7904461], [-80.1561865, 25.7904158], [-80.1561616, 25.7903892], [-80.1561494, 25.7903419], [-80.1561432, 25.7901897], [-80.1561373, 25.7901348], [-80.1561072, 25.7899608], [-80.1561107, 25.7899107], [-80.1561195, 25.7898446], [-80.1561239, 25.7898125], [-80.1561096, 25.7897803], [-80.1560975, 25.7897178], [-80.1560915, 25.7896724], [-80.1560917, 25.7896516], [-80.1561108, 25.7896007000001], [-80.1561163, 25.789562], [-80.1561061, 25.7895317], [-80.1560856, 25.7894787], [-80.1560838, 25.7894314], [-80.1560988, 25.789388], [-80.1561095, 25.7893484], [-80.1561035, 25.7893143], [-80.1560849, 25.7892821], [-80.1560769, 25.789231], [-80.1560645, 25.7890712], [-80.1560549, 25.788954], [-80.1560636, 25.7889011], [-80.1560722, 25.7888671], [-80.1560756, 25.7888284], [-80.1560612, 25.7888019], [-80.1560448, 25.7887583], [-80.156035, 25.7886694], [-80.1560289, 25.7886372], [-80.1560166, 25.7886012], [-80.1559897, 25.7885708], [-80.1559318, 25.7884911], [-80.155838, 25.788329], [-80.1557676, 25.7882397], [-80.1557138, 25.788177], [-80.1556743, 25.7881522], [-80.1556244, 25.7881179], [-80.1555194, 25.788054], [-80.1554487, 25.7880177], [-80.1554073, 25.7879721], [-80.1553844, 25.7879549], [-80.1553469, 25.787949], [-80.1553156, 25.7879545], [-80.1552967, 25.7879563], [-80.1552612999999, 25.7879467], [-80.1552009, 25.7879255], [-80.1550382, 25.7879019], [-80.1548284, 25.7879035], [-80.1546865, 25.7878989], [-80.154653, 25.7879063], [-80.1546132, 25.7879325], [-80.154588, 25.7879531], [-80.1544184, 25.7880145], [-80.1542748, 25.7881016], [-80.154111, 25.7882405], [-80.1540098, 25.7883722], [-80.1539179, 25.7885238], [-80.153886, 25.7886125], [-80.1538814, 25.7886654], [-80.1538748, 25.7887145], [-80.1538536, 25.7887578], [-80.153844, 25.788789], [-80.153848, 25.7888173], [-80.1538665, 25.788859], [-80.1538661, 25.7889082], [-80.1538853, 25.7891408], [-80.1538964, 25.7895009], [-80.1539179, 25.7898554], [-80.153948, 25.7901722], [-80.1539633, 25.7905078], [-80.1539578, 25.7905578], [-80.1539367, 25.7905823], [-80.153924, 25.790603], [-80.1539197, 25.7906313], [-80.1539299, 25.7906522], [-80.1539444, 25.7906731], [-80.1539545, 25.7907223], [-80.1539659, 25.7908868], [-80.1539727, 25.7909558], [-80.1539641, 25.7909879], [-80.1539451, 25.7910123], [-80.1539408, 25.7910388], [-80.1539469, 25.7910634], [-80.1539675, 25.7910956], [-80.153986, 25.7911373], [-80.1539833, 25.7912379]]}, "properties": {"project": "FL4501", "date": "19450301", "kind": "Man-made", "source": "T08596"}}, {"type": "Feature", "geometry": {"type": "LineString", "coordinates": [[-80.1786267, 25.7878949], [-80.1785028, 25.7879333]]}, "properties": {"project": "FL4501", "date": "19450301", "kind": "Pier", "source": "T08596"}}, {"type": "Feature", "geometry": {"type": "LineString", "coordinates": [[-80.1786267, 25.7878949], [-80.1786714, 25.7880229]]}, "properties": {"project": "FL4501", "date": "19450301", "kind": "Pier", "source": "T08596"}}, {"type": "Feature", "geometry": {"type": "LineString", "coordinates": [[-80.1787365, 25.7878609], [-80.1786267, 25.7878949]]}, "properties": {"project": "FL4501", "date": "19450301", "kind": "Pier", "source": "T08596"}}, {"type": "Feature", "geometry": {"type": "LineString", "coordinates": [[-80.1786037, 25.7878289], [-80.1784702, 25.7878753]]}, "properties": {"project": "FL4501", "date": "19450301", "kind": "Pier", "source": "T08596"}}, {"type": "Feature", "geometry": {"type": "LineString", "coordinates": [[-80.1786037, 25.7878289], [-80.1786267, 25.7878949]]}, "properties": {"project": "FL4501", "date": "19450301", "kind": "Pier", "source": "T08596"}}, {"type": "Feature", "geometry": {"type": "LineString", "coordinates": [[-80.1787238, 25.7877871], [-80.1786037, 25.7878289]]}, "properties": {"project": "FL4501", "date": "19450301", "kind": "Pier", "source": "T08596"}}, {"type": "Feature", "geometry": {"type": "LineString", "coordinates": [[-80.178567, 25.7877238], [-80.1786037, 25.7878289]]}, "properties": {"project": "FL4501", "date": "19450301", "kind": "Pier", "source": "T08596"}}, {"type": "Feature", "geometry": {"type": "LineString", "coordinates": [[-80.1330988, 25.762347], [-80.132927, 25.7622722], [-80.1327439, 25.7621879], [-80.1326398, 25.7621419], [-80.1324285, 25.7620523000001], [-80.1323598, 25.7620216], [-80.1321746, 25.7619383], [-80.132135, 25.7619286], [-80.1320798, 25.7619027], [-80.1317728, 25.761769], [-80.1316, 25.7616942], [-80.1315272, 25.7616635], [-80.1314604, 25.7616504], [-80.1313345, 25.7615995], [-80.1311648, 25.7615276], [-80.1310857, 25.7614987], [-80.1310658, 25.7614958], [-80.1310513, 25.7614862], [-80.1309659, 25.7614555], [-80.1307025999999, 25.76134], [-80.1305704, 25.7612853], [-80.1304091, 25.7612115], [-80.1302613, 25.7611516], [-80.1300718, 25.7610701], [-80.1299563, 25.761024], [-80.1298532, 25.7609856], [-80.1295972, 25.7608729], [-80.1295513, 25.7608613], [-80.1295158, 25.7608583], [-80.1294826, 25.7608411000001], [-80.1293004, 25.7607606], [-80.1292016, 25.7607169], [-80.1291589, 25.7607035], [-80.1291297, 25.7606919], [-80.1290932, 25.7606823], [-80.1288831, 25.7605808], [-80.1288008, 25.7605481], [-80.1287581, 25.7605318], [-80.1286405, 25.7604834], [-80.1284137, 25.760378], [-80.1283147, 25.7603472], [-80.1282023, 25.7602917], [-80.1281585999999, 25.7602767], [-80.1280483, 25.7602297], [-80.1279983, 25.7602039], [-80.1279609, 25.7601782], [-80.1279527, 25.7601602], [-80.127956, 25.7601413], [-80.1279717, 25.76013], [-80.1280125, 25.7601293], [-80.1280844, 25.7601401], [-80.1283113, 25.760237], [-80.1283977, 25.7602716], [-80.1285497, 25.7603349], [-80.128659, 25.7603837], [-80.1287912, 25.7604389], [-80.1289057, 25.7604812], [-80.1289743, 25.7605213000001], [-80.1291294, 25.7605846], [-80.1291773, 25.7606029], [-80.1293678, 25.7606801], [-80.1295365, 25.7607511], [-80.1296125, 25.7607771], [-80.1298436, 25.7608725], [-80.1300372, 25.7609512], [-80.1302506, 25.7610418], [-80.1303307, 25.7610745], [-80.1304556, 25.7611272], [-80.130567, 25.7611761], [-80.130896, 25.761309], [-80.1310604, 25.7613828], [-80.1312987, 25.7614868], [-80.1313467, 25.7615012], [-80.1313977, 25.7615129], [-80.131482, 25.7615512], [-80.1315268, 25.7615647], [-80.1315623, 25.7615753], [-80.1317569, 25.7616564], [-80.1319193, 25.7617273], [-80.1320369, 25.7617753], [-80.1324043, 25.7619396], [-80.1324795, 25.7619715]]}, "properties": {"project": "FL4501", "date": "19450301", "kind": "Undetermined Alongshore Feature", "source": "T08596"}}, {"type": "Feature", "geometry": {"type": "LineString", "coordinates": [[-80.1894328, 25.7600763], [-80.1894393, 25.7601888], [-80.1894343, 25.7603079], [-80.1894296, 25.7603853], [-80.1894082, 25.7604684], [-80.1893829, 25.7605023], [-80.189362, 25.7605078], [-80.1893203, 25.7605076], [-80.1892744, 25.7604979], [-80.1891932, 25.7604747], [-80.1891452, 25.7604613], [-80.1890847, 25.7604571], [-80.1890429, 25.7604682], [-80.1889947, 25.7604963], [-80.1889883, 25.7605246], [-80.1889964, 25.760553], [-80.1890129, 25.7605777], [-80.1890358, 25.7605967], [-80.189067, 25.7606045], [-80.1891129, 25.7606085], [-80.1891567, 25.7606201], [-80.1891691, 25.7606372], [-80.189171, 25.7606617], [-80.1891542, 25.7606749], [-80.1891208, 25.7606842], [-80.1890622, 25.7606989], [-80.1890287, 25.7607177], [-80.1890139, 25.7607422], [-80.1890158, 25.7607686], [-80.1890261, 25.7607876], [-80.1890407, 25.7607933], [-80.1890782, 25.7607973], [-80.1891347, 25.7607863], [-80.1891828, 25.7607677], [-80.1892414, 25.7607529], [-80.1892935, 25.7607532], [-80.1893206, 25.7607647], [-80.1893413, 25.7607856], [-80.1893494, 25.7608291], [-80.1893467, 25.7609141], [-80.1893066, 25.7611303], [-80.189296, 25.7611548], [-80.1892751, 25.7611661], [-80.1892312, 25.7611696], [-80.1891562, 25.7611578], [-80.1890957, 25.7611443], [-80.1890603, 25.7611403], [-80.1890185, 25.7611401], [-80.1889851, 25.7611493], [-80.1889703, 25.7611681], [-80.1889681, 25.7611908], [-80.1889763, 25.7612135], [-80.1889907, 25.7612457], [-80.1890071, 25.7612912], [-80.1890007, 25.7614547], [-80.1889752, 25.7615226], [-80.1889247, 25.7615884000001], [-80.1888826, 25.7616298], [-80.1888491, 25.7616561], [-80.1888322, 25.7616768], [-80.1888248, 25.7616947], [-80.188833, 25.7617231], [-80.1888434, 25.7617269], [-80.1888996, 25.7617461], [-80.1889331, 25.7617534]]}, "properties": {"project": "FL4501", "date": "19450301", "kind": "Natural.Mean High Water", "source": "T08596"}}, {"type": "Feature", "geometry": {"type": "LineString", "coordinates": [[-80.1894882, 25.7575085], [-80.1894815, 25.7575154], [-80.1893847, 25.7576208], [-80.1893131, 25.7577262], [-80.1892338, 25.7578666], [-80.1891389, 25.7580097], [-80.1890902, 25.7581134], [-80.1890171, 25.7582784], [-80.188976, 25.7584842], [-80.1889551, 25.7586475], [-80.1889354, 25.7587835], [-80.1889414, 25.7588157], [-80.1889515, 25.7588725], [-80.1889618, 25.7590417], [-80.1889714, 25.7591684], [-80.1889937, 25.759263], [-80.1890211, 25.7593737], [-80.1890846, 25.7595536], [-80.1891451, 25.7597099], [-80.1892336, 25.7599013], [-80.1892778, 25.7599913], [-80.1892984999999, 25.7600198], [-80.1893339, 25.7600408], [-80.1893798, 25.7600411], [-80.1894038, 25.7600440000001], [-80.1894245, 25.7600574000001], [-80.1894328, 25.7600763]]}, "properties": {"project": "FL4501", "date": "19450301", "kind": "Man-made", "source": "T08596"}}, {"type": "Feature", "geometry": {"type": "LineString", "coordinates": [[-80.1420305, 25.7574747], [-80.1419708, 25.7575901], [-80.1421121, 25.7576684], [-80.1423868, 25.7578576], [-80.1426594, 25.7580497], [-80.1429246, 25.7582492], [-80.1431798, 25.7583939], [-80.1434429, 25.7585944], [-80.1437082, 25.7587873], [-80.1439431, 25.7589867], [-80.1447047, 25.7595303], [-80.1451686, 25.7598931], [-80.1456742, 25.7602675], [-80.1459473, 25.760461], [-80.1462424, 25.7606479], [-80.1467311, 25.7610373], [-80.1472097, 25.761404], [-80.1477278, 25.7617803], [-80.1481836, 25.7621128], [-80.148496, 25.7623575], [-80.1486556999999, 25.7624927], [-80.1488617, 25.7627311], [-80.1489005, 25.7628523], [-80.1489255, 25.7630008], [-80.1489677, 25.7632335], [-80.1490266, 25.7636053], [-80.1490854, 25.763994], [-80.1490748, 25.7641726], [-80.1490411, 25.7642178], [-80.1489929, 25.7642364], [-80.1489134, 25.7642605], [-80.1488382, 25.7642714]]}, "properties": {"project": "FL4501", "date": "19450301", "kind": "Natural.Mean High Water", "source": "T08596"}}, {"type": "Feature", "geometry": {"type": "LineString", "coordinates": [[-80.1895718, 25.7574297], [-80.1895403, 25.7574553], [-80.1894882, 25.7575085]]}, "properties": {"project": "FL4501", "date": "19450301", "kind": "Man-made", "source": "T08596"}}, {"type": "Feature", "geometry": {"type": "LineString", "coordinates": [[-80.1909472, 25.7568365], [-80.1909034, 25.756824], [-80.1908763, 25.7568163], [-80.1908388, 25.7568161], [-80.1907991, 25.7568196], [-80.190751, 25.7568364], [-80.1906568, 25.7568642], [-80.190477, 25.7569142], [-80.1902279, 25.757013], [-80.1900677, 25.7570925], [-80.1898876, 25.7571917], [-80.1897532999999, 25.7572854], [-80.1896547, 25.7573624], [-80.1895718, 25.7574297]]}, "properties": {"project": "FL4501", "date": "19450301", "kind": "Man-made", "source": "T08596"}}, {"type": "Feature", "geometry": {"type": "LineString", "coordinates": [[-80.1457739, 25.7873498], [-80.1457795, 25.7874037]]}, "properties": {"project": "FL4501", "date": "19450301", "kind": "Shoreline/Alongshore Feature Boundary", "source": "T08596"}}, {"type": "Feature", "geometry": {"type": "LineString", "coordinates": [[-80.1462627, 25.7503778], [-80.1461979, 25.7504374], [-80.1461893, 25.7504676], [-80.1461933, 25.7504903], [-80.1462058, 25.7505017], [-80.1462391, 25.7505132], [-80.1464081, 25.7505218], [-80.1465353, 25.7505414], [-80.1466728, 25.7505744], [-80.1467518, 25.7506126], [-80.1468255, 25.7506669], [-80.1468754, 25.7506956], [-80.1469109, 25.7506996], [-80.1469671999999, 25.7506961], [-80.1470236, 25.7506889], [-80.1471112999999, 25.7506875], [-80.1471509, 25.7506934], [-80.1471862, 25.7507182], [-80.1472007, 25.7507447], [-80.1471984, 25.7507731], [-80.1471731, 25.7508088], [-80.1471437, 25.7508332], [-80.147081, 25.7508461], [-80.1470224, 25.7508628], [-80.1469429, 25.7508963], [-80.1468716, 25.7509394], [-80.1468128, 25.7509863], [-80.1467633, 25.7510474], [-80.1467444, 25.7510719], [-80.1467109, 25.7510849], [-80.1466628, 25.751096], [-80.1466189, 25.7511108], [-80.1465687, 25.7511257], [-80.1465143, 25.7511348], [-80.1464829, 25.7511497], [-80.1464828, 25.7511611], [-80.1465016, 25.7511688], [-80.1465538, 25.7511634], [-80.1466227, 25.75116], [-80.1467248, 25.7511776], [-80.1468373, 25.7512085], [-80.1469353, 25.7512261], [-80.147121, 25.7512329], [-80.1473266, 25.7512331], [-80.1474121, 25.751245], [-80.1474954, 25.7512625], [-80.1475538, 25.7512723], [-80.1476039, 25.7512726], [-80.147652, 25.7512577], [-80.1477399, 25.7512261], [-80.1478498, 25.7511785], [-80.1479043, 25.7511392], [-80.1479527, 25.7510903], [-80.1479866, 25.7510225], [-80.1480142, 25.7509565], [-80.1480499, 25.7509208], [-80.1481148, 25.7508985], [-80.1481858, 25.7508894], [-80.1482317, 25.7508897], [-80.1482754, 25.7509145], [-80.1483665, 25.7510133], [-80.1484151, 25.7510807], [-80.1484688, 25.7511491], [-80.1485395, 25.7511854], [-80.148625, 25.7511991], [-80.1488921, 25.751212], [-80.1493626, 25.7512346], [-80.1494481, 25.7512465], [-80.1495888, 25.7512709], [-80.1496805, 25.7512847], [-80.1497212, 25.7512878], [-80.1497505, 25.7512709], [-80.149778, 25.7512201], [-80.1497889, 25.7511559], [-80.1498148, 25.7510388], [-80.1498233, 25.7510162], [-80.1498505, 25.751005], [-80.1498589, 25.751005], [-80.1498796, 25.7510165], [-80.1498982, 25.7510488], [-80.1499188, 25.7510923], [-80.1499332, 25.7511189], [-80.1499643, 25.7511399], [-80.1500018999999, 25.7511439], [-80.1500312, 25.7511365], [-80.1500753, 25.751097], [-80.1501026, 25.7510745], [-80.1501194, 25.7510538], [-80.1501299, 25.7510501], [-80.1501654, 25.7510446], [-80.150205, 25.7510449], [-80.150255, 25.7510603], [-80.1502924, 25.7510851], [-80.1503358, 25.7511439], [-80.1503501, 25.7511931], [-80.1503453, 25.7512857], [-80.1503324, 25.7513272], [-80.150305, 25.7513724], [-80.1502798, 25.7513969], [-80.1502127, 25.7514324], [-80.1501604, 25.7514585], [-80.1500955, 25.7514865], [-80.150043, 25.7515278], [-80.1500135, 25.7515635], [-80.1499608, 25.7516332], [-80.1498841, 25.7517168], [-80.1498359, 25.751743], [-80.149794, 25.7517541], [-80.1497334, 25.7517745], [-80.1497082, 25.7517971], [-80.1497059, 25.7518197], [-80.1497266, 25.7518482], [-80.1497556, 25.7518749], [-80.1498034, 25.7518997], [-80.1498534999999, 25.7519094], [-80.1498911, 25.7519021], [-80.1499433, 25.7519024], [-80.1501061, 25.7518958], [-80.1501897, 25.7518849000001], [-80.150242, 25.7518701], [-80.150288, 25.7518515], [-80.1503528, 25.7518405], [-80.1504343, 25.7518297], [-80.1504885, 25.7518281], [-80.1505407, 25.7518303], [-80.1505782, 25.7518437], [-80.1505864, 25.7518646], [-80.1505923, 25.7519062], [-80.1505733, 25.7519458], [-80.1505416, 25.7520023], [-80.1505298, 25.7520353], [-80.1505359, 25.752058], [-80.1505731, 25.7521206], [-80.1506429, 25.7522779], [-80.1506717, 25.7523367], [-80.1506945, 25.7523652], [-80.1507235, 25.7523861], [-80.1507630999999, 25.7523958], [-80.1508299, 25.7524], [-80.1508841, 25.7524022], [-80.1509186, 25.7523995], [-80.1509415, 25.7524148], [-80.1509705, 25.7524452], [-80.150989, 25.7524737], [-80.151016, 25.7524927], [-80.1510473, 25.7524929], [-80.1510787, 25.7524836], [-80.1511269, 25.752465], [-80.1511582, 25.7524557], [-80.1512042, 25.7524522000001], [-80.1512521, 25.7524563], [-80.1512917, 25.7524679], [-80.1513668, 25.7524815], [-80.151396, 25.7524817], [-80.151419, 25.7524781], [-80.1514483, 25.7524593], [-80.151503, 25.7524048], [-80.1515483, 25.7523418], [-80.151572, 25.7522323], [-80.1516171, 25.7520624], [-80.1516465, 25.751884], [-80.1516556, 25.7517839], [-80.1516498, 25.7517215], [-80.1516271, 25.7516741], [-80.1515578, 25.7515914], [-80.1514956, 25.7515325], [-80.1514519999999, 25.7514963], [-80.151425, 25.751481], [-80.151375, 25.7514694], [-80.1513459, 25.7514579], [-80.1513106, 25.7514256], [-80.1512587, 25.7513894000001], [-80.1512130999999, 25.7513456], [-80.1511779, 25.7513057], [-80.1511459, 25.7512554], [-80.1511398, 25.7512289], [-80.1511401, 25.751193], [-80.1511529, 25.7511553000001], [-80.1511866, 25.7511007], [-80.1512329, 25.7510537], [-80.1512853, 25.75102], [-80.1513295, 25.750973], [-80.1513961, 25.7508439], [-80.1514553, 25.7507384], [-80.1514765, 25.7507007], [-80.1514894, 25.7506422], [-80.1514994, 25.7505619], [-80.1514956, 25.750509], [-80.1515021, 25.7504693], [-80.1515294, 25.7504487], [-80.1515691, 25.750447], [-80.1516254, 25.7504455], [-80.1516901, 25.7504534], [-80.1517714, 25.7504614], [-80.1518319, 25.7504637], [-80.1519176, 25.7504472], [-80.1519553, 25.7504266], [-80.1520368, 25.7504101], [-80.1521245, 25.7504049], [-80.1522132, 25.7504139], [-80.1522882, 25.7504314], [-80.1523527, 25.750462], [-80.1524318, 25.7504908], [-80.1524609, 25.750508], [-80.1525005, 25.7505196], [-80.1525568, 25.7505199], [-80.1526047999999, 25.7505145], [-80.1526781, 25.7504904], [-80.1527367, 25.7504567], [-80.1527902, 25.7504239], [-80.1528508, 25.7504148], [-80.1529238, 25.750419], [-80.1530322999999, 25.750431], [-80.153124, 25.7504485], [-80.1532659, 25.7504494], [-80.1533285, 25.7504422], [-80.1533944, 25.7504246], [-80.1534308, 25.7503778]]}, "properties": {"project": "FL4501", "date": "19450301", "kind": "Natural.Apparent.Marsh Or Swamp", "source": "T08596"}}, {"type": "Feature", "geometry": {"type": "LineString", "coordinates": [[-80.1458043, 25.7877129], [-80.145756, 25.7878303], [-80.1457092, 25.7879428], [-80.1456871, 25.7879942], [-80.1456652, 25.7880309], [-80.1456568, 25.7880701], [-80.1456511, 25.7881019], [-80.1456266, 25.7881214], [-80.1455858, 25.7881506], [-80.1455039, 25.7882335], [-80.1454327, 25.7883385], [-80.1452288999999, 25.7886242], [-80.1451957, 25.7887197], [-80.145094, 25.7889177], [-80.1449602, 25.7892553], [-80.1448619, 25.7895638], [-80.1448143, 25.7897695], [-80.1447937, 25.7900023], [-80.1447972, 25.7900882], [-80.1447905, 25.7902672], [-80.1447845, 25.7903481], [-80.1447773, 25.7907747], [-80.1447951, 25.790944], [-80.1447912, 25.7911083], [-80.1447883, 25.7913192], [-80.144785, 25.7913358], [-80.1445189, 25.7914937], [-80.1442707, 25.7916345], [-80.1440048, 25.7917874], [-80.1437839, 25.7918989], [-80.1435697, 25.7920239], [-80.143316, 25.7921708], [-80.1430516, 25.7923152], [-80.142764, 25.7924655], [-80.14252, 25.7925953], [-80.1423902, 25.7926558], [-80.14234, 25.7926629], [-80.1422654, 25.7926808], [-80.1420526, 25.7927985], [-80.1419818, 25.7928496], [-80.1419504, 25.7928825], [-80.1419236999999, 25.7929179], [-80.1418449, 25.7929542], [-80.1416749, 25.7930526], [-80.1414445, 25.7931628], [-80.1414289, 25.7931713]]}, "properties": {"project": "FL4501", "date": "19450301", "kind": "Man-made", "source": "T08596"}}, {"type": "Feature", "geometry": {"type": "LineString", "coordinates": [[-80.1792648, 25.7875589], [-80.1790888, 25.7875679], [-80.1789323, 25.7875989], [-80.1787295, 25.7876535], [-80.1786081, 25.7877126], [-80.178567, 25.7877238]]}, "properties": {"project": "FL4501", "date": "19450301", "kind": "Natural.Mean High Water", "source": "T08596"}}, {"type": "Feature", "geometry": {"type": "LineString", "coordinates": [[-80.1457795, 25.7874037], [-80.1457997, 25.7875976], [-80.1458043, 25.7877129]]}, "properties": {"project": "FL4501", "date": "19450301", "kind": "Natural.Mean High Water", "source": "T08596"}}, {"type": "Feature", "geometry": {"type": "LineString", "coordinates": [[-80.185474, 25.7881709], [-80.1854778, 25.7881049], [-80.1854839, 25.7880212], [-80.1855741, 25.7880158], [-80.1855783, 25.787725], [-80.185586, 25.7874083], [-80.1855869, 25.7873568]]}, "properties": {"project": "FL4501", "date": "19450301", "kind": "Man-made", "source": "T08596"}}, {"type": "Feature", "geometry": {"type": "LineString", "coordinates": [[-80.1794137, 25.7873192], [-80.1792648, 25.7875589]]}, "properties": {"project": "FL4501", "date": "19450301", "kind": "Shoreline/Alongshore Feature Boundary", "source": "T08596"}}, {"type": "Feature", "geometry": {"type": "LineString", "coordinates": [[-80.1794137, 25.7873192], [-80.179459, 25.787325], [-80.1797956, 25.7873189], [-80.1803139, 25.7873039], [-80.1807177, 25.7872902], [-80.1810268999999, 25.787274], [-80.1810577, 25.7872782], [-80.1810883, 25.7873043], [-80.18111, 25.7873502], [-80.1811184, 25.787414], [-80.1811114, 25.7874598], [-80.1810958, 25.7874935], [-80.1810694, 25.7874994], [-80.1809836, 25.7874989], [-80.1806138, 25.7875147], [-80.1800648, 25.7875335], [-80.1795158, 25.7875444], [-80.1792648, 25.7875589]]}, "properties": {"project": "FL4501", "date": "19450301", "kind": "Pier", "source": "T08596"}}, {"type": "Feature", "geometry": {"type": "LineString", "coordinates": [[-80.1855364, 25.787175], [-80.1850488, 25.7871763], [-80.184733, 25.7871844], [-80.1845634, 25.7872094], [-80.1840365, 25.7872104], [-80.1834963, 25.7872154], [-80.1830507, 25.7872308], [-80.1826138, 25.7872542], [-80.1820933, 25.7872732], [-80.1815663, 25.7872802], [-80.1812682, 25.7872845], [-80.1812844, 25.7874838], [-80.1818938, 25.7874872], [-80.1825903, 25.7874652], [-80.1827368, 25.7874441], [-80.1831549, 25.7874286], [-80.1836225, 25.7874232], [-80.1836798, 25.7874136], [-80.1842353, 25.7874127], [-80.1847866, 25.7873959], [-80.1849044, 25.7873786], [-80.1853357, 25.7873731], [-80.1855869, 25.7873568]]}, "properties": {"project": "FL4501", "date": "19450301", "kind": "Pier", "source": "T08596"}}, {"type": "Feature", "geometry": {"type": "LineString", "coordinates": [[-80.1855869, 25.7873568], [-80.1855364, 25.787175]]}, "properties": {"project": "FL4501", "date": "19450301", "kind": "Shoreline/Alongshore Feature Boundary", "source": "T08596"}}, {"type": "Feature", "geometry": {"type": "LineString", "coordinates": [[-80.1457739, 25.7873498], [-80.1459369, 25.7873409], [-80.1459351, 25.7872232], [-80.1459216, 25.7872084], [-80.1459191, 25.7871814], [-80.1459274, 25.7871545], [-80.1459249, 25.7871348], [-80.1459251, 25.7871054], [-80.1459333, 25.7870981], [-80.1459604, 25.787086], [-80.145993, 25.7870788], [-80.1460091, 25.7870961], [-80.1460061, 25.7871378], [-80.1460164, 25.7872163], [-80.1460317, 25.7873513], [-80.1460353, 25.7875965], [-80.1459514, 25.7875911], [-80.1459446, 25.7874023], [-80.1457795, 25.7874037]]}, "properties": {"project": "FL4501", "date": "19450301", "kind": "Pier", "source": "T08596"}}, {"type": "Feature", "geometry": {"type": "LineString", "coordinates": [[-80.1887717, 25.7642934], [-80.1887096, 25.764277]]}, "properties": {"project": "FL4501", "date": "19450301", "kind": "Pier", "source": "T08596"}}, {"type": "Feature", "geometry": {"type": "LineString", "coordinates": [[-80.1887909, 25.7641797], [-80.1887869, 25.7641989], [-80.1887717, 25.7642934]]}, "properties": {"project": "FL4501", "date": "19450301", "kind": "Natural.Mean High Water", "source": "T08596"}}, {"type": "Feature", "geometry": {"type": "LineString", "coordinates": [[-80.1887909, 25.7641797], [-80.1885984, 25.7641329]]}, "properties": {"project": "FL4501", "date": "19450301", "kind": "Pier", "source": "T08596"}}, {"type": "Feature", "geometry": {"type": "LineString", "coordinates": [[-80.1287149, 25.7884225], [-80.1287394, 25.7879824], [-80.1287531, 25.7875385], [-80.1287591, 25.787499], [-80.1287616, 25.7874114], [-80.1287646, 25.7873934], [-80.1287761, 25.7873814], [-80.1287781, 25.7873591], [-80.1287778, 25.7871393], [-80.1287911, 25.7869158]]}, "properties": {"project": "FL4501", "date": "19450301", "kind": "Man-made", "source": "T08596"}}, {"type": "Feature", "geometry": {"type": "LineString", "coordinates": [[-80.1287911, 25.7869158], [-80.1281502, 25.7868925]]}, "properties": {"project": "FL4501", "date": "19450301", "kind": "Undetermined Alongshore Feature", "source": "T08596"}}, {"type": "Feature", "geometry": {"type": "LineString", "coordinates": [[-80.1645195, 25.7908529], [-80.1645154, 25.7907345]]}, "properties": {"project": "FL4501", "date": "19450301", "kind": "Undetermined.Approximate", "source": "T08596"}}, {"type": "Feature", "geometry": {"type": "LineString", "coordinates": [[-80.1653753, 25.7908219], [-80.1653613, 25.7907019]]}, "properties": {"project": "FL4501", "date": "19450301", "kind": "Undetermined.Approximate", "source": "T08596"}}, {"type": "Feature", "geometry": {"type": "LineString", "coordinates": [[-80.1658556, 25.7906748], [-80.1658644, 25.7907895]]}, "properties": {"project": "FL4501", "date": "19450301", "kind": "Undetermined.Approximate", "source": "T08596"}}, {"type": "Feature", "geometry": {"type": "LineString", "coordinates": [[-80.1645154, 25.7907345], [-80.164582, 25.790681], [-80.1646683, 25.790647], [-80.1648239, 25.7906389], [-80.1651002999999, 25.79063], [-80.1652393, 25.7906308], [-80.1653005, 25.7906447], [-80.1653317, 25.7906688], [-80.1653613, 25.7907019]]}, "properties": {"project": "FL4501", "date": "19450301", "kind": "Man-made", "source": "T08596"}}, {"type": "Feature", "geometry": {"type": "LineString", "coordinates": [[-80.1658644, 25.7907895], [-80.1658904, 25.790894], [-80.1659852, 25.7910741], [-80.1660491, 25.7911897], [-80.1661424, 25.7912886], [-80.1661952, 25.7913446], [-80.1662117, 25.7913825], [-80.1662241, 25.7914015], [-80.1662573999999, 25.7914168], [-80.1663114999999, 25.7914341], [-80.1663927, 25.7914743], [-80.1665237, 25.7915469], [-80.1666154, 25.7915682], [-80.1667885, 25.7915994], [-80.1670525, 25.791617], [-80.1670857, 25.7916361], [-80.1671108, 25.7916343], [-80.1671464, 25.7916213], [-80.1671798, 25.7916234], [-80.1672089, 25.7916349], [-80.1672653, 25.7916295], [-80.1673446, 25.7916357], [-80.1673907, 25.7916227], [-80.167424, 25.7916323], [-80.1674605, 25.7916411], [-80.167496, 25.7916337], [-80.1675295, 25.7916188], [-80.1676027, 25.791606], [-80.1677676, 25.7916088], [-80.1678135, 25.7916204], [-80.1678386, 25.7916168], [-80.167893, 25.7915982], [-80.1679765, 25.7915911], [-80.1681406, 25.7915703], [-80.1682951, 25.7915617], [-80.1684747, 25.7915628], [-80.1685164, 25.7915649], [-80.1685414, 25.7915764], [-80.1685768, 25.7915841], [-80.1686373, 25.7915901], [-80.1687532, 25.791588], [-80.1687784, 25.791573], [-80.1688328, 25.7915506000001], [-80.1689018, 25.7915397], [-80.1691483, 25.7915279], [-80.1692694, 25.791521], [-80.1697779, 25.7915097], [-80.1699877, 25.7915043], [-80.1700023, 25.7915138], [-80.1700293, 25.7915329], [-80.1700606, 25.7915368], [-80.1701191, 25.7915334], [-80.1701381, 25.791507], [-80.1701508, 25.7914807], [-80.1701697, 25.7914619], [-80.1702157, 25.7914508], [-80.170268, 25.7914397], [-80.170289, 25.791421], [-80.1702976, 25.7913832], [-80.1703128, 25.791302], [-80.170336, 25.79127], [-80.1703884, 25.7912325], [-80.1704271, 25.7912186], [-80.1704689, 25.7912169], [-80.1705127, 25.7912209], [-80.1705335, 25.7912286], [-80.170571, 25.7912534], [-80.1705959, 25.791263], [-80.1706357, 25.7912557], [-80.1706587, 25.7912388], [-80.1707722, 25.7911317000001], [-80.1708734, 25.7910018], [-80.1709411, 25.7908737], [-80.1709827, 25.790735], [-80.1710058, 25.7905607]]}, "properties": {"project": "FL4501", "date": "19450301", "kind": "Man-made", "source": "T08596"}}, {"type": "Feature", "geometry": {"type": "LineString", "coordinates": [[-80.1710058, 25.7905607], [-80.1710092, 25.7905348], [-80.1710157, 25.790435]]}, "properties": {"project": "FL4501", "date": "19450301", "kind": "Undetermined.Approximate", "source": "T08596"}}, {"type": "Feature", "geometry": {"type": "LineString", "coordinates": [[-80.1716748, 25.7905218], [-80.1716633, 25.7904182]]}, "properties": {"project": "FL4501", "date": "19450301", "kind": "Undetermined.Approximate", "source": "T08596"}}, {"type": "Feature", "geometry": {"type": "LineString", "coordinates": [[-80.1794455, 25.7901697], [-80.1794542, 25.7903361], [-80.1794638, 25.7905374], [-80.1794922, 25.7905674], [-80.1794987, 25.7905874], [-80.1795029, 25.7906133], [-80.179485, 25.790651], [-80.1794761, 25.7906749], [-80.179456, 25.790866], [-80.1794358, 25.7909336], [-80.1794047, 25.7909772], [-80.1793515, 25.7910247], [-80.1792941, 25.7910523], [-80.1792027, 25.7910777], [-80.1790969, 25.791097], [-80.1789077, 25.7911019], [-80.178724, 25.7910989], [-80.1785677, 25.7911119], [-80.1783652, 25.7911188], [-80.1783178, 25.7911384], [-80.1779084, 25.791154], [-80.1773857, 25.791169], [-80.1768696, 25.791192], [-80.1763271, 25.7912148], [-80.1762115, 25.7912281], [-80.1761124, 25.7912435], [-80.1761035, 25.7912554], [-80.1760704, 25.7912711], [-80.176022, 25.7912748], [-80.1759868, 25.7912686], [-80.1759671, 25.7912566], [-80.1754026999999, 25.7912673], [-80.1748558, 25.7912782], [-80.1743574, 25.7912972], [-80.1738874, 25.7913265], [-80.1733538, 25.7913394], [-80.1729587, 25.791355], [-80.1724118, 25.7913698], [-80.1721489, 25.7913723], [-80.1720732, 25.791346], [-80.1719482, 25.7912816], [-80.1718694, 25.7912214], [-80.1717885, 25.7911452], [-80.1717472, 25.7910733000001], [-80.171706, 25.7909914], [-80.1716782, 25.7908836], [-80.1716748, 25.7905218]]}, "properties": {"project": "FL4501", "date": "19450301", "kind": "Man-made", "source": "T08596"}}, {"type": "Feature", "geometry": {"type": "LineString", "coordinates": [[-80.1794389, 25.7900436], [-80.1794455, 25.7901697]]}, "properties": {"project": "FL4501", "date": "19450301", "kind": "Undetermined.Approximate", "source": "T08596"}}, {"type": "Feature", "geometry": {"type": "LineString", "coordinates": [[-80.1854566, 25.7912061], [-80.18549, 25.7911525], [-80.1855079, 25.7911108], [-80.1855148, 25.791065], [-80.1855109, 25.7909873], [-80.1854906, 25.7907382], [-80.1854969, 25.7906187], [-80.1855149, 25.790561], [-80.1855198, 25.7904953], [-80.1855113, 25.7904475], [-80.1854897, 25.7903896], [-80.1854284, 25.7901761], [-80.1854244, 25.7901183], [-80.1854228, 25.7898694]]}, "properties": {"project": "FL4501", "date": "19450301", "kind": "Natural.Mean High Water", "source": "T08596"}}, {"type": "Feature", "geometry": {"type": "LineString", "coordinates": [[-80.1854228, 25.7898694], [-80.1854234, 25.7897877]]}, "properties": {"project": "FL4501", "date": "19450301", "kind": "Undetermined.Approximate", "source": "T08596"}}, {"type": "Feature", "geometry": {"type": "LineString", "coordinates": [[-80.1710157, 25.790435], [-80.1710162, 25.7904271], [-80.1710123, 25.7903817], [-80.170988, 25.7902776], [-80.1709469, 25.7901867], [-80.1708448, 25.7900056], [-80.170793, 25.7899467], [-80.1707744, 25.7899201], [-80.1707705, 25.7898823], [-80.1707644, 25.789852], [-80.1707332, 25.7898367], [-80.1707041, 25.789829], [-80.170652, 25.7898136], [-80.1705689, 25.7897526], [-80.1704545, 25.789682], [-80.1703713, 25.7896419], [-80.1703055999999, 25.7896273], [-80.1702535, 25.7896251], [-80.1701868, 25.7896077], [-80.1701054, 25.7895959], [-80.1698236, 25.7895943], [-80.1696616999999, 25.7896057], [-80.1692796, 25.7896148], [-80.1690968, 25.7896242], [-80.1690509, 25.7896202], [-80.1690072, 25.789601], [-80.1689549, 25.7896083], [-80.1689047, 25.789625], [-80.1688149, 25.7896358], [-80.1685925, 25.7896449], [-80.168252, 25.78966], [-80.1680452, 25.7896777], [-80.1679951, 25.7896774], [-80.167968, 25.7896697], [-80.1679492, 25.7896677], [-80.1679242, 25.7896714], [-80.1678865, 25.7896787], [-80.1678406, 25.7896784], [-80.1677885, 25.7896611], [-80.1677405, 25.7896552], [-80.1676925, 25.7896644], [-80.1676736, 25.7896756], [-80.1676359, 25.7896867], [-80.1675503, 25.7896862], [-80.1675107, 25.7896785], [-80.1674816, 25.7896669], [-80.1674482, 25.7896668], [-80.1674, 25.7896816], [-80.1673812, 25.7896891], [-80.1672986, 25.7897028], [-80.1670732, 25.7897034], [-80.1670481, 25.7896994], [-80.1670127, 25.7896917], [-80.166973, 25.7896914], [-80.1669395, 25.7897026], [-80.1668873, 25.7897117], [-80.1667494, 25.7897166], [-80.1666292, 25.7897433], [-80.1664911, 25.7897879], [-80.1663633, 25.7898571], [-80.1662164, 25.789964], [-80.1661618, 25.7900053], [-80.166122, 25.7900202], [-80.166066, 25.7901134], [-80.165986, 25.7902188], [-80.1659249, 25.7902959], [-80.1659184, 25.7903299], [-80.1659032, 25.7904168], [-80.1658535, 25.7906471], [-80.1658556, 25.7906748]]}, "properties": {"project": "FL4501", "date": "19450301", "kind": "Man-made", "source": "T08596"}}, {"type": "Feature", "geometry": {"type": "LineString", "coordinates": [[-80.1503827, 25.7914195], [-80.1503425, 25.7912698], [-80.150328, 25.7912351], [-80.1503253, 25.7911977], [-80.1503226, 25.7911603], [-80.1503141, 25.7911229], [-80.1503023, 25.7911175], [-80.1502758, 25.7911093], [-80.1502378, 25.7910771], [-80.1501767, 25.790962], [-80.1501009999999, 25.7908228], [-80.1500311, 25.7907023], [-80.1499088, 25.7905028], [-80.1498797, 25.7904466], [-80.1498652, 25.7904118], [-80.1498801, 25.7903879], [-80.1499009, 25.790364], [-80.14991, 25.7903374], [-80.1498984, 25.790308], [-80.1498807, 25.7902998], [-80.1498395, 25.7902943], [-80.1497983, 25.7902914], [-80.149766, 25.7902725], [-80.1496959, 25.790184], [-80.1496111, 25.7900875], [-80.1495173, 25.7900175], [-80.1493971, 25.7899261], [-80.1492296, 25.7898477], [-80.1491502, 25.7898206], [-80.1491062, 25.789791], [-80.1489946, 25.789737], [-80.1489302, 25.7896846], [-80.1488833, 25.7896469], [-80.1488333, 25.7896306], [-80.1487539, 25.7896008], [-80.1486862, 25.7895844], [-80.148648, 25.7895735], [-80.1486111, 25.7895516]]}, "properties": {"project": "FL4501", "date": "19450301", "kind": "Man-made", "source": "T08596"}}, {"type": "Feature", "geometry": {"type": "LineString", "coordinates": [[-80.1486111, 25.7895516], [-80.1485482, 25.7895142], [-80.1484188, 25.789457]]}, "properties": {"project": "FL4501", "date": "19450301", "kind": "Shoreline/Alongshore Feature Boundary", "source": "T08596"}}, {"type": "Feature", "geometry": {"type": "LineString", "coordinates": [[-80.1716633, 25.7904182], [-80.1716513, 25.7903098], [-80.1716501, 25.7901704], [-80.1716359, 25.7901604], [-80.1716074, 25.7901463], [-80.1715899, 25.7901242], [-80.1715879, 25.7900944], [-80.1715881, 25.7900744], [-80.1716036, 25.7900586], [-80.1716213, 25.7900388], [-80.1716194, 25.7899989], [-80.1716269, 25.7898755000001], [-80.1716626, 25.789792], [-80.1717416, 25.7896730000001], [-80.1718457, 25.7895759], [-80.1719781, 25.789507], [-80.1721808, 25.7894663], [-80.1724175, 25.7894477], [-80.172697, 25.7894314], [-80.1730855, 25.7894137], [-80.1737027, 25.7894092], [-80.1738247, 25.7894239], [-80.1739234, 25.7894623], [-80.1740176, 25.7895186], [-80.1741314, 25.7896168], [-80.1742474, 25.7897051], [-80.1745087, 25.7899277], [-80.1746904, 25.7900642], [-80.1747703, 25.7901324], [-80.1748119, 25.7901525], [-80.1748471, 25.7901607], [-80.1748933, 25.790159], [-80.1750364, 25.7901418], [-80.1752322, 25.790143], [-80.1757042999999, 25.7901217], [-80.1760906, 25.790106], [-80.1764835, 25.7900823], [-80.1768059, 25.7900662], [-80.1772009, 25.7900505], [-80.1774661, 25.7900401], [-80.1779998, 25.7900252], [-80.1783926, 25.7900114], [-80.1784191, 25.7900016], [-80.178461, 25.7899859], [-80.178527, 25.7899823], [-80.1789044, 25.7899725], [-80.1794348, 25.7899636], [-80.1794389, 25.7900436]]}, "properties": {"project": "FL4501", "date": "19450301", "kind": "Man-made", "source": "T08596"}}, {"type": "Feature", "geometry": {"type": "LineString", "coordinates": [[-80.1486111, 25.7895516], [-80.1486611, 25.7894872], [-80.1489578, 25.7896304], [-80.1489757, 25.7896064], [-80.1486833, 25.7894766], [-80.1484969, 25.7893662], [-80.1484188, 25.789457]]}, "properties": {"project": "FL4501", "date": "19450301", "kind": "Pier", "source": "T08596"}}, {"type": "Feature", "geometry": {"type": "LineString", "coordinates": [[-80.1484188, 25.789457], [-80.1483954, 25.7894466], [-80.1482837, 25.7894033], [-80.1481427, 25.7893411], [-80.1480632, 25.7893219], [-80.1479897, 25.7893001], [-80.1479102, 25.7892837], [-80.1478131, 25.7892724], [-80.1477563, 25.7892751], [-80.1476663, 25.7892839], [-80.1476044, 25.7892912], [-80.1475823, 25.7892904], [-80.147561, 25.7892763], [-80.1475235, 25.7892667], [-80.1474918, 25.7892692], [-80.1474711, 25.7892811], [-80.1474489, 25.7892963], [-80.1474215, 25.7893082000001], [-80.1473123, 25.7893315], [-80.1472015, 25.7893632], [-80.1471083, 25.7894187], [-80.1469588, 25.7895152], [-80.1467914999999, 25.789618], [-80.1466523, 25.7897146], [-80.1465323, 25.7897969], [-80.1465161, 25.7897995], [-80.1464941, 25.7897874], [-80.1464766, 25.7897566], [-80.1464649, 25.7897378], [-80.1464473, 25.7897297], [-80.1464105, 25.7897228], [-80.1463796, 25.7897226], [-80.1463485, 25.7897345], [-80.1463115, 25.7897636], [-80.1462995, 25.7897889], [-80.1462846, 25.7898075], [-80.1462522, 25.7898153], [-80.14623, 25.7898245], [-80.1462034, 25.789839], [-80.1461503, 25.7898414], [-80.1461193, 25.7898439000001], [-80.1461104, 25.7898572], [-80.1461118, 25.7898718], [-80.1461455, 25.7898947], [-80.1462718, 25.7899502], [-80.1462791, 25.7899582], [-80.1462805, 25.7899756], [-80.1462729, 25.7900009], [-80.1462448, 25.7900261], [-80.1460936, 25.7901372], [-80.1459588, 25.7902438], [-80.1458624, 25.7903287], [-80.1458371, 25.7903552], [-80.1458192, 25.7903898], [-80.1458011, 25.790443], [-80.145793, 25.7905551], [-80.145816, 25.7906286], [-80.1458304, 25.7906807], [-80.1458668, 25.7907456], [-80.1458857, 25.7907791], [-80.1458855, 25.7908018], [-80.1458751, 25.7908164], [-80.1458469, 25.7908416], [-80.1458364, 25.7908642], [-80.1458437, 25.7908829], [-80.145867, 25.7909124], [-80.1458861, 25.7909272], [-80.1459141, 25.7909314], [-80.1459524, 25.7909316], [-80.145976, 25.7909304], [-80.1460009, 25.7909452], [-80.1460898, 25.7910845], [-80.1462284, 25.7912874], [-80.1462546, 25.7913303], [-80.1462676, 25.7913584], [-80.1463056, 25.7914053], [-80.1463552, 25.7914763], [-80.1463816, 25.7915045], [-80.146405, 25.791522], [-80.1464648, 25.791615]]}, "properties": {"project": "FL4501", "date": "19450301", "kind": "Man-made", "source": "T08596"}}, {"type": "Feature", "geometry": {"type": "LineString", "coordinates": [[-80.1286518, 25.7891639], [-80.1280576, 25.7891848]]}, "properties": {"project": "FL4501", "date": "19450301", "kind": "Undetermined Alongshore Feature", "source": "T08596"}}, {"type": "Feature", "geometry": {"type": "LineString", "coordinates": [[-80.1282776, 25.7918076], [-80.1282869, 25.791743], [-80.1283359, 25.7915286], [-80.1284135, 25.7911709], [-80.1284646, 25.7909291], [-80.1285065, 25.7905111], [-80.1285193, 25.7903291], [-80.1285856, 25.7899439], [-80.1285908999999, 25.7897378], [-80.1286275, 25.7892837], [-80.1286491, 25.7891842], [-80.1286518, 25.7891639]]}, "properties": {"project": "FL4501", "date": "19450301", "kind": "Natural.Mean High Water", "source": "T08596"}}, {"type": "Feature", "geometry": {"type": "LineString", "coordinates": [[-80.1854371, 25.789102], [-80.1848899, 25.7891168]]}, "properties": {"project": "FL4501", "date": "19450301", "kind": "Pier", "source": "T08596"}}, {"type": "Feature", "geometry": {"type": "LineString", "coordinates": [[-80.1281008, 25.7928502], [-80.1281262, 25.7927039], [-80.1281509, 25.7925744], [-80.1281738, 25.7925522], [-80.1281987, 25.7925266], [-80.1282007, 25.7925026], [-80.128232, 25.7921249], [-80.1282776, 25.7918076]]}, "properties": {"project": "FL4501", "date": "19450301", "kind": "Natural.Mean High Water", "source": "T08596"}}, {"type": "Feature", "geometry": {"type": "LineString", "coordinates": [[-80.1282776, 25.7918076], [-80.1281603, 25.7918045]]}, "properties": {"project": "FL4501", "date": "19450301", "kind": "Pier", "source": "T08596"}}, {"type": "Feature", "geometry": {"type": "LineString", "coordinates": [[-80.1450507, 25.7917457], [-80.1450746, 25.7918121]]}, "properties": {"project": "FL4501", "date": "19450301", "kind": "Undetermined.Approximate", "source": "T08596"}}, {"type": "Feature", "geometry": {"type": "LineString", "coordinates": [[-80.1495102, 25.7928726], [-80.1494466, 25.7929016000001], [-80.149411, 25.7929281], [-80.1493488999999, 25.7929571], [-80.1492397, 25.7929752], [-80.1491128, 25.7929958], [-80.1490597, 25.7930061], [-80.1490331, 25.7930166], [-80.1490271, 25.7930326], [-80.1490063, 25.7930512], [-80.1489739, 25.793051], [-80.1489651, 25.7930456], [-80.1489505, 25.7930295], [-80.148921, 25.7930267], [-80.148772, 25.7930471], [-80.1483889, 25.7930449], [-80.1482975, 25.793039], [-80.1482269, 25.7930226], [-80.14813, 25.7929773], [-80.1479758, 25.7929004], [-80.1477953, 25.7927819], [-80.1476824, 25.7927092], [-80.147634, 25.7926742], [-80.1475928999999, 25.7926486], [-80.1470621, 25.79227], [-80.1469757, 25.7921934], [-80.1467752, 25.7919928], [-80.1467357, 25.7919525], [-80.1467137, 25.7919377], [-80.1466785, 25.7919228], [-80.1466564999999, 25.7919013], [-80.1466464, 25.7918666], [-80.1466231, 25.7918318], [-80.1465807, 25.7917875], [-80.1465383, 25.7917432], [-80.1465136, 25.7916944]]}, "properties": {"project": "FL4501", "date": "19450301", "kind": "Man-made", "source": "T08596"}}, {"type": "Feature", "geometry": {"type": "LineString", "coordinates": [[-80.141492, 25.7932874], [-80.1415957, 25.7932397], [-80.141801, 25.7931207], [-80.141952, 25.7930383], [-80.1422191, 25.7928976], [-80.1424483, 25.7927641], [-80.1427237, 25.79261], [-80.1430031, 25.7924657], [-80.1432839, 25.792308], [-80.1435225, 25.7921806], [-80.1435443, 25.7921673], [-80.1435647, 25.7921478], [-80.1438441, 25.7920035], [-80.1441153, 25.7918616], [-80.1443594, 25.7917331], [-80.1444716, 25.7916749], [-80.1445326, 25.7916654], [-80.1446396, 25.7916648], [-80.144746, 25.791652], [-80.1449261, 25.7916555], [-80.1450227, 25.7916843], [-80.1450507, 25.7917457]]}, "properties": {"project": "FL4501", "date": "19450301", "kind": "Man-made", "source": "T08596"}}, {"type": "Feature", "geometry": {"type": "LineString", "coordinates": [[-80.1464648, 25.791615], [-80.1465136, 25.7916944]]}, "properties": {"project": "FL4501", "date": "19450301", "kind": "Undetermined.Approximate", "source": "T08596"}}, {"type": "Feature", "geometry": {"type": "LineString", "coordinates": [[-80.1496073, 25.7928153], [-80.1497012, 25.7927457], [-80.1498642, 25.7926266], [-80.1500395, 25.7924301], [-80.1501201, 25.7922812], [-80.1501976, 25.7921589], [-80.1502395, 25.7920684], [-80.1502964, 25.791946], [-80.1503505, 25.7917969], [-80.1503929, 25.7916464], [-80.1504023, 25.7915664], [-80.1504028, 25.7914917]]}, "properties": {"project": "FL4501", "date": "19450301", "kind": "Man-made", "source": "T08596"}}, {"type": "Feature", "geometry": {"type": "LineString", "coordinates": [[-80.1517482, 25.79148], [-80.151726, 25.7915131], [-80.151702, 25.7915279], [-80.1516046, 25.7915439], [-80.1514119, 25.7915478], [-80.1511605, 25.7915546], [-80.1509605, 25.7915585], [-80.1508926, 25.7915597000001], [-80.1508578, 25.7915512], [-80.1508322, 25.7915295], [-80.150814, 25.7915078]]}, "properties": {"project": "FL4501", "date": "19450301", "kind": "Man-made", "source": "T08596"}}, {"type": "Feature", "geometry": {"type": "LineString", "coordinates": [[-80.1504028, 25.7914917], [-80.1503827, 25.7914195]]}, "properties": {"project": "FL4501", "date": "19450301", "kind": "Undetermined.Approximate", "source": "T08596"}}, {"type": "Feature", "geometry": {"type": "LineString", "coordinates": [[-80.1535579, 25.7914103], [-80.1534874, 25.7914384], [-80.1533565, 25.7914573], [-80.1530513, 25.7914621], [-80.1529059, 25.7914701], [-80.1527703, 25.7914759], [-80.1527098, 25.7914645], [-80.1526785, 25.7914337]]}, "properties": {"project": "FL4501", "date": "19450301", "kind": "Man-made", "source": "T08596"}}, {"type": "Feature", "geometry": {"type": "LineString", "coordinates": [[-80.150814, 25.7915078], [-80.1508296, 25.7913883]]}, "properties": {"project": "FL4501", "date": "19450301", "kind": "Undetermined.Approximate", "source": "T08596"}}, {"type": "Feature", "geometry": {"type": "LineString", "coordinates": [[-80.1517482, 25.79148], [-80.1517362, 25.7913603]]}, "properties": {"project": "FL4501", "date": "19450301", "kind": "Undetermined.Approximate", "source": "T08596"}}, {"type": "Feature", "geometry": {"type": "LineString", "coordinates": [[-80.1526602, 25.791291], [-80.1526785, 25.7914337]]}, "properties": {"project": "FL4501", "date": "19450301", "kind": "Undetermined.Approximate", "source": "T08596"}}, {"type": "Feature", "geometry": {"type": "LineString", "coordinates": [[-80.1508296, 25.7913883], [-80.150861, 25.7913552], [-80.1509016, 25.7913206], [-80.1509641, 25.7913027], [-80.1512045, 25.7913057], [-80.1513789, 25.7912968], [-80.1515826, 25.7912847], [-80.151645, 25.7912867], [-80.1516798, 25.7913018], [-80.1517181, 25.7913253], [-80.1517362, 25.7913603]]}, "properties": {"project": "FL4501", "date": "19450301", "kind": "Man-made", "source": "T08596"}}, {"type": "Feature", "geometry": {"type": "LineString", "coordinates": [[-80.1535579, 25.7914103], [-80.1535541, 25.7912612]]}, "properties": {"project": "FL4501", "date": "19450301", "kind": "Undetermined.Approximate", "source": "T08596"}}, {"type": "Feature", "geometry": {"type": "LineString", "coordinates": [[-80.1539833, 25.7912379], [-80.1539905, 25.7913628]]}, "properties": {"project": "FL4501", "date": "19450301", "kind": "Undetermined.Approximate", "source": "T08596"}}, {"type": "Feature", "geometry": {"type": "LineString", "coordinates": [[-80.1854234, 25.7897877], [-80.185431, 25.789475], [-80.1854371, 25.789102]]}, "properties": {"project": "FL4501", "date": "19450301", "kind": "Man-made", "source": "T08596"}}, {"type": "Feature", "geometry": {"type": "LineString", "coordinates": [[-80.1848899, 25.7891168], [-80.1848662, 25.7890529], [-80.1847451, 25.7890562], [-80.1847443, 25.7891817], [-80.1848829, 25.7891765], [-80.1848899, 25.7891168]]}, "properties": {"project": "FL4501", "date": "19450301", "kind": "Pier", "source": "T08596"}}, {"type": "Feature", "geometry": {"type": "LineString", "coordinates": [[-80.1287149, 25.7884225], [-80.1280996, 25.7884408]]}, "properties": {"project": "FL4501", "date": "19450301", "kind": "Undetermined Alongshore Feature", "source": "T08596"}}, {"type": "Feature", "geometry": {"type": "LineString", "coordinates": [[-80.1286518, 25.7891639], [-80.1286902, 25.7888796], [-80.1287056, 25.7885894], [-80.1287149, 25.7884225]]}, "properties": {"project": "FL4501", "date": "19450301", "kind": "Natural.Mean High Water", "source": "T08596"}}, {"type": "Feature", "geometry": {"type": "LineString", "coordinates": [[-80.185474, 25.7881709], [-80.1851369, 25.7881749]]}, "properties": {"project": "FL4501", "date": "19450301", "kind": "Pier", "source": "T08596"}}, {"type": "Feature", "geometry": {"type": "LineString", "coordinates": [[-80.1854371, 25.789102], [-80.1854597, 25.7888278], [-80.1854566, 25.7884693], [-80.185474, 25.7881709]]}, "properties": {"project": "FL4501", "date": "19450301", "kind": "Man-made", "source": "T08596"}}, {"type": "Feature", "geometry": {"type": "LineString", "coordinates": [[-80.1640542, 25.7907655], [-80.1640409, 25.7904787], [-80.1640402, 25.7904324], [-80.1640571, 25.7904098], [-80.1640635, 25.7903871], [-80.1640596, 25.7903455], [-80.1640389, 25.7903152], [-80.164031, 25.7902565], [-80.1640274, 25.7901677], [-80.1640112, 25.7901033], [-80.1639952, 25.7900087], [-80.1639978, 25.7899237], [-80.1640044, 25.7898878], [-80.1640151, 25.7898482], [-80.1640173, 25.7898217], [-80.1639979, 25.7897677], [-80.1639858, 25.7897053], [-80.1639779, 25.7896334], [-80.1639761, 25.7895975], [-80.1639848, 25.789556], [-80.1640058999999, 25.789524], [-80.1640102, 25.7894975], [-80.1639937, 25.7894766], [-80.163969, 25.7894217], [-80.1639532, 25.7892968], [-80.1639576, 25.7891088], [-80.1639641, 25.7890767], [-80.1639769, 25.7890333], [-80.163971, 25.7889803], [-80.1639568, 25.7889311], [-80.1639508, 25.7888914], [-80.1639552, 25.7888517], [-80.1639638, 25.7888177], [-80.163962, 25.7887837], [-80.1639247, 25.7887419], [-80.1638873, 25.7887209], [-80.16385, 25.7886829], [-80.1638059, 25.7885645], [-80.1637813, 25.7885058], [-80.1637171, 25.7884317], [-80.1636133, 25.7883385], [-80.1634699, 25.7882488], [-80.1633303999999, 25.7881856], [-80.1631669, 25.7881308], [-80.1630314, 25.7881017], [-80.1627454, 25.7881001], [-80.1626085, 25.7881172], [-80.1624789, 25.7881524], [-80.1624288, 25.7881502], [-80.1624016, 25.7881538], [-80.1623638, 25.7881857], [-80.1623427, 25.788214], [-80.1621706, 25.7883472], [-80.1619738, 25.7885644], [-80.1619211, 25.7886434], [-80.1618936, 25.7886981], [-80.1618764, 25.7887642], [-80.1618427, 25.7888074], [-80.1618112, 25.7888318], [-80.1618006, 25.7888488], [-80.1618067, 25.7888809], [-80.1618189, 25.7889283], [-80.1618266999999, 25.7889982], [-80.1618275, 25.7896286], [-80.1618405, 25.789709], [-80.1618382, 25.7897411], [-80.1618191, 25.7897883], [-80.1618167, 25.7898261], [-80.1618353, 25.7898602], [-80.1618536, 25.7899302], [-80.1618689, 25.7901231], [-80.1618742, 25.7902649], [-80.1619143, 25.7906536], [-80.1619015, 25.7906932], [-80.1618825, 25.7907214], [-80.1618864, 25.7907555], [-80.161905, 25.7907896], [-80.1619234, 25.7908775]]}, "properties": {"project": "FL4501", "date": "19450301", "kind": "Man-made", "source": "T08596"}}, {"type": "Feature", "geometry": {"type": "LineString", "coordinates": [[-80.1786714, 25.7880229], [-80.1785569, 25.7880571]]}, "properties": {"project": "FL4501", "date": "19450301", "kind": "Pier", "source": "T08596"}}, {"type": "Feature", "geometry": {"type": "LineString", "coordinates": [[-80.1786714, 25.7880229], [-80.1786759, 25.7880358]]}, "properties": {"project": "FL4501", "date": "19450301", "kind": "Pier", "source": "T08596"}}, {"type": "Feature", "geometry": {"type": "LineString", "coordinates": [[-80.1787928, 25.7879867], [-80.1786714, 25.7880229]]}, "properties": {"project": "FL4501", "date": "19450301", "kind": "Pier", "source": "T08596"}}, {"type": "Feature", "geometry": {"type": "LineString", "coordinates": [[-80.1452037, 25.7946274], [-80.145207, 25.7947051]]}, "properties": {"project": "FL4501", "date": "19450301", "kind": "Natural.Mean High Water", "source": "T08596"}}, {"type": "Feature", "geometry": {"type": "LineString", "coordinates": [[-80.1453643, 25.7946283], [-80.1452037, 25.7946274]]}, "properties": {"project": "FL4501", "date": "19450301", "kind": "Pier", "source": "T08596"}}, {"type": "Feature", "geometry": {"type": "LineString", "coordinates": [[-80.1539905, 25.7913628], [-80.1539953, 25.7914408], [-80.154001, 25.7915202], [-80.1540232, 25.7916299], [-80.1540301, 25.7916952], [-80.1540152, 25.791731], [-80.1540065, 25.7917763], [-80.1540167, 25.7918123], [-80.154033, 25.7918634], [-80.1540445, 25.792009], [-80.1540638, 25.7923862], [-80.1540555, 25.7925232], [-80.1540408, 25.792542], [-80.1540323, 25.7925628], [-80.1540363, 25.7925817], [-80.1540466, 25.7926044], [-80.1540734, 25.7926443], [-80.1540774, 25.7926783], [-80.154081, 25.7927615], [-80.1540731, 25.7928342], [-80.1540562, 25.7928644], [-80.1540498, 25.7928908], [-80.15406, 25.7929135], [-80.1541015, 25.7929497], [-80.1541117, 25.7929894], [-80.1541128, 25.7931312], [-80.1541301, 25.7934838], [-80.1541334, 25.7937513], [-80.1541249, 25.7937758], [-80.1541164, 25.7938041], [-80.1541203, 25.7938344], [-80.1541346, 25.7938798], [-80.1541667, 25.7939169], [-80.154202, 25.7939398], [-80.1542247, 25.7939834], [-80.1543198, 25.7941143], [-80.1543528, 25.7941712000001], [-80.1543567, 25.7942147], [-80.1543689, 25.7942545], [-80.1544156, 25.7942973], [-80.1544531, 25.7943145], [-80.1545468, 25.7943491], [-80.1546217, 25.7943892], [-80.1547382, 25.7944485], [-80.1548735, 25.7945003], [-80.1550038, 25.7945341], [-80.1550433, 25.7945457], [-80.1550766, 25.7945705], [-80.1551141, 25.7945745], [-80.1552103, 25.7945637], [-80.1553356, 25.7945474], [-80.1554588, 25.79455], [-80.1555141, 25.7945532], [-80.1555497, 25.7945364], [-80.1556042, 25.7945045], [-80.1556734, 25.7944615], [-80.1558012, 25.7944017], [-80.1558871, 25.7943701], [-80.1559393, 25.7943591], [-80.1559624, 25.7943422], [-80.1559689, 25.7943101], [-80.1559733, 25.7942837000001], [-80.1559985, 25.7942611], [-80.1561615, 25.794091], [-80.1562476, 25.7940178], [-80.1562729, 25.7939877], [-80.1562773, 25.7939594], [-80.1562755, 25.7939121], [-80.1562842, 25.7938668], [-80.1563366, 25.7936866], [-80.1563442, 25.7935052], [-80.1563263, 25.7932301], [-80.1563183, 25.7930249], [-80.1563001, 25.7929511], [-80.1562902, 25.7928717], [-80.1562719, 25.792657], [-80.1562661, 25.7925946], [-80.1562684, 25.7925531], [-80.1562833, 25.792521], [-80.1562918, 25.7924965], [-80.156291, 25.7924596], [-80.1562745, 25.7924331], [-80.1562664, 25.7924009], [-80.1562708, 25.7923688], [-80.1562879, 25.7923141], [-80.1562923, 25.7922839], [-80.1562778, 25.7922611], [-80.1562656, 25.7922138], [-80.15626, 25.7921249], [-80.1562551, 25.7920729000001], [-80.1562679, 25.7920408], [-80.1562702, 25.7920125], [-80.1562641, 25.7919841], [-80.1562447, 25.7919263], [-80.1562186, 25.7916247], [-80.1561948, 25.7914564], [-80.1561876, 25.7912324]]}, "properties": {"project": "FL4501", "date": "19450301", "kind": "Man-made", "source": "T08596"}}, {"type": "Feature", "geometry": {"type": "LineString", "coordinates": [[-80.1860293, 25.7924927], [-80.1854765, 25.792481], [-80.1854746, 25.7921125], [-80.1854606, 25.7917459], [-80.1854423, 25.7913614], [-80.1854566, 25.7912061]]}, "properties": {"project": "FL4501", "date": "19450301", "kind": "Man-made", "source": "T08596"}}, {"type": "Feature", "geometry": {"type": "LineString", "coordinates": [[-80.1526602, 25.791291], [-80.1527356, 25.7912432], [-80.1529197999999, 25.7912268], [-80.1531693, 25.7912173], [-80.1533922, 25.7912054], [-80.1534649, 25.7912036], [-80.1535084, 25.7912192], [-80.1535541, 25.7912612]]}, "properties": {"project": "FL4501", "date": "19450301", "kind": "Man-made", "source": "T08596"}}, {"type": "Feature", "geometry": {"type": "LineString", "coordinates": [[-80.1575036999999, 25.7912006], [-80.1574435, 25.7912448], [-80.1573619, 25.7912679], [-80.1571944, 25.7912822], [-80.1567905, 25.7912882], [-80.1567015, 25.7912794], [-80.1566556, 25.7912583], [-80.1566236, 25.7912233]]}, "properties": {"project": "FL4501", "date": "19450301", "kind": "Man-made", "source": "T08596"}}, {"type": "Feature", "geometry": {"type": "LineString", "coordinates": [[-80.1561876, 25.7912324], [-80.1561871, 25.7912172], [-80.1561877, 25.7911232]]}, "properties": {"project": "FL4501", "date": "19450301", "kind": "Undetermined.Approximate", "source": "T08596"}}, {"type": "Feature", "geometry": {"type": "LineString", "coordinates": [[-80.1566428, 25.7911066], [-80.1566236, 25.7912233]]}, "properties": {"project": "FL4501", "date": "19450301", "kind": "Undetermined.Approximate", "source": "T08596"}}, {"type": "Feature", "geometry": {"type": "LineString", "coordinates": [[-80.1575036999999, 25.7912006], [-80.1574952, 25.7910935]]}, "properties": {"project": "FL4501", "date": "19450301", "kind": "Undetermined.Approximate", "source": "T08596"}}, {"type": "Feature", "geometry": {"type": "LineString", "coordinates": [[-80.1601259, 25.7910658], [-80.1601279, 25.7911413], [-80.1601344, 25.7912462], [-80.1601406, 25.7912633], [-80.1601633, 25.7912955], [-80.1601673, 25.7913182], [-80.1601525, 25.7913465], [-80.1601377, 25.7913786], [-80.1601374, 25.7914183], [-80.160156, 25.7914524], [-80.1601746, 25.7914752], [-80.1601828, 25.7914885], [-80.1601827, 25.791513], [-80.16017, 25.7915394], [-80.160164, 25.7916424], [-80.1601743, 25.7916708], [-80.160197, 25.7916955], [-80.1602094, 25.791722], [-80.1602051, 25.7917409], [-80.1601819, 25.7917672], [-80.1601712, 25.7918069], [-80.1601704, 25.7919278], [-80.1601917, 25.7923013], [-80.1602151, 25.7926841], [-80.1602515, 25.7930028], [-80.1602833, 25.7933763], [-80.1602937, 25.7936769], [-80.1603062, 25.7939813], [-80.1603122, 25.7941694], [-80.1603203, 25.7942072], [-80.1603409, 25.7942395], [-80.1603554, 25.7942585], [-80.1603615, 25.7942906], [-80.1603488, 25.7943133], [-80.160334, 25.7943415], [-80.1603338, 25.7943699], [-80.1603396, 25.7945769], [-80.1603492, 25.7946922], [-80.1603592, 25.7947547], [-80.1603487, 25.79492], [-80.1603273, 25.7949898], [-80.1603143, 25.7950597], [-80.1603056, 25.7951069], [-80.1603031, 25.7951579], [-80.1602852, 25.7951927], [-80.1602326, 25.7952378], [-80.1601168, 25.7953808], [-80.1600559, 25.7954352], [-80.1599341, 25.795529], [-80.1597653, 25.7956292], [-80.1596606, 25.7956758], [-80.1595873, 25.7957094], [-80.1595119, 25.7957355], [-80.1594221, 25.7957463], [-80.1592842, 25.7957606], [-80.1590911, 25.795751], [-80.1589493, 25.7957199], [-80.1588431, 25.7956872], [-80.1587265, 25.7956355], [-80.1586131, 25.7955791], [-80.1585051, 25.7955085], [-80.1584139, 25.7954059], [-80.1583539, 25.79533], [-80.1583239, 25.795291], [-80.1582927, 25.7952795], [-80.1582656, 25.7952718], [-80.1582553, 25.7952528], [-80.1582554, 25.7952302], [-80.1582557, 25.7951923], [-80.1582497, 25.7951545], [-80.1582189, 25.7950787], [-80.158187, 25.7950133000001], [-80.1581749, 25.7949585], [-80.1581691, 25.794896], [-80.1581616, 25.7947675], [-80.1581475, 25.7945434], [-80.1581359, 25.7944167], [-80.1581178, 25.7943183], [-80.1581056, 25.7942748], [-80.1580995, 25.7942464], [-80.1580997, 25.7942218], [-80.1581124, 25.7941992], [-80.1581167, 25.7941728], [-80.1581129, 25.7941236], [-80.1581094, 25.794031], [-80.1581097, 25.7939932], [-80.1581016, 25.7939591], [-80.1580809, 25.7939325], [-80.1580727, 25.7939117], [-80.158077, 25.7938909], [-80.158098, 25.7938665], [-80.1581108, 25.7938306], [-80.1581048, 25.793789], [-80.1580864, 25.7937454], [-80.1580794, 25.793701], [-80.1580859, 25.7936556], [-80.1580822, 25.7935989], [-80.1580595, 25.793561], [-80.1580555, 25.7935383], [-80.1580641, 25.7935043], [-80.1580768, 25.7934704], [-80.15809, 25.7933759], [-80.1580837, 25.7932294], [-80.158078, 25.7931575], [-80.1580657, 25.7931178], [-80.1580575999999, 25.7930875], [-80.1580641, 25.7930592], [-80.1580707, 25.7930025], [-80.1580539, 25.7928711], [-80.1580333, 25.7928275], [-80.1580294, 25.7927991], [-80.1580421, 25.7927708], [-80.1580466, 25.7927274], [-80.1580449, 25.7926706], [-80.1580347, 25.7926347], [-80.158013, 25.7926034], [-80.158011, 25.7925863], [-80.1580195, 25.7925656], [-80.1580302, 25.7925354], [-80.1580263, 25.7924957], [-80.158014, 25.7924616], [-80.1580121, 25.7924295], [-80.1580228, 25.7923974], [-80.158034, 25.7922897], [-80.1580145, 25.7919503], [-80.1580004, 25.7915836], [-80.1579733, 25.7914256], [-80.157953, 25.7913499], [-80.157922, 25.7913043], [-80.1579097, 25.7912646], [-80.1579206, 25.7912022], [-80.1579223, 25.7911817]]}, "properties": {"project": "FL4501", "date": "19450301", "kind": "Man-made", "source": "T08596"}}, {"type": "Feature", "geometry": {"type": "LineString", "coordinates": [[-80.1579223, 25.7911817], [-80.1579321, 25.7910616]]}, "properties": {"project": "FL4501", "date": "19450301", "kind": "Undetermined.Approximate", "source": "T08596"}}, {"type": "Feature", "geometry": {"type": "LineString", "coordinates": [[-80.1614379, 25.7910346], [-80.1613741, 25.791071], [-80.1612645, 25.7910896], [-80.1609538, 25.7910926], [-80.1607754, 25.7911043], [-80.1606801, 25.791099], [-80.1606272, 25.7910875], [-80.1605851, 25.7910505]]}, "properties": {"project": "FL4501", "date": "19450301", "kind": "Man-made", "source": "T08596"}}, {"type": "Feature", "geometry": {"type": "LineString", "coordinates": [[-80.1566428, 25.7911066], [-80.1566769, 25.7910679], [-80.1568061, 25.7910409], [-80.1570887, 25.7910397], [-80.1573452, 25.7910315], [-80.1574296, 25.791032], [-80.1574679, 25.7910475], [-80.1574952, 25.7910935]]}, "properties": {"project": "FL4501", "date": "19450301", "kind": "Man-made", "source": "T08596"}}, {"type": "Feature", "geometry": {"type": "LineString", "coordinates": [[-80.1601225, 25.7909362], [-80.1601259, 25.7910658]]}, "properties": {"project": "FL4501", "date": "19450301", "kind": "Undetermined.Approximate", "source": "T08596"}}, {"type": "Feature", "geometry": {"type": "LineString", "coordinates": [[-80.1605736, 25.790929], [-80.1605851, 25.7910505]]}, "properties": {"project": "FL4501", "date": "19450301", "kind": "Undetermined.Approximate", "source": "T08596"}}, {"type": "Feature", "geometry": {"type": "LineString", "coordinates": [[-80.1453693, 25.7945447], [-80.1452968, 25.7945443]]}, "properties": {"project": "FL4501", "date": "19450301", "kind": "Pier", "source": "T08596"}}, {"type": "Feature", "geometry": {"type": "LineString", "coordinates": [[-80.1452, 25.7945437], [-80.1452037, 25.7946274]]}, "properties": {"project": "FL4501", "date": "19450301", "kind": "Natural.Mean High Water", "source": "T08596"}}, {"type": "Feature", "geometry": {"type": "LineString", "coordinates": [[-80.1452968, 25.7945443], [-80.1452, 25.7945437]]}, "properties": {"project": "FL4501", "date": "19450301", "kind": "Pier", "source": "T08596"}}, {"type": "Feature", "geometry": {"type": "LineString", "coordinates": [[-80.1452968, 25.7945443], [-80.1452992, 25.7945005], [-80.1453807, 25.794493]]}, "properties": {"project": "FL4501", "date": "19450301", "kind": "Pier", "source": "T08596"}}, {"type": "Feature", "geometry": {"type": "LineString", "coordinates": [[-80.1272435, 25.7950897], [-80.127265, 25.7950158], [-80.1273277, 25.794738], [-80.1274548, 25.7943548], [-80.1274843, 25.7942107], [-80.1274907, 25.7941583]]}, "properties": {"project": "FL4501", "date": "19450301", "kind": "Natural.Mean High Water", "source": "T08596"}}, {"type": "Feature", "geometry": {"type": "LineString", "coordinates": [[-80.1274907, 25.7941583], [-80.1273617, 25.7941454]]}, "properties": {"project": "FL4501", "date": "19450301", "kind": "Pier", "source": "T08596"}}, {"type": "Feature", "geometry": {"type": "LineString", "coordinates": [[-80.1871007, 25.7963779], [-80.1870998, 25.7962666], [-80.1870785999999, 25.7959857], [-80.1870371, 25.7957703], [-80.1870338, 25.795609], [-80.1870075, 25.7954435], [-80.1869923, 25.7954155], [-80.1869528, 25.7953994], [-80.1869046, 25.7953632], [-80.1867842, 25.795267], [-80.1865973, 25.7950926], [-80.1865298, 25.7949926], [-80.1864864, 25.7949068], [-80.1864291, 25.7947531], [-80.1863862, 25.7945975], [-80.1863167, 25.7942923], [-80.1862916, 25.7939516], [-80.1862948, 25.793836]]}, "properties": {"project": "FL4501", "date": "19450301", "kind": "Man-made", "source": "T08596"}}, {"type": "Feature", "geometry": {"type": "LineString", "coordinates": [[-80.1862948, 25.793836], [-80.1862963, 25.7937821]]}, "properties": {"project": "FL4501", "date": "19450301", "kind": "Man-made", "source": "T08596"}}, {"type": "Feature", "geometry": {"type": "LineString", "coordinates": [[-80.1862963, 25.7937821], [-80.1861573, 25.7937794], [-80.1861421, 25.7937554], [-80.1860849, 25.7937451], [-80.1860775, 25.7938706], [-80.1861478, 25.793875], [-80.1861504, 25.7938292], [-80.1862948, 25.793836]]}, "properties": {"project": "FL4501", "date": "19450301", "kind": "Pier", "source": "T08596"}}, {"type": "Feature", "geometry": {"type": "LineString", "coordinates": [[-80.141231, 25.7934477], [-80.1409837, 25.793564], [-80.140845, 25.7936465], [-80.1405988, 25.79378], [-80.1403269, 25.7939255], [-80.1400101, 25.7940928], [-80.1396117, 25.7943112], [-80.139405, 25.7944228], [-80.1392921, 25.7944859], [-80.1392566, 25.7945224], [-80.1390037, 25.7946558], [-80.1387603, 25.7947892], [-80.1384924, 25.7949348], [-80.1382858, 25.7950341], [-80.1381553, 25.7951069], [-80.1379173, 25.7952306], [-80.1376916, 25.7953519], [-80.1374592, 25.7954682], [-80.1372933, 25.795553], [-80.1371845, 25.7956162], [-80.1369274, 25.7957667], [-80.1368158, 25.7958347]]}, "properties": {"project": "FL4501", "date": "19450301", "kind": "Man-made", "source": "T08596"}}, {"type": "Feature", "geometry": {"type": "LineString", "coordinates": [[-80.1451297999999, 25.7934047], [-80.1451363, 25.7936076], [-80.1451446, 25.7938614], [-80.1451473, 25.7941435], [-80.1451482, 25.7943102], [-80.1451546, 25.7943495], [-80.1451906, 25.7944331], [-80.1452, 25.7945437]]}, "properties": {"project": "FL4501", "date": "19450301", "kind": "Natural.Mean High Water", "source": "T08596"}}, {"type": "Feature", "geometry": {"type": "LineString", "coordinates": [[-80.1452515, 25.7934014000001], [-80.1451297999999, 25.7934047]]}, "properties": {"project": "FL4501", "date": "19450301", "kind": "Pier", "source": "T08596"}}, {"type": "Feature", "geometry": {"type": "LineString", "coordinates": [[-80.141224, 25.7932956], [-80.1408457, 25.7935019], [-80.1406445, 25.7936135], [-80.1405044, 25.7936887], [-80.1404474, 25.7936982], [-80.1404202, 25.7937152], [-80.1403929, 25.7937469], [-80.1403575, 25.7937737], [-80.1402188, 25.793844], [-80.1398449, 25.7940502], [-80.1395213, 25.794215], [-80.1393323, 25.7943218], [-80.1393077, 25.7943438], [-80.1392887, 25.7943584], [-80.1389324, 25.7945598], [-80.1385856, 25.7947515], [-80.1381709, 25.7949722], [-80.1380661, 25.7950329], [-80.1379165, 25.7951153], [-80.1377085, 25.7952294], [-80.1375535, 25.7953045], [-80.1374067, 25.7953772], [-80.1373496, 25.7954136], [-80.1372571, 25.7954695], [-80.1371932, 25.7954961], [-80.1371387, 25.7955423], [-80.1370028, 25.7956102], [-80.1369156, 25.7956685], [-80.1367851, 25.7957389]]}, "properties": {"project": "FL4501", "date": "19450301", "kind": "Man-made", "source": "T08596"}}, {"type": "Feature", "geometry": {"type": "LineString", "coordinates": [[-80.141492, 25.7932874], [-80.141231, 25.7934477]]}, "properties": {"project": "FL4501", "date": "19450301", "kind": "Undetermined.Approximate", "source": "T08596"}}, {"type": "Feature", "geometry": {"type": "LineString", "coordinates": [[-80.1614379, 25.7910346], [-80.1614141, 25.7908971]]}, "properties": {"project": "FL4501", "date": "19450301", "kind": "Undetermined.Approximate", "source": "T08596"}}, {"type": "Feature", "geometry": {"type": "LineString", "coordinates": [[-80.1619234, 25.7908775], [-80.1619302, 25.7909919]]}, "properties": {"project": "FL4501", "date": "19450301", "kind": "Undetermined.Approximate", "source": "T08596"}}, {"type": "Feature", "geometry": {"type": "LineString", "coordinates": [[-80.1619302, 25.7909919], [-80.1619502, 25.7913333], [-80.1619965, 25.7917238], [-80.1620055, 25.7919261], [-80.1619948, 25.7919752], [-80.1619716, 25.7920072], [-80.1619589, 25.7920336], [-80.1619629, 25.7920469], [-80.1619795, 25.7920696], [-80.1619981, 25.7921], [-80.1620041, 25.7921321], [-80.1620061, 25.79229], [-80.1619891, 25.7923296], [-80.1619742, 25.7923749], [-80.1619907, 25.792409], [-80.1620238, 25.7924489], [-80.1620275, 25.7925131], [-80.1620318, 25.792791], [-80.1620467, 25.7929092], [-80.1620899, 25.7929983], [-80.1622055, 25.7931823], [-80.1622778, 25.7932924], [-80.1622983, 25.7933492], [-80.1623148, 25.7933701], [-80.162344, 25.7933797], [-80.1623941, 25.7933857], [-80.1624169, 25.7934104], [-80.1625863, 25.7935143], [-80.1626173, 25.7935523], [-80.1626465, 25.7935657], [-80.1626924, 25.793566], [-80.1627259, 25.7935586], [-80.162778, 25.793574], [-80.1629865, 25.7936074], [-80.1631441, 25.7936111], [-80.163351, 25.7935821], [-80.1635184, 25.7935339], [-80.1636022, 25.7934985], [-80.1637877, 25.7933908], [-80.1638128, 25.7933853], [-80.1638422, 25.7933647], [-80.163857, 25.7933289], [-80.1638824, 25.7932874], [-80.163935, 25.7932272], [-80.1640234, 25.7931219], [-80.1640763, 25.7930239], [-80.1640979, 25.7929201], [-80.1641381, 25.7927001], [-80.1641351, 25.7925338], [-80.1641375, 25.7924809], [-80.164138, 25.7924166], [-80.1641529, 25.7923751], [-80.1641678, 25.7923298], [-80.164166, 25.7922863], [-80.1641476, 25.7922409], [-80.164126, 25.7921944], [-80.1641204, 25.7920999], [-80.1641176, 25.7917531000001], [-80.164067, 25.7912235], [-80.1640588, 25.7908757]]}, "properties": {"project": "FL4501", "date": "19450301", "kind": "Man-made", "source": "T08596"}}, {"type": "Feature", "geometry": {"type": "LineString", "coordinates": [[-80.1605736, 25.790929], [-80.1606146, 25.7908813], [-80.1606694, 25.790864], [-80.160862, 25.7908459], [-80.1611391, 25.7908459], [-80.1613051, 25.7908421], [-80.1613545, 25.7908456], [-80.1613895999999, 25.7908682], [-80.1614141, 25.7908971]]}, "properties": {"project": "FL4501", "date": "19450301", "kind": "Man-made", "source": "T08596"}}, {"type": "Feature", "geometry": {"type": "LineString", "coordinates": [[-80.1653753, 25.7908219], [-80.1653088, 25.7908754], [-80.1652523, 25.7908976000001], [-80.1650023, 25.7909126], [-80.1647358, 25.7909321], [-80.1646216, 25.7909299], [-80.1645704, 25.7909071], [-80.1645195, 25.7908529]]}, "properties": {"project": "FL4501", "date": "19450301", "kind": "Man-made", "source": "T08596"}}, {"type": "Feature", "geometry": {"type": "LineString", "coordinates": [[-80.1640588, 25.7908757], [-80.1640581, 25.7908502], [-80.1640542, 25.7907655]]}, "properties": {"project": "FL4501", "date": "19450301", "kind": "Undetermined.Approximate", "source": "T08596"}}, {"type": "Feature", "geometry": {"type": "LineString", "coordinates": [[-80.1414289, 25.7931713], [-80.141224, 25.7932956]]}, "properties": {"project": "FL4501", "date": "19450301", "kind": "Undetermined.Approximate", "source": "T08596"}}, {"type": "Feature", "geometry": {"type": "LineString", "coordinates": [[-80.1495102, 25.7928726], [-80.1496127, 25.7929827]]}, "properties": {"project": "FL4501", "date": "19450301", "kind": "Pier", "source": "T08596"}}, {"type": "Feature", "geometry": {"type": "LineString", "coordinates": [[-80.1274907, 25.7941583], [-80.1275142, 25.7941465], [-80.127556, 25.794145], [-80.1278045, 25.7941431], [-80.1278216, 25.794138], [-80.1278312, 25.7941295], [-80.1278389, 25.7941089], [-80.1278861, 25.7938808], [-80.1279461, 25.7935952], [-80.128011, 25.7932812], [-80.1280747, 25.7930008], [-80.1281008, 25.7928502]]}, "properties": {"project": "FL4501", "date": "19450301", "kind": "Man-made", "source": "T08596"}}, {"type": "Feature", "geometry": {"type": "LineString", "coordinates": [[-80.1495102, 25.7928726], [-80.1495619, 25.792849], [-80.1496073, 25.7928153]]}, "properties": {"project": "FL4501", "date": "19450301", "kind": "Man-made", "source": "T08596"}}, {"type": "Feature", "geometry": {"type": "LineString", "coordinates": [[-80.1497012, 25.7929215], [-80.1496073, 25.7928153]]}, "properties": {"project": "FL4501", "date": "19450301", "kind": "Pier", "source": "T08596"}}, {"type": "Feature", "geometry": {"type": "LineString", "coordinates": [[-80.1281008, 25.7928502], [-80.1277968, 25.7927992]]}, "properties": {"project": "FL4501", "date": "19450301", "kind": "Pier", "source": "T08596"}}, {"type": "Feature", "geometry": {"type": "LineString", "coordinates": [[-80.1862963, 25.7937821], [-80.1862988, 25.7936887], [-80.1863328, 25.7933841], [-80.1863912, 25.7930538], [-80.1864539, 25.7927374], [-80.186241, 25.7924972], [-80.1860994, 25.7924942]]}, "properties": {"project": "FL4501", "date": "19450301", "kind": "Man-made", "source": "T08596"}}, {"type": "Feature", "geometry": {"type": "LineString", "coordinates": [[-80.1860994, 25.7924942], [-80.1860293, 25.7924927]]}, "properties": {"project": "FL4501", "date": "19450301", "kind": "Man-made", "source": "T08596"}}, {"type": "Feature", "geometry": {"type": "LineString", "coordinates": [[-80.145087, 25.7923068], [-80.1450885, 25.7923284], [-80.1450953, 25.7925185], [-80.1450901, 25.7927686], [-80.1450969, 25.7928692], [-80.1451074, 25.7929048], [-80.1451167, 25.7929404], [-80.1451199, 25.793052], [-80.1451288, 25.793236], [-80.1451269, 25.7933132], [-80.1451297999999, 25.7934047]]}, "properties": {"project": "FL4501", "date": "19450301", "kind": "Natural.Mean High Water", "source": "T08596"}}, {"type": "Feature", "geometry": {"type": "LineString", "coordinates": [[-80.145087, 25.7923068], [-80.1451866, 25.7923027000001]]}, "properties": {"project": "FL4501", "date": "19450301", "kind": "Pier", "source": "T08596"}}, {"type": "Feature", "geometry": {"type": "LineString", "coordinates": [[-80.1452053, 25.7924051], [-80.1451866, 25.7923027000001]]}, "properties": {"project": "FL4501", "date": "19450301", "kind": "Pier", "source": "T08596"}}, {"type": "Feature", "geometry": {"type": "LineString", "coordinates": [[-80.1451866, 25.7923027000001], [-80.1452883, 25.7922986]]}, "properties": {"project": "FL4501", "date": "19450301", "kind": "Pier", "source": "T08596"}}, {"type": "Feature", "geometry": {"type": "LineString", "coordinates": [[-80.1453044, 25.7923897], [-80.1452883, 25.7922986]]}, "properties": {"project": "FL4501", "date": "19450301", "kind": "Pier", "source": "T08596"}}, {"type": "Feature", "geometry": {"type": "LineString", "coordinates": [[-80.1452883, 25.7922986], [-80.1454316, 25.7922922]]}, "properties": {"project": "FL4501", "date": "19450301", "kind": "Pier", "source": "T08596"}}, {"type": "Feature", "geometry": {"type": "LineString", "coordinates": [[-80.1265181, 25.7979773], [-80.1261411, 25.7978643]]}, "properties": {"project": "FL4501", "date": "19450301", "kind": "Undetermined Alongshore Feature", "source": "T08596"}}, {"type": "Feature", "geometry": {"type": "LineString", "coordinates": [[-80.1770843, 25.7985936], [-80.1771282, 25.7985178], [-80.1771845, 25.7984161], [-80.1772544, 25.7983097], [-80.1773066, 25.7982228], [-80.1773626, 25.798158], [-80.1774406, 25.7980725], [-80.1775458, 25.797954], [-80.1776416, 25.7978416], [-80.177729, 25.7977573], [-80.1777577, 25.7977256], [-80.1777564, 25.7977071], [-80.1777361, 25.7977009], [-80.1776967, 25.7977092], [-80.1776478, 25.7977249], [-80.1775759, 25.7977282], [-80.1774782, 25.7977289], [-80.1774267, 25.7977212], [-80.177386, 25.7977284], [-80.1773465, 25.7977527], [-80.177304, 25.797804], [-80.1772642, 25.7978701], [-80.1772394, 25.7979351], [-80.1772171, 25.7980135], [-80.1771963, 25.7980859], [-80.1771658, 25.798179], [-80.1771258, 25.7982807], [-80.1770694, 25.7983897], [-80.1769788, 25.7985464], [-80.1769402, 25.7986321], [-80.1769262, 25.7986922], [-80.1769204, 25.798745], [-80.1768955, 25.7988247], [-80.176854, 25.7989362], [-80.1768249, 25.7990232], [-80.1767984, 25.7991287], [-80.1767748, 25.7991998], [-80.176735, 25.7992757], [-80.1767006, 25.7993467], [-80.1766839, 25.7993957], [-80.1766715, 25.7994362], [-80.1766627, 25.7995233], [-80.1766662, 25.7996019], [-80.176685, 25.7996291], [-80.1767149, 25.7996268], [-80.1767367, 25.7996085], [-80.176756, 25.7995693], [-80.1767687, 25.7994932], [-80.1767926, 25.7993742], [-80.1768123, 25.799281], [-80.1768441, 25.7991903], [-80.1768869, 25.7990776], [-80.1769287, 25.7989268], [-80.1769633, 25.7988251], [-80.1770198, 25.7987013], [-80.177061, 25.7986254], [-80.1770843, 25.7985936]]}, "properties": {"project": "FL4501", "date": "19450301", "kind": "Natural.Mean High Water", "source": "T08596"}}, {"type": "Feature", "geometry": {"type": "LineString", "coordinates": [[-80.1410554, 25.797561], [-80.1410529, 25.7975992], [-80.1410568, 25.7976323], [-80.1410626, 25.7976654], [-80.1410583, 25.7976948], [-80.1410526, 25.7979327], [-80.141053, 25.7981534], [-80.1410624, 25.7981669], [-80.1410785, 25.7981916], [-80.1410824, 25.7982026], [-80.1410782, 25.7982234], [-80.1410611, 25.7982515], [-80.1410487, 25.7982833], [-80.1410535, 25.7983668], [-80.141068, 25.7984183], [-80.1410759, 25.7984454], [-80.1410798, 25.7984736], [-80.1410715, 25.7984919], [-80.1410551, 25.7985139], [-80.1410325, 25.7985604], [-80.1409955, 25.7986067000001], [-80.1409506, 25.7986408], [-80.1409098, 25.7986577], [-80.1408028, 25.7986645], [-80.1406421, 25.7986868], [-80.1406042, 25.798689], [-80.140569, 25.7986778], [-80.1405243, 25.7986788], [-80.1404234, 25.7986867], [-80.1403555, 25.7986998], [-80.1403121, 25.7987204], [-80.1402469, 25.7987445], [-80.1401428, 25.7988101], [-80.1400759, 25.7988723], [-80.1400308, 25.7989358], [-80.139995, 25.799014], [-80.1399581, 25.7991475], [-80.1399448, 25.7993031], [-80.1399305, 25.7995041], [-80.1399329, 25.7995458], [-80.1399393, 25.7995974], [-80.1399465, 25.7996342], [-80.1399586, 25.7996478], [-80.1399788, 25.7996589], [-80.1399841, 25.7996859], [-80.1399784, 25.7997214], [-80.1399661, 25.7997398], [-80.1399456, 25.7997642], [-80.1399413, 25.7997972], [-80.1399407, 25.7998745], [-80.139944, 25.7998929], [-80.1399534, 25.7999052], [-80.1399722, 25.7999237], [-80.1399815, 25.799952], [-80.1399787, 25.7999654], [-80.1399541, 25.7999898], [-80.1399445, 25.8000033], [-80.1399417, 25.8000216], [-80.1399456, 25.8000474], [-80.1399529, 25.8001529], [-80.139956, 25.8003859], [-80.1399518, 25.800685], [-80.1399507, 25.8009254], [-80.1399614, 25.8009438], [-80.1399776, 25.8009574], [-80.139991, 25.8009722], [-80.1399937, 25.800982], [-80.1399911, 25.8010605], [-80.1399801, 25.8010837], [-80.1399664, 25.8011057000001], [-80.1399593, 25.8011486], [-80.1399625, 25.8012614], [-80.1399632, 25.8014466], [-80.1399726, 25.801465], [-80.1399751, 25.8014969], [-80.1399811, 25.801687], [-80.1399863, 25.8017238], [-80.1399869, 25.8018317], [-80.1399966, 25.8018833], [-80.1400141, 25.801903], [-80.140018, 25.8019324], [-80.1400123, 25.8019618], [-80.1399986, 25.8019912], [-80.1399889, 25.802023], [-80.1399854, 25.8021248], [-80.1399894, 25.8024191], [-80.139988, 25.8027109], [-80.1399925, 25.802744], [-80.1399935, 25.8027894], [-80.1399971, 25.8028581], [-80.1400064, 25.8028826], [-80.1400116, 25.8029146], [-80.140015, 25.8030041], [-80.1400205, 25.8030838], [-80.1400312, 25.8031047], [-80.1400487, 25.803122], [-80.1400581, 25.8031319], [-80.1400606, 25.8031515], [-80.1400523, 25.8031821], [-80.1400346, 25.8031992], [-80.1400222, 25.8032187], [-80.1400163, 25.8032935], [-80.1400216, 25.8035804], [-80.140027, 25.8038698], [-80.1400255, 25.8041666], [-80.1400342, 25.8041911], [-80.1400597, 25.8042207], [-80.1400785, 25.8042441], [-80.1400837, 25.8042699], [-80.1400846, 25.8043422], [-80.1400776, 25.8043679], [-80.1400788, 25.8043876], [-80.1400948, 25.8044208], [-80.1401148, 25.8044638], [-80.1402879, 25.8045997], [-80.1404168, 25.8046716], [-80.1404857, 25.8046941], [-80.1405845, 25.8047008], [-80.140753, 25.8047177], [-80.1408624, 25.8047637], [-80.1409358, 25.804823], [-80.1409681, 25.8048625], [-80.1409893, 25.804919], [-80.1409997, 25.804984], [-80.1410042, 25.8052023], [-80.1410008, 25.8053053], [-80.1409993, 25.8054156], [-80.1410024, 25.8055456], [-80.1410088, 25.805694], [-80.1410194, 25.8057321], [-80.1410204, 25.8057689], [-80.1410209, 25.8059847], [-80.1410111, 25.8060251], [-80.141004, 25.8060741], [-80.1409957, 25.8060986], [-80.1409738, 25.8061303], [-80.1409264, 25.806222]]}, "properties": {"project": "FL4501", "date": "19450301", "kind": "Man-made", "source": "T08596"}}, {"type": "Feature", "geometry": {"type": "LineString", "coordinates": [[-80.1411365, 25.7975009], [-80.1410554, 25.797561]]}, "properties": {"project": "FL4501", "date": "19450301", "kind": "Pier", "source": "T08596"}}, {"type": "Feature", "geometry": {"type": "LineString", "coordinates": [[-80.1863247, 25.7984183], [-80.1863766, 25.7984158], [-80.1866374, 25.7984013], [-80.1866573, 25.7983915], [-80.1866994, 25.7983559], [-80.1867482, 25.7982864], [-80.1868084, 25.7981752], [-80.1868709, 25.7980501], [-80.1869219, 25.7978332], [-80.1869514, 25.7976880000001], [-80.1870275, 25.7973518], [-80.1870692, 25.7971357]]}, "properties": {"project": "FL4501", "date": "19450301", "kind": "Man-made", "source": "T08596"}}, {"type": "Feature", "geometry": {"type": "LineString", "coordinates": [[-80.1869693, 25.7971194], [-80.1870692, 25.7971357]]}, "properties": {"project": "FL4501", "date": "19450301", "kind": "Pier", "source": "T08596"}}, {"type": "Feature", "geometry": {"type": "LineString", "coordinates": [[-80.1265181, 25.7979773], [-80.12662, 25.7977164], [-80.126732, 25.7973229], [-80.12675, 25.7971976], [-80.1267451, 25.7970893], [-80.1267497, 25.7970429]]}, "properties": {"project": "FL4501", "date": "19450301", "kind": "Natural.Mean High Water", "source": "T08596"}}, {"type": "Feature", "geometry": {"type": "LineString", "coordinates": [[-80.1267497, 25.7970429], [-80.1262997, 25.7969236]]}, "properties": {"project": "FL4501", "date": "19450301", "kind": "Pier", "source": "T08596"}}, {"type": "Feature", "geometry": {"type": "LineString", "coordinates": [[-80.1435513, 25.7984666], [-80.1433272, 25.7984786], [-80.1431621, 25.7984817], [-80.1430662, 25.7984911], [-80.1426225, 25.7985032], [-80.142369, 25.7985057], [-80.1420625, 25.7985019], [-80.1419696, 25.7985013], [-80.1418282, 25.7984925], [-80.141759, 25.7984841], [-80.141706, 25.7984678], [-80.1415973, 25.7984204], [-80.1415709, 25.7983996], [-80.1415239, 25.7983873], [-80.141493, 25.7983804], [-80.141468, 25.7983669], [-80.1414564, 25.7983415], [-80.1414538, 25.7982988], [-80.1414495, 25.7982761], [-80.1414335, 25.7982493], [-80.1414013999999, 25.7982065], [-80.1413548, 25.7981208], [-80.1413449, 25.7980727], [-80.141335, 25.7980033], [-80.1413255, 25.7979018], [-80.1413256, 25.7974782], [-80.1413289, 25.7974222], [-80.1413365, 25.7973929], [-80.1413713, 25.797263], [-80.1413968, 25.7972044], [-80.1413985, 25.7971724], [-80.141409, 25.7971472], [-80.1414864, 25.7970475], [-80.1416259, 25.7969083], [-80.1417222, 25.7968395], [-80.1418434, 25.7967861]]}, "properties": {"project": "FL4501", "date": "19450301", "kind": "Man-made", "source": "T08596"}}, {"type": "Feature", "geometry": {"type": "LineString", "coordinates": [[-80.1418434, 25.7967861], [-80.1418893, 25.7967624]]}, "properties": {"project": "FL4501", "date": "19450301", "kind": "Undetermined.Approximate", "source": "T08596"}}, {"type": "Feature", "geometry": {"type": "LineString", "coordinates": [[-80.1418893, 25.7967624], [-80.1420119, 25.7967151], [-80.1420902, 25.7966956], [-80.1421639, 25.796684], [-80.1425545, 25.7966823], [-80.142755, 25.7966741], [-80.1432532, 25.7966644], [-80.1434552, 25.7966549], [-80.1438311, 25.7966471], [-80.1441671, 25.7966478], [-80.1448024, 25.7966428], [-80.1452135, 25.7966553], [-80.1452562, 25.7966595], [-80.1453018, 25.7966731], [-80.1453253, 25.7966893], [-80.1454703, 25.7968062], [-80.1455170999999, 25.7968585], [-80.1457686, 25.7971408], [-80.1458609, 25.7972214], [-80.1459647, 25.7973301], [-80.1461124, 25.7974904], [-80.1461823, 25.7976096], [-80.1462126, 25.7977045], [-80.1462356, 25.7977833], [-80.1462545, 25.7978208], [-80.1462661, 25.7978502], [-80.1462674, 25.7978716], [-80.1462584, 25.7978915], [-80.1462345, 25.7979374], [-80.1462149, 25.7980027], [-80.1461924, 25.7980626], [-80.146164, 25.7981104], [-80.1461282, 25.7981663], [-80.146097, 25.7982048], [-80.146048, 25.7982565], [-80.1459902, 25.7982989], [-80.1459162, 25.7983398], [-80.1458556, 25.7983701], [-80.1458171, 25.7983939], [-80.1457713, 25.7984097], [-80.145696, 25.7984306], [-80.1456222, 25.7984421], [-80.1455323, 25.7984516], [-80.1448558, 25.798453], [-80.1447408, 25.7984563], [-80.1446891, 25.798464], [-80.1441969, 25.7984618], [-80.1438992, 25.7984627], [-80.1436029, 25.7984616]]}, "properties": {"project": "FL4501", "date": "19450301", "kind": "Man-made", "source": "T08596"}}, {"type": "Feature", "geometry": {"type": "LineString", "coordinates": [[-80.141665, 25.796498], [-80.1415846, 25.7965552], [-80.141497, 25.7965988], [-80.1414315, 25.7966634], [-80.1413863, 25.7967293], [-80.1413659, 25.7967403], [-80.1413265, 25.7967523], [-80.1412979999999, 25.7967705], [-80.1412343, 25.7968584], [-80.1411632, 25.7969622], [-80.1411493, 25.7970038], [-80.1411191, 25.7970625], [-80.1410825, 25.7971641], [-80.1410782, 25.797191], [-80.1410689, 25.7973516], [-80.1410554, 25.797561]]}, "properties": {"project": "FL4501", "date": "19450301", "kind": "Man-made", "source": "T08596"}}, {"type": "Feature", "geometry": {"type": "LineString", "coordinates": [[-80.1454626, 25.7924225], [-80.1454316, 25.7922922]]}, "properties": {"project": "FL4501", "date": "19450301", "kind": "Pier", "source": "T08596"}}, {"type": "Feature", "geometry": {"type": "LineString", "coordinates": [[-80.1454316, 25.7922922], [-80.1454071, 25.7921891]]}, "properties": {"project": "FL4501", "date": "19450301", "kind": "Pier", "source": "T08596"}}, {"type": "Feature", "geometry": {"type": "LineString", "coordinates": [[-80.1451866, 25.7923027000001], [-80.1451651, 25.7921857]]}, "properties": {"project": "FL4501", "date": "19450301", "kind": "Pier", "source": "T08596"}}, {"type": "Feature", "geometry": {"type": "LineString", "coordinates": [[-80.1452883, 25.7922986], [-80.1452664, 25.7921744]]}, "properties": {"project": "FL4501", "date": "19450301", "kind": "Pier", "source": "T08596"}}, {"type": "Feature", "geometry": {"type": "LineString", "coordinates": [[-80.1450746, 25.7918121], [-80.1450764, 25.7919384], [-80.1450806, 25.7922155], [-80.145087, 25.7923068]]}, "properties": {"project": "FL4501", "date": "19450301", "kind": "Natural.Mean High Water", "source": "T08596"}}, {"type": "Feature", "geometry": {"type": "LineString", "coordinates": [[-80.1253862, 25.8011313], [-80.1254599, 25.8009334], [-80.1254971, 25.8007756], [-80.125572, 25.8005141], [-80.1256051, 25.8004078], [-80.1256621, 25.8003005]]}, "properties": {"project": "FL4501", "date": "19450301", "kind": "Natural.Mean High Water", "source": "T08596"}}, {"type": "Feature", "geometry": {"type": "LineString", "coordinates": [[-80.1256621, 25.8003005], [-80.1252748, 25.8001901]]}, "properties": {"project": "FL4501", "date": "19450301", "kind": "Pier", "source": "T08596"}}, {"type": "Feature", "geometry": {"type": "LineString", "coordinates": [[-80.1256621, 25.8003005], [-80.1256878, 25.800252], [-80.1257561, 25.8001279], [-80.1257891, 25.8000285], [-80.1257896, 25.7999598], [-80.1258071, 25.7998946], [-80.1258606, 25.7997078]]}, "properties": {"project": "FL4501", "date": "19450301", "kind": "Natural.Mean High Water", "source": "T08596"}}, {"type": "Feature", "geometry": {"type": "LineString", "coordinates": [[-80.1417573, 25.7964655], [-80.141665, 25.796498]]}, "properties": {"project": "FL4501", "date": "19450301", "kind": "Undetermined.Approximate", "source": "T08596"}}, {"type": "Feature", "geometry": {"type": "LineString", "coordinates": [[-80.1870692, 25.7971357], [-80.187097, 25.7969917], [-80.1871028, 25.7966292], [-80.1871012, 25.7964363]]}, "properties": {"project": "FL4501", "date": "19450301", "kind": "Man-made", "source": "T08596"}}, {"type": "Feature", "geometry": {"type": "LineString", "coordinates": [[-80.1871012, 25.7964363], [-80.1871007, 25.7963779]]}, "properties": {"project": "FL4501", "date": "19450301", "kind": "Shoreline/Alongshore Feature Boundary", "source": "T08596"}}, {"type": "Feature", "geometry": {"type": "LineString", "coordinates": [[-80.1871012, 25.7964363], [-80.1870229, 25.7964338], [-80.1870217, 25.7964591], [-80.186748, 25.7964537], [-80.1867264, 25.7964759], [-80.1866995, 25.7964923], [-80.1866512, 25.7964969], [-80.1866073, 25.7964849], [-80.1865806, 25.7964576], [-80.1865669, 25.7964167], [-80.1865672, 25.796374], [-80.1865911, 25.7963421], [-80.1866223, 25.7963267], [-80.186677, 25.7963231], [-80.1867135, 25.7963321], [-80.1867423, 25.7963546], [-80.1870223, 25.796359], [-80.1870244, 25.7963785], [-80.1871007, 25.7963779]]}, "properties": {"project": "FL4501", "date": "19450301", "kind": "Pier", "source": "T08596"}}, {"type": "Feature", "geometry": {"type": "LineString", "coordinates": [[-80.1267497, 25.7970429], [-80.126781, 25.7967263], [-80.1268206, 25.7964998], [-80.1269272, 25.7960616], [-80.1269325, 25.7960463]]}, "properties": {"project": "FL4501", "date": "19450301", "kind": "Natural.Mean High Water", "source": "T08596"}}, {"type": "Feature", "geometry": {"type": "LineString", "coordinates": [[-80.1269325, 25.7960463], [-80.1266467, 25.7959681]]}, "properties": {"project": "FL4501", "date": "19450301", "kind": "Pier", "source": "T08596"}}, {"type": "Feature", "geometry": {"type": "LineString", "coordinates": [[-80.1366891, 25.7958977], [-80.136554, 25.7959564], [-80.1364098, 25.7960389], [-80.1362739, 25.7961019], [-80.1361298, 25.7961844], [-80.1360509, 25.796233], [-80.1358966, 25.7963056], [-80.1356743, 25.796422], [-80.135407, 25.7965737], [-80.1352105, 25.7966792], [-80.135086, 25.7967569], [-80.1349609, 25.796831], [-80.1347712, 25.7969267], [-80.1346774, 25.7969752], [-80.1345448, 25.7970517], [-80.1344047, 25.7971354], [-80.1342802, 25.7972119], [-80.1341333, 25.7972908], [-80.1339151, 25.7974109], [-80.1338539, 25.7974387], [-80.1336995, 25.7975322], [-80.1335703, 25.7976038], [-80.1334173, 25.7976948], [-80.1332922, 25.797759], [-80.13304, 25.7978826], [-80.1327809, 25.7980282], [-80.1325165, 25.7981603], [-80.1322345, 25.7982947], [-80.1321862, 25.7983177]]}, "properties": {"project": "FL4501", "date": "19450301", "kind": "Man-made", "source": "T08596"}}, {"type": "Feature", "geometry": {"type": "LineString", "coordinates": [[-80.1368158, 25.7958347], [-80.1366891, 25.7958977]]}, "properties": {"project": "FL4501", "date": "19450301", "kind": "Undetermined.Approximate", "source": "T08596"}}, {"type": "Feature", "geometry": {"type": "LineString", "coordinates": [[-80.1366954, 25.7957874], [-80.1365636, 25.7958381], [-80.1363787, 25.79594], [-80.1361638, 25.7960564], [-80.1359694, 25.7961607], [-80.1357437, 25.7962673], [-80.1356839, 25.7962964], [-80.1355996, 25.7963498], [-80.135416, 25.7964444], [-80.1352447, 25.7965415], [-80.1351196, 25.7966094], [-80.1350434, 25.796658], [-80.1349549, 25.7967163], [-80.1348516, 25.7967574], [-80.1346559, 25.7968568], [-80.1344723, 25.7969587], [-80.1342738, 25.7970605], [-80.134078, 25.7971648], [-80.1338128, 25.7973128], [-80.1335217, 25.7974802], [-80.1334604, 25.7975216], [-80.1334224, 25.7975361], [-80.1331587, 25.7976669], [-80.1330323, 25.7977299], [-80.1329343, 25.7977955], [-80.1328526, 25.797849], [-80.1327492, 25.7979072], [-80.1326133, 25.79798], [-80.1323727, 25.798084], [-80.1322694, 25.7981349], [-80.1321798, 25.7981687]]}, "properties": {"project": "FL4501", "date": "19450301", "kind": "Man-made", "source": "T08596"}}, {"type": "Feature", "geometry": {"type": "LineString", "coordinates": [[-80.1367851, 25.7957389], [-80.1366954, 25.7957874]]}, "properties": {"project": "FL4501", "date": "19450301", "kind": "Undetermined.Approximate", "source": "T08596"}}, {"type": "Feature", "geometry": {"type": "LineString", "coordinates": [[-80.1451767, 25.7955255], [-80.1451776, 25.795772], [-80.1451827, 25.7958186], [-80.1451848, 25.7959057], [-80.1451809, 25.7961656], [-80.1451739, 25.7961925], [-80.1451377, 25.7962352], [-80.1451091, 25.7962596], [-80.1450711, 25.7962778], [-80.145033, 25.7962996], [-80.144999, 25.7963092], [-80.1449191, 25.7963161], [-80.1447193, 25.7963137], [-80.1444206, 25.7963156], [-80.144145, 25.796314], [-80.1440657, 25.7963172], [-80.1438733, 25.7963271], [-80.1433627, 25.7963278], [-80.1432699, 25.7963236000001], [-80.1432252, 25.7963306], [-80.1431669, 25.7963426], [-80.1428939, 25.7963532], [-80.1426426, 25.7963517], [-80.1423751, 25.7963502], [-80.1421346, 25.7963598], [-80.142001, 25.7963921], [-80.1418734, 25.7964281], [-80.1417573, 25.7964655]]}, "properties": {"project": "FL4501", "date": "19450301", "kind": "Man-made", "source": "T08596"}}, {"type": "Feature", "geometry": {"type": "LineString", "coordinates": [[-80.1451767, 25.7955255], [-80.145353, 25.7952041]]}, "properties": {"project": "FL4501", "date": "19450301", "kind": "Shoreline/Alongshore Feature Boundary", "source": "T08596"}}, {"type": "Feature", "geometry": {"type": "LineString", "coordinates": [[-80.145353, 25.7952041], [-80.1456105, 25.7951945], [-80.146113, 25.7951865], [-80.1462275, 25.7951896], [-80.1462191, 25.795501], [-80.1457024, 25.7955004], [-80.1454402, 25.7955111], [-80.1451767, 25.7955255]]}, "properties": {"project": "FL4501", "date": "19450301", "kind": "Pier", "source": "T08596"}}, {"type": "Feature", "geometry": {"type": "LineString", "coordinates": [[-80.1269325, 25.7960463], [-80.1269814, 25.7959056], [-80.1270933, 25.7955361], [-80.1271725, 25.7953339], [-80.1272435, 25.7950897]]}, "properties": {"project": "FL4501", "date": "19450301", "kind": "Natural.Mean High Water", "source": "T08596"}}, {"type": "Feature", "geometry": {"type": "LineString", "coordinates": [[-80.1272435, 25.7950897], [-80.1268583, 25.7950043]]}, "properties": {"project": "FL4501", "date": "19450301", "kind": "Pier", "source": "T08596"}}, {"type": "Feature", "geometry": {"type": "LineString", "coordinates": [[-80.1452128, 25.7949261], [-80.145416, 25.7949224], [-80.1454065, 25.7950241], [-80.1452356, 25.7950489], [-80.1452377, 25.7951323], [-80.1453501, 25.7951366], [-80.145353, 25.7952041]]}, "properties": {"project": "FL4501", "date": "19450301", "kind": "Man-made", "source": "T08596"}}, {"type": "Feature", "geometry": {"type": "LineString", "coordinates": [[-80.1280258, 25.8003134000001], [-80.1279702, 25.8003241], [-80.1278971, 25.8003249], [-80.1278741, 25.8003089], [-80.1278596, 25.8002622], [-80.1278531, 25.800218], [-80.1278603, 25.8001665], [-80.1278746999999, 25.8000538], [-80.1278691, 25.7997963], [-80.1278595, 25.7997165], [-80.1278394, 25.7996919], [-80.1278057, 25.7996708], [-80.1277596, 25.7996669], [-80.1277095, 25.7996666], [-80.127685, 25.7996812], [-80.1276522, 25.7997239], [-80.1276067, 25.7998413], [-80.1275765, 25.7999883], [-80.1275746, 25.8000594], [-80.1275553, 25.8000997], [-80.1275388, 25.8001413], [-80.1274964, 25.8002833], [-80.1274837, 25.800358], [-80.1274442, 25.8004767], [-80.1274128, 25.800506], [-80.127338, 25.8005582], [-80.1272659, 25.800597], [-80.1272047, 25.8006273], [-80.1270763, 25.800683], [-80.1269607, 25.8007472], [-80.1269212, 25.800774], [-80.1268482999999, 25.8008398], [-80.1266886, 25.8010007], [-80.1265784, 25.8011533], [-80.1265236, 25.8012461], [-80.1265028, 25.8013122], [-80.126423, 25.8015729], [-80.1263992, 25.8017616], [-80.126384, 25.802084], [-80.1263775, 25.8023292], [-80.1263919, 25.8023979], [-80.1264325, 25.8024877], [-80.1264794, 25.8025542], [-80.1265184, 25.8025936], [-80.1265562, 25.8026147], [-80.1266225, 25.8026249], [-80.1266522, 25.8026349], [-80.1266792, 25.8026596], [-80.126719, 25.8026807], [-80.1267784, 25.8027043], [-80.1268418, 25.8027317], [-80.1268755, 25.802765], [-80.1269264, 25.8028364], [-80.1269597, 25.8029175], [-80.1269773, 25.8030108], [-80.1269843, 25.8031605], [-80.1269941, 25.8033935], [-80.126999, 25.8037393], [-80.1269882, 25.8040139], [-80.1269615, 25.8042381], [-80.1269612, 25.8042774], [-80.1269472, 25.8044367], [-80.1269208, 25.8045223], [-80.1269108, 25.804591], [-80.1268738, 25.804744], [-80.1268763, 25.8047747], [-80.1268801, 25.8048139], [-80.1268677, 25.8048384], [-80.1268459, 25.8048603], [-80.1268322, 25.804886], [-80.1267774, 25.80505], [-80.1267279, 25.8051612], [-80.1266432, 25.805352], [-80.1266059, 25.8054511], [-80.1265294, 25.8056248], [-80.1264977, 25.8057043], [-80.1264865, 25.8057496], [-80.1263975, 25.8059648], [-80.1263685, 25.8060431], [-80.1262086999999, 25.8063181], [-80.126086, 25.8065123], [-80.1260271, 25.80661], [-80.1259168, 25.8067773], [-80.1258456, 25.8068824], [-80.1257383, 25.8070129], [-80.1256481, 25.8071252], [-80.1256044, 25.8071691], [-80.1255791, 25.8071996], [-80.1255598, 25.807251], [-80.1255502, 25.8072656000001], [-80.1255176, 25.8072728], [-80.1254809, 25.8072873], [-80.1254427, 25.807325], [-80.1253432, 25.807414], [-80.125206, 25.8075603], [-80.1251157, 25.8076774], [-80.1249798, 25.8078348], [-80.1249005, 25.80793], [-80.1247972, 25.808074], [-80.1247491, 25.8081608], [-80.1247092999999, 25.8082341], [-80.124703, 25.8082586], [-80.1247026, 25.8083125], [-80.1247091, 25.8083494], [-80.1246993, 25.8083959000001], [-80.1246828, 25.8084326], [-80.1246527, 25.8084655], [-80.1246225, 25.8085205], [-80.1246188, 25.8085695], [-80.1246076, 25.8088049], [-80.1246104, 25.8090612], [-80.1246286, 25.8092648000001], [-80.1246429, 25.8093434], [-80.1246862, 25.8096208], [-80.1247304, 25.8097841], [-80.1247299, 25.8098528], [-80.1247339, 25.8101434], [-80.1247155, 25.8103346], [-80.1246904, 25.8104448], [-80.124666, 25.810718], [-80.1246723, 25.8108714], [-80.1246794, 25.8110075], [-80.1247073, 25.8111818], [-80.1247038, 25.8112921], [-80.1247046, 25.8114577], [-80.1246793, 25.8115826], [-80.1246116, 25.8118495000001], [-80.1245523, 25.8120882], [-80.124493, 25.8123233], [-80.1244668, 25.8123844], [-80.1244501, 25.8124383], [-80.12439, 25.8125998], [-80.12435, 25.8127037], [-80.1242869, 25.812902], [-80.1242536, 25.8130011], [-80.1242227, 25.8130708], [-80.124221, 25.8131076], [-80.1242207, 25.813153], [-80.1242084, 25.8131725], [-80.1241811, 25.8131969], [-80.1241605, 25.8132311], [-80.1241328999999, 25.8132959], [-80.1240811, 25.8134329]]}, "properties": {"project": "FL4501", "date": "19450301", "kind": "Natural.Mean High Water", "source": "T08596"}}, {"type": "Feature", "geometry": {"type": "LineString", "coordinates": [[-80.1258606, 25.7997078], [-80.1255187, 25.7996214]]}, "properties": {"project": "FL4501", "date": "19450301", "kind": "Undetermined Alongshore Feature", "source": "T08596"}}, {"type": "Feature", "geometry": {"type": "LineString", "coordinates": [[-80.1452109, 25.7948525], [-80.1452128, 25.7949261]]}, "properties": {"project": "FL4501", "date": "19450301", "kind": "Natural.Mean High Water", "source": "T08596"}}, {"type": "Feature", "geometry": {"type": "LineString", "coordinates": [[-80.1453804, 25.7948436], [-80.1452109, 25.7948525]]}, "properties": {"project": "FL4501", "date": "19450301", "kind": "Pier", "source": "T08596"}}, {"type": "Feature", "geometry": {"type": "LineString", "coordinates": [[-80.1452092, 25.7947868], [-80.1452109, 25.7948525]]}, "properties": {"project": "FL4501", "date": "19450301", "kind": "Natural.Mean High Water", "source": "T08596"}}, {"type": "Feature", "geometry": {"type": "LineString", "coordinates": [[-80.1453632, 25.7947817], [-80.1452092, 25.7947868]]}, "properties": {"project": "FL4501", "date": "19450301", "kind": "Pier", "source": "T08596"}}, {"type": "Feature", "geometry": {"type": "LineString", "coordinates": [[-80.12269, 25.8083516], [-80.1224258, 25.808333]]}, "properties": {"project": "FL4501", "date": "19450301", "kind": "Pier", "source": "T08596"}}, {"type": "Feature", "geometry": {"type": "LineString", "coordinates": [[-80.12269, 25.8083516], [-80.1227323, 25.8081439], [-80.1228707, 25.8077711], [-80.1229057, 25.807665]]}, "properties": {"project": "FL4501", "date": "19450301", "kind": "Natural.Mean High Water", "source": "T08596"}}, {"type": "Feature", "geometry": {"type": "LineString", "coordinates": [[-80.1229057, 25.807665], [-80.1225859, 25.8075639]]}, "properties": {"project": "FL4501", "date": "19450301", "kind": "Pier", "source": "T08596"}}, {"type": "Feature", "geometry": {"type": "LineString", "coordinates": [[-80.1229057, 25.807665], [-80.1229386, 25.8075654], [-80.1230079, 25.8073056], [-80.1230803, 25.8070158], [-80.1231123, 25.8069299]]}, "properties": {"project": "FL4501", "date": "19450301", "kind": "Natural.Mean High Water", "source": "T08596"}}, {"type": "Feature", "geometry": {"type": "LineString", "coordinates": [[-80.1231123, 25.8069299], [-80.1228161, 25.8068443]]}, "properties": {"project": "FL4501", "date": "19450301", "kind": "Pier", "source": "T08596"}}, {"type": "Feature", "geometry": {"type": "LineString", "coordinates": [[-80.140839, 25.8063233], [-80.1407354, 25.8064109], [-80.1405846, 25.8065633000001], [-80.1404836, 25.8066657], [-80.1404732, 25.8067061], [-80.1404485, 25.806744], [-80.1404198, 25.8067818], [-80.140398, 25.8067989], [-80.1403613, 25.8068134], [-80.1403355, 25.8068255], [-80.140315, 25.8068536], [-80.1403052, 25.8068915], [-80.1402997, 25.8069062], [-80.140282, 25.8069159], [-80.140244, 25.8069279], [-80.1402155, 25.8069437], [-80.1401138, 25.8070461], [-80.1400156, 25.8071412], [-80.1399623, 25.8072058], [-80.1398429, 25.8073265], [-80.1397269, 25.8074472], [-80.1395898, 25.8075825], [-80.1395256, 25.8076483], [-80.1395119, 25.8076691], [-80.1394874, 25.8076886], [-80.1394451, 25.8077263], [-80.1393243, 25.8078507], [-80.1393065, 25.80788], [-80.1392968, 25.8079192], [-80.1392913, 25.8079277000001], [-80.1392709, 25.807935], [-80.1392274, 25.8079519], [-80.1392016, 25.8079689], [-80.1391811, 25.8079909], [-80.1391606, 25.808014], [-80.1390986, 25.8080713], [-80.1390249, 25.8081383], [-80.138969, 25.8081919], [-80.1389253, 25.8082419], [-80.1388911, 25.8082822], [-80.1388652, 25.808309], [-80.1387567, 25.8084163], [-80.1386339, 25.8085443], [-80.1386094, 25.8085613], [-80.1385875, 25.8085869], [-80.1385772, 25.8086053], [-80.1385308, 25.8086614], [-80.1384858, 25.808704], [-80.138472, 25.8087371], [-80.1384596, 25.8087591], [-80.1384406, 25.80877], [-80.1384067, 25.8087771], [-80.1383781, 25.808799], [-80.1383494, 25.8088344], [-80.1383071, 25.8088746], [-80.138219, 25.8089722], [-80.1381358, 25.8090563], [-80.1381207, 25.8090808], [-80.1381177, 25.8091151], [-80.1381081, 25.8091334], [-80.1380795, 25.8091479], [-80.1380429, 25.8091624], [-80.1380252, 25.8091709], [-80.1379086, 25.8092769], [-80.1378444, 25.8093501], [-80.1377407, 25.8094537], [-80.1376801, 25.8094999], [-80.1376243, 25.8095352], [-80.1375863, 25.8095484], [-80.137551, 25.8095531], [-80.1375334, 25.8095493], [-80.1374943, 25.8095332], [-80.1374699, 25.8095281], [-80.1372854, 25.8094804], [-80.1371157, 25.8094353], [-80.1369695, 25.8094123], [-80.1369485, 25.8094122], [-80.1369295, 25.8094231], [-80.1368834, 25.8094315], [-80.1368279, 25.8094274], [-80.1367657, 25.8094136], [-80.1367076, 25.8093924], [-80.1366001, 25.8093636], [-80.1365392, 25.8093509], [-80.1364566, 25.8093419], [-80.1363599, 25.8093266], [-80.1362042, 25.8093171], [-80.1360288, 25.8093185], [-80.1357653, 25.8093169], [-80.1355383, 25.8093254], [-80.1354868, 25.80933], [-80.1353113, 25.8093473], [-80.1352367, 25.8093604], [-80.1350597, 25.80939], [-80.1349362, 25.8094162], [-80.1346845, 25.8094699], [-80.1345034, 25.8095105], [-80.1344056, 25.8095418], [-80.1342814, 25.8095864], [-80.1341671, 25.8096532], [-80.134048, 25.8097346], [-80.1338833, 25.809844], [-80.1337285, 25.8099755], [-80.1336385, 25.810062], [-80.1335948, 25.8101059], [-80.133579, 25.8101463], [-80.1335666, 25.8101744000001], [-80.1335488, 25.8101951], [-80.133523, 25.8102072], [-80.1335013, 25.8102132], [-80.1334754, 25.8102266], [-80.1334166, 25.810301], [-80.1333441, 25.8104073], [-80.13321, 25.8105928], [-80.1332057, 25.8106259], [-80.1332068, 25.8106627], [-80.1331916, 25.810692], [-80.1331603, 25.8107225], [-80.1330685, 25.8108568], [-80.1329551, 25.811083], [-80.1328578, 25.8113252], [-80.132806, 25.8114757], [-80.1327825, 25.8115393], [-80.1327657, 25.8116067], [-80.1326917, 25.8118184], [-80.132619, 25.8120288], [-80.1325941, 25.8121096], [-80.1325515, 25.8122822], [-80.1325318, 25.8123765], [-80.1324683, 25.8126361], [-80.1324576, 25.8127071], [-80.1324547, 25.8127402], [-80.132468, 25.8127673], [-80.1324773, 25.8127919], [-80.1324594, 25.812831], [-80.1324563, 25.8128935], [-80.132463, 25.8131793], [-80.1324615, 25.8134735], [-80.1324712, 25.8135459], [-80.1324774, 25.8136232], [-80.1324865, 25.8136674], [-80.1324967, 25.813757], [-80.1325158, 25.8139536]]}, "properties": {"project": "FL4501", "date": "19450301", "kind": "Man-made", "source": "T08596"}}, {"type": "Feature", "geometry": {"type": "LineString", "coordinates": [[-80.1231123, 25.8069299], [-80.1232051, 25.8066807], [-80.1233132999999, 25.8064255], [-80.1233606, 25.8062987]]}, "properties": {"project": "FL4501", "date": "19450301", "kind": "Natural.Mean High Water", "source": "T08596"}}, {"type": "Feature", "geometry": {"type": "LineString", "coordinates": [[-80.1409264, 25.806222], [-80.140839, 25.8063233]]}, "properties": {"project": "FL4501", "date": "19450301", "kind": "Undetermined.Approximate", "source": "T08596"}}, {"type": "Feature", "geometry": {"type": "LineString", "coordinates": [[-80.1233606, 25.8062987], [-80.1229186, 25.8061656]]}, "properties": {"project": "FL4501", "date": "19450301", "kind": "Pier", "source": "T08596"}}, {"type": "Feature", "geometry": {"type": "LineString", "coordinates": [[-80.1233606, 25.8062987], [-80.1234884, 25.8059567], [-80.1235936, 25.8056201]]}, "properties": {"project": "FL4501", "date": "19450301", "kind": "Natural.Mean High Water", "source": "T08596"}}, {"type": "Feature", "geometry": {"type": "LineString", "coordinates": [[-80.1235936, 25.8056201], [-80.1231012, 25.805474]]}, "properties": {"project": "FL4501", "date": "19450301", "kind": "Pier", "source": "T08596"}}, {"type": "Feature", "geometry": {"type": "LineString", "coordinates": [[-80.1300834, 25.799378], [-80.1298673, 25.799483], [-80.1296545, 25.7995908], [-80.1294499, 25.7996987], [-80.1291026, 25.7998634], [-80.1289211, 25.799958], [-80.1288137, 25.800015], [-80.1286401999999, 25.8001145], [-80.1285315, 25.8001714], [-80.128369, 25.8002526], [-80.1282508, 25.8003046], [-80.1280489, 25.8004003], [-80.1280013, 25.8004245], [-80.12797, 25.8004452], [-80.1277735, 25.8005531], [-80.1276891, 25.8006164], [-80.1276133, 25.8006993], [-80.1275231, 25.8008091], [-80.1274751, 25.800891], [-80.1274152, 25.8010157000001], [-80.127381, 25.8010731], [-80.1273438, 25.8011538], [-80.1272929, 25.8013509], [-80.1272855, 25.8014367], [-80.1272621, 25.80158], [-80.1272286, 25.8017221], [-80.1271907, 25.801983], [-80.1271851, 25.802292], [-80.1271809, 25.8025887], [-80.1271839, 25.8028204], [-80.1271837, 25.8028597], [-80.1271948999999, 25.8028928], [-80.1271918, 25.8029505], [-80.1271888, 25.8031748], [-80.1271967, 25.803479], [-80.1271953, 25.8037708], [-80.1271657, 25.8040158], [-80.1271598, 25.8040759], [-80.1271578, 25.8042684], [-80.1271543, 25.8043652], [-80.1271387, 25.8045515], [-80.1271163, 25.8046568], [-80.127073, 25.8049226], [-80.1270027, 25.8051907], [-80.1269149, 25.8054232], [-80.1268857, 25.805526], [-80.1268243, 25.8056912], [-80.1268075, 25.8057622], [-80.1267007, 25.8060043], [-80.1266608, 25.806096], [-80.1265556, 25.8063124], [-80.126517, 25.8063931], [-80.1264024, 25.8065997], [-80.1263543, 25.8066889], [-80.1262357, 25.8068905], [-80.1262041, 25.8069443], [-80.1261864, 25.8069601], [-80.1261647, 25.8069698], [-80.1261443, 25.8069819], [-80.126123, 25.8070124], [-80.1261148, 25.8070332], [-80.1261199, 25.8070725], [-80.1261223, 25.8071154], [-80.1261098, 25.8071583], [-80.126085, 25.8072194], [-80.1260547, 25.8072855], [-80.1259428, 25.8074871], [-80.1258947, 25.8075763000001], [-80.125839, 25.8076888000001], [-80.1258172, 25.8077144], [-80.1257954, 25.8077253], [-80.1257655, 25.8077435], [-80.125745, 25.8077655], [-80.1257367, 25.8077863], [-80.1257379, 25.8078083], [-80.1257484, 25.8078501], [-80.1257449, 25.8078758], [-80.1257037, 25.807954], [-80.1256613, 25.808009], [-80.1256421, 25.8080395], [-80.1256294, 25.8081105], [-80.1255819, 25.8082157], [-80.12556, 25.8082462], [-80.1255327, 25.8082657], [-80.1255095, 25.8082888], [-80.1255039, 25.8083219], [-80.1255035, 25.8083648], [-80.1254992, 25.8084077], [-80.1254431, 25.8085717], [-80.1254028, 25.8087088], [-80.1253741, 25.8088423], [-80.1253595, 25.8089869], [-80.125346, 25.8092565], [-80.1253395, 25.8093068], [-80.1253108, 25.8093385], [-80.1253066, 25.8093642], [-80.1253131, 25.8093924], [-80.1253251, 25.8094232], [-80.1253315, 25.8094759], [-80.125339, 25.8095593], [-80.125339, 25.8098389], [-80.1253483, 25.8099554], [-80.1253533, 25.8100119], [-80.1253502, 25.8100597], [-80.1253405, 25.8100989], [-80.1253321, 25.8101282], [-80.125334, 25.8101454], [-80.1253447, 25.8101639], [-80.1253594, 25.8101958], [-80.1253586, 25.8102976], [-80.1253609, 25.8103602], [-80.1253795, 25.8106827], [-80.1253659, 25.8109696], [-80.1253394, 25.8111583], [-80.125323, 25.811179], [-80.1253146, 25.811217], [-80.1253266, 25.8112514], [-80.1253403, 25.8113177], [-80.1253397, 25.8113998], [-80.1253364, 25.811477], [-80.1253318, 25.8115555], [-80.125318, 25.8116854], [-80.1252892, 25.8117232], [-80.1252836, 25.8117477], [-80.1252942, 25.8117821], [-80.1252993, 25.8118287], [-80.1252654, 25.8121093], [-80.1252461, 25.8122527], [-80.1252309, 25.8122844], [-80.1252077, 25.8123064], [-80.1251981, 25.8123272], [-80.1251992, 25.812359], [-80.1252126, 25.8123873], [-80.1252232, 25.8124095], [-80.1252247, 25.8124806], [-80.1252118, 25.8125884], [-80.1251951, 25.8127342], [-80.1251774, 25.8129389], [-80.1251527, 25.813065], [-80.1251443, 25.8131005], [-80.1251293, 25.8131115], [-80.1251035, 25.8131285], [-80.1250911, 25.8131542], [-80.1250909, 25.8131762], [-80.1251069, 25.8132119], [-80.125114, 25.8132634], [-80.125062, 25.8135267], [-80.1250481, 25.8136542]]}, "properties": {"project": "FL4501", "date": "19450301", "kind": "Man-made", "source": "T08596"}}, {"type": "Feature", "geometry": {"type": "LineString", "coordinates": [[-80.1302005, 25.7993346], [-80.1300834, 25.799378]]}, "properties": {"project": "FL4501", "date": "19450301", "kind": "Undetermined.Approximate", "source": "T08596"}}, {"type": "Feature", "geometry": {"type": "LineString", "coordinates": [[-80.1300285, 25.7992869], [-80.1298463, 25.7993802], [-80.1296036, 25.7995124], [-80.1294779, 25.7995742], [-80.1294317, 25.7995886], [-80.129349, 25.7995955], [-80.1292912, 25.7996246], [-80.1292503, 25.7996623], [-80.1292311, 25.7996941], [-80.1292093, 25.7997173], [-80.1290815999999, 25.7997741], [-80.1288022, 25.7999098], [-80.1286533, 25.7999898], [-80.1285825, 25.8000397], [-80.1285199, 25.8000773], [-80.1283888, 25.8001391], [-80.1282678, 25.8001972], [-80.1280741, 25.8002892], [-80.1280258, 25.8003134000001]]}, "properties": {"project": "FL4501", "date": "19450301", "kind": "Man-made", "source": "T08596"}}, {"type": "Feature", "geometry": {"type": "LineString", "coordinates": [[-80.1301339, 25.7992287], [-80.1300285, 25.7992869]]}, "properties": {"project": "FL4501", "date": "19450301", "kind": "Undetermined.Approximate", "source": "T08596"}}, {"type": "Feature", "geometry": {"type": "LineString", "coordinates": [[-80.1258606, 25.7997078], [-80.1258655, 25.7996906], [-80.1259727, 25.7994344], [-80.1260735, 25.7991499], [-80.1262075, 25.7988252]]}, "properties": {"project": "FL4501", "date": "19450301", "kind": "Natural.Mean High Water", "source": "T08596"}}, {"type": "Feature", "geometry": {"type": "LineString", "coordinates": [[-80.1262075, 25.7988252], [-80.12583, 25.7987294]]}, "properties": {"project": "FL4501", "date": "19450301", "kind": "Undetermined Alongshore Feature", "source": "T08596"}}, {"type": "Feature", "geometry": {"type": "LineString", "coordinates": [[-80.1438634, 25.7987233], [-80.1439548, 25.7987192000001]]}, "properties": {"project": "FL4501", "date": "19450301", "kind": "Undetermined.Approximate", "source": "T08596"}}, {"type": "Feature", "geometry": {"type": "LineString", "coordinates": [[-80.1439548, 25.7987192000001], [-80.1445827, 25.7987162], [-80.1450116, 25.7987154], [-80.1450367, 25.7987102], [-80.1450471, 25.7986956], [-80.1450722, 25.798685], [-80.1450988, 25.7986812], [-80.1451386, 25.7986828], [-80.1451547, 25.7986895], [-80.1451871, 25.7986991], [-80.1452755, 25.7986969], [-80.145672, 25.7986972], [-80.1456853, 25.7986933], [-80.1457046, 25.7986788], [-80.1457297, 25.7986682], [-80.1457592, 25.7986644], [-80.1457769, 25.7986672], [-80.1457974, 25.7986753], [-80.1458209, 25.7986861], [-80.1459049, 25.7986959], [-80.1459962, 25.7986978], [-80.1460685, 25.7986936], [-80.1461673, 25.7986861], [-80.1464812, 25.7986866], [-80.1466978, 25.7986906], [-80.1467655, 25.7987063], [-80.1468317, 25.7987214], [-80.1468817, 25.7987404], [-80.146936, 25.7987687], [-80.146999, 25.7988224], [-80.1470736, 25.7989096], [-80.1471478, 25.7990475], [-80.1471986, 25.7991532], [-80.1472334, 25.7992321], [-80.1472985, 25.7993959], [-80.1473463, 25.7995189], [-80.1473854, 25.7996112], [-80.1473966, 25.7996953], [-80.1473931, 25.7997834], [-80.1473728, 25.7999387], [-80.1473338, 25.8000265], [-80.1472891, 25.800105], [-80.1472251, 25.8001833], [-80.1471643, 25.800243], [-80.1470591, 25.8003104], [-80.1470132, 25.8003455], [-80.1469674, 25.8003586], [-80.1468907, 25.8003655], [-80.1463173, 25.8003768], [-80.1461065, 25.8003755], [-80.1460137, 25.800379], [-80.1453902, 25.8003787], [-80.1453607, 25.8003878], [-80.145337, 25.800405], [-80.1453207, 25.8004116], [-80.1452927, 25.8004128], [-80.1452765, 25.8004047], [-80.1452634, 25.8003913], [-80.1452281, 25.800383], [-80.1448772, 25.800391], [-80.1444424, 25.8003911], [-80.1443923, 25.8003975], [-80.1443553, 25.8004106], [-80.1443346, 25.8004225], [-80.1443051, 25.8004343], [-80.1442697, 25.8004341], [-80.1442462, 25.800426], [-80.1442212, 25.8004138], [-80.1441652, 25.8004081], [-80.1441165, 25.8004159], [-80.1436669, 25.8004252], [-80.1432218, 25.8004259000001], [-80.1429801, 25.8004272], [-80.142927, 25.8004382], [-80.1428724, 25.8004432], [-80.1424125, 25.8004485], [-80.1419659, 25.8004492], [-80.1418657, 25.800442], [-80.1417568, 25.8004253], [-80.1416569, 25.800378], [-80.1415484, 25.800298], [-80.1414738, 25.8002242], [-80.1414329, 25.8001666], [-80.1413979, 25.8001143], [-80.1413659, 25.8000554], [-80.1413515, 25.80001], [-80.141339, 25.7999072], [-80.1413319, 25.7998704], [-80.1413217, 25.7998584], [-80.141307, 25.7998503], [-80.1412938, 25.7998329], [-80.1412955, 25.7998115], [-80.141303, 25.7997942], [-80.1413281, 25.799781], [-80.1413401, 25.7997584], [-80.1413435, 25.7996931], [-80.1413503, 25.7993622], [-80.1413673, 25.7992576], [-80.1414213, 25.7991205], [-80.1414958, 25.7990102], [-80.1415761, 25.7989173], [-80.1416856, 25.7988552], [-80.1418113, 25.7987986], [-80.1419499, 25.7987787], [-80.1420311, 25.7987645], [-80.1420592, 25.798754], [-80.1420931, 25.7987502], [-80.1421387, 25.7987572], [-80.1421917, 25.7987668], [-80.1424526, 25.7987683], [-80.1424777, 25.7987618], [-80.1425029, 25.7987446], [-80.1425324, 25.7987328], [-80.1425678, 25.7987343], [-80.1425839, 25.7987451], [-80.1426016, 25.7987505], [-80.1427873, 25.7987536], [-80.143029, 25.7987564], [-80.1430423, 25.7987498], [-80.1430866, 25.7987381], [-80.1431898, 25.7987307], [-80.1438634, 25.7987233]]}, "properties": {"project": "FL4501", "date": "19450301", "kind": "Man-made", "source": "T08596"}}, {"type": "Feature", "geometry": {"type": "LineString", "coordinates": [[-80.1436029, 25.7984616], [-80.1435513, 25.7984666]]}, "properties": {"project": "FL4501", "date": "19450301", "kind": "Undetermined.Approximate", "source": "T08596"}}, {"type": "Feature", "geometry": {"type": "LineString", "coordinates": [[-80.1862039, 25.8033787], [-80.185864, 25.8033866], [-80.1854205, 25.803406], [-80.1854055, 25.8030355], [-80.1854004, 25.802655], [-80.1853974, 25.8022805], [-80.1854056, 25.8018941], [-80.185385, 25.8015255], [-80.1853854, 25.8008124], [-80.1853825, 25.800436], [-80.1853839, 25.8000695], [-80.1854863, 25.800068], [-80.1855171, 25.8000583], [-80.1855238, 25.8000424], [-80.1855284, 25.8000125], [-80.1855221, 25.7999706], [-80.1855007, 25.7998829], [-80.1854181, 25.799735], [-80.1853955, 25.7996672], [-80.185391, 25.7993584], [-80.1853947, 25.798978], [-80.1853733, 25.7987289], [-80.1853675, 25.798452], [-80.1858208, 25.7984426], [-80.1861266, 25.7984278]]}, "properties": {"project": "FL4501", "date": "19450301", "kind": "Man-made", "source": "T08596"}}, {"type": "Feature", "geometry": {"type": "LineString", "coordinates": [[-80.1861266, 25.7984278], [-80.1863247, 25.7984183]]}, "properties": {"project": "FL4501", "date": "19450301", "kind": "Man-made", "source": "T08596"}}, {"type": "Feature", "geometry": {"type": "LineString", "coordinates": [[-80.1320094, 25.7984172], [-80.1317396, 25.798548], [-80.1315635, 25.7986426000001], [-80.1314546999999, 25.7986959], [-80.1312149, 25.7988085], [-80.1310524, 25.7988897], [-80.1308546, 25.7989878], [-80.1307675, 25.7990462], [-80.1307049, 25.7990862], [-80.130586, 25.7991407], [-80.1305016, 25.799188], [-80.1304188, 25.7992231], [-80.1302005, 25.7993346]]}, "properties": {"project": "FL4501", "date": "19450301", "kind": "Man-made", "source": "T08596"}}, {"type": "Feature", "geometry": {"type": "LineString", "coordinates": [[-80.1389556, 25.8142602], [-80.1390099, 25.8143007], [-80.1390328, 25.8143106], [-80.1390555999999, 25.8143182]]}, "properties": {"project": "FL4501", "date": "19450301", "kind": "Undetermined.Approximate", "source": "T08596"}}, {"type": "Feature", "geometry": {"type": "LineString", "coordinates": [[-80.1318669, 25.8170419], [-80.1319036, 25.8170002], [-80.1319292, 25.8169549], [-80.1319497, 25.8169366], [-80.1319851, 25.8169049], [-80.1320029, 25.8168781], [-80.132036, 25.8168035], [-80.1320704, 25.8167215], [-80.1321397, 25.8165993], [-80.132166, 25.8165234], [-80.1322073, 25.8164342], [-80.1322355, 25.8163767], [-80.1322426, 25.8163314], [-80.1322456, 25.8162885], [-80.1322526, 25.8162616], [-80.1322621, 25.8162579], [-80.1322975, 25.8162398], [-80.1323071, 25.8162251], [-80.1323401, 25.8161493], [-80.132418, 25.8159695], [-80.1324711, 25.8158374], [-80.1324973, 25.8157787], [-80.1325096, 25.815753], [-80.1325083999999, 25.8157358], [-80.1324977, 25.8157174], [-80.132489, 25.8157002], [-80.1324851, 25.8156842], [-80.1324906, 25.815672], [-80.1325042, 25.8156598], [-80.1325342, 25.8156342], [-80.1325479, 25.815611], [-80.1325783, 25.8155315], [-80.1326183, 25.815441], [-80.1326757, 25.8152795], [-80.1327443, 25.8150604], [-80.1327672, 25.8149882], [-80.1327701, 25.8149637], [-80.1327622, 25.814933], [-80.1327623, 25.8149097], [-80.1327707, 25.814884], [-80.1327843, 25.8148681], [-80.1328088, 25.8148548], [-80.1328211, 25.8148414], [-80.1328226, 25.8148206], [-80.1328175, 25.8147801], [-80.1328115, 25.8147616], [-80.1328116, 25.8147457], [-80.1328199, 25.8147224000001], [-80.1328377, 25.8146968], [-80.1328609, 25.8146761], [-80.132872, 25.814648], [-80.1328859, 25.8145941], [-80.1328903, 25.8145438], [-80.1328906, 25.8145083], [-80.1329229, 25.8144386], [-80.1329385, 25.8143406], [-80.1329402, 25.8142916], [-80.1329364, 25.814256], [-80.1329362, 25.8141910000001], [-80.1329497, 25.8140861]]}, "properties": {"project": "FL4501", "date": "19450301", "kind": "Man-made", "source": "T08596"}}, {"type": "Feature", "geometry": {"type": "LineString", "coordinates": [[-80.132511, 25.8140681], [-80.1325076, 25.8141175], [-80.1325014, 25.8142303], [-80.1324915, 25.8143798], [-80.1324758, 25.8144925], [-80.1324483, 25.8146444], [-80.1324076, 25.8148355], [-80.1323389, 25.8150656], [-80.1322635, 25.8152772], [-80.1322338, 25.8153519], [-80.1322214, 25.81538], [-80.1322157, 25.8154192], [-80.1322182, 25.8154548], [-80.132222, 25.8154805], [-80.1322165, 25.8155026], [-80.1322015, 25.8155147], [-80.1321729, 25.8155317], [-80.1321633, 25.8155525], [-80.1321712, 25.8155783], [-80.1321751, 25.8156029], [-80.1321743, 25.8156151], [-80.1321525, 25.8156383], [-80.132132, 25.8156566], [-80.1321127, 25.8157006], [-80.1320866, 25.8157581], [-80.1320178, 25.8158962], [-80.1319525, 25.8160319], [-80.1319509, 25.8160699], [-80.1319491, 25.8161214], [-80.1319409, 25.8161361], [-80.1319, 25.8161677000001], [-80.1318795, 25.8161933], [-80.1318265, 25.8163083], [-80.1317508, 25.8164795], [-80.1316539, 25.8166714], [-80.1315925, 25.8168121], [-80.1314954, 25.8169743], [-80.1314238, 25.8170419]]}, "properties": {"project": "FL4501", "date": "19450301", "kind": "Man-made", "source": "T08596"}}, {"type": "Feature", "geometry": {"type": "LineString", "coordinates": [[-80.1859185, 25.8143247], [-80.1859293, 25.8142718], [-80.1859484, 25.8142323], [-80.1859904, 25.8141947], [-80.1860344, 25.8141685000001], [-80.1860889, 25.8141367], [-80.1861372, 25.8140953], [-80.1861667, 25.8140577]]}, "properties": {"project": "FL4501", "date": "19450301", "kind": "Natural.Mean High Water", "source": "T08596"}}, {"type": "Feature", "geometry": {"type": "LineString", "coordinates": [[-80.1391491, 25.8140577], [-80.1391856, 25.8140689]]}, "properties": {"project": "FL4501", "date": "19450301", "kind": "Undetermined.Approximate", "source": "T08596"}}, {"type": "Feature", "geometry": {"type": "LineString", "coordinates": [[-80.1861667, 25.8140577], [-80.1862238, 25.8139635]]}, "properties": {"project": "FL4501", "date": "19450301", "kind": "Undetermined.Approximate", "source": "T08596"}}, {"type": "Feature", "geometry": {"type": "LineString", "coordinates": [[-80.1329497, 25.8140861], [-80.1329535, 25.8140562], [-80.1329364, 25.8139575]]}, "properties": {"project": "FL4501", "date": "19450301", "kind": "Undetermined.Approximate", "source": "T08596"}}, {"type": "Feature", "geometry": {"type": "LineString", "coordinates": [[-80.1325158, 25.8139536], [-80.1325175, 25.8139717], [-80.132511, 25.8140681]]}, "properties": {"project": "FL4501", "date": "19450301", "kind": "Undetermined.Approximate", "source": "T08596"}}, {"type": "Feature", "geometry": {"type": "LineString", "coordinates": [[-80.1217579, 25.8146191], [-80.1217928, 25.8144737], [-80.1218113, 25.8141569], [-80.1218325, 25.8139305]]}, "properties": {"project": "FL4501", "date": "19450301", "kind": "Natural.Mean High Water", "source": "T08596"}}, {"type": "Feature", "geometry": {"type": "LineString", "coordinates": [[-80.1218325, 25.8139305], [-80.1215313, 25.8139041]]}, "properties": {"project": "FL4501", "date": "19450301", "kind": "Undetermined Alongshore Feature", "source": "T08596"}}, {"type": "Feature", "geometry": {"type": "LineString", "coordinates": [[-80.1327446, 25.8139072], [-80.1327724, 25.8138894000001], [-80.1327845, 25.8138656], [-80.132786, 25.813837], [-80.1327704, 25.8138106], [-80.1327454, 25.8138033], [-80.1327097, 25.8138031], [-80.1326938, 25.8138185], [-80.1326844, 25.8138495], [-80.1326881, 25.8138818], [-80.132709, 25.8138998], [-80.1327446, 25.8139072]]}, "properties": {"project": "FL4501", "date": "19450301", "kind": "Natural.Mean High Water", "source": "T08596"}}, {"type": "Feature", "geometry": {"type": "LineString", "coordinates": [[-80.1250501, 25.8137523], [-80.1250274, 25.8138098], [-80.1249986, 25.8138537], [-80.1249767, 25.8138879], [-80.1249657, 25.8139075], [-80.1249655, 25.8139271], [-80.1249734, 25.8139566], [-80.1249743, 25.8140216], [-80.1249645, 25.8140706], [-80.1249339, 25.8142715], [-80.1249346, 25.8143561], [-80.1248981, 25.814617], [-80.124852, 25.8149086], [-80.1248429, 25.8149514], [-80.1248224, 25.8149648], [-80.124802, 25.8149819], [-80.1247937, 25.8150088], [-80.1247921, 25.8150345], [-80.1248041, 25.8150616], [-80.1248121, 25.8150861], [-80.1248145, 25.8151303], [-80.1248074, 25.8151719], [-80.1247724, 25.8154157]]}, "properties": {"project": "FL4501", "date": "19450301", "kind": "Natural.Mean High Water", "source": "T08596"}}, {"type": "Feature", "geometry": {"type": "LineString", "coordinates": [[-80.1250481, 25.8136542], [-80.1250501, 25.8137523]]}, "properties": {"project": "FL4501", "date": "19450301", "kind": "Undetermined.Approximate", "source": "T08596"}}, {"type": "Feature", "geometry": {"type": "LineString", "coordinates": [[-80.1240548, 25.8135161], [-80.1239106, 25.8138672], [-80.1238437, 25.8140323], [-80.1238395, 25.8140494], [-80.1238408, 25.8140654], [-80.123846, 25.8140863], [-80.1238593, 25.8141219], [-80.1238631, 25.8141575], [-80.1238554, 25.8141918], [-80.1238458, 25.8142101], [-80.1238186, 25.8142271], [-80.1238034, 25.8142613], [-80.1237975, 25.8143251], [-80.1237854, 25.8144712]]}, "properties": {"project": "FL4501", "date": "19450301", "kind": "Natural.Mean High Water", "source": "T08596"}}, {"type": "Feature", "geometry": {"type": "LineString", "coordinates": [[-80.1240811, 25.8134329], [-80.1240548, 25.8135161]]}, "properties": {"project": "FL4501", "date": "19450301", "kind": "Undetermined.Approximate", "source": "T08596"}}, {"type": "Feature", "geometry": {"type": "LineString", "coordinates": [[-80.1218325, 25.8139305], [-80.121838, 25.8138719], [-80.121908, 25.8135194], [-80.121961, 25.8132878], [-80.1219726, 25.8131932]]}, "properties": {"project": "FL4501", "date": "19450301", "kind": "Natural.Mean High Water", "source": "T08596"}}, {"type": "Feature", "geometry": {"type": "LineString", "coordinates": [[-80.1219726, 25.8131932], [-80.1217453, 25.8131795]]}, "properties": {"project": "FL4501", "date": "19450301", "kind": "Pier", "source": "T08596"}}, {"type": "Feature", "geometry": {"type": "LineString", "coordinates": [[-80.1862238, 25.8139635], [-80.1862636, 25.8139373], [-80.1863015, 25.8138978], [-80.1863206, 25.8138563], [-80.1863477, 25.813709], [-80.1863918, 25.8133615], [-80.1864365, 25.8130839], [-80.1864418, 25.8129233], [-80.1864457, 25.8128943]]}, "properties": {"project": "FL4501", "date": "19450301", "kind": "Natural.Mean High Water", "source": "T08596"}}, {"type": "Feature", "geometry": {"type": "LineString", "coordinates": [[-80.1864457, 25.8128943], [-80.186185, 25.8128929]]}, "properties": {"project": "FL4501", "date": "19450301", "kind": "Pier", "source": "T08596"}}, {"type": "Feature", "geometry": {"type": "LineString", "coordinates": [[-80.1219726, 25.8131932], [-80.1219862, 25.8130827], [-80.122014, 25.8129197], [-80.1220704999999, 25.8127139], [-80.1221384, 25.8125437]]}, "properties": {"project": "FL4501", "date": "19450301", "kind": "Natural.Mean High Water", "source": "T08596"}}, {"type": "Feature", "geometry": {"type": "LineString", "coordinates": [[-80.1221384, 25.8125437], [-80.1218559, 25.8125058]]}, "properties": {"project": "FL4501", "date": "19450301", "kind": "Pier", "source": "T08596"}}, {"type": "Feature", "geometry": {"type": "LineString", "coordinates": [[-80.1414144, 25.8054533], [-80.1414093, 25.8054042]]}, "properties": {"project": "FL4501", "date": "19450301", "kind": "Undetermined.Approximate", "source": "T08596"}}, {"type": "Feature", "geometry": {"type": "LineString", "coordinates": [[-80.1235936, 25.8056201], [-80.1236643, 25.8053936], [-80.1237205, 25.8052545]]}, "properties": {"project": "FL4501", "date": "19450301", "kind": "Natural.Mean High Water", "source": "T08596"}}, {"type": "Feature", "geometry": {"type": "LineString", "coordinates": [[-80.1237205, 25.8052545], [-80.1234421, 25.805167]]}, "properties": {"project": "FL4501", "date": "19450301", "kind": "Pier", "source": "T08596"}}, {"type": "Feature", "geometry": {"type": "LineString", "coordinates": [[-80.1237205, 25.8052545], [-80.1238585, 25.8049129], [-80.1238747, 25.8048679]]}, "properties": {"project": "FL4501", "date": "19450301", "kind": "Natural.Mean High Water", "source": "T08596"}}, {"type": "Feature", "geometry": {"type": "LineString", "coordinates": [[-80.1238747, 25.8048679], [-80.1236345, 25.8047856]]}, "properties": {"project": "FL4501", "date": "19450301", "kind": "Pier", "source": "T08596"}}, {"type": "Feature", "geometry": {"type": "LineString", "coordinates": [[-80.1238747, 25.8048679], [-80.1238992, 25.8047998], [-80.1241303, 25.8042112], [-80.1241819, 25.8040769]]}, "properties": {"project": "FL4501", "date": "19450301", "kind": "Natural.Mean High Water", "source": "T08596"}}, {"type": "Feature", "geometry": {"type": "LineString", "coordinates": [[-80.1241819, 25.8040769], [-80.1239125, 25.8040136]]}, "properties": {"project": "FL4501", "date": "19450301", "kind": "Pier", "source": "T08596"}}, {"type": "Feature", "geometry": {"type": "LineString", "coordinates": [[-80.186059, 25.8109139], [-80.1865004, 25.8108935], [-80.1865254, 25.8104614], [-80.1865083, 25.810055], [-80.1868626999999, 25.810047], [-80.1868618, 25.8095291], [-80.1868381, 25.8094652], [-80.1867728, 25.8093474], [-80.1867029, 25.8092772], [-80.1866448, 25.809245], [-80.1860252, 25.8092675], [-80.1854166, 25.809286], [-80.1854047, 25.8084493], [-80.1859659, 25.8084465], [-80.1864293, 25.8084232], [-80.1868992, 25.8083999], [-80.1869255, 25.8081013], [-80.1869311, 25.8077587], [-80.1869178, 25.8076113], [-80.1858824, 25.8076214], [-80.1854543, 25.8076349], [-80.1854481, 25.8072505], [-80.1854484999999, 25.8067107], [-80.1854367, 25.8063541], [-80.1854249, 25.8059895], [-80.1853977, 25.8056129], [-80.1854001, 25.8049456], [-80.1853895, 25.8042365], [-80.1854, 25.8041588], [-80.1856245, 25.8041481], [-80.185794, 25.8041312], [-80.1863541, 25.8041184], [-80.1866128, 25.8041059], [-80.1866569, 25.8040862], [-80.1867035, 25.8040327000001], [-80.1867166, 25.8040087]]}, "properties": {"project": "FL4501", "date": "19450301", "kind": "Man-made", "source": "T08596"}}, {"type": "Feature", "geometry": {"type": "LineString", "coordinates": [[-80.1450928, 25.8039319], [-80.1451335, 25.8039321]]}, "properties": {"project": "FL4501", "date": "19450301", "kind": "Undetermined.Approximate", "source": "T08596"}}, {"type": "Feature", "geometry": {"type": "LineString", "coordinates": [[-80.1867166, 25.8040087], [-80.1866398, 25.8039265]]}, "properties": {"project": "FL4501", "date": "19450301", "kind": "Pier", "source": "T08596"}}, {"type": "Feature", "geometry": {"type": "LineString", "coordinates": [[-80.1414093, 25.8054042], [-80.1414029, 25.8049738], [-80.1414083, 25.8046973], [-80.1414168, 25.8046422], [-80.1414281, 25.8045748], [-80.141438, 25.8045209], [-80.1415076, 25.8043577], [-80.141538, 25.8042781], [-80.1415816, 25.8042355], [-80.1416756, 25.8041588], [-80.1417192, 25.8041321], [-80.1418137, 25.8040842], [-80.1418693, 25.8040661], [-80.141948, 25.804047], [-80.142001, 25.8040314], [-80.1421929, 25.8040024], [-80.142455, 25.8039923], [-80.1426928, 25.8039821], [-80.1429591, 25.8039745], [-80.1432131, 25.8039729], [-80.1434792, 25.8039726], [-80.1437685, 25.8039651], [-80.1440469, 25.8039613], [-80.1443253, 25.8039598], [-80.1445169, 25.8039616], [-80.1445292, 25.8039518], [-80.1445388, 25.8039347], [-80.1445511, 25.8039238], [-80.1445714, 25.8039177], [-80.1445931, 25.8039179], [-80.1446093, 25.8039204], [-80.1446174, 25.8039266], [-80.1446396, 25.8039433], [-80.1446599, 25.8039483], [-80.1446843, 25.8039497], [-80.1447141, 25.8039437], [-80.1447426, 25.803939], [-80.1448984, 25.8039325], [-80.1450928, 25.8039319]]}, "properties": {"project": "FL4501", "date": "19450301", "kind": "Man-made", "source": "T08596"}}, {"type": "Feature", "geometry": {"type": "LineString", "coordinates": [[-80.1451335, 25.8039321], [-80.145439, 25.8039247], [-80.1457268, 25.8039258], [-80.1460187, 25.8039281], [-80.1463147, 25.8039292], [-80.1466066999999, 25.8039181], [-80.1467835, 25.803916], [-80.146801, 25.8039186], [-80.1468145, 25.8039285], [-80.1468913, 25.8039853], [-80.1469835, 25.8040735], [-80.1470518, 25.8041769], [-80.1471186, 25.8043085], [-80.1471534, 25.8043749], [-80.1471678, 25.8044437], [-80.1471694, 25.8045044], [-80.1471524, 25.8045987], [-80.1471356, 25.8046771], [-80.1470846, 25.8048006], [-80.1470515, 25.8048887], [-80.1469547, 25.8050592], [-80.1468767, 25.8051691], [-80.1467852, 25.8052777], [-80.1466603, 25.8054174], [-80.1465279, 25.8055502], [-80.1464346, 25.8056214], [-80.1463324, 25.805714], [-80.1462437, 25.8057944], [-80.1461382, 25.8058667], [-80.1460361, 25.805936], [-80.1459586, 25.8059822], [-80.1458002, 25.8060665], [-80.1456847, 25.8061185], [-80.1456076, 25.8061521], [-80.1453820999999, 25.806244], [-80.1452272, 25.8063019000001], [-80.1450372, 25.8063548], [-80.1449795, 25.806371], [-80.1448588, 25.8063886], [-80.1447639, 25.806404], [-80.1446046, 25.8064245], [-80.1445178, 25.80644], [-80.1444851, 25.8064582], [-80.1442825, 25.8064784], [-80.1440487, 25.8064875], [-80.1438638, 25.8064858], [-80.1437609, 25.8064889], [-80.1434711, 25.8064773], [-80.1434589, 25.806481], [-80.1434439, 25.8064931], [-80.1434262, 25.8065004], [-80.1434045, 25.8065015], [-80.1433883, 25.8064916], [-80.1433776, 25.8064756], [-80.1433614, 25.8064693], [-80.143291, 25.8064591], [-80.1431509, 25.8064454], [-80.1430373, 25.8064276], [-80.1428606, 25.8064088], [-80.1428119, 25.8064097], [-80.142782, 25.8064181], [-80.1427617, 25.8064204], [-80.1427421, 25.8064124], [-80.1427232, 25.8063975], [-80.1427017, 25.8063815], [-80.1426652, 25.8063702], [-80.1426233, 25.8063589], [-80.1425746, 25.8063464], [-80.1425394, 25.8063388], [-80.1424826, 25.8063348], [-80.1424034, 25.8063239], [-80.1422655, 25.8062851], [-80.142127, 25.8062432], [-80.142054, 25.8062231], [-80.1419742, 25.8061969], [-80.1417911, 25.8061401000001], [-80.1416992, 25.8061052], [-80.1415961, 25.8060365], [-80.1415463, 25.805986], [-80.1415007, 25.8059281], [-80.1414513, 25.8058321], [-80.1414234, 25.8057523], [-80.1414054, 25.805716], [-80.1413993, 25.8056252], [-80.1413988, 25.805494], [-80.1414033, 25.805479], [-80.1414102, 25.8054717], [-80.1414144, 25.8054533]]}, "properties": {"project": "FL4501", "date": "19450301", "kind": "Man-made", "source": "T08596"}}, {"type": "Feature", "geometry": {"type": "LineString", "coordinates": [[-80.1862039, 25.8033787], [-80.1862098, 25.8034914]]}, "properties": {"project": "FL4501", "date": "19450301", "kind": "Pier", "source": "T08596"}}, {"type": "Feature", "geometry": {"type": "LineString", "coordinates": [[-80.1867166, 25.8040087], [-80.1867458, 25.8039552], [-80.1867661, 25.8038956], [-80.1867733, 25.8038], [-80.1867736, 25.8035909], [-80.1867346, 25.803503], [-80.1866866, 25.803447], [-80.1866374, 25.8034089], [-80.1865737, 25.8033826], [-80.18651, 25.8033723], [-80.1863471, 25.8033754], [-80.1862039, 25.8033787]]}, "properties": {"project": "FL4501", "date": "19450301", "kind": "Man-made", "source": "T08596"}}, {"type": "Feature", "geometry": {"type": "LineString", "coordinates": [[-80.1241819, 25.8040769], [-80.1243557, 25.8036243], [-80.1244405, 25.803364]]}, "properties": {"project": "FL4501", "date": "19450301", "kind": "Natural.Mean High Water", "source": "T08596"}}, {"type": "Feature", "geometry": {"type": "LineString", "coordinates": [[-80.1244405, 25.803364], [-80.1241642, 25.8033113]]}, "properties": {"project": "FL4501", "date": "19450301", "kind": "Pier", "source": "T08596"}}, {"type": "Feature", "geometry": {"type": "LineString", "coordinates": [[-80.1451292, 25.8032421], [-80.1450831, 25.803248]]}, "properties": {"project": "FL4501", "date": "19450301", "kind": "Undetermined.Approximate", "source": "T08596"}}, {"type": "Feature", "geometry": {"type": "LineString", "coordinates": [[-80.1244405, 25.803364], [-80.1245236, 25.8031091], [-80.1245768, 25.8029643], [-80.1246828, 25.8027503], [-80.1247584, 25.8026293]]}, "properties": {"project": "FL4501", "date": "19450301", "kind": "Natural.Mean High Water", "source": "T08596"}}, {"type": "Feature", "geometry": {"type": "LineString", "coordinates": [[-80.1247584, 25.8026293], [-80.1244515, 25.8025455]]}, "properties": {"project": "FL4501", "date": "19450301", "kind": "Pier", "source": "T08596"}}, {"type": "Feature", "geometry": {"type": "LineString", "coordinates": [[-80.1247584, 25.8026293], [-80.1247673, 25.8026151], [-80.1248019, 25.8025431], [-80.1248117, 25.8025106], [-80.1249383, 25.8021961], [-80.1250556, 25.8019675]]}, "properties": {"project": "FL4501", "date": "19450301", "kind": "Natural.Mean High Water", "source": "T08596"}}, {"type": "Feature", "geometry": {"type": "LineString", "coordinates": [[-80.1250556, 25.8019675], [-80.1246505, 25.801822]]}, "properties": {"project": "FL4501", "date": "19450301", "kind": "Pier", "source": "T08596"}}, {"type": "Feature", "geometry": {"type": "LineString", "coordinates": [[-80.1250556, 25.8019675], [-80.1250595, 25.8019598], [-80.1252109, 25.8016284], [-80.1252689, 25.8014827], [-80.1252941, 25.8014159], [-80.1252982, 25.8013678], [-80.1253862, 25.8011313]]}, "properties": {"project": "FL4501", "date": "19450301", "kind": "Natural.Mean High Water", "source": "T08596"}}, {"type": "Feature", "geometry": {"type": "LineString", "coordinates": [[-80.1861266, 25.7984278], [-80.1861273, 25.7983258]]}, "properties": {"project": "FL4501", "date": "19450301", "kind": "Pier", "source": "T08596"}}, {"type": "Feature", "geometry": {"type": "LineString", "coordinates": [[-80.1321862, 25.7983177], [-80.1320094, 25.7984172]]}, "properties": {"project": "FL4501", "date": "19450301", "kind": "Undetermined.Approximate", "source": "T08596"}}, {"type": "Feature", "geometry": {"type": "LineString", "coordinates": [[-80.1863247, 25.7984183], [-80.1863276, 25.798311]]}, "properties": {"project": "FL4501", "date": "19450301", "kind": "Pier", "source": "T08596"}}, {"type": "Feature", "geometry": {"type": "LineString", "coordinates": [[-80.1320119, 25.7982603], [-80.1319136, 25.7983209], [-80.131722, 25.7984105], [-80.131482, 25.7985354], [-80.1313712, 25.7985972], [-80.1313534, 25.7986118], [-80.1312814, 25.7986408], [-80.1311877, 25.7986807], [-80.1309613, 25.7987922], [-80.1308125, 25.7988661], [-80.1307063, 25.7989378], [-80.1306484999999, 25.7989644], [-80.1305425, 25.7990202], [-80.1304052, 25.7990881], [-80.1301339, 25.7992287]]}, "properties": {"project": "FL4501", "date": "19450301", "kind": "Man-made", "source": "T08596"}}, {"type": "Feature", "geometry": {"type": "LineString", "coordinates": [[-80.1321798, 25.7981687], [-80.1320119, 25.7982603]]}, "properties": {"project": "FL4501", "date": "19450301", "kind": "Undetermined.Approximate", "source": "T08596"}}, {"type": "Feature", "geometry": {"type": "LineString", "coordinates": [[-80.1262075, 25.7988252], [-80.1262386, 25.7987498], [-80.1263015, 25.7985862], [-80.1263076, 25.7985381], [-80.1263348, 25.7984472], [-80.1264295, 25.7982039], [-80.1265181, 25.7979773]]}, "properties": {"project": "FL4501", "date": "19450301", "kind": "Natural.Mean High Water", "source": "T08596"}}, {"type": "Feature", "geometry": {"type": "LineString", "coordinates": [[-80.1827583, 25.817042], [-80.1826892, 25.8169919], [-80.1826485, 25.8169636]]}, "properties": {"project": "FL4501", "date": "19450301", "kind": "Man-made", "source": "T08596"}}, {"type": "Feature", "geometry": {"type": "LineString", "coordinates": [[-80.1826485, 25.8169636], [-80.1826257, 25.816956], [-80.1826028, 25.8169529], [-80.182575, 25.8169572], [-80.182557, 25.816963], [-80.182511, 25.8169924], [-80.1824532, 25.817042]]}, "properties": {"project": "FL4501", "date": "19450301", "kind": "Natural.Mean High Water", "source": "T08596"}}, {"type": "Feature", "geometry": {"type": "LineString", "coordinates": [[-80.1715186, 25.8170421], [-80.1714804, 25.8169863], [-80.1714361, 25.8169312], [-80.1714236, 25.8169229], [-80.1714076, 25.816928], [-80.1714006, 25.8169445], [-80.1713969, 25.816989], [-80.1714014, 25.8170421]]}, "properties": {"project": "FL4501", "date": "19450301", "kind": "Natural.Mean High Water", "source": "T08596"}}, {"type": "Feature", "geometry": {"type": "LineString", "coordinates": [[-80.1214636, 25.817042], [-80.1214833, 25.8169763], [-80.1214969, 25.8168957], [-80.1215081, 25.8167993], [-80.1215238, 25.8167273], [-80.121547, 25.8166724], [-80.1215704, 25.81657]]}, "properties": {"project": "FL4501", "date": "19450301", "kind": "Natural.Mean High Water", "source": "T08596"}}, {"type": "Feature", "geometry": {"type": "LineString", "coordinates": [[-80.1215704, 25.81657], [-80.1210729, 25.8165498]]}, "properties": {"project": "FL4501", "date": "19450301", "kind": "Pier", "source": "T08596"}}, {"type": "Feature", "geometry": {"type": "LineString", "coordinates": [[-80.1246571, 25.8163543], [-80.1246353, 25.8165601], [-80.1246207, 25.8166128], [-80.1246015, 25.8166372], [-80.1245837, 25.8166616], [-80.1245795, 25.8166836], [-80.1245875, 25.8167058], [-80.1246021, 25.816739], [-80.1246032, 25.8167831], [-80.1246002, 25.8168211], [-80.1245891, 25.8168517], [-80.1245445, 25.8170421]]}, "properties": {"project": "FL4501", "date": "19450301", "kind": "Natural.Mean High Water", "source": "T08596"}}, {"type": "Feature", "geometry": {"type": "LineString", "coordinates": [[-80.1215704, 25.81657], [-80.1215744, 25.8165524], [-80.1215909, 25.8163773], [-80.1216201, 25.8160133], [-80.121621, 25.8160037]]}, "properties": {"project": "FL4501", "date": "19450301", "kind": "Natural.Mean High Water", "source": "T08596"}}, {"type": "Feature", "geometry": {"type": "LineString", "coordinates": [[-80.121621, 25.8160037], [-80.1212504, 25.8159893]]}, "properties": {"project": "FL4501", "date": "19450301", "kind": "Undetermined Alongshore Feature", "source": "T08596"}}, {"type": "Feature", "geometry": {"type": "LineString", "coordinates": [[-80.1236839, 25.8154618], [-80.123682, 25.8154868], [-80.1236871999999, 25.8155076], [-80.1236911, 25.8155285], [-80.1236936, 25.8155678], [-80.123692, 25.8155911], [-80.1236906, 25.8156009], [-80.123679, 25.8156179], [-80.1236693, 25.8156412], [-80.1236607, 25.8158864], [-80.1236256, 25.8161522], [-80.1236193, 25.816173], [-80.1236179, 25.8161841], [-80.1236216, 25.8162319], [-80.1236213, 25.8162699], [-80.1236144, 25.816287], [-80.1235939, 25.8163114], [-80.1235746, 25.816364], [-80.1235632, 25.8164437], [-80.1234123, 25.8170421]]}, "properties": {"project": "FL4501", "date": "19450301", "kind": "Natural.Mean High Water", "source": "T08596"}}, {"type": "Feature", "geometry": {"type": "LineString", "coordinates": [[-80.1247724, 25.8154157], [-80.1247397, 25.815711], [-80.1246774, 25.8162673], [-80.1246571, 25.8163543]]}, "properties": {"project": "FL4501", "date": "19450301", "kind": "Man-made", "source": "T08596"}}, {"type": "Feature", "geometry": {"type": "LineString", "coordinates": [[-80.1405102, 25.8154092], [-80.1405211, 25.8153431]]}, "properties": {"project": "FL4501", "date": "19450301", "kind": "Shoreline/Alongshore Feature Boundary", "source": "T08596"}}, {"type": "Feature", "geometry": {"type": "LineString", "coordinates": [[-80.1405211, 25.8153431], [-80.1405901, 25.8153496], [-80.1406031, 25.8152479], [-80.1406694, 25.8152508], [-80.1406569, 25.8154787], [-80.1406014, 25.8154747], [-80.1405992, 25.815411], [-80.1405102, 25.8154092]]}, "properties": {"project": "FL4501", "date": "19450301", "kind": "Pier", "source": "T08596"}}, {"type": "Feature", "geometry": {"type": "LineString", "coordinates": [[-80.121621, 25.8160037], [-80.1216367, 25.8158279], [-80.1216451, 25.8157112], [-80.1216415, 25.8156974], [-80.1216191, 25.8156423], [-80.1216233, 25.8155874], [-80.1216278, 25.8154912], [-80.1216526, 25.8153479], [-80.121678, 25.8152399], [-80.1216831999999, 25.815174]]}, "properties": {"project": "FL4501", "date": "19450301", "kind": "Natural.Mean High Water", "source": "T08596"}}, {"type": "Feature", "geometry": {"type": "LineString", "coordinates": [[-80.1216831999999, 25.815174], [-80.1213203, 25.8151547000001]]}, "properties": {"project": "FL4501", "date": "19450301", "kind": "Undetermined Alongshore Feature", "source": "T08596"}}, {"type": "Feature", "geometry": {"type": "LineString", "coordinates": [[-80.1401144, 25.8150022], [-80.140369, 25.8150197000001], [-80.1404197, 25.8150384], [-80.1404534, 25.815057], [-80.1404802, 25.8151], [-80.1405093, 25.8151983], [-80.1405194, 25.8153014], [-80.1405211, 25.8153431]]}, "properties": {"project": "FL4501", "date": "19450301", "kind": "Natural.Mean High Water", "source": "T08596"}}, {"type": "Feature", "geometry": {"type": "LineString", "coordinates": [[-80.1435025, 25.7833271], [-80.1435216, 25.7834447], [-80.1435552, 25.7836656], [-80.1435752, 25.7837801]]}, "properties": {"project": "FL4501", "date": "19450301", "kind": "Natural.Mean High Water", "source": "T08596"}}, {"type": "Feature", "geometry": {"type": "LineString", "coordinates": [[-80.1435025, 25.7833271], [-80.1436432, 25.783322], [-80.1436815, 25.7835035]]}, "properties": {"project": "FL4501", "date": "19450301", "kind": "Pier", "source": "T08596"}}, {"type": "Feature", "geometry": {"type": "LineString", "coordinates": [[-80.1884335, 25.7839464], [-80.1877305, 25.7839445], [-80.1876672, 25.7838804], [-80.1876654, 25.7838231], [-80.1871991, 25.7838177], [-80.1869275, 25.7838464], [-80.1868559, 25.7839292], [-80.1865918, 25.7839381], [-80.1862849, 25.7839402], [-80.1853276, 25.7839547], [-80.185281, 25.7832825], [-80.1862687, 25.7832464], [-80.1869066, 25.7832301], [-80.1874026, 25.7832055], [-80.1880363, 25.7831967], [-80.1889678, 25.7831755]]}, "properties": {"project": "FL4501", "date": "19450301", "kind": "Pier", "source": "T08596"}}, {"type": "Feature", "geometry": {"type": "LineString", "coordinates": [[-80.1884335, 25.7839464], [-80.1889678, 25.7831755]]}, "properties": {"project": "FL4501", "date": "19450301", "kind": "Shoreline/Alongshore Feature Boundary", "source": "T08596"}}, {"type": "Feature", "geometry": {"type": "LineString", "coordinates": [[-80.1434118, 25.7828819], [-80.1434554, 25.7830446], [-80.143471, 25.7831329], [-80.1435025, 25.7833271]]}, "properties": {"project": "FL4501", "date": "19450301", "kind": "Natural.Mean High Water", "source": "T08596"}}, {"type": "Feature", "geometry": {"type": "LineString", "coordinates": [[-80.1435729, 25.7828686], [-80.1434118, 25.7828819]]}, "properties": {"project": "FL4501", "date": "19450301", "kind": "Pier", "source": "T08596"}}, {"type": "Feature", "geometry": {"type": "LineString", "coordinates": [[-80.1435989, 25.7829947], [-80.1435729, 25.7828686]]}, "properties": {"project": "FL4501", "date": "19450301", "kind": "Pier", "source": "T08596"}}, {"type": "Feature", "geometry": {"type": "LineString", "coordinates": [[-80.1877416, 25.7827934], [-80.1877471, 25.782894]]}, "properties": {"project": "FL4501", "date": "19450301", "kind": "Pier", "source": "T08596"}}, {"type": "Feature", "geometry": {"type": "LineString", "coordinates": [[-80.1435729, 25.7828686], [-80.1435521, 25.7827674]]}, "properties": {"project": "FL4501", "date": "19450301", "kind": "Pier", "source": "T08596"}}, {"type": "Feature", "geometry": {"type": "LineString", "coordinates": [[-80.1877376, 25.7827594], [-80.1877416, 25.7827934]]}, "properties": {"project": "FL4501", "date": "19450301", "kind": "Pier", "source": "T08596"}}, {"type": "Feature", "geometry": {"type": "LineString", "coordinates": [[-80.1887555, 25.7827414], [-80.1879714, 25.7827607], [-80.1877376, 25.7827594]]}, "properties": {"project": "FL4501", "date": "19450301", "kind": "Pier", "source": "T08596"}}, {"type": "Feature", "geometry": {"type": "LineString", "coordinates": [[-80.1400338, 25.8150005], [-80.1398367, 25.8150006], [-80.1397322, 25.8150282], [-80.1396915, 25.8150365], [-80.1396603, 25.8150486], [-80.1396344, 25.8150668], [-80.1396057, 25.8150973], [-80.139592, 25.8151193], [-80.1395851, 25.8151352], [-80.1395767, 25.815183], [-80.1395698, 25.8152859], [-80.1395705, 25.815384], [-80.1395878, 25.8155117], [-80.1396198, 25.815594], [-80.1396599, 25.8156604], [-80.139707, 25.8157061], [-80.1397461, 25.8157345], [-80.139805, 25.815741], [-80.1398455, 25.8157547], [-80.1398725, 25.8157659], [-80.1398874, 25.8157697], [-80.1399335, 25.8157687], [-80.1399578, 25.8157787], [-80.1400451, 25.8157853], [-80.1401359, 25.8157748], [-80.1402227, 25.8157631], [-80.1402485, 25.8157559], [-80.1403151, 25.8157232], [-80.1403989, 25.8156648], [-80.1404638, 25.8155843], [-80.1404844, 25.8155415], [-80.1405102, 25.8154092]]}, "properties": {"project": "FL4501", "date": "19450301", "kind": "Natural.Mean High Water", "source": "T08596"}}, {"type": "Feature", "geometry": {"type": "LineString", "coordinates": [[-80.1401144, 25.8150022], [-80.1400338, 25.8150005]]}, "properties": {"project": "FL4501", "date": "19450301", "kind": "Shoreline/Alongshore Feature Boundary", "source": "T08596"}}, {"type": "Feature", "geometry": {"type": "LineString", "coordinates": [[-80.1400338, 25.8150005], [-80.1400262, 25.8149306], [-80.1399355, 25.8149264], [-80.1399371, 25.8148921], [-80.1404091, 25.8149022], [-80.1404816, 25.8149051], [-80.1404826, 25.8149456], [-80.1401121, 25.814947], [-80.1401144, 25.8150022]]}, "properties": {"project": "FL4501", "date": "19450301", "kind": "Pier", "source": "T08596"}}, {"type": "Feature", "geometry": {"type": "LineString", "coordinates": [[-80.1216831999999, 25.815174], [-80.1216906, 25.8150802], [-80.1217047, 25.8148441], [-80.1217223, 25.8147669], [-80.1217579, 25.8146191]]}, "properties": {"project": "FL4501", "date": "19450301", "kind": "Natural.Mean High Water", "source": "T08596"}}, {"type": "Feature", "geometry": {"type": "LineString", "coordinates": [[-80.1217579, 25.8146191], [-80.1213961, 25.8146047]]}, "properties": {"project": "FL4501", "date": "19450301", "kind": "Undetermined Alongshore Feature", "source": "T08596"}}, {"type": "Feature", "geometry": {"type": "LineString", "coordinates": [[-80.1237854, 25.8144712], [-80.1237656, 25.8147111], [-80.1237343, 25.8150089], [-80.1237043, 25.8152993], [-80.1236839, 25.8154618]]}, "properties": {"project": "FL4501", "date": "19450301", "kind": "Man-made", "source": "T08596"}}, {"type": "Feature", "geometry": {"type": "LineString", "coordinates": [[-80.1830685, 25.817042], [-80.1829678, 25.8169033], [-80.1829369, 25.8168483], [-80.1829166, 25.8167669], [-80.182917, 25.8167083], [-80.1829362, 25.8166385], [-80.1831002, 25.8164882], [-80.1833311, 25.8163043], [-80.1836912, 25.8160228], [-80.1839286, 25.8158162], [-80.1845448, 25.8153377], [-80.1848568, 25.8150654], [-80.1851087, 25.8148645], [-80.1853387, 25.8146806], [-80.185408, 25.8146148], [-80.1854014, 25.8143634], [-80.1859185, 25.8143247]]}, "properties": {"project": "FL4501", "date": "19450301", "kind": "Man-made", "source": "T08596"}}, {"type": "Feature", "geometry": {"type": "LineString", "coordinates": [[-80.1390555999999, 25.8143182], [-80.1390815, 25.8143268], [-80.1391389, 25.8143554], [-80.1392036, 25.8143901], [-80.139232, 25.8144001], [-80.1392427, 25.8144185], [-80.1392627, 25.8144701], [-80.139284, 25.8145132], [-80.1393162, 25.8145612], [-80.1393391, 25.8145822], [-80.1393539, 25.814597], [-80.1393564, 25.8146166], [-80.1393618, 25.8147184], [-80.1393667, 25.8147883], [-80.1393748, 25.814797], [-80.1393909, 25.8148081000001], [-80.1394017, 25.814818], [-80.1394042, 25.8148425], [-80.1393986, 25.8148658], [-80.1393823, 25.8148853], [-80.1393726, 25.814911], [-80.1393796999999, 25.8149539], [-80.1393915, 25.815008], [-80.1394062, 25.8150338], [-80.1394183, 25.8150498], [-80.1394208, 25.8150768], [-80.1394166, 25.8151062], [-80.1394068, 25.8151417], [-80.139408, 25.8151687], [-80.1394173, 25.8151945], [-80.1394434, 25.8154239], [-80.1394902, 25.8156057], [-80.1395235, 25.8156856], [-80.1395476, 25.8157176], [-80.1396191, 25.8158517], [-80.1397087, 25.8160104], [-80.1397439, 25.8161111], [-80.1397436, 25.8161553], [-80.1397378, 25.8162043], [-80.1397321, 25.8162386], [-80.1397171, 25.8162618], [-80.1397007, 25.8162789], [-80.1396721, 25.8163044], [-80.1395855, 25.8163726], [-80.1395149, 25.8163992], [-80.1394539, 25.8164086], [-80.1393834, 25.8164155], [-80.1391305, 25.8164459], [-80.1390145, 25.816471], [-80.138952, 25.8164915], [-80.1389167, 25.8165133], [-80.1388989, 25.8165365], [-80.1388811, 25.8165622], [-80.1388673, 25.8166001], [-80.1388475, 25.8167054], [-80.1388351, 25.8168341], [-80.1388368, 25.8169678], [-80.1388254, 25.8170421]]}, "properties": {"project": "FL4501", "date": "19450301", "kind": "Man-made", "source": "T08596"}}, {"type": "Feature", "geometry": {"type": "LineString", "coordinates": [[-80.188146, 25.7681737], [-80.1881231, 25.7682735]]}, "properties": {"project": "FL4501", "date": "19450301", "kind": "Man-made", "source": "T08596"}}, {"type": "Feature", "geometry": {"type": "LineString", "coordinates": [[-80.188146, 25.7681737], [-80.1880924, 25.7681598]]}, "properties": {"project": "FL4501", "date": "19450301", "kind": "Pier", "source": "T08596"}}, {"type": "Feature", "geometry": {"type": "LineString", "coordinates": [[-80.193506, 25.7694611], [-80.1937021, 25.7693232], [-80.1941026, 25.7690495], [-80.1941655, 25.7690064], [-80.1944142, 25.7688102], [-80.1945359, 25.7687239], [-80.1945599, 25.7687175], [-80.1945829, 25.7687157], [-80.1948, 25.7687131], [-80.194942, 25.7687120000001], [-80.1951841, 25.7687171], [-80.1953564, 25.7687096], [-80.1953885, 25.7685926], [-80.1957682, 25.7686192], [-80.1959988, 25.7686252], [-80.1960065, 25.7684117], [-80.1960958, 25.7684821], [-80.1960971, 25.7685993], [-80.196262, 25.7686021], [-80.1962576, 25.7681645], [-80.1962808, 25.7681401], [-80.1963559, 25.7681424], [-80.1963928, 25.7685603], [-80.1964073, 25.7685661], [-80.1964429, 25.7685493], [-80.1964431, 25.7685247], [-80.196456, 25.7681524], [-80.1965583, 25.7681586], [-80.196562, 25.7685367], [-80.1965892, 25.7685293], [-80.1966269, 25.7685144], [-80.1967465, 25.7684167], [-80.1968975, 25.7683174], [-80.1970412, 25.7682133], [-80.1971103, 25.7681777], [-80.1972076, 25.7682955], [-80.1969287, 25.7684867], [-80.1967734999999, 25.7685955], [-80.1967754, 25.7686144], [-80.1967941, 25.7686334], [-80.1968692, 25.7686433], [-80.1974407, 25.7687126], [-80.1974542, 25.7687212]]}, "properties": {"project": "FL4501", "date": "19450301", "kind": "Man-made", "source": "T08596"}}, {"type": "Feature", "geometry": {"type": "LineString", "coordinates": [[-80.1881718, 25.7680611], [-80.188146, 25.7681737]]}, "properties": {"project": "FL4501", "date": "19450301", "kind": "Man-made", "source": "T08596"}}, {"type": "Feature", "geometry": {"type": "LineString", "coordinates": [[-80.1881718, 25.7680611], [-80.188113, 25.7680444]]}, "properties": {"project": "FL4501", "date": "19450301", "kind": "Pier", "source": "T08596"}}, {"type": "Feature", "geometry": {"type": "LineString", "coordinates": [[-80.1881913, 25.7679763], [-80.1881718, 25.7680611]]}, "properties": {"project": "FL4501", "date": "19450301", "kind": "Man-made", "source": "T08596"}}, {"type": "Feature", "geometry": {"type": "LineString", "coordinates": [[-80.1881913, 25.7679763], [-80.1881322999999, 25.7679569]]}, "properties": {"project": "FL4501", "date": "19450301", "kind": "Pier", "source": "T08596"}}, {"type": "Feature", "geometry": {"type": "LineString", "coordinates": [[-80.1882218, 25.7678299], [-80.1881963, 25.7679544], [-80.1881913, 25.7679763]]}, "properties": {"project": "FL4501", "date": "19450301", "kind": "Man-made", "source": "T08596"}}, {"type": "Feature", "geometry": {"type": "LineString", "coordinates": [[-80.1882218, 25.7678299], [-80.1881507, 25.7678295]]}, "properties": {"project": "FL4501", "date": "19450301", "kind": "Pier", "source": "T08596"}}, {"type": "Feature", "geometry": {"type": "LineString", "coordinates": [[-80.1882387, 25.7677478], [-80.1882218, 25.7678299]]}, "properties": {"project": "FL4501", "date": "19450301", "kind": "Man-made", "source": "T08596"}}, {"type": "Feature", "geometry": {"type": "LineString", "coordinates": [[-80.1882387, 25.7677478], [-80.1881668, 25.767734]]}, "properties": {"project": "FL4501", "date": "19450301", "kind": "Pier", "source": "T08596"}}, {"type": "Feature", "geometry": {"type": "LineString", "coordinates": [[-80.1882626, 25.7676311], [-80.1882387, 25.7677478]]}, "properties": {"project": "FL4501", "date": "19450301", "kind": "Man-made", "source": "T08596"}}, {"type": "Feature", "geometry": {"type": "LineString", "coordinates": [[-80.1882626, 25.7676311], [-80.1881962, 25.7676106]]}, "properties": {"project": "FL4501", "date": "19450301", "kind": "Pier", "source": "T08596"}}, {"type": "Feature", "geometry": {"type": "LineString", "coordinates": [[-80.1610177, 25.7824057], [-80.1611109, 25.7824484]]}, "properties": {"project": "FL4501", "date": "19450301", "kind": "Undetermined.Approximate", "source": "T08596"}}, {"type": "Feature", "geometry": {"type": "LineString", "coordinates": [[-80.145207, 25.7947051], [-80.1452092, 25.7947868]]}, "properties": {"project": "FL4501", "date": "19450301", "kind": "Natural.Mean High Water", "source": "T08596"}}, {"type": "Feature", "geometry": {"type": "LineString", "coordinates": [[-80.145377, 25.7947021], [-80.145207, 25.7947051]]}, "properties": {"project": "FL4501", "date": "19450301", "kind": "Pier", "source": "T08596"}}, {"type": "Feature", "geometry": {"type": "LineString", "coordinates": [[-80.137328, 25.767566], [-80.1374837, 25.7677805], [-80.1375105, 25.7678199], [-80.137513, 25.767842], [-80.1375127, 25.767891], [-80.1375151, 25.7679327], [-80.1375284, 25.7679696], [-80.1375954, 25.7680656], [-80.1376717, 25.7681789], [-80.1376879, 25.7681863], [-80.1377284, 25.7682135], [-80.1378248, 25.7683457]]}, "properties": {"project": "FL4501", "date": "19450301", "kind": "Natural.Mean High Water", "source": "T08596"}}, {"type": "Feature", "geometry": {"type": "LineString", "coordinates": [[-80.188929, 25.7827103], [-80.1887555, 25.7827414]]}, "properties": {"project": "FL4501", "date": "19450301", "kind": "Shoreline/Alongshore Feature Boundary", "source": "T08596"}}, {"type": "Feature", "geometry": {"type": "LineString", "coordinates": [[-80.1877416, 25.7827934], [-80.1884765, 25.7827824], [-80.1888325, 25.7827778], [-80.188929, 25.7827103]]}, "properties": {"project": "FL4501", "date": "19450301", "kind": "Pier", "source": "T08596"}}, {"type": "Feature", "geometry": {"type": "LineString", "coordinates": [[-80.188929, 25.7827103], [-80.1889384999999, 25.7828521], [-80.1889675, 25.7828882], [-80.1889902, 25.7829223], [-80.1889982, 25.7829696], [-80.1889959, 25.7830074], [-80.188981, 25.7830395], [-80.1889678, 25.7831755]]}, "properties": {"project": "FL4501", "date": "19450301", "kind": "Man-made", "source": "T08596"}}, {"type": "Feature", "geometry": {"type": "LineString", "coordinates": [[-80.1877376, 25.7827594], [-80.1877133, 25.7826703]]}, "properties": {"project": "FL4501", "date": "19450301", "kind": "Pier", "source": "T08596"}}, {"type": "Feature", "geometry": {"type": "LineString", "coordinates": [[-80.183886, 25.7824618], [-80.1838185, 25.7823459], [-80.1837619, 25.7822639], [-80.183703, 25.7821919], [-80.1836395, 25.7821477], [-80.183578, 25.7821255], [-80.1834857, 25.782115], [-80.1834131, 25.7821226], [-80.1833293, 25.782152], [-80.1832277, 25.7822052], [-80.1831547, 25.7822566], [-80.1831036, 25.7823419], [-80.1830654, 25.7824533], [-80.1830518, 25.7825169], [-80.1830625, 25.7825568], [-80.183102, 25.782575], [-80.1832579, 25.7826117], [-80.1832952, 25.7826298], [-80.1833128, 25.7826319], [-80.1833348, 25.7826281], [-80.1833547, 25.7826082], [-80.1833835, 25.7825905], [-80.1834143, 25.7825847], [-80.1834449999999, 25.7825948], [-80.1834559, 25.7826088], [-80.18348, 25.7826348], [-80.1835107, 25.782643], [-80.1835569, 25.7826373], [-80.1835856, 25.7826275], [-80.1836033, 25.7826116], [-80.1836298, 25.7825998], [-80.1836562, 25.7826], [-80.1836847, 25.7826181], [-80.1837132, 25.7826302], [-80.1837572, 25.7826304], [-80.1837859, 25.7826147], [-80.1838368, 25.7825651], [-80.1838944, 25.7825157], [-80.1838989, 25.7825017], [-80.1838946, 25.7824878], [-80.183886, 25.7824618]]}, "properties": {"project": "FL4501", "date": "19450301", "kind": "Natural.Mean High Water", "source": "T08596"}}, {"type": "Feature", "geometry": {"type": "LineString", "coordinates": [[-80.1432635, 25.7820527], [-80.1433102, 25.7823276], [-80.1433493, 25.782551], [-80.1433947, 25.7828186], [-80.1434118, 25.7828819]]}, "properties": {"project": "FL4501", "date": "19450301", "kind": "Natural.Mean High Water", "source": "T08596"}}, {"type": "Feature", "geometry": {"type": "LineString", "coordinates": [[-80.1432635, 25.7820527], [-80.1432379, 25.7818958]]}, "properties": {"project": "FL4501", "date": "19450301", "kind": "Shoreline/Alongshore Feature Boundary", "source": "T08596"}}, {"type": "Feature", "geometry": {"type": "LineString", "coordinates": [[-80.1432379, 25.7818958], [-80.1434446, 25.7819091], [-80.1434445, 25.7819287], [-80.143371, 25.7819699], [-80.1434604, 25.7819803], [-80.1434574, 25.7822083], [-80.1434411, 25.7822082], [-80.1434126, 25.782029], [-80.1433097, 25.7820309], [-80.1432635, 25.7820527]]}, "properties": {"project": "FL4501", "date": "19450301", "kind": "Pier", "source": "T08596"}}, {"type": "Feature", "geometry": {"type": "LineString", "coordinates": [[-80.1512177, 25.7813277], [-80.1511328, 25.7813555]]}, "properties": {"project": "FL4501", "date": "19450301", "kind": "Shoreline/Alongshore Feature Boundary", "source": "T08596"}}, {"type": "Feature", "geometry": {"type": "LineString", "coordinates": [[-80.1511328, 25.7813555], [-80.1511397, 25.7813659], [-80.1511478, 25.7814094], [-80.1511434, 25.7814321], [-80.1511204, 25.7814471], [-80.1510931, 25.7814639], [-80.1510783, 25.7814979], [-80.1510844, 25.7815111], [-80.151122, 25.7815151], [-80.1512118, 25.7815043], [-80.1513308, 25.7815012], [-80.1513518, 25.7814957000001], [-80.1513644, 25.7814787], [-80.1513645, 25.7814636], [-80.1513604, 25.781456], [-80.1513333, 25.7814445], [-80.1512958, 25.7814424], [-80.1512123, 25.7814325000001], [-80.1511874, 25.7814153], [-80.1511813, 25.7813983], [-80.1511815, 25.7813662], [-80.1512005, 25.7813398], [-80.1512177, 25.7813277]]}, "properties": {"project": "FL4501", "date": "19450301", "kind": "Pier", "source": "T08596"}}, {"type": "Feature", "geometry": {"type": "LineString", "coordinates": [[-80.178567, 25.7877238], [-80.1784439, 25.7877574], [-80.178237, 25.7877722], [-80.1780941, 25.7877575], [-80.1779635, 25.7877029], [-80.1777971, 25.7875885], [-80.1775912, 25.7874618], [-80.1774497, 25.7873973], [-80.1773575, 25.7873689], [-80.1772718, 25.7873584], [-80.1771859999999, 25.787348], [-80.1771046, 25.7873515], [-80.1770473, 25.7873611], [-80.1767601, 25.7873794], [-80.1765465, 25.7874081000001], [-80.1762483, 25.7874164], [-80.1760128, 25.787435], [-80.1756355, 25.7874308], [-80.1754188, 25.7874256], [-80.1753528, 25.7874153], [-80.1752343, 25.7873748], [-80.1750961, 25.7873222], [-80.1749612999999, 25.7872457], [-80.1748628, 25.7871755], [-80.174797, 25.7871472], [-80.1747355, 25.7871289], [-80.1746476, 25.7871145], [-80.1745399, 25.7871019], [-80.17431, 25.7870907], [-80.1742661, 25.7870745], [-80.1741939, 25.7870263], [-80.1741041, 25.78696], [-80.1740471, 25.7869298], [-80.1739922, 25.7869136], [-80.1739054, 25.7869091], [-80.1738459, 25.7869128], [-80.1737643, 25.7869382], [-80.1736871, 25.7869776], [-80.1736209, 25.7870051], [-80.173526, 25.7870384], [-80.1734775, 25.7870521], [-80.1734357, 25.7870558], [-80.1733576, 25.7870514], [-80.1732896, 25.7870311], [-80.1732129, 25.7869809], [-80.1731583, 25.7869188], [-80.1731325, 25.786839], [-80.1730886, 25.7866615], [-80.1730477999999, 25.7865238], [-80.1730178, 25.7864021], [-80.1729983, 25.7862068], [-80.1730015, 25.7860574], [-80.1729858, 25.7859458], [-80.1729336, 25.7858579], [-80.172829, 25.7857119], [-80.172757, 25.7856178], [-80.172731, 25.7855719], [-80.1727052, 25.7854741], [-80.1726843, 25.7853166], [-80.1726848, 25.7852529], [-80.1726676, 25.7851871], [-80.172611, 25.7850971], [-80.1725654, 25.7850212], [-80.1725318, 25.7849433], [-80.1725213, 25.7848676], [-80.1725306, 25.7848039], [-80.1725664, 25.7847204], [-80.172613, 25.7846589], [-80.1726587, 25.7845636], [-80.1726636, 25.7844919], [-80.1726717, 25.7842848], [-80.1726649, 25.7841593], [-80.1726389, 25.7841014], [-80.1725801, 25.7840054], [-80.1724984, 25.7838914], [-80.1724026, 25.7837415], [-80.1723353, 25.7836236], [-80.172258, 25.7834996], [-80.1721974, 25.7833619], [-80.1721804, 25.7832741], [-80.1721573, 25.7829533], [-80.1721394, 25.7828397], [-80.1720875, 25.7827119], [-80.1720267, 25.7826], [-80.1719647, 25.7824901], [-80.1719302, 25.7823923], [-80.1719199, 25.7822966], [-80.1719009, 25.7820177], [-80.1718885, 25.7818981], [-80.1718426, 25.7816946], [-80.1718108, 25.7815291], [-80.1718026, 25.7812881], [-80.1717044, 25.78116]]}, "properties": {"project": "FL4501", "date": "19450301", "kind": "Natural.Mean High Water", "source": "T08596"}}, {"type": "Feature", "geometry": {"type": "LineString", "coordinates": [[-80.1717044, 25.78116], [-80.1716353, 25.7811377]]}, "properties": {"project": "FL4501", "date": "19450301", "kind": "Undetermined.Approximate", "source": "T08596"}}, {"type": "Feature", "geometry": {"type": "LineString", "coordinates": [[-80.1882763, 25.7675474], [-80.1882731, 25.7675607], [-80.1882643, 25.7676231], [-80.1882626, 25.7676311]]}, "properties": {"project": "FL4501", "date": "19450301", "kind": "Man-made", "source": "T08596"}}, {"type": "Feature", "geometry": {"type": "LineString", "coordinates": [[-80.1882852, 25.7674342], [-80.1882838, 25.7675173], [-80.1882763, 25.7675474]]}, "properties": {"project": "FL4501", "date": "19450301", "kind": "Man-made", "source": "T08596"}}, {"type": "Feature", "geometry": {"type": "LineString", "coordinates": [[-80.1882763, 25.7675474], [-80.1882187, 25.7675371]]}, "properties": {"project": "FL4501", "date": "19450301", "kind": "Pier", "source": "T08596"}}, {"type": "Feature", "geometry": {"type": "LineString", "coordinates": [[-80.1374013, 25.7675204], [-80.137328, 25.767566]]}, "properties": {"project": "FL4501", "date": "19450301", "kind": "Pier", "source": "T08596"}}, {"type": "Feature", "geometry": {"type": "LineString", "coordinates": [[-80.1372477, 25.7674554], [-80.137328, 25.767566]]}, "properties": {"project": "FL4501", "date": "19450301", "kind": "Natural.Mean High Water", "source": "T08596"}}, {"type": "Feature", "geometry": {"type": "LineString", "coordinates": [[-80.1882852, 25.7674342], [-80.1882326, 25.7674296]]}, "properties": {"project": "FL4501", "date": "19450301", "kind": "Pier", "source": "T08596"}}, {"type": "Feature", "geometry": {"type": "LineString", "coordinates": [[-80.1882889, 25.7673441], [-80.1882863, 25.7673668], [-80.1882852, 25.7674342]]}, "properties": {"project": "FL4501", "date": "19450301", "kind": "Man-made", "source": "T08596"}}, {"type": "Feature", "geometry": {"type": "LineString", "coordinates": [[-80.1882889, 25.7673441], [-80.1882376, 25.767342]]}, "properties": {"project": "FL4501", "date": "19450301", "kind": "Pier", "source": "T08596"}}, {"type": "Feature", "geometry": {"type": "LineString", "coordinates": [[-80.1451342, 25.7671927], [-80.1449189, 25.7672709]]}, "properties": {"project": "FL4501", "date": "19450301", "kind": "Pier", "source": "T08596"}}, {"type": "Feature", "geometry": {"type": "LineString", "coordinates": [[-80.1451342, 25.7671927], [-80.1450874, 25.7671015], [-80.1450298, 25.7669916], [-80.1450167, 25.7669244000001], [-80.1450149, 25.766879], [-80.1450235, 25.7668469], [-80.1450487, 25.7668225], [-80.1450926, 25.7668114], [-80.1451511, 25.7668137], [-80.1452282, 25.7668217], [-80.1453345, 25.7668469], [-80.145532, 25.7669577], [-80.1457224, 25.7670448], [-80.1458577, 25.7670947], [-80.1459974, 25.7671182], [-80.1460903, 25.7671254], [-80.1461446, 25.7671181], [-80.1461845, 25.7670806], [-80.1462645, 25.7669846], [-80.1463738, 25.7668832], [-80.1464178, 25.7668665], [-80.1464741, 25.7668668], [-80.1465511, 25.766905], [-80.1466144, 25.7669461], [-80.1466979, 25.7669560000001], [-80.1468188, 25.7669718], [-80.1468645, 25.7670004], [-80.1471177, 25.7672155], [-80.1471321, 25.767244], [-80.1471359, 25.7672931], [-80.1471211, 25.7673233], [-80.1470485, 25.7674051], [-80.146878, 25.7676006], [-80.1467689999999, 25.7676567], [-80.146675, 25.7676788], [-80.1465788, 25.7676934], [-80.1462529, 25.7677274], [-80.1460974, 25.767735], [-80.1459284, 25.7677151], [-80.1457201, 25.7676572], [-80.1455984, 25.7676064], [-80.1454758, 25.7675263], [-80.1453888, 25.767435], [-80.1452705, 25.7673304], [-80.145141, 25.7672058], [-80.1451342, 25.7671927]]}, "properties": {"project": "FL4501", "date": "19450301", "kind": "Natural.Mean High Water", "source": "T08596"}}, {"type": "Feature", "geometry": {"type": "LineString", "coordinates": [[-80.1362335, 25.7665856], [-80.1364794, 25.7666901], [-80.1366751, 25.7667711], [-80.1367525, 25.766818], [-80.1368205, 25.7668716], [-80.1368748, 25.7669561], [-80.1369864, 25.7671431], [-80.1369069, 25.7672008], [-80.1370089, 25.7673289], [-80.1371014, 25.7672755], [-80.1372302, 25.7674381], [-80.1372477, 25.7674554]]}, "properties": {"project": "FL4501", "date": "19450301", "kind": "Man-made", "source": "T08596"}}, {"type": "Feature", "geometry": {"type": "LineString", "coordinates": [[-80.1361285999999, 25.7665343], [-80.1362335, 25.7665856]]}, "properties": {"project": "FL4501", "date": "19450301", "kind": "Undetermined.Approximate", "source": "T08596"}}, {"type": "Feature", "geometry": {"type": "LineString", "coordinates": [[-80.1499127, 25.7668543], [-80.1498392, 25.7669144], [-80.1497551, 25.766997], [-80.149711, 25.7670346], [-80.149667, 25.7670627], [-80.1495873, 25.7671151], [-80.1495254, 25.7671649], [-80.1495063, 25.7672044], [-80.149504, 25.7672366], [-80.1495226, 25.7672631], [-80.1496566, 25.7674964], [-80.1498356, 25.767712], [-80.1499475, 25.767826], [-80.1500607, 25.7679108], [-80.1501668, 25.7679587], [-80.1503562, 25.7680335], [-80.1504499, 25.76807], [-80.1505229, 25.7680817], [-80.1507408, 25.7681142], [-80.150987, 25.7681326], [-80.1511477, 25.7681374], [-80.151437, 25.7681097], [-80.1516417, 25.7680901], [-80.1518806, 25.7681038], [-80.1519702, 25.7681214], [-80.1521388, 25.7681885], [-80.1523195, 25.7683162], [-80.1525008999999, 25.7684996], [-80.1527231, 25.7686616], [-80.1528924, 25.7687769], [-80.1529902, 25.7688266], [-80.1531172, 25.7688746], [-80.1533337, 25.7689477], [-80.1535493, 25.7690161], [-80.1536534, 25.7690583], [-80.1539074, 25.7691524], [-80.1541041999999, 25.769213], [-80.1542334, 25.769244], [-80.154346, 25.7692598], [-80.1544085, 25.7692791], [-80.1545501, 25.7693366], [-80.1546405, 25.7693853], [-80.1547114, 25.7694009000001], [-80.1547699, 25.7693974], [-80.1548221, 25.7693902], [-80.1548786, 25.7693678], [-80.1549268, 25.7693492], [-80.154979, 25.7693476], [-80.1550729, 25.76935], [-80.1551229, 25.7693673], [-80.1552591, 25.7694409], [-80.1553381, 25.7694867], [-80.1553919, 25.7695418], [-80.155433, 25.7696347], [-80.1554699, 25.7697332], [-80.1555206, 25.7697949], [-80.1555722, 25.7698784], [-80.1556012, 25.7699069], [-80.1556969, 25.7699623], [-80.1558405, 25.7700179], [-80.1560507, 25.7701023], [-80.1565202, 25.7702855], [-80.1566336, 25.7703382], [-80.156844, 25.7703999], [-80.1568877, 25.7704228], [-80.157054, 25.7705126], [-80.1572173, 25.7705977], [-80.157288, 25.7706283], [-80.1573422, 25.7706475], [-80.1574382, 25.7706538], [-80.1575592, 25.7706564], [-80.157601, 25.770649], [-80.1576742, 25.7706306], [-80.1577641, 25.770616], [-80.1579613, 25.7706218], [-80.1580364, 25.7706336], [-80.1581114, 25.7706567], [-80.1581884, 25.7706798], [-80.158301, 25.7706975], [-80.1584011, 25.7707113], [-80.158546, 25.7707433], [-80.1586312, 25.770793], [-80.1586977, 25.7708425], [-80.1587578, 25.7708958], [-80.1587932, 25.770913], [-80.1588349, 25.7709246], [-80.1588975, 25.7709287], [-80.1590143, 25.7709351], [-80.1591824, 25.7709332], [-80.1592932, 25.7709055], [-80.1594124, 25.7708759], [-80.1594773, 25.7708555], [-80.1596193, 25.7708412], [-80.1598835, 25.7708286], [-80.1599608, 25.770812], [-80.1600781, 25.7707597], [-80.1601304, 25.7707393], [-80.160162, 25.7707054], [-80.1601873, 25.7706621], [-80.160196, 25.7706206], [-80.1601839, 25.7705562], [-80.1601549, 25.7705164], [-80.1601052, 25.7704613], [-80.1600232, 25.7703994], [-80.1599483, 25.7703668], [-80.1598899, 25.7703551], [-80.1598169, 25.7703509], [-80.1597793, 25.7703488], [-80.1597523, 25.7703411], [-80.1597419, 25.770324], [-80.1597421, 25.7703032], [-80.1597547, 25.7702844], [-80.1597882, 25.7702808], [-80.1598529, 25.7702812], [-80.1598696, 25.7702756], [-80.1598718, 25.7702548], [-80.1598574, 25.7702359], [-80.1598283, 25.770213], [-80.1597638, 25.7701805], [-80.159666, 25.7701402], [-80.1595732, 25.7701236], [-80.1594816, 25.770091], [-80.1594754, 25.7700834], [-80.1594755, 25.7700664], [-80.1594923, 25.7700476], [-80.1595028, 25.7700401], [-80.1595696, 25.7700405000001], [-80.1596866, 25.7700373], [-80.1597158, 25.7700337], [-80.1597556, 25.7700132000001], [-80.1598333, 25.7699437], [-80.1599029, 25.7698401], [-80.1599169, 25.769792], [-80.1599192, 25.7697542], [-80.1599035, 25.769618], [-80.1598858, 25.7694573], [-80.159883, 25.7694128], [-80.1598999, 25.7693827], [-80.1599968, 25.7692528], [-80.1601191, 25.7690891], [-80.1602044, 25.7689828], [-80.1602741, 25.7688679], [-80.160325, 25.768751], [-80.1603399, 25.7687114], [-80.1603878, 25.7685765], [-80.1604197, 25.7684936], [-80.1604285, 25.7684256], [-80.1604331, 25.7683689], [-80.1604159, 25.7682847], [-80.1603913, 25.7682297], [-80.1603602, 25.7681993], [-80.1603166, 25.768165], [-80.1602875, 25.768146], [-80.1602521, 25.7681269], [-80.1602334, 25.768123], [-80.1601854, 25.7681151], [-80.1601395, 25.768113], [-80.1600768, 25.7681202], [-80.1600454, 25.7681332], [-80.1599762, 25.7681782], [-80.159827, 25.7683285], [-80.1598069, 25.7683672], [-80.1597417999999, 25.7684103], [-80.1596708, 25.768425], [-80.1596039, 25.7684378], [-80.1595225, 25.7684392], [-80.1594516, 25.7684256], [-80.1593703, 25.7684062], [-80.1592785, 25.7684], [-80.1591104, 25.7684038], [-80.1590332, 25.7684071], [-80.1589727, 25.7683992], [-80.1589499, 25.7683783], [-80.1589417, 25.7683518], [-80.1589439, 25.7683329], [-80.1589714, 25.7682896], [-80.1590785, 25.76819], [-80.1591729, 25.768132], [-80.15929, 25.7680986], [-80.1593548, 25.768082], [-80.1594259, 25.7680748], [-80.159501, 25.768079], [-80.159547, 25.7680699], [-80.1596077, 25.7680456000001], [-80.1596308, 25.768025], [-80.1597035, 25.7679243], [-80.1597437, 25.7678451], [-80.1597483, 25.7677884], [-80.1597404, 25.7677317], [-80.1597135, 25.7676881], [-80.1596658, 25.7676443], [-80.1595961, 25.7676108], [-80.1595027, 25.7675441], [-80.1593801, 25.7674641], [-80.1592803, 25.7674011], [-80.1592075, 25.7673667], [-80.1591284, 25.7673322], [-80.1589503, 25.7672848], [-80.1587919, 25.7672518], [-80.158625, 25.7672319], [-80.1584696, 25.7672169000001], [-80.1581023, 25.7672053], [-80.1579134999999, 25.7671881], [-80.1577633, 25.7671721], [-80.1576819, 25.7671698], [-80.1576193, 25.7671732], [-80.1575358, 25.767167], [-80.1574733, 25.7671553], [-80.1573805, 25.7671463], [-80.1572886, 25.7671476], [-80.1572154999999, 25.7671548], [-80.1570652, 25.7671634], [-80.1569837, 25.7671761], [-80.1568751, 25.7671774], [-80.1567572, 25.7671758], [-80.1566738, 25.7671583], [-80.1565633, 25.7671425], [-80.1564278, 25.7671115], [-80.1563174, 25.7670844], [-80.156158, 25.7670447], [-80.156008, 25.7670022], [-80.1557664, 25.7669196], [-80.1556738, 25.7668746], [-80.1556384, 25.7668631], [-80.155603, 25.7668553], [-80.1555427, 25.7668285], [-80.1553825, 25.7667538], [-80.1551869, 25.7666601], [-80.1549819, 25.7665748], [-80.1548777, 25.7665458], [-80.154811, 25.7665303], [-80.154688, 25.7665202], [-80.1546462, 25.766518], [-80.1545732, 25.7665063], [-80.1542594, 25.7664581], [-80.1540759, 25.7664363], [-80.1539466, 25.7664223], [-80.1537535, 25.7664221], [-80.1535886, 25.7664193], [-80.1535427, 25.7664133], [-80.1534823, 25.7663941], [-80.1533886, 25.7663633], [-80.1533365, 25.7663516], [-80.1531875, 25.7663234], [-80.1530289, 25.766313], [-80.1528869, 25.7663197], [-80.1527552, 25.7663417], [-80.1527134, 25.7663509], [-80.1523761, 25.7663801], [-80.1522047, 25.766415], [-80.1519714, 25.7664959], [-80.1518626, 25.7665274], [-80.151756, 25.7665456], [-80.151618, 25.7665713], [-80.1513789, 25.7665935], [-80.1512139, 25.7666039], [-80.1510592, 25.7666295], [-80.1508139, 25.7666346], [-80.1507074, 25.7666454], [-80.1506113, 25.7666561], [-80.1505173, 25.7666669], [-80.1504442, 25.7666703], [-80.1501965, 25.7667152], [-80.1500269, 25.766786], [-80.1499127, 25.7668543]]}, "properties": {"project": "FL4501", "date": "19450301", "kind": "Natural.Mean High Water", "source": "T08596"}}, {"type": "Feature", "geometry": {"type": "LineString", "coordinates": [[-80.1865517, 25.7663524], [-80.1865016, 25.7663521], [-80.186393, 25.7663553], [-80.1863534, 25.7663494], [-80.1863389, 25.7663304], [-80.1863371, 25.7662963], [-80.1863436, 25.7662567], [-80.1863647, 25.7662266], [-80.1864004, 25.7661984], [-80.1864318, 25.7661872], [-80.186484, 25.7661819], [-80.1865216, 25.7661802], [-80.1865528, 25.7661936], [-80.1865839, 25.766224], [-80.1866045, 25.7662638], [-80.1866063, 25.7662997], [-80.1865936, 25.7663242], [-80.1865768, 25.7663393], [-80.1865517, 25.7663524]]}, "properties": {"project": "FL4501", "date": "19450301", "kind": "Natural.Mean High Water", "source": "T08596"}}, {"type": "Feature", "geometry": {"type": "LineString", "coordinates": [[-80.1341906, 25.7656782], [-80.1346481, 25.7658831], [-80.1349798, 25.7660405], [-80.1350978, 25.7661211], [-80.1351507, 25.7661489], [-80.1352246, 25.7661665], [-80.1353839, 25.7661709], [-80.1354663, 25.7661808], [-80.1355098, 25.7662], [-80.1357685, 25.7663613], [-80.1361285999999, 25.7665343]]}, "properties": {"project": "FL4501", "date": "19450301", "kind": "Man-made", "source": "T08596"}}, {"type": "Feature", "geometry": {"type": "LineString", "coordinates": [[-80.1339469, 25.7656002], [-80.1341906, 25.7656782]]}, "properties": {"project": "FL4501", "date": "19450301", "kind": "Undetermined.Approximate", "source": "T08596"}}, {"type": "Feature", "geometry": {"type": "LineString", "coordinates": [[-80.1885182, 25.7655899], [-80.1884968, 25.7657226], [-80.1884647, 25.7659937], [-80.188452, 25.7660182], [-80.1884393, 25.7660502], [-80.188435, 25.7660691], [-80.1884431, 25.766107], [-80.1884619, 25.7662479], [-80.1884616, 25.7663027], [-80.1884507, 25.7663669], [-80.1884249, 25.7664802], [-80.1883586, 25.7668607], [-80.1883007, 25.7672393], [-80.1882889, 25.7673441]]}, "properties": {"project": "FL4501", "date": "19450301", "kind": "Natural.Mean High Water", "source": "T08596"}}, {"type": "Feature", "geometry": {"type": "LineString", "coordinates": [[-80.132045, 25.7685641], [-80.1321136, 25.7683065], [-80.1321471, 25.7681366], [-80.1322075, 25.767784], [-80.132238, 25.7675111], [-80.1322788, 25.7669763], [-80.132343, 25.7663781], [-80.1323878, 25.7658158], [-80.1323549, 25.7652548], [-80.1322895, 25.764989]]}, "properties": {"project": "FL4501", "date": "19450301", "kind": "Natural.Mean High Water", "source": "T08596"}}, {"type": "Feature", "geometry": {"type": "LineString", "coordinates": [[-80.1322895, 25.764989], [-80.1322913, 25.7649103]]}, "properties": {"project": "FL4501", "date": "19450301", "kind": "Shoreline/Alongshore Feature Boundary", "source": "T08596"}}, {"type": "Feature", "geometry": {"type": "LineString", "coordinates": [[-80.1322913, 25.7649103], [-80.1323568, 25.7649411], [-80.1325549, 25.7650243000001], [-80.1329501, 25.7651932], [-80.1330614, 25.765244], [-80.1331018, 25.7652624], [-80.1332642, 25.7653076], [-80.133469, 25.765384], [-80.1336652, 25.7654655], [-80.1338538, 25.7655486], [-80.1339469, 25.7656002]]}, "properties": {"project": "FL4501", "date": "19450301", "kind": "Man-made", "source": "T08596"}}, {"type": "Feature", "geometry": {"type": "LineString", "coordinates": [[-80.187173, 25.7696439], [-80.1870584, 25.7696187], [-80.1869334, 25.7695878], [-80.1866958, 25.7695279], [-80.186477, 25.7694661], [-80.186253, 25.7694091], [-80.1860925, 25.7693723], [-80.1860216, 25.7693681], [-80.1858507, 25.7693199], [-80.1855372, 25.7692341], [-80.1852829, 25.7691684], [-80.1850485, 25.7691038], [-80.1849402, 25.7690786], [-80.184909, 25.7690633], [-80.1848904, 25.7690292], [-80.184887, 25.7689157], [-80.1848984, 25.7687816], [-80.184899, 25.768533], [-80.1849103, 25.7684027], [-80.1849568, 25.7681676], [-80.1849975, 25.7680242], [-80.1850041, 25.7679694], [-80.1850045, 25.7679127], [-80.1850049, 25.767856], [-80.1849989, 25.7678068], [-80.1849683, 25.7677141], [-80.1849294, 25.7676042000001], [-80.1849136, 25.7674718], [-80.1848855, 25.7673091], [-80.1848586999999, 25.7669498], [-80.1848452999999, 25.7667702], [-80.1848379, 25.7666359], [-80.1848424, 25.7662825], [-80.1848373, 25.7659564000001], [-80.1848328, 25.7655396], [-80.1848051, 25.7651643], [-80.1848139, 25.7649555], [-80.1848248, 25.764878], [-80.1848399, 25.7648044], [-80.1848663, 25.7647677], [-80.1849168, 25.7647132], [-80.1849838, 25.7646833], [-80.185036, 25.7646723], [-80.1851133, 25.7646689], [-80.1851529, 25.7646748], [-80.1852154, 25.7646884], [-80.185257, 25.7647151], [-80.1854124, 25.7648785], [-80.1856447, 25.7652569], [-80.185825, 25.7656028], [-80.1861252, 25.7662642], [-80.1863816, 25.7667769], [-80.186574, 25.7671777], [-80.1869112, 25.7679338], [-80.1870746, 25.7683118], [-80.1872316, 25.7687067], [-80.1874013, 25.769081], [-80.1874514, 25.7692315], [-80.187447, 25.769258], [-80.1874279, 25.769307], [-80.1873204, 25.7694633], [-80.187173, 25.7696439]]}, "properties": {"project": "FL4501", "date": "19450301", "kind": "Man-made", "source": "T08596"}}, {"type": "Feature", "geometry": {"type": "LineString", "coordinates": [[-80.1887717, 25.7642934], [-80.1887653, 25.764333], [-80.1887597, 25.7643679], [-80.1887358, 25.7645039], [-80.1887376, 25.7645379000001], [-80.1887415, 25.7645833], [-80.1886926, 25.7648675], [-80.1886793, 25.7649789], [-80.1886267, 25.7651913], [-80.1885971, 25.7652459], [-80.1885779999999, 25.7653025], [-80.1885713, 25.7653554], [-80.188523, 25.7655602], [-80.1885182, 25.7655899]]}, "properties": {"project": "FL4501", "date": "19450301", "kind": "Man-made", "source": "T08596"}}, {"type": "Feature", "geometry": {"type": "LineString", "coordinates": [[-80.1902037999999, 25.7703738], [-80.1902077, 25.7702576], [-80.1899968, 25.7702697], [-80.1900169, 25.770387]]}, "properties": {"project": "FL4501", "date": "19450301", "kind": "Pier", "source": "T08596"}}, {"type": "Feature", "geometry": {"type": "LineString", "coordinates": [[-80.1935228, 25.7702344], [-80.1934112, 25.7703756]]}, "properties": {"project": "FL4501", "date": "19450301", "kind": "Shoreline/Alongshore Feature Boundary", "source": "T08596"}}, {"type": "Feature", "geometry": {"type": "LineString", "coordinates": [[-80.1935228, 25.7702344], [-80.1935132999999, 25.7701058], [-80.1933901, 25.7701089], [-80.1934112, 25.7703756]]}, "properties": {"project": "FL4501", "date": "19450301", "kind": "Pier", "source": "T08596"}}, {"type": "Feature", "geometry": {"type": "LineString", "coordinates": [[-80.14521, 25.7725342], [-80.1452053, 25.7725274], [-80.1451967, 25.7725015], [-80.1452059, 25.7724517], [-80.1452171, 25.772414], [-80.1452151, 25.7723841], [-80.1451998, 25.77237], [-80.1451791, 25.772352], [-80.1451285, 25.7723497], [-80.145078, 25.7723414], [-80.1450649, 25.7723234], [-80.1449734, 25.7721934], [-80.1449429, 25.7721534], [-80.1449366, 25.7721115], [-80.1449435, 25.7720678], [-80.144966, 25.7720042], [-80.1449717, 25.7719683], [-80.1449631, 25.7719484], [-80.1449391, 25.7719144], [-80.1449063, 25.7718903], [-80.1448558, 25.771882], [-80.1448139, 25.7718897], [-80.1447787, 25.7718855], [-80.1447525, 25.7718615], [-80.1446393, 25.7716915], [-80.1445141, 25.7715175], [-80.1444052, 25.7713595], [-80.1442517999999, 25.7711315], [-80.1440265, 25.7707995], [-80.1439493, 25.7706696], [-80.1442541, 25.7705061], [-80.1444264, 25.7704055], [-80.1447809, 25.7702004], [-80.1450361, 25.7700486], [-80.1452063, 25.7702428], [-80.1453063, 25.7704007], [-80.1453695, 25.7704867], [-80.1455926, 25.7708207], [-80.1457766, 25.7710847], [-80.145855, 25.7711927], [-80.1460172, 25.7714327], [-80.1461306, 25.7715648], [-80.1462645, 25.7717708], [-80.1462699, 25.7717768]]}, "properties": {"project": "FL4501", "date": "19450301", "kind": "Man-made", "source": "T08596"}}, {"type": "Feature", "geometry": {"type": "LineString", "coordinates": [[-80.190033, 25.7698283], [-80.1901552, 25.7698243]]}, "properties": {"project": "FL4501", "date": "19450301", "kind": "Shoreline/Alongshore Feature Boundary", "source": "T08596"}}, {"type": "Feature", "geometry": {"type": "LineString", "coordinates": [[-80.1901552, 25.7698243], [-80.1901801, 25.7698414], [-80.1901882, 25.7698774], [-80.1901879, 25.7699209], [-80.1901711, 25.7699453], [-80.1901333, 25.7699659], [-80.1900874, 25.7699732], [-80.1900248, 25.7699691], [-80.1900081, 25.7699614], [-80.1899979, 25.7699368], [-80.189996, 25.7699009], [-80.1899963, 25.7698593], [-80.1900048, 25.7698404], [-80.190033, 25.7698283]]}, "properties": {"project": "FL4501", "date": "19450301", "kind": "Pier", "source": "T08596"}}, {"type": "Feature", "geometry": {"type": "LineString", "coordinates": [[-80.1473194, 25.7717531], [-80.1471407, 25.771517], [-80.1470472, 25.771373], [-80.1468785, 25.771119], [-80.146784, 25.7709552], [-80.1466381, 25.7707432], [-80.1465924, 25.7706772], [-80.1465324, 25.7706031], [-80.1464952, 25.770579], [-80.146469, 25.770551], [-80.1463493, 25.770365], [-80.1462068, 25.7701471], [-80.1461632, 25.770089], [-80.1461262, 25.770041], [-80.1461001, 25.769999], [-80.1460532, 25.769935], [-80.1460359, 25.7698931], [-80.1460254, 25.7698253], [-80.1460301, 25.7697835], [-80.1460569, 25.7697339]]}, "properties": {"project": "FL4501", "date": "19450301", "kind": "Natural.Mean High Water", "source": "T08596"}}, {"type": "Feature", "geometry": {"type": "LineString", "coordinates": [[-80.1460569, 25.7697339], [-80.1464933, 25.7699217], [-80.1471852, 25.7702185], [-80.1477325, 25.7704329], [-80.1482314, 25.7706589], [-80.1487632, 25.7708871], [-80.1490787, 25.7710376]]}, "properties": {"project": "FL4501", "date": "19450301", "kind": "Man-made", "source": "T08596"}}, {"type": "Feature", "geometry": {"type": "LineString", "coordinates": [[-80.1901552, 25.7698243], [-80.1903096, 25.7698365], [-80.1904472, 25.769858], [-80.1907056, 25.76992], [-80.1909212, 25.7699882], [-80.1909358, 25.7699864000001], [-80.1909547, 25.7699714], [-80.1909738, 25.7699337], [-80.1910118, 25.7698716], [-80.1910265, 25.7698603], [-80.1910495, 25.7698548], [-80.1910744, 25.7698662], [-80.1910889, 25.7698871], [-80.1910928, 25.7699268], [-80.1910738, 25.7699589], [-80.1910653, 25.769989], [-80.1910651, 25.7700098], [-80.1910817, 25.7700251], [-80.1911338, 25.7700461], [-80.1913734, 25.7701080000001], [-80.1914224, 25.7701167], [-80.1914703, 25.7701246], [-80.1915016, 25.7701361], [-80.1915244, 25.7701627], [-80.1915534, 25.7701855], [-80.1916076, 25.7701953], [-80.1918139, 25.7702493], [-80.1918411, 25.7702495], [-80.1919205, 25.7702386], [-80.1920083, 25.7702202], [-80.1922226, 25.7701713], [-80.1923783, 25.7701409], [-80.1925204, 25.7701115], [-80.1926249, 25.7700932], [-80.192719, 25.770071], [-80.1927546, 25.7700655], [-80.1927735, 25.770043], [-80.1927884, 25.7700052], [-80.1928011, 25.769977], [-80.192822, 25.7699695], [-80.192958, 25.7699192], [-80.1931162, 25.7698398], [-80.1932421, 25.7697365], [-80.1933199, 25.7696557], [-80.1933965, 25.7695909]]}, "properties": {"project": "FL4501", "date": "19450301", "kind": "Natural.Mean High Water", "source": "T08596"}}, {"type": "Feature", "geometry": {"type": "LineString", "coordinates": [[-80.193506, 25.7694611], [-80.1933965, 25.7695909]]}, "properties": {"project": "FL4501", "date": "19450301", "kind": "Shoreline/Alongshore Feature Boundary", "source": "T08596"}}, {"type": "Feature", "geometry": {"type": "LineString", "coordinates": [[-80.1933965, 25.7695909], [-80.1933807, 25.7697685], [-80.1935018, 25.7697635], [-80.193506, 25.7694611]]}, "properties": {"project": "FL4501", "date": "19450301", "kind": "Pier", "source": "T08596"}}, {"type": "Feature", "geometry": {"type": "LineString", "coordinates": [[-80.1879993, 25.7692009], [-80.1879977, 25.7692178], [-80.1879993, 25.7692953], [-80.1880092, 25.7693766], [-80.1880297, 25.7694335], [-80.1880757, 25.7695613], [-80.1881295, 25.7696372], [-80.1881997999999, 25.7697359], [-80.1882703, 25.7698062], [-80.1884169, 25.7698911], [-80.1884773, 25.7699179], [-80.1885544, 25.7699373], [-80.1886273, 25.769949], [-80.188692, 25.7699569], [-80.1887546, 25.7699554], [-80.1888613, 25.7699276], [-80.1891865, 25.7698397], [-80.1893432, 25.7698235], [-80.1895164, 25.7698245], [-80.190033, 25.7698283]]}, "properties": {"project": "FL4501", "date": "19450301", "kind": "Natural.Mean High Water", "source": "T08596"}}, {"type": "Feature", "geometry": {"type": "LineString", "coordinates": [[-80.1879993, 25.7692009], [-80.1879522, 25.7691968]]}, "properties": {"project": "FL4501", "date": "19450301", "kind": "Pier", "source": "T08596"}}, {"type": "Feature", "geometry": {"type": "LineString", "coordinates": [[-80.1880076, 25.7691134], [-80.1879993, 25.7692009]]}, "properties": {"project": "FL4501", "date": "19450301", "kind": "Natural.Mean High Water", "source": "T08596"}}, {"type": "Feature", "geometry": {"type": "LineString", "coordinates": [[-80.1880076, 25.7691134], [-80.1879528, 25.7691131]]}, "properties": {"project": "FL4501", "date": "19450301", "kind": "Pier", "source": "T08596"}}, {"type": "Feature", "geometry": {"type": "LineString", "coordinates": [[-80.1990366, 25.7712037], [-80.1990271, 25.7712039], [-80.198995, 25.7711993], [-80.1989115, 25.7711989], [-80.1988426, 25.771189], [-80.1987968, 25.7711718], [-80.1987407, 25.7711337], [-80.1987001, 25.7711193], [-80.1986731, 25.7711021], [-80.1986565, 25.7710812], [-80.1986525, 25.7710585], [-80.1986527, 25.7710321], [-80.1986716, 25.771017], [-80.1986987, 25.7710134], [-80.1990078, 25.7710057], [-80.1991268, 25.7710025], [-80.1991581, 25.7709951000001], [-80.1991644, 25.7709857], [-80.1991688, 25.7709593], [-80.1991586, 25.7709214], [-80.1991213, 25.7708796], [-80.1990219, 25.7707638], [-80.1988261, 25.7705482], [-80.1987163, 25.7704172], [-80.1986489, 25.7703478], [-80.1985907, 25.7703097], [-80.1985492, 25.7702792], [-80.1985287, 25.77023], [-80.1984999, 25.770158], [-80.1984752, 25.7701087], [-80.1984296, 25.7700593], [-80.1983684, 25.7700051], [-80.1983434, 25.7699974], [-80.1983267, 25.770003], [-80.1983099, 25.7700142], [-80.1982679, 25.7700461], [-80.1982532, 25.7700555], [-80.1982178, 25.7700496], [-80.1981742, 25.7700172], [-80.1980207, 25.7698652], [-80.1978675, 25.7696848000001], [-80.1977047, 25.7695147], [-80.1976352, 25.7694491], [-80.1976105, 25.7694074], [-80.1976025, 25.769345], [-80.1976136, 25.7692487], [-80.197616, 25.7692033], [-80.1976036, 25.7691824], [-80.1975766, 25.7691615], [-80.197537, 25.7691537], [-80.1974681, 25.7691571], [-80.1974033, 25.7691738], [-80.1973593, 25.7692], [-80.1973238, 25.7691998], [-80.1972864, 25.7691788], [-80.1972385, 25.7691559], [-80.1971947, 25.7691462], [-80.1970821, 25.7691304], [-80.1965409, 25.7690641], [-80.1964293, 25.7690437], [-80.1963541, 25.7690489], [-80.1961996, 25.7690613], [-80.1961327, 25.7690704], [-80.1960616, 25.7690908], [-80.1959779, 25.7691224], [-80.1959172, 25.769141], [-80.1957952, 25.7691356], [-80.1956427, 25.7691499], [-80.195582, 25.7691647], [-80.1954691, 25.7691905], [-80.1953646, 25.7692202], [-80.195283, 25.7692443], [-80.1949305, 25.769351], [-80.1946586, 25.7694327], [-80.194394, 25.7695153], [-80.1943333, 25.7695358], [-80.194283, 25.769562], [-80.1942411, 25.7695901], [-80.1942116, 25.769624], [-80.1941885, 25.7696522], [-80.1941591, 25.7696804], [-80.1940079, 25.7698062], [-80.1938136, 25.7699818], [-80.1937234, 25.7700569], [-80.1936436, 25.7701207], [-80.1935932, 25.7701753], [-80.1935228, 25.7702344]]}, "properties": {"project": "FL4501", "date": "19450301", "kind": "Natural.Mean High Water", "source": "T08596"}}, {"type": "Feature", "geometry": {"type": "LineString", "coordinates": [[-80.188015, 25.769034], [-80.1880076, 25.7691134]]}, "properties": {"project": "FL4501", "date": "19450301", "kind": "Natural.Mean High Water", "source": "T08596"}}, {"type": "Feature", "geometry": {"type": "LineString", "coordinates": [[-80.188015, 25.769034], [-80.1879347, 25.7690234]]}, "properties": {"project": "FL4501", "date": "19450301", "kind": "Pier", "source": "T08596"}}, {"type": "Feature", "geometry": {"type": "LineString", "coordinates": [[-80.1880219, 25.7689498], [-80.188015, 25.769034]]}, "properties": {"project": "FL4501", "date": "19450301", "kind": "Natural.Mean High Water", "source": "T08596"}}, {"type": "Feature", "geometry": {"type": "LineString", "coordinates": [[-80.1880219, 25.7689498], [-80.1879749, 25.768936]]}, "properties": {"project": "FL4501", "date": "19450301", "kind": "Pier", "source": "T08596"}}, {"type": "Feature", "geometry": {"type": "LineString", "coordinates": [[-80.1979979, 25.768877], [-80.1979993, 25.7689992]]}, "properties": {"project": "FL4501", "date": "19450301", "kind": "Pier", "source": "T08596"}}, {"type": "Feature", "geometry": {"type": "LineString", "coordinates": [[-80.1979979, 25.768877], [-80.1980146, 25.7688906], [-80.1980416, 25.768904], [-80.1980541, 25.7689135], [-80.1980622, 25.7689476], [-80.1980742, 25.7690289], [-80.1980771, 25.7690601], [-80.1981019, 25.7690962], [-80.1983487, 25.7693394], [-80.198723, 25.7697091], [-80.1990764, 25.7700825], [-80.1993014, 25.7703134], [-80.199347, 25.7703514], [-80.199372, 25.7703686], [-80.1994031999999, 25.7703725], [-80.199443, 25.7703614], [-80.1994722, 25.7703578], [-80.1994889, 25.7703655], [-80.1995033, 25.7703882], [-80.1995571, 25.7704585], [-80.1997704, 25.7706744]]}, "properties": {"project": "FL4501", "date": "19450301", "kind": "Natural.Mean High Water", "source": "T08596"}}, {"type": "Feature", "geometry": {"type": "LineString", "coordinates": [[-80.1880281, 25.7688643], [-80.1880282, 25.768873], [-80.1880219, 25.7689498]]}, "properties": {"project": "FL4501", "date": "19450301", "kind": "Natural.Mean High Water", "source": "T08596"}}, {"type": "Feature", "geometry": {"type": "LineString", "coordinates": [[-80.1880281, 25.7688643], [-80.187971, 25.7688563]]}, "properties": {"project": "FL4501", "date": "19450301", "kind": "Pier", "source": "T08596"}}, {"type": "Feature", "geometry": {"type": "LineString", "coordinates": [[-80.1382184, 25.7688001], [-80.1384087, 25.7690808], [-80.1385466, 25.769295], [-80.1385733, 25.7693515], [-80.1385837, 25.7694031], [-80.1385915, 25.7694522], [-80.1386344, 25.7695186], [-80.1389302, 25.7699961], [-80.1389731, 25.7700528], [-80.1390054, 25.7700898000001], [-80.1390966, 25.7702031], [-80.1391394, 25.7702745], [-80.1391648, 25.7703261]]}, "properties": {"project": "FL4501", "date": "19450301", "kind": "Natural.Mean High Water", "source": "T08596"}}, {"type": "Feature", "geometry": {"type": "LineString", "coordinates": [[-80.1880312, 25.768759], [-80.1880267, 25.7687974], [-80.1880281, 25.7688643]]}, "properties": {"project": "FL4501", "date": "19450301", "kind": "Natural.Mean High Water", "source": "T08596"}}, {"type": "Feature", "geometry": {"type": "LineString", "coordinates": [[-80.1880312, 25.768759], [-80.1879827, 25.7687548]]}, "properties": {"project": "FL4501", "date": "19450301", "kind": "Pier", "source": "T08596"}}, {"type": "Feature", "geometry": {"type": "LineString", "coordinates": [[-80.1974542, 25.7687212], [-80.1974622, 25.7687741], [-80.1974661, 25.768812], [-80.1974743, 25.7688309], [-80.1975056, 25.7688386], [-80.1975578, 25.7688389], [-80.1975871, 25.7688277], [-80.1976164, 25.7688071], [-80.1976416, 25.7687865], [-80.1976772, 25.7687772], [-80.1977252, 25.7687775], [-80.1977544, 25.7687833], [-80.1977730999999, 25.7687985], [-80.1977875, 25.7688156], [-80.197804, 25.7688497], [-80.1978206, 25.7688744], [-80.1978393, 25.7688802], [-80.197879, 25.7688823], [-80.1978936, 25.7688767], [-80.1978999, 25.7688673], [-80.1979022, 25.7688408], [-80.1978982, 25.7688181], [-80.1979005, 25.7687879], [-80.1979256, 25.7687691], [-80.1979423, 25.7687692], [-80.1979548, 25.7687844], [-80.1979753, 25.7688337], [-80.1979835, 25.7688602], [-80.1979979, 25.768877]]}, "properties": {"project": "FL4501", "date": "19450301", "kind": "Natural.Mean High Water", "source": "T08596"}}, {"type": "Feature", "geometry": {"type": "LineString", "coordinates": [[-80.1317094, 25.7687023], [-80.131603, 25.768706]]}, "properties": {"project": "FL4501", "date": "19450301", "kind": "Pier", "source": "T08596"}}, {"type": "Feature", "geometry": {"type": "LineString", "coordinates": [[-80.1320252, 25.7686912], [-80.1317094, 25.7687023]]}, "properties": {"project": "FL4501", "date": "19450301", "kind": "Pier", "source": "T08596"}}, {"type": "Feature", "geometry": {"type": "LineString", "coordinates": [[-80.1635461, 25.7776514], [-80.1633563, 25.7775707], [-80.1630888, 25.7774457], [-80.162923, 25.7773989], [-80.1626598, 25.7772859], [-80.1625326, 25.7772314], [-80.1621345, 25.7770578], [-80.1619743, 25.7769971], [-80.1614272, 25.776745], [-80.160994, 25.7765692], [-80.1604664, 25.776347], [-80.1600114, 25.7761472], [-80.1594071, 25.7758868], [-80.1591055, 25.7757635], [-80.1589738, 25.7757229], [-80.1586021, 25.7755535], [-80.1583718, 25.7754466], [-80.1578532, 25.7752125], [-80.1573895, 25.7749927], [-80.1571186, 25.7748776], [-80.1570417, 25.7748612], [-80.1568465, 25.7747764], [-80.156477, 25.774611], [-80.1560942999999, 25.7744514], [-80.155899, 25.7743726], [-80.1555558, 25.7742252], [-80.1553475, 25.7741323], [-80.1549713, 25.7739768], [-80.1548133, 25.7739161], [-80.1544175, 25.7737306], [-80.1539317, 25.7735266], [-80.1535095999999, 25.7733389], [-80.1532946, 25.77325], [-80.15314, 25.7731793], [-80.1530565, 25.7731629], [-80.1528394, 25.7730661], [-80.1526629, 25.7729933], [-80.152393, 25.7728882], [-80.1522724, 25.7728357], [-80.1518804, 25.7726789]]}, "properties": {"project": "FL4501", "date": "19450301", "kind": "Man-made", "source": "T08596"}}, {"type": "Feature", "geometry": {"type": "LineString", "coordinates": [[-80.1518804, 25.7726789], [-80.1518326, 25.7726598], [-80.1517669, 25.7726399]]}, "properties": {"project": "FL4501", "date": "19450301", "kind": "Undetermined.Approximate", "source": "T08596"}}, {"type": "Feature", "geometry": {"type": "LineString", "coordinates": [[-80.1477503, 25.7723325], [-80.1475339, 25.7723718], [-80.1474401, 25.7724111], [-80.1472196, 25.7724855], [-80.1471225, 25.7725208], [-80.147042, 25.7725621], [-80.1468081, 25.7726603], [-80.1466415, 25.7727231], [-80.1464166, 25.7727995], [-80.1461993, 25.7728779], [-80.1459787, 25.7729702], [-80.1457945, 25.7730368], [-80.1456467, 25.7730937], [-80.1455056, 25.7731427000001], [-80.1452927, 25.7732231], [-80.145081, 25.7732975], [-80.1448901, 25.7733801], [-80.1447048, 25.7734547], [-80.144386, 25.7735783], [-80.1442206, 25.7736411], [-80.1439592, 25.7737371], [-80.1438681, 25.7735573], [-80.14421, 25.7734319], [-80.1445695, 25.7732965], [-80.1447868, 25.7732161], [-80.1449588999999, 25.7731474], [-80.1450141, 25.7731139], [-80.145131, 25.7730728], [-80.1455556, 25.7729179], [-80.1459868, 25.7727531], [-80.1464975, 25.7725669], [-80.146975, 25.7723904], [-80.1471152, 25.7723215], [-80.1474923, 25.7721823], [-80.147628, 25.7721273]]}, "properties": {"project": "FL4501", "date": "19450301", "kind": "Pier", "source": "T08596"}}, {"type": "Feature", "geometry": {"type": "LineString", "coordinates": [[-80.147628, 25.7721273], [-80.1477503, 25.7723325]]}, "properties": {"project": "FL4501", "date": "19450301", "kind": "Shoreline/Alongshore Feature Boundary", "source": "T08596"}}, {"type": "Feature", "geometry": {"type": "LineString", "coordinates": [[-80.147628, 25.7721273], [-80.1476062, 25.7721033], [-80.1475777, 25.7720912], [-80.1475293, 25.7720829], [-80.1474765, 25.7720926], [-80.1473531, 25.7721237], [-80.1472186, 25.7721568], [-80.1471415, 25.7721823], [-80.1470908, 25.7721979], [-80.1470532, 25.7722156], [-80.1470046, 25.7722432], [-80.1469473, 25.7722588], [-80.1467544, 25.7723154], [-80.146675, 25.7723448], [-80.1466551, 25.7723686], [-80.1466285, 25.7723904], [-80.146516, 25.7724315], [-80.1463969, 25.7724727], [-80.146173, 25.772557], [-80.1459547, 25.7726394], [-80.1457948, 25.7726982], [-80.1456227, 25.7727629], [-80.1455852, 25.7727767], [-80.1455368, 25.7727823], [-80.1454972, 25.7727761], [-80.1454138, 25.7727458], [-80.1453316, 25.7727074], [-80.1452902, 25.7726514], [-80.14521, 25.7725342]]}, "properties": {"project": "FL4501", "date": "19450301", "kind": "Natural.Mean High Water", "source": "T08596"}}, {"type": "Feature", "geometry": {"type": "LineString", "coordinates": [[-80.1404726, 25.7720677], [-80.1404479, 25.7721117], [-80.1404531, 25.7721411], [-80.1404799, 25.7721854], [-80.1406299, 25.7724119], [-80.1409127, 25.7728158]]}, "properties": {"project": "FL4501", "date": "19450301", "kind": "Natural.Mean High Water", "source": "T08596"}}, {"type": "Feature", "geometry": {"type": "LineString", "coordinates": [[-80.1287911, 25.7869158], [-80.128793, 25.7868834], [-80.1288029, 25.7868268], [-80.1288591, 25.7862698], [-80.1288786, 25.7860698], [-80.128953, 25.7857525], [-80.1291533, 25.7852135], [-80.1291817, 25.7850977], [-80.1291916, 25.7850394], [-80.1291979, 25.7849484], [-80.1292136, 25.7846187], [-80.1292432, 25.7840752], [-80.1292671, 25.7837963], [-80.1292827, 25.7837328], [-80.1293078, 25.7836694], [-80.1293273, 25.7836042], [-80.1293314, 25.7835579], [-80.1293437, 25.7834291], [-80.1293557, 25.7832257], [-80.1293521, 25.7831879], [-80.1293244, 25.7828287], [-80.1293458, 25.7826305], [-80.1294113, 25.7822375], [-80.1295092, 25.7816807], [-80.1295132, 25.7815305], [-80.1295004, 25.7814617], [-80.1294525, 25.7812621], [-80.1294406, 25.7810766], [-80.1294355, 25.7808678], [-80.1294454, 25.7808129], [-80.1295104, 25.7804767], [-80.1296314, 25.7798943], [-80.1296745, 25.7795656], [-80.1297125, 25.7793013], [-80.1298020999999, 25.7788492], [-80.1298544, 25.7787001], [-80.1298969, 25.7784676], [-80.1299565, 25.7780987], [-80.1300858, 25.7776726], [-80.1301269, 25.7775028], [-80.1302141, 25.7771229], [-80.1303027, 25.7769379], [-80.1304006, 25.7766457], [-80.1304919, 25.7763576], [-80.1306337, 25.7757719], [-80.130766, 25.7751913], [-80.1308212, 25.775031], [-80.1308528, 25.7748594], [-80.1308945, 25.7746038], [-80.1309503, 25.7743628], [-80.1309564, 25.7743113], [-80.1309947, 25.774004], [-80.1310919, 25.7735417], [-80.1311711, 25.773227], [-80.1312297, 25.7729955], [-80.1312532, 25.7728857], [-80.1313721, 25.7723204], [-80.1314862, 25.7718943], [-80.1315159, 25.7717158], [-80.1315395, 25.7714781], [-80.131544, 25.7713836], [-80.1315857, 25.7711262], [-80.131675, 25.770712], [-80.1317157, 25.7704657], [-80.1317507, 25.7703457], [-80.1317781, 25.7702308], [-80.1317823, 25.7701758], [-80.131777, 25.7701243], [-80.1317588, 25.770016], [-80.131758, 25.7699893], [-80.131764, 25.769955], [-80.1318482, 25.7695948], [-80.131938, 25.769105], [-80.1320215, 25.7687216], [-80.1320252, 25.7686912]]}, "properties": {"project": "FL4501", "date": "19450301", "kind": "Natural.Mean High Water", "source": "T08596"}}, {"type": "Feature", "geometry": {"type": "LineString", "coordinates": [[-80.1880446, 25.7686456], [-80.1880312, 25.768759]]}, "properties": {"project": "FL4501", "date": "19450301", "kind": "Natural.Mean High Water", "source": "T08596"}}, {"type": "Feature", "geometry": {"type": "LineString", "coordinates": [[-80.1880446, 25.7686456], [-80.1879846, 25.7686373]]}, "properties": {"project": "FL4501", "date": "19450301", "kind": "Pier", "source": "T08596"}}, {"type": "Feature", "geometry": {"type": "LineString", "coordinates": [[-80.1320252, 25.7686912], [-80.132045, 25.7685641]]}, "properties": {"project": "FL4501", "date": "19450301", "kind": "Shoreline/Alongshore Feature Boundary", "source": "T08596"}}, {"type": "Feature", "geometry": {"type": "LineString", "coordinates": [[-80.1315176, 25.7685664], [-80.1318115, 25.7685582]]}, "properties": {"project": "FL4501", "date": "19450301", "kind": "Pier", "source": "T08596"}}, {"type": "Feature", "geometry": {"type": "LineString", "coordinates": [[-80.1318115, 25.7685582], [-80.1318927, 25.7685619], [-80.132045, 25.7685641]]}, "properties": {"project": "FL4501", "date": "19450301", "kind": "Pier", "source": "T08596"}}, {"type": "Feature", "geometry": {"type": "LineString", "coordinates": [[-80.1880606, 25.7685444], [-80.1880522, 25.7685811], [-80.1880446, 25.7686456]]}, "properties": {"project": "FL4501", "date": "19450301", "kind": "Man-made", "source": "T08596"}}, {"type": "Feature", "geometry": {"type": "LineString", "coordinates": [[-80.1880606, 25.7685444], [-80.1880007, 25.7685358]]}, "properties": {"project": "FL4501", "date": "19450301", "kind": "Pier", "source": "T08596"}}, {"type": "Feature", "geometry": {"type": "LineString", "coordinates": [[-80.1380026, 25.7684923], [-80.1382184, 25.7688001]]}, "properties": {"project": "FL4501", "date": "19450301", "kind": "Man-made", "source": "T08596"}}, {"type": "Feature", "geometry": {"type": "LineString", "coordinates": [[-80.131603, 25.768706], [-80.1314524, 25.7687113], [-80.1310834, 25.7687289], [-80.130699, 25.7687652], [-80.1306013, 25.768762], [-80.1305749, 25.7684733], [-80.1310872, 25.7684661], [-80.1310929, 25.7685838], [-80.1314653, 25.7685737], [-80.1315176, 25.7685664]]}, "properties": {"project": "FL4501", "date": "19450301", "kind": "Pier", "source": "T08596"}}, {"type": "Feature", "geometry": {"type": "LineString", "coordinates": [[-80.1881047, 25.7683532], [-80.1880606, 25.7685444]]}, "properties": {"project": "FL4501", "date": "19450301", "kind": "Man-made", "source": "T08596"}}, {"type": "Feature", "geometry": {"type": "LineString", "coordinates": [[-80.1378248, 25.7683457], [-80.1378973, 25.7684451], [-80.1379107, 25.7684648], [-80.1379242, 25.7684722], [-80.1379594, 25.7684724], [-80.1379919, 25.76848], [-80.1380026, 25.7684923]]}, "properties": {"project": "FL4501", "date": "19450301", "kind": "Natural.Mean High Water", "source": "T08596"}}, {"type": "Feature", "geometry": {"type": "LineString", "coordinates": [[-80.1881047, 25.7683532], [-80.1880537, 25.7683448]]}, "properties": {"project": "FL4501", "date": "19450301", "kind": "Pier", "source": "T08596"}}, {"type": "Feature", "geometry": {"type": "LineString", "coordinates": [[-80.1379011, 25.7683016], [-80.1378248, 25.7683457]]}, "properties": {"project": "FL4501", "date": "19450301", "kind": "Pier", "source": "T08596"}}, {"type": "Feature", "geometry": {"type": "LineString", "coordinates": [[-80.1881231, 25.7682735], [-80.1881047, 25.7683532]]}, "properties": {"project": "FL4501", "date": "19450301", "kind": "Man-made", "source": "T08596"}}, {"type": "Feature", "geometry": {"type": "LineString", "coordinates": [[-80.1881231, 25.7682735], [-80.1880586, 25.7682732]]}, "properties": {"project": "FL4501", "date": "19450301", "kind": "Pier", "source": "T08596"}}, {"type": "Feature", "geometry": {"type": "LineString", "coordinates": [[-80.1517669, 25.7726399], [-80.1516515, 25.772605], [-80.151373, 25.7724739], [-80.1512042, 25.7723992], [-80.1510472, 25.7723505], [-80.1508211, 25.7722795], [-80.1505038, 25.7722079], [-80.1502709, 25.7721587], [-80.1501062, 25.7721279], [-80.1499733, 25.7721012], [-80.149716, 25.7720798], [-80.1495533, 25.7720689], [-80.1493081, 25.7720655], [-80.1491474, 25.7720705], [-80.1490307, 25.7720877], [-80.1487104, 25.7721157], [-80.1485364, 25.7721506], [-80.1482291, 25.7722165], [-80.1479933, 25.7722729], [-80.1477503, 25.7723325]]}, "properties": {"project": "FL4501", "date": "19450301", "kind": "Man-made", "source": "T08596"}}, {"type": "Feature", "geometry": {"type": "LineString", "coordinates": [[-80.1464746, 25.7720768], [-80.1466172, 25.7722728], [-80.1467318, 25.7722516], [-80.1469038, 25.7721968], [-80.1472137, 25.7720851], [-80.1474616, 25.7720188], [-80.1474771, 25.7720069], [-80.1474728, 25.771987], [-80.1474467, 25.771955], [-80.1474293, 25.771927]]}, "properties": {"project": "FL4501", "date": "19450301", "kind": "Natural.Mean High Water", "source": "T08596"}}, {"type": "Feature", "geometry": {"type": "LineString", "coordinates": [[-80.176965, 25.7719771], [-80.1767758, 25.7721632], [-80.1766208, 25.7723882], [-80.1765449, 25.7724974], [-80.1765341, 25.7725502], [-80.176478, 25.7726643], [-80.1764211, 25.7727509], [-80.1763558, 25.7728337], [-80.1763031999999, 25.7728863], [-80.1762571, 25.7729201], [-80.1762214, 25.7729445], [-80.1761195, 25.7730374], [-80.17605, 25.7731334], [-80.1759889, 25.7732068], [-80.1758922, 25.7733064], [-80.1757145, 25.7734992], [-80.1756639, 25.7735745], [-80.1756365, 25.7736121], [-80.1755986, 25.7736516000001], [-80.1755816, 25.7736912], [-80.1755008, 25.7737654], [-80.1754208999999, 25.7738368], [-80.175335, 25.7738911], [-80.175224, 25.773934], [-80.175111, 25.7739787], [-80.1750356, 25.7740142], [-80.174979, 25.7740479], [-80.1749338, 25.7740883], [-80.1749127, 25.774124], [-80.1749105, 25.7741486], [-80.1749187, 25.7741657], [-80.174952, 25.7741791], [-80.1750084, 25.7741775], [-80.175071, 25.7741722], [-80.1751212, 25.7741611], [-80.1752195, 25.7741352], [-80.1752802, 25.7741167], [-80.175387, 25.7740663], [-80.1754792, 25.774012], [-80.1755297, 25.7739593], [-80.1755845, 25.7738765], [-80.1756553, 25.7737625], [-80.1757416, 25.7736515], [-80.1758362, 25.7735632], [-80.1759263, 25.7735032000001], [-80.1760594, 25.7734293], [-80.176139, 25.7733957], [-80.1762206, 25.7733678], [-80.1762647, 25.7733322], [-80.1763342, 25.7732418000001], [-80.1763953, 25.7731628], [-80.176447, 25.7730695], [-80.1764683, 25.7730148], [-80.1764916, 25.7729715], [-80.1765507, 25.7728773], [-80.1766074, 25.7728172], [-80.1766494, 25.7727853], [-80.1768120999999, 25.7726567], [-80.1768794, 25.7725815], [-80.1769196, 25.7725061], [-80.1769661, 25.7724157], [-80.1769971, 25.7723128], [-80.1770458, 25.7722224], [-80.1770941, 25.7721697], [-80.177176, 25.7721078], [-80.1772305, 25.772076], [-80.1772422, 25.7720373], [-80.1772529, 25.7719977], [-80.1772532, 25.771958], [-80.1772367, 25.7719257], [-80.1772139, 25.7719029], [-80.1771993, 25.7718972], [-80.1771347, 25.7718911], [-80.177097, 25.7718985], [-80.1770363, 25.7719303], [-80.176965, 25.7719771]]}, "properties": {"project": "FL4501", "date": "19450301", "kind": "Natural.Mean High Water", "source": "T08596"}}, {"type": "Feature", "geometry": {"type": "LineString", "coordinates": [[-80.1850787, 25.7717978], [-80.1850304, 25.7718315], [-80.1850093, 25.7718617], [-80.1849944, 25.7719051], [-80.1849899, 25.7719636], [-80.1849893, 25.7720506], [-80.1849794, 25.7724238], [-80.1849802999999, 25.7727574], [-80.1849885, 25.7729248], [-80.1849878, 25.7730287], [-80.1849959, 25.7730684], [-80.1850039, 25.7731139], [-80.1850037, 25.7731535], [-80.1850198, 25.7733852], [-80.1850321, 25.7734193], [-80.185094, 25.773533], [-80.185165, 25.7736742], [-80.1851896, 25.7737405], [-80.1852058, 25.77382], [-80.1852095, 25.7738843], [-80.185203, 25.7739239], [-80.1851784, 25.7740098], [-80.1851147, 25.7741682], [-80.1850553, 25.7743059], [-80.1850414, 25.7743559], [-80.1850386, 25.7744504], [-80.1850485, 25.7745317], [-80.1850627, 25.7745998], [-80.1850704, 25.7746925], [-80.185075, 25.7750809], [-80.185086, 25.7754675], [-80.1850988, 25.7755687], [-80.1851193, 25.7756312], [-80.1851665, 25.7757487], [-80.1852221, 25.7758586], [-80.1852827, 25.7760073], [-80.1852844, 25.7760659], [-80.1852753, 25.7761717], [-80.1852644, 25.7762454000001], [-80.1852271, 25.7763444], [-80.1851677, 25.7764915], [-80.1851358, 25.7765726], [-80.1851302, 25.776634]]}, "properties": {"project": "FL4501", "date": "19450301", "kind": "Natural.Mean High Water", "source": "T08596"}}, {"type": "Feature", "geometry": {"type": "LineString", "coordinates": [[-80.1462699, 25.7717768], [-80.1464746, 25.7720768]]}, "properties": {"project": "FL4501", "date": "19450301", "kind": "Undetermined.Approximate", "source": "T08596"}}, {"type": "Feature", "geometry": {"type": "LineString", "coordinates": [[-80.1474293, 25.771927], [-80.1473194, 25.7717531]]}, "properties": {"project": "FL4501", "date": "19450301", "kind": "Undetermined.Approximate", "source": "T08596"}}, {"type": "Feature", "geometry": {"type": "LineString", "coordinates": [[-80.1851835, 25.7717379], [-80.1850787, 25.7717978]]}, "properties": {"project": "FL4501", "date": "19450301", "kind": "Undetermined.Approximate", "source": "T08596"}}, {"type": "Feature", "geometry": {"type": "LineString", "coordinates": [[-80.1858311, 25.7715156], [-80.1852997, 25.7716885], [-80.1851835, 25.7717379]]}, "properties": {"project": "FL4501", "date": "19450301", "kind": "Natural.Mean High Water", "source": "T08596"}}, {"type": "Feature", "geometry": {"type": "LineString", "coordinates": [[-80.1997704, 25.7722174], [-80.1996246, 25.7717878], [-80.1996002, 25.771695], [-80.1995592, 25.771572], [-80.1995284, 25.7714943], [-80.1994686, 25.7713938], [-80.1994355, 25.7713463], [-80.1994043, 25.7713329], [-80.1993229, 25.7713287], [-80.1991799, 25.7713213], [-80.1991257, 25.7713153], [-80.1991007, 25.7713076], [-80.19908, 25.7712849], [-80.1990698, 25.7712451], [-80.1990595, 25.7712224], [-80.1990366, 25.7712037]]}, "properties": {"project": "FL4501", "date": "19450301", "kind": "Natural.Mean High Water", "source": "T08596"}}, {"type": "Feature", "geometry": {"type": "LineString", "coordinates": [[-80.1990366, 25.7712037], [-80.1993695, 25.7711978]]}, "properties": {"project": "FL4501", "date": "19450301", "kind": "Pier", "source": "T08596"}}, {"type": "Feature", "geometry": {"type": "LineString", "coordinates": [[-80.139756, 25.7711561], [-80.139813, 25.7711417], [-80.139848, 25.7711762], [-80.1397879, 25.771247], [-80.1398283, 25.7712718], [-80.1399068, 25.771282], [-80.1400368, 25.7714667], [-80.1401255, 25.7715604], [-80.1401334, 25.7715924], [-80.1401899, 25.7716393], [-80.1403535, 25.7718683], [-80.1404726, 25.7720677]]}, "properties": {"project": "FL4501", "date": "19450301", "kind": "Man-made", "source": "T08596"}}, {"type": "Feature", "geometry": {"type": "LineString", "coordinates": [[-80.1492998, 25.7711214], [-80.1495506, 25.7712144], [-80.1500057, 25.7714102], [-80.1505551, 25.7716405], [-80.1506723, 25.7717049], [-80.1506432, 25.7717785], [-80.1507462, 25.7718348], [-80.1508105, 25.7717695], [-80.1511219, 25.7719028], [-80.1516757, 25.772139], [-80.1522097, 25.7723792], [-80.1527546, 25.7726214], [-80.1531176, 25.7727789], [-80.1533085, 25.7728457], [-80.1537066, 25.7730153], [-80.1541351, 25.773229], [-80.1546296, 25.7734529], [-80.1551066, 25.7736629], [-80.1552383, 25.7737054], [-80.1557153, 25.7739154], [-80.1562076, 25.7741353], [-80.1567197, 25.7743574], [-80.1570804999999, 25.7745169], [-80.1572867, 25.7745898], [-80.1577878, 25.7748197], [-80.1581859, 25.7749874], [-80.1586299, 25.7751911], [-80.1590345, 25.7753747], [-80.1592946, 25.7754678], [-80.1595775, 25.775593], [-80.1601313, 25.7758292], [-80.1606171, 25.7760412], [-80.1610217, 25.7762168], [-80.1613913, 25.7763822], [-80.1618816, 25.7765763], [-80.1622731, 25.7767439], [-80.1627764, 25.7769698], [-80.1630605, 25.777091], [-80.1633215, 25.7771961], [-80.1638512, 25.7774242], [-80.164383, 25.7776663], [-80.1649017, 25.7778923], [-80.1652714, 25.7780319], [-80.1657529, 25.7782338], [-80.1661488, 25.7784074], [-80.1665689, 25.7785811], [-80.1669407, 25.7787426], [-80.1670921, 25.7787873], [-80.1675473, 25.7789791], [-80.1679497, 25.7791687], [-80.168486, 25.7794008], [-80.1690289, 25.779631], [-80.1694971, 25.7798448], [-80.1699325, 25.7800285], [-80.1703174, 25.780196], [-80.1708624, 25.7804382], [-80.1713461, 25.7806481], [-80.171867, 25.7808721], [-80.1723573, 25.7810841], [-80.1729044, 25.7813402], [-80.1733706, 25.7815241], [-80.1738786, 25.7817241], [-80.1743886, 25.7819382], [-80.1748986, 25.7821502], [-80.1749766, 25.7821666], [-80.1753671, 25.7823301], [-80.1759078, 25.7825643], [-80.176431, 25.7827863], [-80.1768028, 25.7829478], [-80.1768938, 25.7829881], [-80.1769575, 25.7830064], [-80.177304, 25.7831737], [-80.177555, 25.7833046], [-80.1775811, 25.7833446], [-80.1776356, 25.7834086], [-80.177835, 25.7835273], [-80.1779455, 25.7836136], [-80.1779803, 25.7836795], [-80.1780232999999, 25.7838231], [-80.1781064, 25.7840567], [-80.1781667, 25.7842402], [-80.1782586, 25.7844798], [-80.1782887, 25.7845776], [-80.1783694, 25.7848409], [-80.1784888, 25.785238], [-80.1785888, 25.7855652], [-80.1786826, 25.7858426], [-80.178783, 25.7861201], [-80.1788872, 25.7864872], [-80.1790115, 25.7868125], [-80.1790881, 25.7870281], [-80.179114, 25.7871039], [-80.179127, 25.7871239], [-80.1791598, 25.787154], [-80.179263, 25.7871924], [-80.1793409, 25.7872187], [-80.1793759, 25.7872488], [-80.1793932, 25.7872947], [-80.1794137, 25.7873192]]}, "properties": {"project": "FL4501", "date": "19450301", "kind": "Man-made", "source": "T08596"}}, {"type": "Feature", "geometry": {"type": "LineString", "coordinates": [[-80.1871148, 25.771072], [-80.1866828, 25.7712104], [-80.1862047, 25.7713731], [-80.1859515, 25.771453], [-80.1859138, 25.7714774], [-80.1858311, 25.7715156]]}, "properties": {"project": "FL4501", "date": "19450301", "kind": "Man-made", "source": "T08596"}}, {"type": "Feature", "geometry": {"type": "LineString", "coordinates": [[-80.1490787, 25.7710376], [-80.1492998, 25.7711214]]}, "properties": {"project": "FL4501", "date": "19450301", "kind": "Man-made", "source": "T08596"}}, {"type": "Feature", "geometry": {"type": "LineString", "coordinates": [[-80.1396301, 25.7709714], [-80.139756, 25.7711561]]}, "properties": {"project": "FL4501", "date": "19450301", "kind": "Natural.Mean High Water", "source": "T08596"}}, {"type": "Feature", "geometry": {"type": "LineString", "coordinates": [[-80.1926703, 25.7708146], [-80.192638, 25.7707531]]}, "properties": {"project": "FL4501", "date": "19450301", "kind": "Pier", "source": "T08596"}}, {"type": "Feature", "geometry": {"type": "LineString", "coordinates": [[-80.1926703, 25.7708146], [-80.1926473, 25.770824], [-80.1925677999999, 25.7708463], [-80.192385, 25.7708689], [-80.1922806, 25.7708683], [-80.1922013, 25.7708773], [-80.1921365, 25.7708902], [-80.1920779, 25.7709031], [-80.1920153, 25.7709084], [-80.1919798, 25.7709063], [-80.1918663, 25.7708669], [-80.1917518, 25.7708115], [-80.1916727, 25.7707846], [-80.1915685, 25.7707557], [-80.1914706, 25.7707343], [-80.1914101, 25.7707264], [-80.1913538, 25.7707072], [-80.1913227, 25.7706825], [-80.191249, 25.770615], [-80.1911658, 25.7705786], [-80.1910366, 25.7705495], [-80.1908928, 25.7705128], [-80.1907574, 25.7704705], [-80.1904415, 25.7704148], [-80.1903059, 25.7703952], [-80.1902037999999, 25.7703738]]}, "properties": {"project": "FL4501", "date": "19450301", "kind": "Natural.Mean High Water", "source": "T08596"}}, {"type": "Feature", "geometry": {"type": "LineString", "coordinates": [[-80.1689942, 25.7753706], [-80.1687065, 25.7753141], [-80.1684816, 25.7752391], [-80.1682297999999, 25.77513], [-80.1680581, 25.7750467], [-80.1678085, 25.7749262], [-80.1676515, 25.7748318], [-80.1674896, 25.7747004], [-80.1674024, 25.7746319], [-80.1672964, 25.7745576], [-80.1670916, 25.7744477], [-80.1668647, 25.7743462], [-80.1667064, 25.7742962], [-80.16657, 25.7742567], [-80.1664577, 25.7741993], [-80.1663642, 25.7741232], [-80.1662978, 25.7740774], [-80.1661693, 25.7739368], [-80.1660709, 25.773837], [-80.1660066, 25.7737667], [-80.1659526, 25.7737286], [-80.1658922, 25.7737113], [-80.1657484, 25.7736821], [-80.1655877, 25.7736679], [-80.1654281, 25.7736528], [-80.1652508, 25.7736348], [-80.16518, 25.7736174], [-80.1651156, 25.7735717], [-80.1650553, 25.7735297], [-80.1649275, 25.7734562], [-80.1648402, 25.7733915], [-80.1647695, 25.7733627], [-80.1646466, 25.7733204], [-80.1645112, 25.7732856], [-80.1643861, 25.7732509000001], [-80.1642311, 25.7731772], [-80.1641186, 25.7731463], [-80.1640018, 25.77314], [-80.1638245, 25.7731125], [-80.1637495, 25.7730913], [-80.1635321, 25.7729889], [-80.1633907, 25.7729106], [-80.1633199, 25.7728875], [-80.163245, 25.7728512], [-80.1631472, 25.7727977], [-80.1629506, 25.7727087], [-80.1627611, 25.7726395], [-80.1626321, 25.7725859], [-80.1623959, 25.7724815], [-80.1623253, 25.7724244], [-80.1622651, 25.7723673], [-80.1622281, 25.7722915], [-80.1622203, 25.7722121], [-80.1622247, 25.7720316], [-80.1622374, 25.7720071], [-80.1622607, 25.77196], [-80.1623089, 25.7719281], [-80.1624285, 25.7718532], [-80.1625931, 25.7717417], [-80.1627378, 25.7716423], [-80.1627883, 25.7715935], [-80.1628746, 25.7714919], [-80.1629627, 25.7712855], [-80.1630054, 25.7711458], [-80.1630272, 25.7710193], [-80.1630569, 25.7709439], [-80.1631284, 25.7708687], [-80.1633174, 25.770711], [-80.1633928, 25.7706774], [-80.1634974, 25.7706364], [-80.1635684, 25.7706406], [-80.1635975, 25.7706559], [-80.1636763, 25.7707282], [-80.1636967, 25.7707926], [-80.1637255, 25.7708646], [-80.1637587, 25.7708912], [-80.1638754, 25.7709184], [-80.1640675, 25.7709157], [-80.1645624, 25.7708902], [-80.1647453, 25.7708487], [-80.1647975, 25.770849], [-80.1648329, 25.7708586], [-80.1648641, 25.7708721], [-80.1648953, 25.7708987], [-80.1649138, 25.7709347], [-80.1649134, 25.7709952], [-80.1648983, 25.7710613], [-80.1648939, 25.7710971], [-80.1648979, 25.7711255], [-80.1649164, 25.771154], [-80.1649518, 25.771175], [-80.1649956, 25.7711847], [-80.1650665, 25.7711908], [-80.1651499, 25.7712007], [-80.1652249, 25.77122], [-80.1653164, 25.7712716], [-80.1654045, 25.7713638], [-80.1655121, 25.7714929], [-80.1655639, 25.7715575], [-80.165595, 25.7715784], [-80.1656343, 25.7716372], [-80.1656931, 25.7717293], [-80.1657324, 25.7717824], [-80.1658175, 25.7718585], [-80.1659772, 25.7720031], [-80.1660736, 25.7721066], [-80.1661233, 25.7721561], [-80.1662024, 25.7721905], [-80.1662816, 25.7722137], [-80.1663753, 25.7722501], [-80.1664729, 25.7723131], [-80.1666355, 25.7724964], [-80.166683, 25.7725741], [-80.1667057, 25.772614], [-80.1667493, 25.7726501], [-80.1668075, 25.7726807], [-80.1668742, 25.7726981], [-80.1669576, 25.7727099], [-80.1670244, 25.7727103], [-80.1670642, 25.7726935], [-80.1670947, 25.7726531], [-80.1671286, 25.7725776], [-80.1671463, 25.772436], [-80.1671677, 25.7723643], [-80.1672342, 25.7722654], [-80.1672887, 25.7722298], [-80.1673766, 25.7721888], [-80.1674521, 25.7721495], [-80.1675003, 25.7721252], [-80.1675421, 25.7721122], [-80.1676132, 25.7720994], [-80.1677008, 25.772098], [-80.167778, 25.7721041], [-80.1680044, 25.7721177], [-80.1682609, 25.7721626], [-80.1684267, 25.7721891], [-80.1687496, 25.7722779], [-80.1689631, 25.7723481], [-80.1692422, 25.7724385], [-80.1694016, 25.772482], [-80.1694703, 25.7725031], [-80.1695308, 25.7725092], [-80.1695788, 25.7725170000001], [-80.1697015, 25.7725763], [-80.16984, 25.7726196], [-80.1700067, 25.7726697], [-80.1701503, 25.7727329000001], [-80.1703022, 25.772798], [-80.1704363, 25.7728753], [-80.1705986, 25.7729519], [-80.1707423, 25.7730056], [-80.170836, 25.7730458], [-80.1709971, 25.7731365], [-80.1711823, 25.7732245], [-80.1712905, 25.7732705], [-80.1713488, 25.7732916000001], [-80.1714279, 25.7733261], [-80.1714832, 25.7733387], [-80.1715499, 25.7733504], [-80.1716353, 25.7733717], [-80.1717083, 25.7733816000001], [-80.1717917, 25.7733953], [-80.1718417, 25.7734107], [-80.1718937, 25.7734412], [-80.1719684, 25.7735021], [-80.171989, 25.7735495], [-80.1720135, 25.7736177], [-80.1720172, 25.7736914], [-80.1719904, 25.7737943], [-80.1719332, 25.7739130000001], [-80.1718949999999, 25.7739998], [-80.1718694, 25.7740866], [-80.1717501, 25.7742834], [-80.1716908, 25.7743965], [-80.1716759, 25.7744361], [-80.1716694, 25.7744795], [-80.1716154, 25.7745822], [-80.1715435, 25.7747179], [-80.1715053, 25.7748027], [-80.1715008, 25.7748538], [-80.171459, 25.7750151], [-80.1714248, 25.7751302], [-80.1714014, 25.7751925], [-80.1713948, 25.7752378], [-80.1713796, 25.775473], [-80.1713639, 25.7756279], [-80.1713591, 25.775867], [-80.1713544999999, 25.7759256000001], [-80.1713312, 25.7759746], [-80.1712902, 25.7760263], [-80.1712483, 25.7760507], [-80.1712001, 25.7760693], [-80.1711374, 25.7760784], [-80.1710122, 25.7760796], [-80.1709245, 25.7760696], [-80.1706259, 25.7759441], [-80.1704572, 25.7758789], [-80.1703364, 25.7758366], [-80.1701906, 25.7757942], [-80.1699876, 25.7757184], [-80.1698146, 25.7756739], [-80.1697042, 25.7756449], [-80.1696292, 25.7756161], [-80.1695606, 25.775578], [-80.1694662, 25.775499], [-80.1694018, 25.7754551], [-80.1693518, 25.7754378], [-80.1692934, 25.7754243], [-80.1692267, 25.7754107], [-80.1689942, 25.7753706]]}, "properties": {"project": "FL4501", "date": "19450301", "kind": "Natural.Mean High Water", "source": "T08596"}}, {"type": "Feature", "geometry": {"type": "LineString", "coordinates": [[-80.1934112, 25.7703756], [-80.1932957, 25.7704827], [-80.1932181, 25.7705389], [-80.193174, 25.7705727], [-80.1931038, 25.7706205], [-80.1929991, 25.7706672], [-80.1929215, 25.7707159], [-80.1928106, 25.7707607], [-80.1927498, 25.7707868], [-80.1926703, 25.7708146]]}, "properties": {"project": "FL4501", "date": "19450301", "kind": "Natural.Mean High Water", "source": "T08596"}}, {"type": "Feature", "geometry": {"type": "LineString", "coordinates": [[-80.1902037999999, 25.7703738], [-80.1900169, 25.770387]]}, "properties": {"project": "FL4501", "date": "19450301", "kind": "Shoreline/Alongshore Feature Boundary", "source": "T08596"}}, {"type": "Feature", "geometry": {"type": "LineString", "coordinates": [[-80.1900169, 25.770387], [-80.1898311, 25.7703897], [-80.1895743, 25.7703883], [-80.1894105, 25.7703789], [-80.1892603, 25.7703724], [-80.189183, 25.7703738], [-80.1891036, 25.7703847], [-80.1889697, 25.7704274], [-80.1887365, 25.7705027], [-80.1885251, 25.7705809], [-80.1883347, 25.770646], [-80.1880764, 25.770723], [-80.1879884, 25.7707716], [-80.1879172, 25.7707977], [-80.1877121, 25.7708703], [-80.1871148, 25.771072]]}, "properties": {"project": "FL4501", "date": "19450301", "kind": "Natural.Mean High Water", "source": "T08596"}}, {"type": "Feature", "geometry": {"type": "LineString", "coordinates": [[-80.1391648, 25.7703261], [-80.1391671, 25.770385], [-80.1391803, 25.7704317], [-80.1392096, 25.7704956], [-80.1392953, 25.7706335], [-80.1394267, 25.7708133], [-80.1394844, 25.7708945], [-80.1395085, 25.7709216], [-80.1395517, 25.7709464], [-80.1396003999999, 25.7709565], [-80.1396301, 25.7709714]]}, "properties": {"project": "FL4501", "date": "19450301", "kind": "Man-made", "source": "T08596"}}, {"type": "Feature", "geometry": {"type": "LineString", "coordinates": [[-80.1740581, 25.7761247], [-80.1739418, 25.7760296], [-80.1738774, 25.7759876], [-80.1738087, 25.7759645], [-80.1737421, 25.7759377], [-80.173642, 25.7759163], [-80.1735585, 25.7759102], [-80.173352, 25.7758977], [-80.1732852, 25.7758916], [-80.1732018, 25.7758723], [-80.1730684, 25.7758432], [-80.1729819, 25.7758342], [-80.17289, 25.7758374], [-80.1728168, 25.775854], [-80.1727037, 25.7759006], [-80.1726074, 25.775953], [-80.1725569, 25.776], [-80.1725019, 25.7761112], [-80.1724887, 25.7762094], [-80.1724381, 25.7764312], [-80.1724357, 25.7764765], [-80.1724603, 25.7765428], [-80.1724934, 25.7765846], [-80.1725544, 25.7766672], [-80.1726354, 25.7767187], [-80.1727101, 25.7767852], [-80.1727787, 25.7768253], [-80.1728642, 25.7768485], [-80.1730372, 25.7768911], [-80.1731757, 25.7769287], [-80.1732383, 25.7769347], [-80.1733551, 25.7769467], [-80.1735805, 25.7769556], [-80.1738008, 25.7769502], [-80.1739178, 25.7769339], [-80.1739827, 25.7769134], [-80.1740435, 25.7768722], [-80.1740878, 25.7768006], [-80.1741285, 25.776661], [-80.1741389, 25.7765108], [-80.1741565, 25.7763805], [-80.174154, 25.7762944], [-80.1741439, 25.7762396], [-80.1740581, 25.7761247]]}, "properties": {"project": "FL4501", "date": "19450301", "kind": "Natural.Mean High Water", "source": "T08596"}}, {"type": "Feature", "geometry": {"type": "LineString", "coordinates": [[-80.1423504, 25.7755267], [-80.1424029, 25.7757551], [-80.1424216, 25.7757969], [-80.1424427, 25.7758706], [-80.1425306, 25.7762684], [-80.1426054, 25.7766073], [-80.1426735, 25.7769289], [-80.1427246, 25.7771646], [-80.1427592, 25.7772507], [-80.1427698, 25.7772851], [-80.1428168, 25.7775257], [-80.1428475, 25.7775823], [-80.1428743, 25.7776266], [-80.1428953, 25.7777223000001], [-80.1429438, 25.7779405]]}, "properties": {"project": "FL4501", "date": "19450301", "kind": "Natural.Mean High Water", "source": "T08596"}}, {"type": "Feature", "geometry": {"type": "LineString", "coordinates": [[-80.142332, 25.7754506], [-80.1423504, 25.7755267]]}, "properties": {"project": "FL4501", "date": "19450301", "kind": "Shoreline/Alongshore Feature Boundary", "source": "T08596"}}, {"type": "Feature", "geometry": {"type": "LineString", "coordinates": [[-80.142332, 25.7754506], [-80.1423727, 25.7754312], [-80.1423813, 25.7753724], [-80.1424111, 25.7753701], [-80.1424457, 25.7754586], [-80.1424933, 25.7756159], [-80.1424902, 25.7756698], [-80.1424496, 25.7756671], [-80.1424047, 25.7755099], [-80.1423504, 25.7755267]]}, "properties": {"project": "FL4501", "date": "19450301", "kind": "Pier", "source": "T08596"}}, {"type": "Feature", "geometry": {"type": "LineString", "coordinates": [[-80.1421748, 25.7749004], [-80.1421744, 25.7749543], [-80.1421606, 25.7749886], [-80.1421576, 25.7750253], [-80.1421788, 25.7750917], [-80.1422667, 25.7753006], [-80.142332, 25.7754506]]}, "properties": {"project": "FL4501", "date": "19450301", "kind": "Natural.Mean High Water", "source": "T08596"}}, {"type": "Feature", "geometry": {"type": "LineString", "coordinates": [[-80.1421467, 25.7748438], [-80.1421748, 25.7749004]]}, "properties": {"project": "FL4501", "date": "19450301", "kind": "Shoreline/Alongshore Feature Boundary", "source": "T08596"}}, {"type": "Feature", "geometry": {"type": "LineString", "coordinates": [[-80.1421467, 25.7748438], [-80.1423776, 25.7747618], [-80.1424834, 25.7747281], [-80.1424841, 25.77463], [-80.1425194, 25.7746253], [-80.1425899, 25.7748047], [-80.142533, 25.7748068], [-80.142506, 25.774792], [-80.1424762, 25.7747918], [-80.1421748, 25.7749004]]}, "properties": {"project": "FL4501", "date": "19450301", "kind": "Pier", "source": "T08596"}}, {"type": "Feature", "geometry": {"type": "LineString", "coordinates": [[-80.1419446, 25.774514], [-80.1420126, 25.774664], [-80.1420447, 25.7747181], [-80.1420717, 25.7747403], [-80.1421067, 25.77477], [-80.1421467, 25.7748438]]}, "properties": {"project": "FL4501", "date": "19450301", "kind": "Natural.Mean High Water", "source": "T08596"}}, {"type": "Feature", "geometry": {"type": "LineString", "coordinates": [[-80.1418591, 25.774343], [-80.1419446, 25.774514]]}, "properties": {"project": "FL4501", "date": "19450301", "kind": "Shoreline/Alongshore Feature Boundary", "source": "T08596"}}, {"type": "Feature", "geometry": {"type": "LineString", "coordinates": [[-80.1418352, 25.7742951], [-80.1418591, 25.774343]]}, "properties": {"project": "FL4501", "date": "19450301", "kind": "Man-made", "source": "T08596"}}, {"type": "Feature", "geometry": {"type": "LineString", "coordinates": [[-80.1512177, 25.7813277], [-80.1512298, 25.7813192], [-80.1512445, 25.781306], [-80.1512531, 25.7812796], [-80.1512595, 25.7812589], [-80.1512909, 25.7812477], [-80.1514895, 25.7812016], [-80.1516152, 25.7811494], [-80.1518467, 25.7810289], [-80.1520733999999, 25.7808525], [-80.1521945, 25.7807143], [-80.152319, 25.7805203], [-80.1523539, 25.7804591], [-80.1523706, 25.7804573], [-80.152429, 25.7804633], [-80.1524563, 25.7804427], [-80.1524586, 25.78042], [-80.1524483, 25.7803935], [-80.1524255, 25.7803783], [-80.1524047, 25.7803611000001], [-80.1524069, 25.7803385], [-80.1524645, 25.7801706], [-80.1524642, 25.7800676], [-80.152453, 25.7798823], [-80.1524432, 25.7797934], [-80.1524114, 25.7794123], [-80.1523671, 25.7790482], [-80.1523122, 25.778684], [-80.1522614, 25.7783464], [-80.152219, 25.7780031], [-80.1521942, 25.7778148], [-80.1521925, 25.7777619], [-80.152201, 25.7777355], [-80.1522117, 25.7777072], [-80.1522077, 25.7776751], [-80.1521954, 25.7776447], [-80.1521852, 25.7776125], [-80.1521542999999, 25.777413], [-80.1521179, 25.7772426], [-80.1520487, 25.7767017], [-80.1520289, 25.7765409], [-80.1520184, 25.7764076], [-80.1520166, 25.776366], [-80.1520398, 25.7763359], [-80.1520692, 25.7763115], [-80.1520715, 25.7762869], [-80.1520632, 25.7762698], [-80.1520488, 25.776249], [-80.1520155, 25.7762299], [-80.1520052, 25.7762128], [-80.1519972, 25.7761674], [-80.151967, 25.7760009], [-80.151921, 25.775719], [-80.1518732, 25.7753917], [-80.1518526, 25.7752168], [-80.1518119999999, 25.7750502], [-80.1517515, 25.7748977], [-80.1516917, 25.7747953000001], [-80.1516338, 25.7747118], [-80.151525, 25.77461], [-80.1514523, 25.7745529], [-80.151417, 25.7745262], [-80.1514088, 25.7745016], [-80.1514111, 25.7744695], [-80.1514051, 25.7744392], [-80.1513905, 25.7744316], [-80.1513426, 25.7744237], [-80.1512821, 25.7744082], [-80.1512198, 25.7743701], [-80.151145, 25.7743243], [-80.151045, 25.7742635]]}, "properties": {"project": "FL4501", "date": "19450301", "kind": "Man-made", "source": "T08596"}}, {"type": "Feature", "geometry": {"type": "LineString", "coordinates": [[-80.151045, 25.7742635], [-80.1509568, 25.7742183], [-80.1509367, 25.7742201]]}, "properties": {"project": "FL4501", "date": "19450301", "kind": "Undetermined.Approximate", "source": "T08596"}}, {"type": "Feature", "geometry": {"type": "LineString", "coordinates": [[-80.1509367, 25.7742201], [-80.1508858, 25.7742235], [-80.1508378, 25.7742157], [-80.1507711, 25.7742002], [-80.150644, 25.7741768], [-80.1505345, 25.7741638], [-80.1504093, 25.774148], [-80.1503238, 25.7741361], [-80.150257, 25.7741358], [-80.1501922, 25.7741467], [-80.1500209, 25.7741608], [-80.1498986, 25.7741894], [-80.149794, 25.7742209], [-80.1496683, 25.7742788], [-80.1495196, 25.7743573], [-80.1494209, 25.7744323], [-80.149298, 25.7745441], [-80.149237, 25.7746042], [-80.1491487, 25.7746925], [-80.1490645, 25.7747941], [-80.1489621, 25.7749494], [-80.1489303, 25.7750249], [-80.1488962, 25.7751286], [-80.1488607, 25.7752768], [-80.1488498, 25.7753391], [-80.1488329, 25.7753636], [-80.1488161, 25.7753805], [-80.1488014, 25.7753955], [-80.1487949, 25.7754219], [-80.1487946, 25.7754597], [-80.1488049, 25.7754882], [-80.1488235, 25.7755147], [-80.1488317, 25.7755299], [-80.1488421, 25.7756802], [-80.1488661, 25.7758259], [-80.1488926, 25.7759225], [-80.1489039, 25.7762353], [-80.1489201, 25.7763129000001], [-80.1489325, 25.7764746], [-80.1489519, 25.7766826], [-80.1490087, 25.7770619], [-80.149078, 25.7774375], [-80.1491009, 25.7775879], [-80.1490965, 25.7776314], [-80.1490795, 25.7776691], [-80.1490709, 25.7777049], [-80.149079, 25.7777428], [-80.1491142, 25.7777827], [-80.1491389, 25.7778282], [-80.1491516, 25.777954], [-80.1491409, 25.7779917], [-80.1491155, 25.7780275], [-80.149111, 25.7780747], [-80.1491211, 25.7781296], [-80.1491314, 25.7781485], [-80.1491543, 25.77816], [-80.1491791, 25.7781866], [-80.149181, 25.7782112], [-80.1492274, 25.7785961], [-80.1492383, 25.7786652], [-80.1492486, 25.7786917], [-80.1492504, 25.7787276], [-80.1492419, 25.7787502], [-80.1492188, 25.7787671], [-80.1492019, 25.778801], [-80.1492016, 25.7788388], [-80.1492119, 25.7788616], [-80.1492389, 25.7788825], [-80.1492638, 25.7789035], [-80.1492866, 25.7789225], [-80.1492948, 25.7789471], [-80.1492966, 25.7789849], [-80.1492889, 25.7790406], [-80.149272, 25.7790689], [-80.1492613, 25.7791029], [-80.1492566, 25.7791765], [-80.1492564, 25.7792106], [-80.149273, 25.7792277], [-80.1492937, 25.779241], [-80.1493165, 25.7792638], [-80.1493309, 25.7793017], [-80.1493408, 25.7793736], [-80.1493531, 25.7795485], [-80.1493467, 25.7795655], [-80.1493237, 25.779571], [-80.1492986, 25.7795803], [-80.1492859, 25.7796086], [-80.1492835, 25.7796540000001], [-80.1492832, 25.7796918], [-80.1493038999999, 25.7797165], [-80.1493331, 25.7797242], [-80.1493706, 25.7797357], [-80.1493912, 25.7797661], [-80.1494542, 25.7801549], [-80.1495121, 25.7803849], [-80.1495697, 25.7805024], [-80.1496523, 25.7806352], [-80.1497682, 25.7807757], [-80.1498532, 25.7808575], [-80.1499237, 25.7809222], [-80.1499902, 25.7809698], [-80.1501044, 25.7810575], [-80.1502083, 25.7811185], [-80.150354, 25.781178], [-80.1504258, 25.7812096], [-80.1505239, 25.7812215], [-80.150651, 25.7812468], [-80.1507678, 25.7812664], [-80.1509013, 25.7812766], [-80.1509932, 25.7812772], [-80.151061, 25.7812823], [-80.1510733, 25.7813088], [-80.1510899, 25.7813278], [-80.1511232, 25.7813412], [-80.1511328, 25.7813555]]}, "properties": {"project": "FL4501", "date": "19450301", "kind": "Man-made", "source": "T08596"}}, {"type": "Feature", "geometry": {"type": "LineString", "coordinates": [[-80.1418352, 25.7742951], [-80.142677, 25.7739812]]}, "properties": {"project": "FL4501", "date": "19450301", "kind": "Pier", "source": "T08596"}}, {"type": "Feature", "geometry": {"type": "LineString", "coordinates": [[-80.1418591, 25.774343], [-80.1419529, 25.7743085], [-80.1421159, 25.7742457], [-80.142321, 25.774166], [-80.1425321, 25.7740936], [-80.1428111, 25.7739862], [-80.1428349, 25.773974], [-80.142869, 25.7739448], [-80.1429029, 25.7739315], [-80.1430414, 25.7738808], [-80.1430937, 25.7738677], [-80.1431684, 25.7738301], [-80.143311, 25.7737831], [-80.1435588, 25.7736877], [-80.1436926, 25.7736321], [-80.1437889, 25.7737982], [-80.143558, 25.7738912], [-80.1433883, 25.7739491], [-80.1431948, 25.7740252], [-80.143112, 25.7740554], [-80.1429606, 25.7741109], [-80.1428608, 25.7741471000001], [-80.1428308, 25.7741678], [-80.1427941, 25.7741884], [-80.142676, 25.7742281], [-80.1423888, 25.7743356], [-80.1422428, 25.774396], [-80.1420934, 25.7744528], [-80.1419446, 25.774514]]}, "properties": {"project": "FL4501", "date": "19450301", "kind": "Pier", "source": "T08596"}}, {"type": "Feature", "geometry": {"type": "LineString", "coordinates": [[-80.1781917, 25.7737725], [-80.1781286, 25.7738459], [-80.1780447, 25.7738983], [-80.1779652, 25.7739338], [-80.1778816, 25.7739466], [-80.1778022, 25.7739518], [-80.1777272, 25.7739362], [-80.1776605, 25.7739151], [-80.1775491, 25.7738681], [-80.1774786, 25.773811], [-80.1774226, 25.7737578], [-80.1773978, 25.7737198], [-80.1773877, 25.7736650000001], [-80.1773881, 25.7736139], [-80.1773988, 25.7735724], [-80.1774282, 25.7735442], [-80.1774702, 25.7735142], [-80.1776009, 25.7734819], [-80.1776616, 25.7734577], [-80.1777368, 25.773443], [-80.1778349, 25.7734416], [-80.1779059, 25.7734439], [-80.1779809, 25.7734651], [-80.178085, 25.7735111], [-80.1781608, 25.7735654], [-80.1781897, 25.773609], [-80.1782018, 25.773679], [-80.1781917, 25.7737725]]}, "properties": {"project": "FL4501", "date": "19450301", "kind": "Natural.Mean High Water", "source": "T08596"}}, {"type": "Feature", "geometry": {"type": "LineString", "coordinates": [[-80.1411554, 25.7731507], [-80.1413914, 25.7734807000001], [-80.1416199, 25.7739088], [-80.1418244, 25.7742828], [-80.1418352, 25.7742951]]}, "properties": {"project": "FL4501", "date": "19450301", "kind": "Natural.Mean High Water", "source": "T08596"}}, {"type": "Feature", "geometry": {"type": "LineString", "coordinates": [[-80.1409127, 25.7728158], [-80.1411554, 25.7731507]]}, "properties": {"project": "FL4501", "date": "19450301", "kind": "Man-made", "source": "T08596"}}, {"type": "Feature", "geometry": {"type": "LineString", "coordinates": [[-80.1628416, 25.7791738], [-80.1629383, 25.7792107], [-80.1633088, 25.7793641], [-80.1637948, 25.7795833], [-80.164237, 25.7797834], [-80.164569, 25.7799261], [-80.1646509, 25.7799374]]}, "properties": {"project": "FL4501", "date": "19450301", "kind": "Man-made", "source": "T08596"}}, {"type": "Feature", "geometry": {"type": "LineString", "coordinates": [[-80.1862841, 25.7791638], [-80.1862815, 25.7795437], [-80.1862875, 25.7797261]]}, "properties": {"project": "FL4501", "date": "19450301", "kind": "Man-made", "source": "T08596"}}, {"type": "Feature", "geometry": {"type": "LineString", "coordinates": [[-80.1627403, 25.7791346], [-80.1627499, 25.7791388], [-80.1628416, 25.7791738]]}, "properties": {"project": "FL4501", "date": "19450301", "kind": "Undetermined.Approximate", "source": "T08596"}}, {"type": "Feature", "geometry": {"type": "LineString", "coordinates": [[-80.1862841, 25.7791638], [-80.186246, 25.7789254]]}, "properties": {"project": "FL4501", "date": "19450301", "kind": "Shoreline/Alongshore Feature Boundary", "source": "T08596"}}, {"type": "Feature", "geometry": {"type": "LineString", "coordinates": [[-80.186246, 25.7789254], [-80.1859535, 25.7789597], [-80.1856341, 25.7789598], [-80.1852677, 25.7789587], [-80.1852639, 25.7789095], [-80.1852054, 25.7789149], [-80.1852087, 25.7793572], [-80.1852765, 25.7793566], [-80.1852816, 25.7792206], [-80.1853359999999, 25.7792001], [-80.1854363, 25.7791893], [-80.1860866, 25.7791977], [-80.1861555999999, 25.7791791], [-80.1862841, 25.7791638]]}, "properties": {"project": "FL4501", "date": "19450301", "kind": "Pier", "source": "T08596"}}, {"type": "Feature", "geometry": {"type": "LineString", "coordinates": [[-80.1429987, 25.7787288], [-80.142992, 25.7787478], [-80.1430031, 25.7790814], [-80.1430261, 25.7792752], [-80.1430492, 25.7796383], [-80.1430694, 25.7798469], [-80.1431211, 25.7803843], [-80.1431313, 25.7806614], [-80.1431361, 25.780735], [-80.1431463, 25.7808307], [-80.1431536, 25.7809485], [-80.1431938, 25.7810051], [-80.1431936, 25.7810346], [-80.1431691, 25.781054], [-80.1431702, 25.7812723], [-80.1431878, 25.7814637], [-80.143217, 25.7815497], [-80.1432379, 25.7818958]]}, "properties": {"project": "FL4501", "date": "19450301", "kind": "Man-made", "source": "T08596"}}, {"type": "Feature", "geometry": {"type": "LineString", "coordinates": [[-80.1618964, 25.7809654], [-80.1617766, 25.7809128]]}, "properties": {"project": "FL4501", "date": "19450301", "kind": "Undetermined.Approximate", "source": "T08596"}}, {"type": "Feature", "geometry": {"type": "LineString", "coordinates": [[-80.1611109, 25.7824484], [-80.1611415, 25.7824625], [-80.161304, 25.7825239], [-80.1613457, 25.7825298], [-80.1613667, 25.7825129], [-80.1614002, 25.782498], [-80.1614377, 25.7825076], [-80.1614751, 25.7825305], [-80.1615021, 25.7825572], [-80.1615082, 25.7825799], [-80.16151, 25.7826158], [-80.1615162, 25.7826253], [-80.1616713, 25.7826895], [-80.1617026, 25.7826878], [-80.1617569, 25.7826881], [-80.1617693, 25.7827052], [-80.1617962, 25.7827394], [-80.1619209999999, 25.7828081], [-80.1619773, 25.7828179], [-80.1620399, 25.7828164], [-80.1620691, 25.782826], [-80.1621251, 25.7828754], [-80.1621677, 25.782905], [-80.1622656, 25.7829339], [-80.1623093, 25.7829512], [-80.1623677, 25.782961], [-80.1624114, 25.7829744], [-80.162428, 25.783001], [-80.1624612, 25.783022], [-80.1625154, 25.7830299], [-80.1625759, 25.7830415], [-80.1626029, 25.7830587], [-80.1626445, 25.7830854], [-80.1627756, 25.7831485], [-80.1628267, 25.7831554], [-80.1628955, 25.7831653], [-80.1629266, 25.78319], [-80.162964, 25.7832186], [-80.1632178999999, 25.7833354], [-80.1633969, 25.7834177], [-80.1634728, 25.7834531], [-80.1634937, 25.783457], [-80.1635375, 25.7834535], [-80.1635584, 25.7834592], [-80.1635791, 25.7834783], [-80.1635998, 25.783503], [-80.1636415, 25.7835183], [-80.1638995, 25.7836313], [-80.1643293, 25.7838256], [-80.1645238999999, 25.7839109], [-80.1645697, 25.7839262], [-80.1646281, 25.783936], [-80.1646843, 25.7839609], [-80.1649174, 25.7840719], [-80.1649414, 25.7840711], [-80.1649749, 25.7840599], [-80.1650041, 25.7840525], [-80.1650438, 25.7840565], [-80.1650853, 25.7840832], [-80.1651103, 25.7841004], [-80.1651205, 25.7841288], [-80.165137, 25.784161], [-80.1651765, 25.7841877], [-80.165216, 25.784205], [-80.165266, 25.7842204], [-80.1652951, 25.7842394], [-80.1653304, 25.7842737], [-80.1653613, 25.784323], [-80.1654256, 25.7843933], [-80.1655653, 25.784567], [-80.1656248, 25.7847129], [-80.1656562, 25.784852], [-80.1656735, 25.7850638], [-80.1656604, 25.7851431], [-80.1656249, 25.7852989], [-80.1655592, 25.785427], [-80.1654834, 25.7855305], [-80.1653645, 25.7856574], [-80.1652931, 25.7857137], [-80.1652511, 25.7857494], [-80.1652341, 25.7857909], [-80.1652194, 25.7858154], [-80.1652089, 25.7858229], [-80.1651734, 25.7858246], [-80.1651337, 25.7858243], [-80.1650918, 25.7858468], [-80.1649703, 25.7859009], [-80.1647601, 25.7859517], [-80.1646745, 25.7859606], [-80.1646242, 25.7859849], [-80.1646074, 25.785998], [-80.1645677, 25.7859997], [-80.1645344, 25.785992], [-80.1645115, 25.7859767], [-80.1644699, 25.7859632], [-80.1643509, 25.785955], [-80.164252, 25.7859232], [-80.164202, 25.7859078], [-80.1641206, 25.7859036], [-80.1640872, 25.7858958], [-80.1640581, 25.7858805], [-80.1640311, 25.7858577], [-80.1640104, 25.7858387], [-80.1639625, 25.7858157], [-80.1638065, 25.785743], [-80.1637471, 25.785719], [-80.1636992, 25.7857055], [-80.163647, 25.7857033], [-80.1636324, 25.7857051], [-80.1635805, 25.7856633], [-80.1633392, 25.785539], [-80.1631893, 25.785472], [-80.1629646, 25.7853667], [-80.1626711, 25.785246], [-80.1624806, 25.7851627], [-80.1624577, 25.7851569], [-80.1623723, 25.7851318], [-80.1621579, 25.7850323], [-80.1619758, 25.7849603], [-80.1618529, 25.7849105], [-80.1616282, 25.7848052000001], [-80.1615606, 25.7847774], [-80.1615459, 25.7847793], [-80.1615167, 25.784781], [-80.1614938, 25.7847733], [-80.1614647, 25.7847448], [-80.1614149, 25.7847142], [-80.1611485, 25.7845917], [-80.1607686, 25.7844317], [-80.1605178, 25.7843254], [-80.1604657, 25.784308], [-80.1604178, 25.7842964], [-80.1603324, 25.7842657], [-80.1600785, 25.7841546], [-80.1596736, 25.7839793], [-80.1591919, 25.7837639], [-80.1589744, 25.7836672], [-80.1586497, 25.7835292], [-80.1585737, 25.7834938], [-80.1585383, 25.7834879], [-80.1585069, 25.7834896], [-80.1584776, 25.7835008], [-80.1584526, 25.7834969], [-80.1584402, 25.7834817], [-80.1584216, 25.7834532], [-80.1583946, 25.7834304], [-80.1583634, 25.783417], [-80.1582635, 25.7833729], [-80.1581637, 25.7833194], [-80.1580179, 25.7832676], [-80.1577525, 25.7831536], [-80.1575736, 25.7830694], [-80.157432, 25.7830081], [-80.1572062, 25.7829094], [-80.1571063, 25.7828672], [-80.1570605, 25.7828538], [-80.1570354, 25.7828517], [-80.1570207, 25.782863], [-80.1569977, 25.7828761], [-80.156981, 25.782876], [-80.1569644, 25.7828645], [-80.156952, 25.7828399], [-80.1569397, 25.7828039], [-80.1569107, 25.7827829], [-80.1568045, 25.7827408], [-80.1565953, 25.782646], [-80.1565287, 25.7826172], [-80.1564829, 25.7826037], [-80.1564371, 25.7825921], [-80.1563996, 25.782573], [-80.1562185, 25.7824945], [-80.1560633, 25.7824473], [-80.1560093, 25.7824129], [-80.1558473, 25.7822872], [-80.1557439, 25.7821581], [-80.1556271, 25.7819864000001], [-80.1555882, 25.7818784], [-80.1555639, 25.7817781], [-80.1555376, 25.7815162], [-80.1555359, 25.7814576], [-80.1555777, 25.7813075], [-80.155622, 25.7812397], [-80.1556601, 25.78117], [-80.1556771, 25.7811267], [-80.1556858, 25.7810738], [-80.155708, 25.7810371], [-80.1557457, 25.7810184000001], [-80.1557856, 25.7809789], [-80.1559243, 25.7808587], [-80.1560878, 25.7807614], [-80.1561078, 25.7807436000001], [-80.1561268, 25.7807097], [-80.1561457, 25.780689], [-80.1561896, 25.7806798], [-80.1562752, 25.7806784], [-80.1563295, 25.780673], [-80.1564111, 25.7806527], [-80.1565991, 25.7806406], [-80.1566304, 25.7806332], [-80.1566577, 25.7806107], [-80.1566746, 25.7805824], [-80.1567019, 25.7805693], [-80.1567332, 25.780562], [-80.1567614, 25.780565], [-80.1567739, 25.7805764], [-80.1567862, 25.7806086000001], [-80.1567985, 25.7806332], [-80.1568234, 25.7806504], [-80.1568735, 25.780662], [-80.1569298, 25.7806718000001], [-80.1569653, 25.7806682], [-80.1569988, 25.7806571], [-80.1570364, 25.7806459], [-80.1570614, 25.7806518], [-80.1571031, 25.7806671], [-80.1571966, 25.7807206], [-80.1572193, 25.7807604], [-80.1572525, 25.7807965], [-80.1573066, 25.7808233], [-80.1573627, 25.780852], [-80.1575865, 25.7809487], [-80.1576989, 25.7809947], [-80.157776, 25.7810065], [-80.1578114, 25.7810275000001], [-80.157832, 25.781056], [-80.1578674, 25.7810713], [-80.1579445, 25.7810888], [-80.157986, 25.7811268], [-80.1585428, 25.781371], [-80.1587791, 25.7814603], [-80.1591122, 25.7815926], [-80.1594233, 25.7817315], [-80.1594795, 25.7817507], [-80.1595171, 25.7817509], [-80.1595631, 25.7817474], [-80.1595901, 25.781757], [-80.1595963, 25.7817759], [-80.1596128, 25.7818063], [-80.1596543, 25.7818349], [-80.1597521, 25.781877], [-80.1602444, 25.7820868], [-80.1605077, 25.782197], [-80.1605494, 25.7822067], [-80.1605807, 25.7822088], [-80.1606079, 25.7822033], [-80.160635, 25.7821996], [-80.1606538, 25.7822073], [-80.1606683, 25.7822244], [-80.1606807, 25.7822453], [-80.1607097, 25.7822662], [-80.1608762, 25.7823409], [-80.1610177, 25.7824057]]}, "properties": {"project": "FL4501", "date": "19450301", "kind": "Man-made", "source": "T08596"}}, {"type": "Feature", "geometry": {"type": "LineString", "coordinates": [[-80.1794549, 25.7798955], [-80.1793414, 25.7796945], [-80.1792855, 25.779628], [-80.1792523, 25.7795957], [-80.1792212, 25.7795729], [-80.1791796, 25.7795462], [-80.1791507, 25.7795063], [-80.1790825, 25.7794076], [-80.1790607, 25.7793782], [-80.1790275, 25.7793516], [-80.1789797, 25.7793173], [-80.1789402, 25.7792944], [-80.1789029, 25.7792563], [-80.1788532, 25.7791975], [-80.1787831, 25.7790761], [-80.1787636, 25.779024], [-80.1787492, 25.7789975], [-80.178716, 25.7789652], [-80.1786869, 25.778948], [-80.1786221999999, 25.7789363], [-80.1785513, 25.7789359], [-80.1784615, 25.7789297], [-80.1784198, 25.7789257], [-80.1783655999999, 25.7789216], [-80.1783217, 25.7789308], [-80.178263, 25.778955], [-80.1781898, 25.7789773], [-80.1781157, 25.7789797], [-80.178051, 25.7789775], [-80.1780156, 25.7789678], [-80.1779699, 25.7789298], [-80.1779098, 25.778867], [-80.1778642, 25.7788139], [-80.1778269, 25.7787777], [-80.1777936, 25.7787587], [-80.1777416, 25.7787319], [-80.1776688, 25.7787031], [-80.1775916, 25.7786876], [-80.1774717, 25.7786652], [-80.1773695, 25.7786495], [-80.1773154, 25.778634], [-80.1772758, 25.7786149], [-80.1772383, 25.778609], [-80.1771902999999, 25.7786106], [-80.1771547, 25.7786199], [-80.177117, 25.778648], [-80.1770959, 25.7786782], [-80.1770915, 25.7787103], [-80.1771162, 25.7787539], [-80.1771598, 25.7787938], [-80.1772388, 25.778834], [-80.1773677, 25.7789103], [-80.1774631, 25.7790016], [-80.1775567, 25.7790607], [-80.1776035, 25.7790827], [-80.1776744, 25.779102], [-80.1777807, 25.7791196], [-80.1778599, 25.7791427], [-80.1779305, 25.7791923], [-80.1779864, 25.7792568], [-80.1781401, 25.7793825], [-80.1782798999999, 25.7795411], [-80.1784101, 25.7797346], [-80.1785269, 25.7798912], [-80.1786387, 25.7800393], [-80.1787951, 25.7802055], [-80.1788509, 25.7802928], [-80.1788901, 25.7803592], [-80.1789357, 25.7804048], [-80.1789752, 25.7804296], [-80.1790199, 25.7804516], [-80.1790867, 25.7804576], [-80.1791767, 25.7804298], [-80.17925, 25.7803943], [-80.1793109, 25.7803455], [-80.1793949, 25.7802609], [-80.1794623, 25.78018], [-80.1794942, 25.7800989], [-80.1794977, 25.7800488], [-80.1794919, 25.7799808], [-80.1794549, 25.7798955]]}, "properties": {"project": "FL4501", "date": "19450301", "kind": "Natural.Mean High Water", "source": "T08596"}}, {"type": "Feature", "geometry": {"type": "LineString", "coordinates": [[-80.1781046, 25.7785607], [-80.1779564, 25.7785655]]}, "properties": {"project": "FL4501", "date": "19450301", "kind": "Undetermined.Approximate", "source": "T08596"}}, {"type": "Feature", "geometry": {"type": "LineString", "coordinates": [[-80.1862293, 25.7784632], [-80.186246, 25.7789254]]}, "properties": {"project": "FL4501", "date": "19450301", "kind": "Man-made", "source": "T08596"}}, {"type": "Feature", "geometry": {"type": "LineString", "coordinates": [[-80.1781046, 25.7785607], [-80.1781341, 25.7785287], [-80.1781405, 25.7784985], [-80.1781367, 25.7784494], [-80.1781285, 25.7784266], [-80.1781015, 25.7784038], [-80.1780682, 25.7783904], [-80.1780411, 25.7783864], [-80.1780035, 25.7783862], [-80.1779555, 25.7783935], [-80.1779219, 25.7784141], [-80.1778862, 25.7784479], [-80.1778735, 25.7784743], [-80.1778712, 25.7785065], [-80.1778835, 25.7785349], [-80.1779022, 25.7785539], [-80.177923, 25.7785616], [-80.1779564, 25.7785655]]}, "properties": {"project": "FL4501", "date": "19450301", "kind": "Natural.Mean High Water", "source": "T08596"}}, {"type": "Feature", "geometry": {"type": "LineString", "coordinates": [[-80.1862293, 25.7784632], [-80.1862686, 25.7783642]]}, "properties": {"project": "FL4501", "date": "19450301", "kind": "Shoreline/Alongshore Feature Boundary", "source": "T08596"}}, {"type": "Feature", "geometry": {"type": "LineString", "coordinates": [[-80.1430346, 25.7782672], [-80.1430237, 25.7782918], [-80.1430145, 25.7784389], [-80.143022, 25.7785273], [-80.1430269, 25.7786033], [-80.1430427, 25.7786574], [-80.1430385, 25.7786819], [-80.1430058, 25.7787086], [-80.1429987, 25.7787288]]}, "properties": {"project": "FL4501", "date": "19450301", "kind": "Natural.Mean High Water", "source": "T08596"}}, {"type": "Feature", "geometry": {"type": "LineString", "coordinates": [[-80.1862686, 25.7783642], [-80.1857404, 25.7783763], [-80.1852486, 25.7783934], [-80.1852413, 25.7782403], [-80.1851725, 25.778238], [-80.1851798, 25.7786898], [-80.1852508, 25.7786864], [-80.1852501, 25.7784898], [-80.1855091, 25.7784648], [-80.1862293, 25.7784632]]}, "properties": {"project": "FL4501", "date": "19450301", "kind": "Pier", "source": "T08596"}}, {"type": "Feature", "geometry": {"type": "LineString", "coordinates": [[-80.1429438, 25.7779405], [-80.1429478, 25.7779581], [-80.1429866, 25.778169], [-80.1429998, 25.7782181], [-80.1430186, 25.7782403], [-80.1430346, 25.7782672]]}, "properties": {"project": "FL4501", "date": "19450301", "kind": "Shoreline/Alongshore Feature Boundary", "source": "T08596"}}, {"type": "Feature", "geometry": {"type": "LineString", "coordinates": [[-80.1429438, 25.7779405], [-80.1430187, 25.7779362]]}, "properties": {"project": "FL4501", "date": "19450301", "kind": "Pier", "source": "T08596"}}, {"type": "Feature", "geometry": {"type": "LineString", "coordinates": [[-80.186001, 25.7780589], [-80.1860062, 25.7779324]]}, "properties": {"project": "FL4501", "date": "19450301", "kind": "Pier", "source": "T08596"}}, {"type": "Feature", "geometry": {"type": "LineString", "coordinates": [[-80.1860062, 25.7779324], [-80.1861323, 25.7780033], [-80.1861717, 25.7780433], [-80.1862317, 25.7781211], [-80.1862777, 25.778264], [-80.1862686, 25.7783642]]}, "properties": {"project": "FL4501", "date": "19450301", "kind": "Natural.Mean High Water", "source": "T08596"}}, {"type": "Feature", "geometry": {"type": "LineString", "coordinates": [[-80.1432739, 25.7779303], [-80.1432678, 25.7783267], [-80.1432779, 25.7784422], [-80.1432798, 25.7786434], [-80.1432095, 25.7786231], [-80.1431942, 25.7783083], [-80.143146, 25.7782761], [-80.1430346, 25.7782672]]}, "properties": {"project": "FL4501", "date": "19450301", "kind": "Pier", "source": "T08596"}}, {"type": "Feature", "geometry": {"type": "LineString", "coordinates": [[-80.1430187, 25.7779362], [-80.1431419, 25.7779295]]}, "properties": {"project": "FL4501", "date": "19450301", "kind": "Pier", "source": "T08596"}}, {"type": "Feature", "geometry": {"type": "LineString", "coordinates": [[-80.1431419, 25.7779295], [-80.1432739, 25.7779303]]}, "properties": {"project": "FL4501", "date": "19450301", "kind": "Pier", "source": "T08596"}}, {"type": "Feature", "geometry": {"type": "LineString", "coordinates": [[-80.1858218, 25.778044], [-80.1858276, 25.777841]]}, "properties": {"project": "FL4501", "date": "19450301", "kind": "Pier", "source": "T08596"}}, {"type": "Feature", "geometry": {"type": "LineString", "coordinates": [[-80.1858276, 25.777841], [-80.1859763, 25.7779155], [-80.1860062, 25.7779324]]}, "properties": {"project": "FL4501", "date": "19450301", "kind": "Natural.Mean High Water", "source": "T08596"}}, {"type": "Feature", "geometry": {"type": "LineString", "coordinates": [[-80.1431419, 25.7779295], [-80.1431321, 25.7777661]]}, "properties": {"project": "FL4501", "date": "19450301", "kind": "Pier", "source": "T08596"}}, {"type": "Feature", "geometry": {"type": "LineString", "coordinates": [[-80.185646, 25.7780131], [-80.18565, 25.7777532]]}, "properties": {"project": "FL4501", "date": "19450301", "kind": "Pier", "source": "T08596"}}, {"type": "Feature", "geometry": {"type": "LineString", "coordinates": [[-80.18565, 25.7777532], [-80.1856923, 25.7777731], [-80.1858276, 25.777841]]}, "properties": {"project": "FL4501", "date": "19450301", "kind": "Natural.Mean High Water", "source": "T08596"}}, {"type": "Feature", "geometry": {"type": "LineString", "coordinates": [[-80.1430187, 25.7779362], [-80.1430156, 25.7777495]]}, "properties": {"project": "FL4501", "date": "19450301", "kind": "Pier", "source": "T08596"}}, {"type": "Feature", "geometry": {"type": "LineString", "coordinates": [[-80.1432739, 25.7779303], [-80.1432578, 25.777729]]}, "properties": {"project": "FL4501", "date": "19450301", "kind": "Pier", "source": "T08596"}}, {"type": "Feature", "geometry": {"type": "LineString", "coordinates": [[-80.1716353, 25.7811377], [-80.1711112, 25.7808977], [-80.1709214, 25.7808209], [-80.1705594, 25.7806715], [-80.1695023, 25.7801934], [-80.169284, 25.7801105], [-80.1689813, 25.7799793], [-80.1684888, 25.7797793], [-80.167946, 25.7795351], [-80.1673989, 25.779279], [-80.166856, 25.7790489], [-80.1663307, 25.7788228], [-80.1657899, 25.7786006], [-80.1652449, 25.7783704], [-80.1646975, 25.7781501], [-80.1641525, 25.7779159], [-80.1636414, 25.7776921]]}, "properties": {"project": "FL4501", "date": "19450301", "kind": "Man-made", "source": "T08596"}}, {"type": "Feature", "geometry": {"type": "LineString", "coordinates": [[-80.1854768, 25.7776715], [-80.1854767, 25.7780082]]}, "properties": {"project": "FL4501", "date": "19450301", "kind": "Pier", "source": "T08596"}}, {"type": "Feature", "geometry": {"type": "LineString", "coordinates": [[-80.1854768, 25.7776715], [-80.18565, 25.7777532]]}, "properties": {"project": "FL4501", "date": "19450301", "kind": "Natural.Mean High Water", "source": "T08596"}}, {"type": "Feature", "geometry": {"type": "LineString", "coordinates": [[-80.1636414, 25.7776921], [-80.1636272, 25.7776858], [-80.1635461, 25.7776514]]}, "properties": {"project": "FL4501", "date": "19450301", "kind": "Undetermined.Approximate", "source": "T08596"}}, {"type": "Feature", "geometry": {"type": "LineString", "coordinates": [[-80.1861869, 25.7807341], [-80.1861833, 25.7806265], [-80.1861638, 25.7805786], [-80.1861288, 25.7805386], [-80.1860827, 25.7805244], [-80.1860432, 25.7805202], [-80.1859904, 25.7805199], [-80.1859573, 25.7805356], [-80.1859416, 25.7805813], [-80.1859474, 25.7806869], [-80.1859448, 25.7807487], [-80.1858961, 25.7807962], [-80.1858428, 25.7808616], [-80.1858204, 25.7809233], [-80.1858058, 25.780973], [-80.1858056, 25.7809949], [-80.1858232, 25.7810029], [-80.1858364, 25.780999], [-80.1858673999999, 25.7809653], [-80.1859207, 25.78089], [-80.1859584, 25.7808583], [-80.1860069, 25.7808406], [-80.1860752, 25.7808171], [-80.1861349, 25.7807876], [-80.1861747, 25.7807579], [-80.1861869, 25.7807341]]}, "properties": {"project": "FL4501", "date": "19450301", "kind": "Natural.Mean High Water", "source": "T08596"}}, {"type": "Feature", "geometry": {"type": "LineString", "coordinates": [[-80.1885829, 25.7804931], [-80.18847, 25.7805133], [-80.1884137, 25.7805167], [-80.1880358, 25.7805127], [-80.1876652, 25.7805267], [-80.1870961, 25.7805472], [-80.1871033, 25.7807249], [-80.1874749, 25.7807194], [-80.1878632, 25.7807235], [-80.1878814, 25.7812613], [-80.1878903, 25.7816422], [-80.187918, 25.7820214], [-80.1879152, 25.7824296], [-80.1885394, 25.782435], [-80.1888118, 25.7824393], [-80.1888058, 25.7827096], [-80.1887555, 25.7827414]]}, "properties": {"project": "FL4501", "date": "19450301", "kind": "Man-made", "source": "T08596"}}, {"type": "Feature", "geometry": {"type": "LineString", "coordinates": [[-80.1885564, 25.780296], [-80.1885767, 25.7803334], [-80.1885869, 25.7803637], [-80.1885907, 25.7804204], [-80.1885842, 25.7804638], [-80.1885829, 25.7804931]]}, "properties": {"project": "FL4501", "date": "19450301", "kind": "Natural.Mean High Water", "source": "T08596"}}, {"type": "Feature", "geometry": {"type": "LineString", "coordinates": [[-80.1885564, 25.780296], [-80.1883174, 25.780277]]}, "properties": {"project": "FL4501", "date": "19450301", "kind": "Pier", "source": "T08596"}}, {"type": "Feature", "geometry": {"type": "LineString", "coordinates": [[-80.1885485, 25.7801877], [-80.1885543, 25.7802482], [-80.1885564, 25.780296]]}, "properties": {"project": "FL4501", "date": "19450301", "kind": "Natural.Mean High Water", "source": "T08596"}}, {"type": "Feature", "geometry": {"type": "LineString", "coordinates": [[-80.1863042, 25.7800756], [-80.1864365, 25.7800719], [-80.1870034, 25.7800628], [-80.1873427, 25.78006], [-80.1877185, 25.7800507], [-80.1877469, 25.7801756], [-80.1878, 25.7801939], [-80.1879274, 25.7801908], [-80.1883992, 25.7801878], [-80.1885485, 25.7801877]]}, "properties": {"project": "FL4501", "date": "19450301", "kind": "Man-made", "source": "T08596"}}, {"type": "Feature", "geometry": {"type": "LineString", "coordinates": [[-80.1863054, 25.7800164], [-80.1855203, 25.7800328], [-80.1853052, 25.7800391], [-80.1852487, 25.7800634], [-80.1852308, 25.7800926], [-80.185241, 25.7801266], [-80.1852702, 25.7801287], [-80.1853915, 25.780101], [-80.1858487, 25.7800885], [-80.1863042, 25.7800756]]}, "properties": {"project": "FL4501", "date": "19450301", "kind": "Pier", "source": "T08596"}}, {"type": "Feature", "geometry": {"type": "LineString", "coordinates": [[-80.1863054, 25.7800164], [-80.1863042, 25.7800756]]}, "properties": {"project": "FL4501", "date": "19450301", "kind": "Shoreline/Alongshore Feature Boundary", "source": "T08596"}}, {"type": "Feature", "geometry": {"type": "LineString", "coordinates": [[-80.1647268, 25.7799616], [-80.1647846, 25.779985], [-80.1648407, 25.7800306], [-80.1648823, 25.7800555], [-80.165003, 25.7801072], [-80.1652163, 25.7801982], [-80.1654786, 25.7803131], [-80.1655753, 25.7803562], [-80.1656337, 25.7803679], [-80.1656859, 25.7803719], [-80.1657108, 25.780391], [-80.1657398, 25.7804176], [-80.1658169, 25.7804388], [-80.16605, 25.7805498], [-80.1664548, 25.7807251], [-80.1668159, 25.780885], [-80.166895, 25.7809138], [-80.1669908, 25.780954], [-80.1671365, 25.7810116], [-80.1673894, 25.7811179], [-80.1674851, 25.7811733], [-80.1675912, 25.7812249], [-80.1676557, 25.7812555], [-80.167768, 25.7813129], [-80.1679476, 25.7814509], [-80.1680139, 25.7815288], [-80.1680637, 25.7815782], [-80.1681277, 25.7816807], [-80.1682399, 25.7818996], [-80.1682536, 25.782032], [-80.1682411, 25.7821709], [-80.1681917, 25.7823823], [-80.1681036, 25.7825887], [-80.1680633, 25.7826811], [-80.1679634, 25.782776], [-80.167829, 25.7828981], [-80.1676697, 25.7829803], [-80.1675043, 25.7830512], [-80.167338, 25.7830966], [-80.167196, 25.7831071], [-80.1671208, 25.7831048], [-80.1669894, 25.7830965], [-80.1669185, 25.7830866], [-80.1668434, 25.7830673], [-80.1667476, 25.7830441], [-80.1665944, 25.7829988], [-80.1664945, 25.7829528], [-80.166378, 25.7828973], [-80.166172, 25.7828073], [-80.1659774, 25.782724], [-80.1659128, 25.7826953], [-80.1658546, 25.7826704], [-80.1658046, 25.7826493], [-80.1657629, 25.7826377], [-80.1657401, 25.7826243], [-80.1657193, 25.7826091], [-80.1656922, 25.7825938], [-80.1656589, 25.7825861], [-80.1656171, 25.7825858], [-80.1655879, 25.7825857], [-80.1655671, 25.7825742], [-80.1655485, 25.7825495], [-80.1655247, 25.782522], [-80.165481, 25.7825028], [-80.1654185, 25.7824836], [-80.1653539, 25.7824662], [-80.1653144, 25.7824452], [-80.1652895, 25.7824261], [-80.1652479, 25.7824032], [-80.165202, 25.7823897], [-80.1651563, 25.7823668], [-80.1649461, 25.7822654], [-80.1647515, 25.7821745], [-80.1646953, 25.7821628], [-80.1646203, 25.7821378], [-80.1644496, 25.7820631], [-80.1643892, 25.7820496000001], [-80.164335, 25.7820398], [-80.164286, 25.7820178], [-80.1642446, 25.7819797], [-80.1641863, 25.7819492], [-80.1640655, 25.7819125], [-80.1640343, 25.7818991], [-80.1640156, 25.781882], [-80.1639657, 25.7818553], [-80.16387, 25.7818037], [-80.1638012, 25.7817863], [-80.1637034, 25.7817404], [-80.1635609, 25.7816724], [-80.1634569, 25.7816227], [-80.1634069, 25.7816035], [-80.1630822, 25.7814599], [-80.1630104, 25.7814339], [-80.1629625, 25.7814223], [-80.1629145, 25.7814088], [-80.1628313, 25.7813649], [-80.1627232, 25.7813075], [-80.1623641, 25.7811647], [-80.1623074, 25.7812021], [-80.1621805, 25.7811371], [-80.1621621, 25.7810822], [-80.1618964, 25.7809654]]}, "properties": {"project": "FL4501", "date": "19450301", "kind": "Man-made", "source": "T08596"}}, {"type": "Feature", "geometry": {"type": "LineString", "coordinates": [[-80.1646509, 25.7799374], [-80.164718, 25.7799581], [-80.1647268, 25.7799616]]}, "properties": {"project": "FL4501", "date": "19450301", "kind": "Man-made", "source": "T08596"}}, {"type": "Feature", "geometry": {"type": "LineString", "coordinates": [[-80.186286, 25.7798046], [-80.1863054, 25.7800164]]}, "properties": {"project": "FL4501", "date": "19450301", "kind": "Man-made", "source": "T08596"}}, {"type": "Feature", "geometry": {"type": "LineString", "coordinates": [[-80.185256, 25.7797487], [-80.1852342, 25.7797495], [-80.185242, 25.7798271], [-80.1853151, 25.7798199], [-80.1856722, 25.7797992], [-80.186286, 25.7798046]]}, "properties": {"project": "FL4501", "date": "19450301", "kind": "Pier", "source": "T08596"}}, {"type": "Feature", "geometry": {"type": "LineString", "coordinates": [[-80.1853835, 25.7797440000001], [-80.185256, 25.7797487]]}, "properties": {"project": "FL4501", "date": "19450301", "kind": "Pier", "source": "T08596"}}, {"type": "Feature", "geometry": {"type": "LineString", "coordinates": [[-80.1855024, 25.7797396], [-80.1853835, 25.7797440000001]]}, "properties": {"project": "FL4501", "date": "19450301", "kind": "Pier", "source": "T08596"}}, {"type": "Feature", "geometry": {"type": "LineString", "coordinates": [[-80.1856355, 25.7797346], [-80.1855024, 25.7797396]]}, "properties": {"project": "FL4501", "date": "19450301", "kind": "Pier", "source": "T08596"}}, {"type": "Feature", "geometry": {"type": "LineString", "coordinates": [[-80.1857678, 25.7797304], [-80.1857426, 25.7797306000001], [-80.1856355, 25.7797346]]}, "properties": {"project": "FL4501", "date": "19450301", "kind": "Pier", "source": "T08596"}}, {"type": "Feature", "geometry": {"type": "LineString", "coordinates": [[-80.1858797, 25.7797295], [-80.1857678, 25.7797304]]}, "properties": {"project": "FL4501", "date": "19450301", "kind": "Pier", "source": "T08596"}}, {"type": "Feature", "geometry": {"type": "LineString", "coordinates": [[-80.1859919, 25.7797286], [-80.1858797, 25.7797295]]}, "properties": {"project": "FL4501", "date": "19450301", "kind": "Pier", "source": "T08596"}}, {"type": "Feature", "geometry": {"type": "LineString", "coordinates": [[-80.186102, 25.7797277], [-80.1859919, 25.7797286]]}, "properties": {"project": "FL4501", "date": "19450301", "kind": "Pier", "source": "T08596"}}, {"type": "Feature", "geometry": {"type": "LineString", "coordinates": [[-80.1862875, 25.7797261], [-80.186102, 25.7797277]]}, "properties": {"project": "FL4501", "date": "19450301", "kind": "Pier", "source": "T08596"}}, {"type": "Feature", "geometry": {"type": "LineString", "coordinates": [[-80.1862875, 25.7797261], [-80.186286, 25.7798046]]}, "properties": {"project": "FL4501", "date": "19450301", "kind": "Shoreline/Alongshore Feature Boundary", "source": "T08596"}}, {"type": "Feature", "geometry": {"type": "LineString", "coordinates": [[-80.1853835, 25.7797440000001], [-80.1853846, 25.7795868]]}, "properties": {"project": "FL4501", "date": "19450301", "kind": "Pier", "source": "T08596"}}, {"type": "Feature", "geometry": {"type": "LineString", "coordinates": [[-80.1856355, 25.7797346], [-80.1856366, 25.7795822]]}, "properties": {"project": "FL4501", "date": "19450301", "kind": "Pier", "source": "T08596"}}, {"type": "Feature", "geometry": {"type": "LineString", "coordinates": [[-80.1852459, 25.7775769], [-80.1853011, 25.7775876], [-80.185376, 25.7776239], [-80.1854768, 25.7776715]]}, "properties": {"project": "FL4501", "date": "19450301", "kind": "Natural.Mean High Water", "source": "T08596"}}, {"type": "Feature", "geometry": {"type": "LineString", "coordinates": [[-80.1851573, 25.7775749], [-80.1851612, 25.7779025], [-80.1851635, 25.7780225], [-80.1852345, 25.7780248], [-80.1852459, 25.7775769]]}, "properties": {"project": "FL4501", "date": "19450301", "kind": "Pier", "source": "T08596"}}, {"type": "Feature", "geometry": {"type": "LineString", "coordinates": [[-80.1852459, 25.7775769], [-80.1851573, 25.7775749]]}, "properties": {"project": "FL4501", "date": "19450301", "kind": "Shoreline/Alongshore Feature Boundary", "source": "T08596"}}, {"type": "Feature", "geometry": {"type": "LineString", "coordinates": [[-80.1755004, 25.77721], [-80.1754153, 25.7771339], [-80.1753467, 25.7770882], [-80.1752905, 25.7770595], [-80.1751616, 25.7769889], [-80.1751116, 25.7769697], [-80.1750616, 25.7769581], [-80.1749802, 25.7769538], [-80.1749113, 25.776961], [-80.1748192, 25.7769869], [-80.1747062, 25.7770354], [-80.174616, 25.7770992], [-80.1745676, 25.7771462], [-80.1745485, 25.7771933], [-80.1745439, 25.7772538], [-80.1745621, 25.7773446], [-80.1746358, 25.7777089000001], [-80.1746612, 25.7777988], [-80.1746922, 25.7778538], [-80.1747335, 25.7779107], [-80.1747958, 25.777964], [-80.174883, 25.7780287], [-80.1749641, 25.7780802], [-80.1750897, 25.7781821], [-80.1751519, 25.7782429], [-80.1752018, 25.7782715], [-80.1752705, 25.7782908], [-80.1753414, 25.7783064], [-80.1754705, 25.7783543], [-80.1755778, 25.7783918], [-80.1757195, 25.7784304], [-80.1758258, 25.7784518], [-80.1758947, 25.7784522], [-80.1759574, 25.7784374], [-80.1760495, 25.7784039], [-80.1761029, 25.7783768], [-80.176122, 25.7783391], [-80.1761267, 25.7782579], [-80.1761251, 25.7781842], [-80.1760966, 25.7780782], [-80.1760489, 25.7778841], [-80.1760331, 25.7777517], [-80.1760129, 25.7776628], [-80.1759458, 25.7775499], [-80.1758628, 25.7774795], [-80.1757526, 25.7774147], [-80.175684, 25.7773651], [-80.1756342, 25.777327], [-80.1755678, 25.7772718], [-80.1755004, 25.77721]]}, "properties": {"project": "FL4501", "date": "19450301", "kind": "Natural.Mean High Water", "source": "T08596"}}, {"type": "Feature", "geometry": {"type": "LineString", "coordinates": [[-80.1617766, 25.7809128], [-80.1614847, 25.7807844], [-80.1609051, 25.7805287], [-80.1607916, 25.7804837], [-80.1607519, 25.7804967], [-80.160731, 25.7804947], [-80.1606832, 25.7804604], [-80.1606334, 25.7804242], [-80.1602608, 25.7802595], [-80.1597977, 25.7800668], [-80.1597446, 25.780041], [-80.1596498, 25.7801728], [-80.1594458, 25.7800903], [-80.1594836, 25.7800546], [-80.1595317, 25.7800417], [-80.1595594, 25.7799662], [-80.1591619, 25.7797881], [-80.1588153, 25.7796378], [-80.1587424, 25.7796203], [-80.1585322, 25.7795227], [-80.1580379, 25.7793091], [-80.1579578, 25.7792793], [-80.1579056, 25.779279], [-80.1578495, 25.7792428], [-80.1575499, 25.7790955], [-80.1574105, 25.7790323], [-80.1572658, 25.778972], [-80.1570556, 25.7788781], [-80.1568975, 25.7787978], [-80.1568248, 25.7787483], [-80.1567177, 25.7786881], [-80.1566203, 25.7785893], [-80.1565335, 25.7784621], [-80.1564966, 25.7783693], [-80.1564236, 25.7782091], [-80.1564102, 25.7780427], [-80.1564164, 25.7779001], [-80.1564319, 25.7777773], [-80.1564764, 25.7776831], [-80.156577, 25.7774842], [-80.156678, 25.7773638], [-80.1568074, 25.7772276], [-80.1569102, 25.7771488], [-80.1570757, 25.7770722], [-80.1572065, 25.7770229], [-80.1573506, 25.7770086], [-80.1574134, 25.7769939], [-80.1574204, 25.7768843], [-80.1575373, 25.7768925], [-80.1575094, 25.7769906], [-80.1576304, 25.7770008], [-80.1578202, 25.7770283], [-80.1580273, 25.7771155], [-80.1581355, 25.7771672], [-80.1582105, 25.7771884], [-80.1582375999999, 25.7771943], [-80.1583003, 25.7771814], [-80.1583694, 25.7771553], [-80.1584028, 25.7771536], [-80.1584278, 25.7771632], [-80.1584484, 25.7771955], [-80.1585155, 25.7773046], [-80.1585487, 25.7773388], [-80.1586943, 25.7774095], [-80.1588691, 25.777488], [-80.1589316, 25.7775035], [-80.1590961, 25.7775669], [-80.1593074, 25.7776579], [-80.159391, 25.7776338], [-80.1594765, 25.7776569], [-80.1594865, 25.7777118], [-80.159503, 25.7777384], [-80.1596632, 25.7778206], [-80.1601055, 25.7780055], [-80.160297, 25.7780898], [-80.1604104, 25.7781349], [-80.1604606, 25.7781295], [-80.1604981, 25.7781373], [-80.1605229, 25.7781733], [-80.1605645, 25.7782], [-80.1608579, 25.778334], [-80.1609006, 25.7783503], [-80.1609485, 25.7783601], [-80.1610089, 25.7783793], [-80.1612816, 25.7784981], [-80.1613139, 25.7784992], [-80.1613724, 25.7784901], [-80.161408, 25.7784827], [-80.161458, 25.7785], [-80.1614891, 25.7785229], [-80.1615077, 25.778557], [-80.1615303, 25.7785968], [-80.1615823, 25.7786349], [-80.1617571, 25.7787059], [-80.1619008, 25.7787634], [-80.162291, 25.7789386], [-80.1627403, 25.7791346]]}, "properties": {"project": "FL4501", "date": "19450301", "kind": "Man-made", "source": "T08596"}}, {"type": "Feature", "geometry": {"type": "LineString", "coordinates": [[-80.1851302, 25.776634], [-80.1851278, 25.7769893], [-80.1851289, 25.777133], [-80.185141, 25.7773438], [-80.1851533, 25.777376], [-80.185157, 25.7774384], [-80.1851565, 25.777514], [-80.1851573, 25.7775749]]}, "properties": {"project": "FL4501", "date": "19450301", "kind": "Man-made", "source": "T08596"}}, {"type": "Feature", "geometry": {"type": "LineString", "coordinates": [[-80.185256, 25.7797487], [-80.1852549, 25.7795821]]}, "properties": {"project": "FL4501", "date": "19450301", "kind": "Pier", "source": "T08596"}}, {"type": "Feature", "geometry": {"type": "LineString", "coordinates": [[-80.1855024, 25.7797396], [-80.1854991, 25.7795814]]}, "properties": {"project": "FL4501", "date": "19450301", "kind": "Pier", "source": "T08596"}}, {"type": "Feature", "geometry": {"type": "LineString", "coordinates": [[-80.1857678, 25.7797304], [-80.1857664, 25.779571]]}, "properties": {"project": "FL4501", "date": "19450301", "kind": "Pier", "source": "T08596"}}, {"type": "Feature", "geometry": {"type": "LineString", "coordinates": [[-80.1859919, 25.7797286], [-80.1859974, 25.7795683000001]]}, "properties": {"project": "FL4501", "date": "19450301", "kind": "Pier", "source": "T08596"}}, {"type": "Feature", "geometry": {"type": "LineString", "coordinates": [[-80.186102, 25.7797277], [-80.1861031, 25.7795669]]}, "properties": {"project": "FL4501", "date": "19450301", "kind": "Pier", "source": "T08596"}}, {"type": "Feature", "geometry": {"type": "LineString", "coordinates": [[-80.1858797, 25.7797295], [-80.1858809, 25.7795557]]}, "properties": {"project": "FL4501", "date": "19450301", "kind": "Pier", "source": "T08596"}}, {"type": "Feature", "geometry": {"type": "LineString", "coordinates": [[-80.2261575, 25.7866112], [-80.2261618, 25.7870512]]}, "properties": {"project": "FL4501", "date": "19350125", "kind": "Pier", "source": "T08597"}}, {"type": "Feature", "geometry": {"type": "LineString", "coordinates": [[-80.2259963, 25.7865562], [-80.2260041, 25.7869743]]}, "properties": {"project": "FL4501", "date": "19350125", "kind": "Pier", "source": "T08597"}}, {"type": "Feature", "geometry": {"type": "LineString", "coordinates": [[-80.2258314, 25.786514], [-80.2258642, 25.7869224]]}, "properties": {"project": "FL4501", "date": "19350125", "kind": "Pier", "source": "T08597"}}, {"type": "Feature", "geometry": {"type": "LineString", "coordinates": [[-80.2256361, 25.7873598], [-80.2255432, 25.7873628], [-80.225481, 25.787355], [-80.2254603, 25.7873361], [-80.2254442, 25.7872646], [-80.2254462, 25.7869602], [-80.22546, 25.7867424], [-80.2254649, 25.7866334], [-80.2254569, 25.7865808], [-80.225428, 25.7865618], [-80.22537, 25.7865502], [-80.2253201, 25.7865537], [-80.2253035, 25.7865649], [-80.2252865, 25.7866249], [-80.2252614, 25.7866511], [-80.2252323, 25.7866585], [-80.2252074, 25.7866508], [-80.2251744, 25.7866206], [-80.2251624, 25.7865642], [-80.225146, 25.7865302], [-80.2251129, 25.7865075], [-80.2250714, 25.7865035], [-80.2249675, 25.7865331], [-80.2246806, 25.7866067], [-80.2245684, 25.7866324], [-80.2244894, 25.7866432], [-80.2244147, 25.7866428], [-80.2243111, 25.786616], [-80.2241457, 25.7865287], [-80.2240587, 25.7865019], [-80.2239716, 25.7864864], [-80.2239429, 25.7864974]]}, "properties": {"project": "FL4501", "date": "19350125", "kind": "Natural.Mean High Water", "source": "T08597"}}, {"type": "Feature", "geometry": {"type": "LineString", "coordinates": [[-80.2237066, 25.7863404], [-80.2239429, 25.7864974]]}, "properties": {"project": "FL4501", "date": "19350125", "kind": "Pier", "source": "T08597"}}, {"type": "Feature", "geometry": {"type": "LineString", "coordinates": [[-80.2239429, 25.7864974], [-80.2239299, 25.78652], [-80.2239295, 25.7865726], [-80.2239168, 25.7866176], [-80.2238751, 25.7866475], [-80.2237962, 25.7866583], [-80.2236011, 25.7866573], [-80.2235513, 25.7866495], [-80.2235307, 25.7866268], [-80.223531, 25.7865818], [-80.2235196, 25.7864239], [-80.2234911, 25.7863448], [-80.2234416, 25.7862844], [-80.2233632, 25.7862164], [-80.2232187, 25.7861029], [-80.2231072, 25.7860158]]}, "properties": {"project": "FL4501", "date": "19350125", "kind": "Natural.Mean High Water", "source": "T08597"}}, {"type": "Feature", "geometry": {"type": "LineString", "coordinates": [[-80.2231072, 25.7860158], [-80.2229044, 25.7859208]]}, "properties": {"project": "FL4501", "date": "19350125", "kind": "Undetermined.Approximate", "source": "T08597"}}, {"type": "Feature", "geometry": {"type": "LineString", "coordinates": [[-80.2313158, 25.7850913], [-80.2314071, 25.7850937]]}, "properties": {"project": "FL4501", "date": "19350125", "kind": "Undetermined.Approximate", "source": "T08597"}}, {"type": "Feature", "geometry": {"type": "LineString", "coordinates": [[-80.2231601, 25.7853693], [-80.2228673, 25.7850784]]}, "properties": {"project": "FL4501", "date": "19350125", "kind": "Undetermined.Approximate", "source": "T08597"}}, {"type": "Feature", "geometry": {"type": "LineString", "coordinates": [[-80.2313977, 25.7849433], [-80.2312981, 25.7849465]]}, "properties": {"project": "FL4501", "date": "19350125", "kind": "Undetermined.Approximate", "source": "T08597"}}, {"type": "Feature", "geometry": {"type": "LineString", "coordinates": [[-80.2302086, 25.7878192], [-80.2301796, 25.7878153], [-80.2301466, 25.7877888], [-80.2300765, 25.7877095], [-80.2299899, 25.7876226], [-80.2299362, 25.7875848], [-80.2298576, 25.7875505], [-80.2298244999999, 25.7875241], [-80.2297751999999, 25.7874524], [-80.2297424, 25.7873846], [-80.2297053, 25.7873468], [-80.2296225, 25.7873088], [-80.2295479, 25.7873009], [-80.2294816, 25.787278], [-80.229403, 25.7872325], [-80.229312, 25.7871944], [-80.2291171, 25.7871558000001], [-80.2290426, 25.7871254], [-80.2289557, 25.7870836], [-80.2288894, 25.7870644], [-80.2288107, 25.7870527], [-80.2287359, 25.7870523], [-80.2286696, 25.7870407], [-80.2286033, 25.7870253], [-80.2285328, 25.7870099], [-80.2284748, 25.7869983000001], [-80.2284085, 25.7869792], [-80.2282595, 25.7869221], [-80.2280152, 25.7868268], [-80.2277751, 25.7867241], [-80.2276304, 25.7866444], [-80.2275642, 25.7866027], [-80.2275063, 25.7865799], [-80.2274025, 25.7865718], [-80.2273447, 25.7865377], [-80.2273115, 25.7865225], [-80.2272908, 25.7865261], [-80.2272699, 25.7865373], [-80.2272584, 25.7865727], [-80.2272447, 25.786584], [-80.2272279, 25.7865849], [-80.2272071, 25.7865629], [-80.2271842, 25.7865419], [-80.2271581, 25.78652], [-80.2271488, 25.7865038], [-80.2271447, 25.7864838], [-80.2271406999999, 25.7864591], [-80.2271325, 25.7864306], [-80.2271047999999, 25.7864011], [-80.227076, 25.7863634], [-80.2270597, 25.786322], [-80.2270599, 25.7862769], [-80.2270809, 25.7862469], [-80.2271225, 25.7862283], [-80.2271807, 25.7862211], [-80.2272098, 25.7862063], [-80.2272433, 25.7861613], [-80.2272813, 25.7860601], [-80.2273275, 25.7859889], [-80.2274069, 25.7858992], [-80.2275155, 25.785787], [-80.2275699, 25.7857309], [-80.2276449, 25.7856862], [-80.2277114, 25.7856603], [-80.2277697, 25.7856456], [-80.2278362, 25.7856196], [-80.2279113, 25.7855637], [-80.2280365, 25.7854553], [-80.2281283, 25.7853807], [-80.2281741, 25.7853584], [-80.2281949, 25.7853585], [-80.2282239, 25.7853586], [-80.2282447, 25.7853569], [-80.2282572, 25.7853475], [-80.2282594, 25.7853325], [-80.2282534, 25.7852968], [-80.2282535, 25.7852799], [-80.2282618999999, 25.7852705], [-80.2282743, 25.7852668], [-80.228293, 25.7852745], [-80.2283136, 25.785284], [-80.2283302, 25.7852859], [-80.2283489, 25.785286], [-80.2283656, 25.7852786], [-80.228376, 25.7852636], [-80.2283804, 25.7852336], [-80.2283828, 25.7851885], [-80.2283912, 25.7851698], [-80.228412, 25.7851624], [-80.2284307, 25.7851625], [-80.2284638, 25.7851683], [-80.2284846, 25.7851684], [-80.2285033, 25.7851666], [-80.2285283, 25.7851536], [-80.2285491, 25.785133], [-80.2285638, 25.7851087], [-80.2285681, 25.785088], [-80.2285807, 25.7850637], [-80.2286099, 25.7850413], [-80.2286806, 25.7850153], [-80.2287827, 25.7849614], [-80.2288681, 25.7849055], [-80.2289682, 25.7848421], [-80.229064, 25.78479], [-80.2291846, 25.7847475], [-80.229328, 25.7847106], [-80.2294694, 25.7846776], [-80.2295337, 25.7846723], [-80.2296644, 25.784688], [-80.2298426999999, 25.7847171], [-80.2299752, 25.7847648], [-80.2301324, 25.7848408], [-80.2302876, 25.7849055], [-80.2304844, 25.7849591], [-80.2307082, 25.7850242], [-80.2308801, 25.7850683], [-80.2309776, 25.7850801], [-80.2311083, 25.7850827], [-80.2313158, 25.7850913]]}, "properties": {"project": "FL4501", "date": "19350125", "kind": "Natural.Mean High Water", "source": "T08597"}}, {"type": "Feature", "geometry": {"type": "LineString", "coordinates": [[-80.2312981, 25.7849465], [-80.2311486, 25.7849533], [-80.2311237, 25.7849569], [-80.2311029, 25.7849568], [-80.2310905, 25.7849454], [-80.2310784, 25.7848965], [-80.2310745, 25.7848552], [-80.231058, 25.7848363], [-80.2310415, 25.7848287], [-80.2310126, 25.784806], [-80.2309921, 25.7847645], [-80.2309882, 25.7847194], [-80.2309842, 25.7847044], [-80.2309593, 25.784693], [-80.2309013, 25.7846889], [-80.2308721, 25.7847113], [-80.2308635, 25.7847526], [-80.2308588, 25.7848352], [-80.2308544, 25.7848765], [-80.2308459, 25.784899], [-80.2308209, 25.7849177000001], [-80.2307836, 25.7849175], [-80.2307172, 25.7849059], [-80.2305764, 25.7848525], [-80.2302658, 25.7847569], [-80.2301208, 25.7847073], [-80.2301002, 25.7846922], [-80.2300878, 25.7846771], [-80.2300674, 25.7846169], [-80.2300428, 25.7845792], [-80.2300056, 25.7845564], [-80.2299476, 25.7845298], [-80.2298481, 25.784518], [-80.2297028999999, 25.7845022], [-80.2296033, 25.7844979], [-80.2294829, 25.7845085], [-80.2293167, 25.7845302], [-80.2290591, 25.7845852], [-80.2288802, 25.7846406], [-80.2286929, 25.7847186], [-80.2286014, 25.7847519], [-80.2285432, 25.7847741], [-80.2285266, 25.784774], [-80.2285183, 25.7847702], [-80.2285145, 25.7847063], [-80.2285405, 25.7845374], [-80.2285411, 25.7844547], [-80.228533, 25.7844208], [-80.2285082, 25.7843982], [-80.2284668, 25.7843904], [-80.228392, 25.7843938], [-80.2283671, 25.7844012], [-80.2283545, 25.7844274], [-80.2283457, 25.7845063], [-80.2283312, 25.7848143000001], [-80.2283226, 25.7848631], [-80.2282889, 25.7849344], [-80.2281802, 25.785054], [-80.2279965, 25.7852259], [-80.2278547, 25.7853266], [-80.2276297, 25.785472], [-80.2274795, 25.7855877], [-80.2273211, 25.7856883], [-80.2271834, 25.785804], [-80.2271624, 25.7858378], [-80.2271456, 25.785864], [-80.2271249, 25.7858676], [-80.2271125, 25.7858563], [-80.2271088, 25.7857886], [-80.2271137, 25.7856722], [-80.227114, 25.7856271], [-80.2271058, 25.7856082], [-80.227081, 25.7855893], [-80.2270478, 25.7855891], [-80.227002, 25.7856039], [-80.2269852, 25.7856414], [-80.2269844, 25.7857654], [-80.2269825, 25.786051], [-80.2269781, 25.7861036], [-80.2269695, 25.7861373], [-80.2269361, 25.7861785], [-80.2268818, 25.7862196], [-80.2268361, 25.7862306], [-80.2267697, 25.7862302], [-80.2266621, 25.786177], [-80.2265299, 25.7860899], [-80.226381, 25.7860102], [-80.226269, 25.7859908], [-80.2261777, 25.7859903], [-80.2260697, 25.7860086], [-80.2259947, 25.7860457], [-80.2259199, 25.7860679], [-80.2258576, 25.7860751], [-80.2257746, 25.7860671], [-80.2257043, 25.7860329], [-80.2256463, 25.7860176], [-80.2255923, 25.7860173], [-80.225476, 25.7860317], [-80.2252643, 25.7860306], [-80.2249323, 25.786025], [-80.2248409, 25.7860358], [-80.2247536, 25.7860579], [-80.2245914, 25.7861059], [-80.2244834, 25.7861241], [-80.2243506, 25.7861196], [-80.2242222, 25.7860739], [-80.2240651, 25.7859866], [-80.2239368, 25.7859183], [-80.2238418, 25.7858464], [-80.2237386, 25.7857669], [-80.223627, 25.7856987], [-80.223507, 25.7856417], [-80.2233827, 25.7856034], [-80.2232792, 25.7855578], [-80.2232214, 25.7855086], [-80.2231887, 25.7854295], [-80.2231601, 25.7853693]]}, "properties": {"project": "FL4501", "date": "19350125", "kind": "Natural.Mean High Water", "source": "T08597"}}, {"type": "Feature", "geometry": {"type": "LineString", "coordinates": [[-80.2229044, 25.7859208], [-80.2226974, 25.785837], [-80.222503, 25.7857458], [-80.222267, 25.7856506], [-80.2221675, 25.7856313], [-80.2220887, 25.7856271], [-80.2220637, 25.7856382000001], [-80.2220428, 25.7856644], [-80.2220261, 25.7856756], [-80.2219971, 25.7856717], [-80.2219723, 25.7856528], [-80.2219518, 25.7856189], [-80.2219228, 25.7856074], [-80.2218316, 25.7855844], [-80.2214712, 25.7854735], [-80.2211276, 25.7853326], [-80.2209702, 25.7852867], [-80.2208542, 25.785256], [-80.2207093, 25.7852064], [-80.2204775, 25.7850999], [-80.2201132, 25.7849589], [-80.2198524, 25.7848523], [-80.219724, 25.7848103], [-80.2195417, 25.784768], [-80.2193758, 25.7847408], [-80.2191852, 25.7846947], [-80.2189573, 25.7846408], [-80.2187002, 25.7845943], [-80.2184848, 25.7845293], [-80.2182653, 25.7844642], [-80.2178348, 25.7842778], [-80.2175617, 25.7841486], [-80.2173176, 25.7840308], [-80.217206, 25.7839588000001], [-80.217144, 25.7839171]]}, "properties": {"project": "FL4501", "date": "19350125", "kind": "Natural.Mean High Water", "source": "T08597"}}, {"type": "Feature", "geometry": {"type": "LineString", "coordinates": [[-80.2395293, 25.7835506], [-80.2396452999999, 25.7835963], [-80.2397696, 25.7836307], [-80.2399602, 25.7836693], [-80.24, 25.78367115268346]]}, "properties": {"project": "FL4501", "date": "19350125", "kind": "Natural.Mean High Water", "source": "T08597"}}, {"type": "Feature", "geometry": {"type": "LineString", "coordinates": [[-80.2394259, 25.7834974], [-80.2395293, 25.7835506]]}, "properties": {"project": "FL4501", "date": "19350125", "kind": "Undetermined.Approximate", "source": "T08597"}}, {"type": "Feature", "geometry": {"type": "LineString", "coordinates": [[-80.1997705, 25.7461406], [-80.1998888, 25.7462818], [-80.1999712, 25.7463649], [-80.1999958, 25.7464064], [-80.2000244, 25.7464779], [-80.2000445, 25.7465645], [-80.2000691, 25.746606], [-80.2001889, 25.7466893], [-80.2005032, 25.7468488], [-80.200681, 25.7469438], [-80.2007222, 25.7469778], [-80.2007386, 25.7470192], [-80.2007341, 25.7470718]]}, "properties": {"project": "FL4501", "date": "19350125", "kind": "Natural.Mean High Water", "source": "T08597"}}, {"type": "Feature", "geometry": {"type": "LineString", "coordinates": [[-80.2090983, 25.7453062], [-80.209073, 25.7453662], [-80.2090479, 25.7453999], [-80.2090145, 25.7454223], [-80.2089936, 25.7454447], [-80.2089518, 25.7454933], [-80.2089015, 25.7455795], [-80.2088304, 25.745658], [-80.2087678, 25.7457103], [-80.2085639, 25.7458031], [-80.2083099, 25.7459295], [-80.2080809, 25.746056], [-80.2078895, 25.7461414], [-80.2076979, 25.7462493], [-80.207494, 25.7463271], [-80.2072445, 25.7464122], [-80.2069949999999, 25.7464973], [-80.2068036, 25.7465714000001], [-80.2066579, 25.746642], [-80.2066038, 25.7466793], [-80.2065786, 25.7467242], [-80.206541, 25.7467578], [-80.2065063, 25.7467717]]}, "properties": {"project": "FL4501", "date": "19350125", "kind": "Natural.Mean High Water", "source": "T08597"}}, {"type": "Feature", "geometry": {"type": "LineString", "coordinates": [[-80.2096621, 25.7447456], [-80.2096588, 25.7447236], [-80.2096542, 25.744693], [-80.2096215, 25.7446214], [-80.2095886, 25.7445649], [-80.2095598, 25.7445346], [-80.2095225, 25.7445269], [-80.2094769, 25.7445229], [-80.2094312, 25.7445377], [-80.2094061, 25.7445676], [-80.209385, 25.7446164], [-80.2093716, 25.7447553], [-80.2093626, 25.7448642], [-80.2093332, 25.7449205], [-80.2092914, 25.7449691], [-80.2092287, 25.7450364], [-80.2091741999999, 25.745115], [-80.2091363, 25.7452012], [-80.209111, 25.7452711], [-80.2090983, 25.7453062]]}, "properties": {"project": "FL4501", "date": "19350125", "kind": "Natural.Apparent.Marsh Or Swamp", "source": "T08597"}}, {"type": "Feature", "geometry": {"type": "LineString", "coordinates": [[-80.2096884, 25.7443506], [-80.2096772, 25.7443549], [-80.2096438, 25.744381], [-80.2096187, 25.7444185], [-80.2096184, 25.7444523], [-80.2096432, 25.7444787], [-80.2096718, 25.7445315000001], [-80.2097046, 25.7445918], [-80.2097209, 25.7446482], [-80.2097246, 25.7447121], [-80.2097032, 25.744806], [-80.2096857, 25.7449449], [-80.2096935, 25.7450201], [-80.2097098, 25.7450615], [-80.209751, 25.7451069], [-80.2098089, 25.7451372], [-80.2098627, 25.7451601], [-80.2099124, 25.7451716], [-80.2099537, 25.7452057], [-80.2099742, 25.7452396], [-80.2099781, 25.7452772], [-80.2099527, 25.7453484], [-80.2099151, 25.7453933], [-80.2098192, 25.7454605], [-80.2097277, 25.7455013], [-80.2096404, 25.7455234], [-80.2095781, 25.7455268000001], [-80.2095076, 25.7455264], [-80.2094536, 25.7455336], [-80.2094245, 25.7455447], [-80.2093703, 25.7455783], [-80.2093452, 25.7456157], [-80.2093449, 25.7456608], [-80.2093819, 25.7457061], [-80.2094439, 25.745744], [-80.2095351, 25.7457633], [-80.2095887, 25.7458049], [-80.2096217, 25.7458427], [-80.2096298, 25.745869], [-80.2096213, 25.745899], [-80.2096046, 25.7459102], [-80.2096004, 25.745929], [-80.2096127, 25.7459441], [-80.2096582, 25.7459631], [-80.209683, 25.7459783], [-80.2097078, 25.7459935], [-80.2097201, 25.7460123], [-80.2097198, 25.7460574], [-80.2097072, 25.7460874], [-80.2096655, 25.746121], [-80.2095987, 25.7461732], [-80.2095528, 25.7462256], [-80.2095359, 25.7462668], [-80.209548, 25.7463233], [-80.2095933, 25.7463724], [-80.2096677, 25.7464141], [-80.2096966, 25.7464293], [-80.2097089, 25.7464519], [-80.2097127, 25.7465045], [-80.209696, 25.7465307000001], [-80.2096709, 25.7465569], [-80.2096459, 25.7465643], [-80.2096128, 25.7465566], [-80.2095716, 25.7465113], [-80.2095551, 25.7464999], [-80.2095385, 25.7464998], [-80.2095178, 25.7464922], [-80.2095096, 25.7464734], [-80.2095098, 25.7464471], [-80.2094979, 25.7463568], [-80.2094818, 25.7462853], [-80.2094863, 25.746229], [-80.2094991, 25.7461877], [-80.209545, 25.7461429], [-80.2095994, 25.7460755], [-80.2096078, 25.746053], [-80.2095997, 25.7460304], [-80.209579, 25.7460153], [-80.2095542, 25.7460039], [-80.2095419, 25.745985], [-80.2095339, 25.7459437], [-80.2095341, 25.7459023], [-80.209522, 25.7458609], [-80.209489, 25.7458269], [-80.2094394, 25.7458003], [-80.2093855, 25.7457925000001], [-80.2093483, 25.7457735], [-80.2093028, 25.7457432], [-80.2092823999999, 25.7456943], [-80.2092785, 25.7456567], [-80.209279, 25.745589], [-80.2092957999999, 25.7455478], [-80.2093334, 25.7455142], [-80.2094041, 25.7454845], [-80.2094872, 25.7454699], [-80.2096242, 25.7454594], [-80.2096949, 25.7454372], [-80.2097781, 25.7454001], [-80.2098323, 25.7453628], [-80.2098699, 25.7453254], [-80.2098784, 25.7453029], [-80.2098703, 25.7452728], [-80.2098332, 25.7452238], [-80.2097877, 25.745201], [-80.2097462999999, 25.7451895], [-80.2096926, 25.7451554], [-80.2096514999999, 25.7451026], [-80.2096228, 25.7450535], [-80.2096148, 25.7449971], [-80.2096193, 25.7449408], [-80.2096491, 25.7448395], [-80.2096621, 25.7447456]]}, "properties": {"project": "FL4501", "date": "19350125", "kind": "Natural.Mean High Water", "source": "T08597"}}, {"type": "Feature", "geometry": {"type": "LineString", "coordinates": [[-80.2096706, 25.7443219], [-80.2096884, 25.7443506]]}, "properties": {"project": "FL4501", "date": "19350125", "kind": "Pier", "source": "T08597"}}, {"type": "Feature", "geometry": {"type": "LineString", "coordinates": [[-80.2096706, 25.7443219], [-80.2096874, 25.7443106], [-80.2096927, 25.7442966], [-80.2096876, 25.7442826], [-80.2096671, 25.7442568], [-80.209644, 25.7442427], [-80.2096208, 25.7442449], [-80.2095743, 25.7442703], [-80.2094888, 25.7443352], [-80.2094654, 25.7443584], [-80.2094601, 25.7443841], [-80.2094703, 25.7444028], [-80.2095061, 25.744438], [-80.2095216, 25.7444451], [-80.2095422, 25.7444429], [-80.2095681, 25.744415], [-80.2096706, 25.7443219]]}, "properties": {"project": "FL4501", "date": "19350125", "kind": "Pier", "source": "T08597"}}, {"type": "Feature", "geometry": {"type": "LineString", "coordinates": [[-80.2100135, 25.7441116], [-80.2099487999999, 25.7441486], [-80.209923, 25.7441601], [-80.2098997, 25.744167], [-80.209874, 25.7441575], [-80.2098535, 25.7441364], [-80.209846, 25.744106], [-80.2098565, 25.7440734], [-80.2099006, 25.7440293], [-80.2099395, 25.7439922], [-80.2099526, 25.7439642000001], [-80.2099708, 25.743941], [-80.2100096, 25.7439202], [-80.210069, 25.7439088], [-80.2101129, 25.7438974], [-80.2101388, 25.7438765], [-80.2101828, 25.7438511], [-80.2102189, 25.7438396], [-80.2102421, 25.7438444], [-80.2102652, 25.7438609], [-80.2102753, 25.7438843], [-80.2102752, 25.7439029], [-80.2102622, 25.7439215], [-80.2102311, 25.7439424], [-80.2101689, 25.7439934], [-80.2101508, 25.7440143], [-80.2101248, 25.7440422], [-80.2100834, 25.7440723], [-80.2100135, 25.7441116]]}, "properties": {"project": "FL4501", "date": "19350125", "kind": "Natural.Mean High Water", "source": "T08597"}}, {"type": "Feature", "geometry": {"type": "LineString", "coordinates": [[-80.2105752, 25.7437143], [-80.2105776, 25.7437210000001], [-80.2105807, 25.743875], [-80.2105594, 25.7439576], [-80.2105134, 25.7440212], [-80.2104176, 25.7440696], [-80.2103092, 25.7441441], [-80.2102799, 25.7441816], [-80.2102465, 25.7442265], [-80.210209, 25.7442451], [-80.2101591, 25.7442636], [-80.2100426, 25.7443155], [-80.2099343, 25.7443788], [-80.2098761, 25.7443898], [-80.2098097, 25.7443857], [-80.2097436, 25.7443515000001], [-80.2097063, 25.7443438], [-80.2096884, 25.7443506]]}, "properties": {"project": "FL4501", "date": "19350125", "kind": "Natural.Mean High Water", "source": "T08597"}}, {"type": "Feature", "geometry": {"type": "LineString", "coordinates": [[-80.2105359, 25.7436119], [-80.2104645, 25.7436675], [-80.2104553, 25.7436919], [-80.2104611, 25.7437218], [-80.210482, 25.7437355], [-80.210521, 25.7437357], [-80.2105752, 25.7437143]]}, "properties": {"project": "FL4501", "date": "19350125", "kind": "Pier", "source": "T08597"}}, {"type": "Feature", "geometry": {"type": "LineString", "coordinates": [[-80.2105359, 25.7436119], [-80.2105409, 25.7436193], [-80.2105752, 25.7437143]]}, "properties": {"project": "FL4501", "date": "19350125", "kind": "Shoreline/Alongshore Feature Boundary", "source": "T08597"}}, {"type": "Feature", "geometry": {"type": "LineString", "coordinates": [[-80.2127545, 25.744218], [-80.2128019, 25.7442244], [-80.2128799, 25.7442218], [-80.212968, 25.7442223], [-80.2129882999999, 25.7442316], [-80.2129949, 25.7442531], [-80.2129743, 25.7443052], [-80.2129231, 25.7443448], [-80.2128552, 25.744369], [-80.2127348, 25.7444015], [-80.2127099, 25.7444051], [-80.2126851, 25.7443937], [-80.2126812, 25.7443599], [-80.2126938, 25.7443337], [-80.2126981, 25.7443111], [-80.2126858, 25.7442848], [-80.212653, 25.7442282], [-80.2126408, 25.7441868], [-80.2126204, 25.7441416], [-80.212538, 25.744051], [-80.2124514, 25.7439716], [-80.2123976, 25.743945], [-80.2122981, 25.7439332], [-80.2122401, 25.7439254], [-80.2122111, 25.7439139], [-80.2121905, 25.7438875], [-80.2121784, 25.7438386], [-80.2121831, 25.743756], [-80.2121794, 25.7436845], [-80.212159, 25.7436281], [-80.2121263, 25.7435603], [-80.2120481, 25.7434659], [-80.2119161, 25.7433487], [-80.2118294, 25.7432843], [-80.2117756, 25.7432615], [-80.2117341, 25.743265], [-80.2117174, 25.74328], [-80.2117007, 25.7432874], [-80.21168, 25.7432798], [-80.2116264, 25.7432381], [-80.2116017, 25.7432004], [-80.2115936, 25.7431741], [-80.2116062, 25.7431441], [-80.2116107, 25.743099], [-80.2116027, 25.7430576], [-80.2115825, 25.7429673], [-80.2115621, 25.7429146], [-80.2115333, 25.7428806], [-80.2114754, 25.7428465], [-80.2113304, 25.7428194], [-80.2112987, 25.7428143]]}, "properties": {"project": "FL4501", "date": "19350125", "kind": "Natural.Mean High Water", "source": "T08597"}}, {"type": "Feature", "geometry": {"type": "LineString", "coordinates": [[-80.2112987, 25.7428143], [-80.2111853, 25.7427961], [-80.2111106, 25.7427957], [-80.2110816, 25.7427955], [-80.2110692, 25.7427879], [-80.2110569, 25.7427616], [-80.211053, 25.742724], [-80.2110367, 25.7426863], [-80.2109749, 25.7426146], [-80.2108889, 25.7424525], [-80.2107988, 25.7422641], [-80.210733, 25.7421849], [-80.2106753, 25.7421282], [-80.2106049, 25.7421015], [-80.2105137, 25.7420897], [-80.2104515, 25.7420894], [-80.2104182, 25.7421005], [-80.2104014, 25.7421267], [-80.2104095, 25.7421568], [-80.2104383, 25.7421908], [-80.2105666, 25.7422479], [-80.2106327, 25.7422858], [-80.2106574, 25.7423235], [-80.2106695, 25.7423724], [-80.2106775, 25.7424213], [-80.2106688, 25.7424814], [-80.2105681, 25.7426424], [-80.2104633, 25.7428072], [-80.2104086, 25.7429234], [-80.2103951, 25.7429721], [-80.2103618, 25.7430922], [-80.2103444, 25.7432199], [-80.2103479, 25.7433139], [-80.2103642, 25.7433666], [-80.2104259, 25.7434496], [-80.2105359, 25.7436119]]}, "properties": {"project": "FL4501", "date": "19350125", "kind": "Natural.Apparent.Marsh Or Swamp", "source": "T08597"}}, {"type": "Feature", "geometry": {"type": "LineString", "coordinates": [[-80.2019225, 25.7486853], [-80.2018930999999, 25.7487203], [-80.2018305, 25.7487763], [-80.2017723, 25.7488023], [-80.2017182, 25.7488133], [-80.2016475, 25.7488505], [-80.2014724, 25.7489698], [-80.2011431, 25.7491897], [-80.2010013, 25.7492941], [-80.2009637, 25.749339], [-80.2009468, 25.7493802], [-80.2009549, 25.7494066], [-80.2009878, 25.7494556], [-80.2009959, 25.7494857], [-80.2009916, 25.749512], [-80.2009457, 25.7495531], [-80.2008248, 25.7496389], [-80.2007664, 25.7496724], [-80.200583, 25.7497953], [-80.200533, 25.7498402], [-80.2004994, 25.7499001], [-80.2004611999999, 25.7500239], [-80.2004276, 25.7500876], [-80.2003731, 25.7501662], [-80.2002813, 25.7502371], [-80.2001145999999, 25.7503489], [-80.2000144, 25.7504386], [-80.1999099, 25.7505545], [-80.1998429, 25.7506518], [-80.1998171, 25.7507794], [-80.1997704, 25.7509659]]}, "properties": {"project": "FL4501", "date": "19350125", "kind": "Natural.Mean High Water", "source": "T08597"}}, {"type": "Feature", "geometry": {"type": "LineString", "coordinates": [[-80.2017927, 25.7485266], [-80.2019225, 25.7486853]]}, "properties": {"project": "FL4501", "date": "19350125", "kind": "Pier", "source": "T08597"}}, {"type": "Feature", "geometry": {"type": "LineString", "coordinates": [[-80.2019955, 25.7483113], [-80.2019744, 25.7483525], [-80.201978, 25.7484427], [-80.2019898, 25.7485367], [-80.2019812, 25.7485855], [-80.2019559, 25.7486455], [-80.2019225, 25.7486853]]}, "properties": {"project": "FL4501", "date": "19350125", "kind": "Natural.Mean High Water", "source": "T08597"}}, {"type": "Feature", "geometry": {"type": "LineString", "coordinates": [[-80.2021083, 25.7481916], [-80.2019955, 25.7483113]]}, "properties": {"project": "FL4501", "date": "19350125", "kind": "Undetermined.Approximate", "source": "T08597"}}, {"type": "Feature", "geometry": {"type": "LineString", "coordinates": [[-80.2367369, 25.7920102], [-80.2365252, 25.7920128], [-80.2362513, 25.7920114], [-80.2360271, 25.7920177], [-80.2359026, 25.7920133], [-80.2358073, 25.7919828], [-80.2357495, 25.7919374], [-80.2356917, 25.7918807], [-80.2356715, 25.7918017], [-80.2356806, 25.7916777], [-80.2356861, 25.7914561], [-80.2356702, 25.7913508], [-80.2356547, 25.7911891], [-80.2356516, 25.7910162], [-80.2356441, 25.7908922], [-80.2356528, 25.7908283], [-80.2356657, 25.7907645], [-80.235666, 25.7907082], [-80.2356538, 25.7906705], [-80.2356208, 25.7906365], [-80.2355504, 25.7906249], [-80.2354425, 25.7906206], [-80.2352725, 25.7905896], [-80.23509, 25.7905698], [-80.2347705, 25.7905456], [-80.2346129, 25.7905298], [-80.234447, 25.7904988], [-80.2342274, 25.7904375], [-80.2340494, 25.7903727], [-80.2340203, 25.7903726], [-80.2339995, 25.7903837], [-80.2339907, 25.7904626], [-80.2339895, 25.7906467], [-80.2339892, 25.7906881], [-80.2339767, 25.7907068], [-80.2339518, 25.7907029], [-80.2338858, 25.7906349], [-80.2337785, 25.7905404], [-80.2337373, 25.7904988], [-80.233725, 25.7904725], [-80.2337343, 25.7903147], [-80.2337347, 25.7902508], [-80.2337225, 25.7902132], [-80.2336811, 25.7901942], [-80.2336231, 25.7901788], [-80.2335983, 25.7901562], [-80.233582, 25.790111], [-80.2335533, 25.790062], [-80.2335037, 25.7900317], [-80.2333049, 25.7899555], [-80.2332055, 25.7899211], [-80.2331599, 25.7899134], [-80.2331308, 25.7899207], [-80.2331181, 25.7899545], [-80.2331172, 25.7900935], [-80.2331082, 25.7902099], [-80.2330955, 25.7902437], [-80.2330581, 25.7902548], [-80.2330001, 25.7902432], [-80.2329297, 25.790209], [-80.2329092, 25.7901713], [-80.2328944, 25.7898969], [-80.2328864, 25.7898518], [-80.2328658, 25.7898216], [-80.2328161, 25.7897988], [-80.2327249, 25.7897795], [-80.2326588, 25.7897416], [-80.2325843, 25.7897074], [-80.2324931, 25.7896844], [-80.2323979, 25.78965], [-80.2323357, 25.7896384], [-80.2322942, 25.7896382], [-80.2322692, 25.7896456], [-80.2322441, 25.7896755], [-80.2322476, 25.789777], [-80.2322618, 25.7901566], [-80.2322573, 25.7902055], [-80.2322323, 25.7902279], [-80.2321492, 25.7902387], [-80.2320786, 25.7902346], [-80.2320538, 25.7902194], [-80.2320374, 25.7901855], [-80.2320357, 25.7898135], [-80.2320288, 25.789588], [-80.2320168, 25.7895278], [-80.2319838, 25.7894863], [-80.2319136, 25.7894371], [-80.2317895, 25.7893688], [-80.2317067, 25.789342], [-80.2316154, 25.7893303], [-80.2315491, 25.7893111], [-80.2314126, 25.7892353], [-80.2311767, 25.7891325000001], [-80.2310278, 25.7890453], [-80.2309079, 25.7889846], [-80.2308499, 25.7889655], [-80.2307961, 25.7889389], [-80.2307133, 25.7889121], [-80.2306346, 25.7888742], [-80.2305356, 25.788791], [-80.2304364, 25.7887153], [-80.2304033, 25.7887076], [-80.2303825, 25.7887112], [-80.2303696, 25.788775], [-80.2303725, 25.7889742], [-80.2303598, 25.7890117], [-80.2303389, 25.7890267], [-80.2302476, 25.7890337], [-80.2301771, 25.7890258], [-80.2301482, 25.7890031], [-80.2301404, 25.7889166000001], [-80.2301431, 25.7884995], [-80.2301392, 25.7884582], [-80.2301022, 25.7884054], [-80.2300032, 25.7883184], [-80.2299493, 25.7882993], [-80.2299202, 25.788303], [-80.2299034, 25.7883367], [-80.2298988, 25.7884081], [-80.2299026, 25.7884682], [-80.22989, 25.7884907], [-80.2298567, 25.7885018], [-80.2297903, 25.7884939], [-80.2297531, 25.7884749], [-80.2297368, 25.7884297], [-80.2297456, 25.7883509], [-80.2297632, 25.7882007], [-80.2297552, 25.788148], [-80.229743, 25.7881104000001], [-80.2297018, 25.7880688], [-80.2295448, 25.7879515], [-80.2295158, 25.7879438000001], [-80.2294908, 25.787955], [-80.2294821, 25.7880188], [-80.229493, 25.7882556], [-80.2294792, 25.7884697], [-80.229458, 25.7885335]]}, "properties": {"project": "FL4501", "date": "19350125", "kind": "Man-made", "source": "T08597"}}, {"type": "Feature", "geometry": {"type": "LineString", "coordinates": [[-80.2314488, 25.7882617], [-80.2315583, 25.7882591], [-80.2315724, 25.788256], [-80.2315795, 25.7882369], [-80.2315803, 25.7881097], [-80.2315781, 25.7879204]]}, "properties": {"project": "FL4501", "date": "19350125", "kind": "Pier", "source": "T08597"}}, {"type": "Feature", "geometry": {"type": "LineString", "coordinates": [[-80.233675, 25.7896713], [-80.2336588, 25.7896186], [-80.23366, 25.7894345], [-80.2336541, 25.7890587], [-80.233651, 25.7888896], [-80.2336387, 25.7888707], [-80.2336096, 25.7888668000001], [-80.2335556, 25.7888778], [-80.2335264, 25.7889002], [-80.2335012, 25.7889564], [-80.2335005, 25.7890503], [-80.2335192, 25.7893774], [-80.2335264, 25.7895427], [-80.2335260999999, 25.7895991], [-80.2335177, 25.7896141], [-80.2334927, 25.789629], [-80.2334595, 25.7896251], [-80.233327, 25.789568], [-80.2332072, 25.7894922], [-80.2330831, 25.7894202], [-80.2329176, 25.7893441000001], [-80.2327768, 25.7892908], [-80.2326359, 25.7892525], [-80.2324952, 25.7891916], [-80.2322675, 25.7890889], [-80.2322469, 25.7890738], [-80.2322263, 25.7890511], [-80.23221, 25.7889984], [-80.2321985, 25.7888556], [-80.2321952, 25.7887165], [-80.2321789, 25.7886714], [-80.2321541, 25.7886562], [-80.232125, 25.788656], [-80.2320877, 25.7886596], [-80.232071, 25.7886708], [-80.2320583, 25.7887008], [-80.232066, 25.7887985], [-80.2320691, 25.7889601], [-80.2320605, 25.7890014], [-80.232048, 25.7890126], [-80.2320231, 25.7890162], [-80.2319486, 25.7889783], [-80.2318618, 25.7889252], [-80.2318412, 25.7889026], [-80.2318331, 25.7888649], [-80.2318353, 25.788523], [-80.231821, 25.7881772], [-80.231814, 25.7879742], [-80.2318059, 25.7879441], [-80.2317769, 25.787929], [-80.2316773, 25.7879209], [-80.2315781, 25.7879204]]}, "properties": {"project": "FL4501", "date": "19350125", "kind": "Man-made", "source": "T08597"}}, {"type": "Feature", "geometry": {"type": "LineString", "coordinates": [[-80.2315781, 25.7879204], [-80.2315404, 25.7879202], [-80.2314697, 25.7879424], [-80.2314445, 25.7879798], [-80.2314441, 25.7880474], [-80.2314488, 25.7882617]]}, "properties": {"project": "FL4501", "date": "19350125", "kind": "Shoreline/Alongshore Feature Boundary", "source": "T08597"}}, {"type": "Feature", "geometry": {"type": "LineString", "coordinates": [[-80.2290523, 25.7878004], [-80.2290443, 25.788496]]}, "properties": {"project": "FL4501", "date": "19350125", "kind": "Pier", "source": "T08597"}}, {"type": "Feature", "geometry": {"type": "LineString", "coordinates": [[-80.2314488, 25.7882617], [-80.2314537, 25.7884872], [-80.2314523, 25.7886976], [-80.2314397, 25.7887201], [-80.2314107, 25.7887237], [-80.2313694, 25.7886934], [-80.2312495, 25.7886138], [-80.2310881, 25.7885453], [-80.2309515, 25.7884845], [-80.2307613, 25.7883708], [-80.2306372, 25.7883025], [-80.2305628, 25.7882532], [-80.2304967, 25.7882003], [-80.230431, 25.7880985], [-80.2303322, 25.7879702], [-80.2303076, 25.7879287], [-80.2303078, 25.7878949], [-80.230337, 25.7878687], [-80.2304665, 25.7877379], [-80.2304666, 25.7877191], [-80.2304336, 25.7876926], [-80.2304046, 25.7876812], [-80.2303797, 25.7876811], [-80.2303464, 25.7877034], [-80.2302962, 25.787752], [-80.2302378, 25.7878081], [-80.2302086, 25.7878192]]}, "properties": {"project": "FL4501", "date": "19350125", "kind": "Man-made", "source": "T08597"}}, {"type": "Feature", "geometry": {"type": "LineString", "coordinates": [[-80.228663, 25.7876807], [-80.2286627, 25.7882882]]}, "properties": {"project": "FL4501", "date": "19350125", "kind": "Pier", "source": "T08597"}}, {"type": "Feature", "geometry": {"type": "LineString", "coordinates": [[-80.2272744, 25.787756], [-80.2272467, 25.7877401], [-80.2271928, 25.7877323], [-80.2271639, 25.7877021], [-80.2271559, 25.7876532], [-80.2271602, 25.7875719], [-80.2271603, 25.7875523], [-80.2271567, 25.7875416], [-80.2271563, 25.7875272]]}, "properties": {"project": "FL4501", "date": "19350125", "kind": "Natural.Mean High Water", "source": "T08597"}}, {"type": "Feature", "geometry": {"type": "LineString", "coordinates": [[-80.2286627, 25.7882882], [-80.2286378, 25.7882811], [-80.2285423, 25.7882806], [-80.2284594, 25.7882727000001], [-80.2283889, 25.788261], [-80.2283352, 25.7882156], [-80.2282982, 25.7881591], [-80.2282906, 25.7880538], [-80.2282843999999, 25.7877344], [-80.2282934999999, 25.7876142], [-80.2282855, 25.7875578], [-80.2282609, 25.7875125], [-80.2282196, 25.7874785], [-80.2281242, 25.7874667], [-80.2280247, 25.7874549], [-80.2279668, 25.7874246], [-80.2278468, 25.7873676], [-80.227797, 25.787356], [-80.2277721, 25.7873634], [-80.2277511, 25.7874046], [-80.227738, 25.787506], [-80.2277164, 25.7876299], [-80.2277038, 25.7876599], [-80.2276829, 25.7876711], [-80.2276497, 25.7876746], [-80.2275959, 25.7876593], [-80.2275421, 25.7876327], [-80.2275006, 25.7876288], [-80.2274466, 25.787636], [-80.2274174, 25.7876546], [-80.2273923, 25.7876921], [-80.2273794, 25.7877596], [-80.2273706, 25.7878347], [-80.2273497, 25.7878572], [-80.2273289, 25.7878646], [-80.2273123, 25.7878532], [-80.227296, 25.787808], [-80.2272744, 25.787756]]}, "properties": {"project": "FL4501", "date": "19350125", "kind": "Natural.Mean High Water", "source": "T08597"}}, {"type": "Feature", "geometry": {"type": "LineString", "coordinates": [[-80.2271508, 25.7873291], [-80.2271563, 25.7875272]]}, "properties": {"project": "FL4501", "date": "19350125", "kind": "Pier", "source": "T08597"}}, {"type": "Feature", "geometry": {"type": "LineString", "coordinates": [[-80.2273585, 25.7872761], [-80.2272847, 25.7872725], [-80.2272744, 25.787756]]}, "properties": {"project": "FL4501", "date": "19350125", "kind": "Pier", "source": "T08597"}}, {"type": "Feature", "geometry": {"type": "LineString", "coordinates": [[-80.2271563, 25.7875272], [-80.2271319, 25.7875141], [-80.2271087, 25.7875106], [-80.2270779, 25.7875213], [-80.2269822, 25.7875659], [-80.2269364, 25.7875807], [-80.2269074, 25.7875768], [-80.2268661, 25.7875465], [-80.226829, 25.7875012], [-80.2268129, 25.7874184], [-80.2267841, 25.7873769], [-80.2266849, 25.7873125], [-80.2264781, 25.78721], [-80.2263903, 25.7871645]]}, "properties": {"project": "FL4501", "date": "19350125", "kind": "Natural.Mean High Water", "source": "T08597"}}, {"type": "Feature", "geometry": {"type": "LineString", "coordinates": [[-80.2263903, 25.7871645], [-80.2263493, 25.7871433]]}, "properties": {"project": "FL4501", "date": "19350125", "kind": "Shoreline/Alongshore Feature Boundary", "source": "T08597"}}, {"type": "Feature", "geometry": {"type": "LineString", "coordinates": [[-80.2263493, 25.7871433], [-80.2263228, 25.7871296]]}, "properties": {"project": "FL4501", "date": "19350125", "kind": "Natural.Mean High Water", "source": "T08597"}}, {"type": "Feature", "geometry": {"type": "LineString", "coordinates": [[-80.2263228, 25.7871296], [-80.2261618, 25.7870512]]}, "properties": {"project": "FL4501", "date": "19350125", "kind": "Natural.Mean High Water", "source": "T08597"}}, {"type": "Feature", "geometry": {"type": "LineString", "coordinates": [[-80.2261618, 25.7870512], [-80.2260271, 25.7869859], [-80.2260041, 25.7869743]]}, "properties": {"project": "FL4501", "date": "19350125", "kind": "Natural.Mean High Water", "source": "T08597"}}, {"type": "Feature", "geometry": {"type": "LineString", "coordinates": [[-80.2258642, 25.7869224], [-80.2258448, 25.7869398], [-80.2258565, 25.7870451], [-80.2258677, 25.7872368], [-80.225859, 25.7873044], [-80.2258255, 25.7873455], [-80.2257798, 25.7873603], [-80.2256361, 25.7873598]]}, "properties": {"project": "FL4501", "date": "19350125", "kind": "Natural.Mean High Water", "source": "T08597"}}, {"type": "Feature", "geometry": {"type": "LineString", "coordinates": [[-80.2260041, 25.7869743], [-80.2259444, 25.7869441], [-80.2258988, 25.7869251], [-80.2258642, 25.7869224]]}, "properties": {"project": "FL4501", "date": "19350125", "kind": "Natural.Mean High Water", "source": "T08597"}}, {"type": "Feature", "geometry": {"type": "LineString", "coordinates": [[-80.2263903, 25.7871645], [-80.2265103, 25.7869439], [-80.2265315, 25.7869281], [-80.2265666, 25.7869315], [-80.2266085, 25.7869667000001], [-80.2266436, 25.7869796], [-80.2266717, 25.7869734], [-80.2267037, 25.7869258], [-80.2267179, 25.7868973], [-80.226718, 25.7868814], [-80.2266936, 25.7868526], [-80.2265921, 25.7867916], [-80.226557, 25.7867883], [-80.2265393, 25.7867977], [-80.2265003, 25.7868548], [-80.2263493, 25.7871433]]}, "properties": {"project": "FL4501", "date": "19350125", "kind": "Pier", "source": "T08597"}}, {"type": "Feature", "geometry": {"type": "LineString", "coordinates": [[-80.2256231, 25.7866688], [-80.2256361, 25.7873598]]}, "properties": {"project": "FL4501", "date": "19350125", "kind": "Pier", "source": "T08597"}}, {"type": "Feature", "geometry": {"type": "LineString", "coordinates": [[-80.2263228, 25.7871296], [-80.2263295, 25.7866375]]}, "properties": {"project": "FL4501", "date": "19350125", "kind": "Pier", "source": "T08597"}}, {"type": "Feature", "geometry": {"type": "LineString", "coordinates": [[-80.237614, 25.7918081], [-80.2375894, 25.7917704], [-80.237482, 25.7916834], [-80.2372379, 25.7915581], [-80.2370518, 25.7914595], [-80.2368987, 25.791376], [-80.2368283, 25.7913493], [-80.2367579, 25.7913189], [-80.2367001, 25.791281], [-80.2366672, 25.791232], [-80.2366136, 25.7911753], [-80.2365226, 25.7911298], [-80.2363488, 25.7910349], [-80.2361795, 25.7909025], [-80.2359562, 25.7907698], [-80.2358774, 25.7907544], [-80.2358401, 25.7907579]]}, "properties": {"project": "FL4501", "date": "19350125", "kind": "Natural.Mean High Water", "source": "T08597"}}, {"type": "Feature", "geometry": {"type": "LineString", "coordinates": [[-80.2396896, 25.7916156], [-80.2395486, 25.7915848], [-80.2393872, 25.79152], [-80.2392546, 25.7914742], [-80.2391802, 25.7914363], [-80.2390436, 25.7913754], [-80.2388366, 25.7912917], [-80.2387124, 25.7912347], [-80.2386005, 25.7912078], [-80.2384679, 25.7911657], [-80.2382856, 25.7911159], [-80.2381242, 25.7910512], [-80.2379792, 25.7909978], [-80.2379421, 25.7909676], [-80.2379173, 25.7909449], [-80.2378801, 25.7909184], [-80.2377847, 25.7909029], [-80.2375898, 25.7908793], [-80.2372329, 25.7908737], [-80.2370502, 25.7908727], [-80.236959, 25.7908647], [-80.2369134, 25.7908495], [-80.2368639, 25.7908079], [-80.2368351, 25.7907589], [-80.2367938, 25.7907286], [-80.2366738, 25.7906641], [-80.2362891, 25.7904629], [-80.2359788, 25.7903034], [-80.235867, 25.7902615], [-80.2357344, 25.7902232], [-80.235606, 25.790185], [-80.2354941, 25.7901543], [-80.2352412, 25.7901079], [-80.235121, 25.7900923], [-80.2350256, 25.790073], [-80.2349924, 25.7900765], [-80.2349715, 25.7900952], [-80.2349589, 25.790114], [-80.2349381, 25.7901289], [-80.2349131, 25.7901363], [-80.2348717, 25.7901323], [-80.2348387, 25.7900983], [-80.2347974, 25.7900605], [-80.2347725, 25.7900528], [-80.2347061, 25.7900563], [-80.2345524999999, 25.7900554], [-80.2344613, 25.7900437], [-80.2343495, 25.7900018], [-80.2341509, 25.7899068], [-80.2339647, 25.7898043], [-80.2338821, 25.7897513], [-80.2338573, 25.7897249], [-80.2338409, 25.7897022], [-80.2338203, 25.7896796], [-80.2337788, 25.7896756], [-80.2337247, 25.7896903], [-80.2336957, 25.7896864000001], [-80.233675, 25.7896713]]}, "properties": {"project": "FL4501", "date": "19350125", "kind": "Natural.Mean High Water", "source": "T08597"}}, {"type": "Feature", "geometry": {"type": "LineString", "coordinates": [[-80.2368498, 25.7918868], [-80.2371488, 25.7918696], [-80.2373024, 25.7918516], [-80.2374104, 25.7918409], [-80.2374976, 25.7918413], [-80.2375682, 25.7918417], [-80.2375973, 25.7918343], [-80.237614, 25.7918081]]}, "properties": {"project": "FL4501", "date": "19350125", "kind": "Man-made", "source": "T08597"}}, {"type": "Feature", "geometry": {"type": "LineString", "coordinates": [[-80.2396807, 25.7917057], [-80.2398009, 25.7917326]]}, "properties": {"project": "FL4501", "date": "19350125", "kind": "Undetermined.Approximate", "source": "T08597"}}, {"type": "Feature", "geometry": {"type": "LineString", "coordinates": [[-80.2398058, 25.7916162], [-80.2396896, 25.7916156]]}, "properties": {"project": "FL4501", "date": "19350125", "kind": "Undetermined.Approximate", "source": "T08597"}}, {"type": "Feature", "geometry": {"type": "MultiLineString", "coordinates": [[[-80.2398009, 25.7917326], [-80.2399418, 25.7917709], [-80.24, 25.791784418552037]], [[-80.24, 25.791648561652735], [-80.2399965, 25.7916472], [-80.2399386, 25.7916206], [-80.2398972, 25.7916091], [-80.2398556, 25.7916127], [-80.2398058, 25.7916162]]]}, "properties": {"project": "FL4501", "date": "19350125", "kind": "Natural.Mean High Water", "source": "T08597"}}, {"type": "Feature", "geometry": {"type": "LineString", "coordinates": [[-80.229458, 25.7885335], [-80.2294203, 25.7885821], [-80.229387, 25.7886045], [-80.2293496, 25.7886081], [-80.2292709, 25.7885926], [-80.229097, 25.7885241], [-80.2290443, 25.788496]]}, "properties": {"project": "FL4501", "date": "19350125", "kind": "Natural.Mean High Water", "source": "T08597"}}, {"type": "Feature", "geometry": {"type": "LineString", "coordinates": [[-80.2290443, 25.788496], [-80.2289191, 25.7884292], [-80.2287785, 25.7883495], [-80.2286917, 25.7882964], [-80.2286627, 25.7882882]]}, "properties": {"project": "FL4501", "date": "19350125", "kind": "Natural.Mean High Water", "source": "T08597"}}, {"type": "Feature", "geometry": {"type": "LineString", "coordinates": [[-80.2355797, 25.7239876], [-80.2355277, 25.7239054], [-80.235493, 25.7238603], [-80.2354261999999, 25.7238097], [-80.2353562, 25.7238014], [-80.2353065, 25.7238117], [-80.2352712, 25.7238432], [-80.23523, 25.7238985], [-80.2351974, 25.7239803000001], [-80.2351879, 25.7240913], [-80.2351959, 25.7242051], [-80.2352419, 25.7243164], [-80.2352911999999, 25.7243774], [-80.2353377, 25.7244068], [-80.2353843, 25.7244255], [-80.2354251, 25.7244257], [-80.2354544, 25.7244153], [-80.2354925, 25.7243944], [-80.2355392, 25.7243867], [-80.2356182, 25.7243686], [-80.2356562, 25.7243556], [-80.2356973, 25.7243214], [-80.2357208, 25.7242951], [-80.2357209, 25.7242739], [-80.2357065, 25.7242448], [-80.2356689, 25.7241917], [-80.2356227, 25.7241148], [-80.2356026, 25.7240644], [-80.2355797, 25.7239876]]}, "properties": {"project": "FL4501", "date": "19350125", "kind": "Natural.Mean High Water", "source": "T08597"}}, {"type": "Feature", "geometry": {"type": "LineString", "coordinates": [[-80.239704, 25.7926002], [-80.2396129, 25.7925809], [-80.239526, 25.7925353], [-80.2394061, 25.792452], [-80.2393401, 25.7923953], [-80.2392782, 25.7923349], [-80.2391872, 25.792278], [-80.2391004, 25.7922287], [-80.2390217, 25.7921983], [-80.2389638, 25.7921754], [-80.2389348, 25.7921527], [-80.2388895, 25.7921036], [-80.238782, 25.7920392], [-80.2386123, 25.7919669], [-80.2385048, 25.7918987], [-80.2383561, 25.7917852], [-80.2381991, 25.7916641], [-80.2380669, 25.7915657], [-80.2378808, 25.791467], [-80.2375457, 25.7912849000001], [-80.2373679, 25.7911713], [-80.2373474, 25.7911411], [-80.2373559, 25.7911073], [-80.2373767, 25.7910924], [-80.2374142, 25.7910813], [-80.2374972, 25.7910817], [-80.2376548, 25.7910976], [-80.2378332, 25.7911211], [-80.2380943, 25.7911788], [-80.2384298, 25.7912971], [-80.2388273, 25.7914419], [-80.238939, 25.7914951], [-80.2390301, 25.7915407], [-80.2391047, 25.7915599], [-80.2393906, 25.7916328], [-80.2396807, 25.7917057]]}, "properties": {"project": "FL4501", "date": "19350125", "kind": "Natural.Mean High Water", "source": "T08597"}}, {"type": "Feature", "geometry": {"type": "LineString", "coordinates": [[-80.2398587, 25.7932553], [-80.2397134, 25.7932583]]}, "properties": {"project": "FL4501", "date": "19350125", "kind": "Undetermined.Approximate", "source": "T08597"}}, {"type": "Feature", "geometry": {"type": "LineString", "coordinates": [[-80.2358401, 25.7907579], [-80.2358108, 25.7907841], [-80.2357939, 25.7908366], [-80.2358058, 25.7909268], [-80.2358488, 25.7913404], [-80.2358763, 25.7915811], [-80.2359209, 25.7917466], [-80.2359702, 25.7918258], [-80.2360115, 25.7918561], [-80.2361109, 25.7918867], [-80.2362063, 25.7919022], [-80.2364014, 25.7919032], [-80.2367667, 25.7918939]]}, "properties": {"project": "FL4501", "date": "19350125", "kind": "Man-made", "source": "T08597"}}, {"type": "Feature", "geometry": {"type": "LineString", "coordinates": [[-80.2323072, 25.7315522], [-80.2327744, 25.7320528]]}, "properties": {"project": "FL4501", "date": "19350125", "kind": "Pier", "source": "T08597"}}, {"type": "Feature", "geometry": {"type": "LineString", "coordinates": [[-80.2315662, 25.7315448], [-80.2318017, 25.7317726]]}, "properties": {"project": "FL4501", "date": "19350125", "kind": "Pier", "source": "T08597"}}, {"type": "Feature", "geometry": {"type": "LineString", "coordinates": [[-80.2324186, 25.7320926], [-80.232331, 25.7319895], [-80.2322743, 25.7319479], [-80.232225, 25.7319338], [-80.2321833, 25.731913], [-80.232055, 25.7317746], [-80.2319079, 25.7316017], [-80.2318474, 25.7315463], [-80.2318209, 25.7315393], [-80.231798, 25.7315426], [-80.2317866, 25.7315563], [-80.2317901, 25.7315942], [-80.2318505, 25.7316565], [-80.2321934, 25.7320185]]}, "properties": {"project": "FL4501", "date": "19350125", "kind": "Pier", "source": "T08597"}}, {"type": "Feature", "geometry": {"type": "LineString", "coordinates": [[-80.2326047, 25.7320533], [-80.2320872, 25.7314959], [-80.232072, 25.731489], [-80.2320492, 25.7314923], [-80.2320301, 25.7315094], [-80.2320337, 25.731537], [-80.2321017, 25.7316062], [-80.2322904, 25.7318103], [-80.2323167, 25.7318517], [-80.232324, 25.7318965], [-80.2323351, 25.7319378], [-80.2324656, 25.7320749]]}, "properties": {"project": "FL4501", "date": "19350125", "kind": "Pier", "source": "T08597"}}, {"type": "Feature", "geometry": {"type": "LineString", "coordinates": [[-80.2313388, 25.7314473], [-80.2314896, 25.7316305], [-80.2316482, 25.7317965], [-80.2317078, 25.7318568]]}, "properties": {"project": "FL4501", "date": "19350125", "kind": "Pier", "source": "T08597"}}, {"type": "Feature", "geometry": {"type": "LineString", "coordinates": [[-80.2311302, 25.7313911], [-80.2309544, 25.7315313], [-80.2309505, 25.7315554], [-80.2309731, 25.7315899], [-80.2312122, 25.7318776]]}, "properties": {"project": "FL4501", "date": "19350125", "kind": "Pier", "source": "T08597"}}, {"type": "Feature", "geometry": {"type": "LineString", "coordinates": [[-80.2330275, 25.731375], [-80.2330316, 25.7313942], [-80.2330618, 25.7314343], [-80.2331427, 25.7315084], [-80.2331662, 25.7315454], [-80.233176, 25.7316068], [-80.2331619, 25.7316866], [-80.2331308, 25.7317724], [-80.2330898, 25.7318336], [-80.2330352, 25.7318793], [-80.2329536, 25.7319219], [-80.2329352, 25.7319268]]}, "properties": {"project": "FL4501", "date": "19350125", "kind": "Natural.Mean High Water", "source": "T08597"}}, {"type": "Feature", "geometry": {"type": "LineString", "coordinates": [[-80.2329352, 25.7319268], [-80.2323996, 25.7313702], [-80.2323846, 25.7313426], [-80.2323656, 25.7313322], [-80.2323466, 25.731339], [-80.2323275, 25.7313526], [-80.2323234999999, 25.7313767], [-80.2323537, 25.7314216], [-80.2328625, 25.7319799]]}, "properties": {"project": "FL4501", "date": "19350125", "kind": "Pier", "source": "T08597"}}, {"type": "Feature", "geometry": {"type": "LineString", "coordinates": [[-80.233178, 25.7312628], [-80.2331169, 25.7313026], [-80.2330351, 25.7313635], [-80.2330275, 25.731375]]}, "properties": {"project": "FL4501", "date": "19350125", "kind": "Shoreline/Alongshore Feature Boundary", "source": "T08597"}}, {"type": "Feature", "geometry": {"type": "LineString", "coordinates": [[-80.2330275, 25.731375], [-80.2329475, 25.7312955], [-80.2329408, 25.7312801], [-80.2329613, 25.7312557], [-80.2330226, 25.7312069], [-80.2330635, 25.7311764], [-80.233077, 25.7311734], [-80.2331041, 25.7311858], [-80.233178, 25.7312628]]}, "properties": {"project": "FL4501", "date": "19350125", "kind": "Pier", "source": "T08597"}}, {"type": "Feature", "geometry": {"type": "LineString", "coordinates": [[-80.2333092, 25.7307484], [-80.2333285, 25.730814], [-80.2333313, 25.7309061], [-80.2333258, 25.7309751], [-80.23332, 25.7310872], [-80.2332957, 25.731173], [-80.2332479, 25.7312219], [-80.2331918, 25.7312538], [-80.233178, 25.7312628]]}, "properties": {"project": "FL4501", "date": "19350125", "kind": "Natural.Mean High Water", "source": "T08597"}}, {"type": "Feature", "geometry": {"type": "LineString", "coordinates": [[-80.2338232, 25.7287996], [-80.2337477, 25.7288696], [-80.2337297, 25.7288836]]}, "properties": {"project": "FL4501", "date": "19350125", "kind": "Shoreline/Alongshore Feature Boundary", "source": "T08597"}}, {"type": "Feature", "geometry": {"type": "LineString", "coordinates": [[-80.24, 25.79325944568528], [-80.2399501, 25.7932521], [-80.2398587, 25.7932553]]}, "properties": {"project": "FL4501", "date": "19350125", "kind": "Natural.Mean High Water", "source": "T08597"}}, {"type": "Feature", "geometry": {"type": "LineString", "coordinates": [[-80.24, 25.79270636981131], [-80.2399857, 25.7926918], [-80.2399196, 25.7926426], [-80.2398326, 25.7926196]]}, "properties": {"project": "FL4501", "date": "19350125", "kind": "Natural.Mean High Water", "source": "T08597"}}, {"type": "Feature", "geometry": {"type": "LineString", "coordinates": [[-80.2398326, 25.7926196], [-80.239704, 25.7926002]]}, "properties": {"project": "FL4501", "date": "19350125", "kind": "Undetermined.Approximate", "source": "T08597"}}, {"type": "Feature", "geometry": {"type": "LineString", "coordinates": [[-80.2337297, 25.7288836], [-80.2336966, 25.7289093], [-80.2336559, 25.7289244], [-80.2336391, 25.7289243], [-80.2335714, 25.7288779], [-80.2335041, 25.7288069], [-80.2334636, 25.7287822], [-80.2334229, 25.7287758000001], [-80.233389, 25.7287787], [-80.2333074, 25.7288182], [-80.233185, 25.728882], [-80.2329607, 25.728976], [-80.232828, 25.7290398], [-80.2327769, 25.7290825], [-80.2327494, 25.7291438], [-80.2327523, 25.7292267], [-80.2327787, 25.7293343], [-80.2328554, 25.7295281], [-80.2330203, 25.7299757], [-80.2331569, 25.7303479], [-80.2332986, 25.7307125], [-80.2333092, 25.7307484]]}, "properties": {"project": "FL4501", "date": "19350125", "kind": "Man-made", "source": "T08597"}}, {"type": "Feature", "geometry": {"type": "LineString", "coordinates": [[-80.2338232, 25.7287996], [-80.2337336, 25.7287022], [-80.2337133, 25.728696], [-80.2336929, 25.7287051], [-80.2336655, 25.7287387], [-80.2336416, 25.7287631], [-80.2336415, 25.7287846], [-80.2336549, 25.7288031000001], [-80.2337297, 25.7288836]]}, "properties": {"project": "FL4501", "date": "19350125", "kind": "Pier", "source": "T08597"}}, {"type": "Feature", "geometry": {"type": "LineString", "coordinates": [[-80.2333127, 25.7282613], [-80.2334509, 25.7283753], [-80.2338167, 25.7286919], [-80.233847, 25.7287166], [-80.2338604, 25.7287443], [-80.2338603, 25.7287566], [-80.2338432, 25.7287811], [-80.2338232, 25.7287996]]}, "properties": {"project": "FL4501", "date": "19350125", "kind": "Man-made", "source": "T08597"}}, {"type": "Feature", "geometry": {"type": "LineString", "coordinates": [[-80.2332591, 25.7282171], [-80.2331813, 25.7282902], [-80.2331813, 25.7283005], [-80.2331887, 25.7283212], [-80.2332039, 25.7283316], [-80.2332266, 25.7283351], [-80.2332533, 25.7283215], [-80.2332839, 25.7282907], [-80.2333127, 25.7282613]]}, "properties": {"project": "FL4501", "date": "19350125", "kind": "Pier", "source": "T08597"}}, {"type": "Feature", "geometry": {"type": "LineString", "coordinates": [[-80.2332591, 25.7282171], [-80.2333127, 25.7282613]]}, "properties": {"project": "FL4501", "date": "19350125", "kind": "Shoreline/Alongshore Feature Boundary", "source": "T08597"}}, {"type": "Feature", "geometry": {"type": "LineString", "coordinates": [[-80.2376899, 25.7275872], [-80.2376541, 25.7275791], [-80.2376066, 25.727585], [-80.2374708, 25.727615], [-80.2373024, 25.7276591]]}, "properties": {"project": "FL4501", "date": "19350125", "kind": "Natural.Mean High Water", "source": "T08597"}}, {"type": "Feature", "geometry": {"type": "LineString", "coordinates": [[-80.2341586, 25.7274592], [-80.2341081, 25.7274157]]}, "properties": {"project": "FL4501", "date": "19350125", "kind": "Shoreline/Alongshore Feature Boundary", "source": "T08597"}}, {"type": "Feature", "geometry": {"type": "LineString", "coordinates": [[-80.2372362, 25.7273855], [-80.2373024, 25.7276591]]}, "properties": {"project": "FL4501", "date": "19350125", "kind": "Pier", "source": "T08597"}}, {"type": "Feature", "geometry": {"type": "LineString", "coordinates": [[-80.2341081, 25.7274157], [-80.2341792, 25.7273454], [-80.2341983, 25.7273351], [-80.2342173, 25.7273352], [-80.2342324, 25.7273491], [-80.2342361, 25.7273732], [-80.2342283999999, 25.7273869], [-80.2342016, 25.7274143], [-80.2341586, 25.7274592]]}, "properties": {"project": "FL4501", "date": "19350125", "kind": "Pier", "source": "T08597"}}, {"type": "Feature", "geometry": {"type": "LineString", "coordinates": [[-80.2382737, 25.7273245], [-80.238235, 25.7273764], [-80.2381871, 25.7274437], [-80.2381223, 25.7275079], [-80.2380066, 25.7275748], [-80.2378978, 25.7276234], [-80.2378265, 25.7276475], [-80.237779, 25.7276504], [-80.2377417, 25.7276502], [-80.2377147, 25.7276378], [-80.2377014, 25.7276008], [-80.2376918, 25.7275938], [-80.2376899, 25.7275872]]}, "properties": {"project": "FL4501", "date": "19350125", "kind": "Natural.Mean High Water", "source": "T08597"}}, {"type": "Feature", "geometry": {"type": "LineString", "coordinates": [[-80.2376053999999, 25.7272945], [-80.2376899, 25.7275872]]}, "properties": {"project": "FL4501", "date": "19350125", "kind": "Pier", "source": "T08597"}}, {"type": "Feature", "geometry": {"type": "LineString", "coordinates": [[-80.2383202, 25.7272848], [-80.2382829, 25.7273122], [-80.2382737, 25.7273245]]}, "properties": {"project": "FL4501", "date": "19350125", "kind": "Shoreline/Alongshore Feature Boundary", "source": "T08597"}}, {"type": "Feature", "geometry": {"type": "LineString", "coordinates": [[-80.2341081, 25.7274157], [-80.2340135, 25.7273343], [-80.2339225, 25.727251], [-80.2338686, 25.7272077], [-80.2338415, 25.7271953], [-80.2338076, 25.727192], [-80.2337805, 25.727195], [-80.2337295, 25.7272223000001], [-80.2336275, 25.727277], [-80.2335152, 25.7273379], [-80.233425, 25.7273973], [-80.2333091, 25.7274949], [-80.2332034, 25.7275895], [-80.2331301, 25.7276674], [-80.2330754, 25.7277408], [-80.2329929, 25.7279062], [-80.2329825, 25.727943], [-80.2329822, 25.727989], [-80.2329923, 25.7280136], [-80.233026, 25.7280384], [-80.2331171, 25.7281064], [-80.2332486, 25.7282084], [-80.2332591, 25.7282171]]}, "properties": {"project": "FL4501", "date": "19350125", "kind": "Man-made", "source": "T08597"}}, {"type": "Feature", "geometry": {"type": "LineString", "coordinates": [[-80.2373024, 25.7276591], [-80.2371804, 25.727704], [-80.237143, 25.7277192], [-80.2371261, 25.727716], [-80.237106, 25.7276822], [-80.2370629, 25.7275346], [-80.2369997, 25.7273347], [-80.2369764, 25.727267], [-80.236953, 25.727227], [-80.2369192, 25.7272084], [-80.2368719, 25.7271835], [-80.2368511, 25.7271654]]}, "properties": {"project": "FL4501", "date": "19350125", "kind": "Natural.Mean High Water", "source": "T08597"}}, {"type": "Feature", "geometry": {"type": "LineString", "coordinates": [[-80.2385369, 25.7270845], [-80.2384872, 25.7271536], [-80.2384088, 25.72723], [-80.2383578, 25.7272573], [-80.2383202, 25.7272848]]}, "properties": {"project": "FL4501", "date": "19350125", "kind": "Natural.Mean High Water", "source": "T08597"}}, {"type": "Feature", "geometry": {"type": "LineString", "coordinates": [[-80.2383202, 25.7272848], [-80.2381612, 25.7271425], [-80.2381348, 25.7271114], [-80.2381312, 25.7270907], [-80.2381315, 25.7270425], [-80.2381278, 25.7270287], [-80.2381126, 25.7270183], [-80.2380822, 25.7270285], [-80.2380363, 25.7270661], [-80.2380248, 25.7270902], [-80.2380284, 25.7271108], [-80.238036, 25.7271212], [-80.2380663, 25.7271351], [-80.238191, 25.7272356], [-80.2382737, 25.7273245]]}, "properties": {"project": "FL4501", "date": "19350125", "kind": "Pier", "source": "T08597"}}, {"type": "Feature", "geometry": {"type": "LineString", "coordinates": [[-80.2384095, 25.726951], [-80.2385369, 25.7270845]]}, "properties": {"project": "FL4501", "date": "19350125", "kind": "Pier", "source": "T08597"}}, {"type": "Feature", "geometry": {"type": "LineString", "coordinates": [[-80.2352434, 25.7267175], [-80.2351331, 25.7268032], [-80.235086, 25.7268472], [-80.2350416, 25.7269114], [-80.2349627, 25.7270584], [-80.2348768, 25.7272268], [-80.2348099, 25.7273569], [-80.2347926, 25.7274121], [-80.234789, 25.7274397], [-80.2347956999999, 25.7274643], [-80.2348665, 25.7275261], [-80.2349002, 25.727557], [-80.2349068, 25.7275754], [-80.234902, 25.7275824], [-80.2348897, 25.7275999], [-80.2347261, 25.7277403000001], [-80.2346443, 25.7278166], [-80.2346272, 25.7278319], [-80.2346069, 25.7278348], [-80.2345798, 25.7278286], [-80.2345259, 25.7277761], [-80.2344317, 25.7276712], [-80.2343778, 25.7276187000001], [-80.2343203, 25.7275908], [-80.2342562, 25.7275444], [-80.2341787, 25.7274764], [-80.2341586, 25.7274592]]}, "properties": {"project": "FL4501", "date": "19350125", "kind": "Man-made", "source": "T08597"}}, {"type": "Feature", "geometry": {"type": "LineString", "coordinates": [[-80.2354853, 25.7265101], [-80.2354613, 25.7265329], [-80.2352741, 25.7266937], [-80.2352434, 25.7267175]]}, "properties": {"project": "FL4501", "date": "19350125", "kind": "Shoreline/Alongshore Feature Boundary", "source": "T08597"}}, {"type": "Feature", "geometry": {"type": "LineString", "coordinates": [[-80.2354853, 25.7265101], [-80.2353671, 25.7264119], [-80.2353368, 25.7263911], [-80.2353141, 25.7263841], [-80.2352836, 25.7263908], [-80.2351996, 25.7264523], [-80.2351232, 25.7265242], [-80.2351077, 25.7265654], [-80.2351113, 25.726593], [-80.2351641, 25.7266518], [-80.2352434, 25.7267175]]}, "properties": {"project": "FL4501", "date": "19350125", "kind": "Pier", "source": "T08597"}}, {"type": "Feature", "geometry": {"type": "LineString", "coordinates": [[-80.2368574, 25.7919996], [-80.2367369, 25.7920102]]}, "properties": {"project": "FL4501", "date": "19350125", "kind": "Undetermined.Approximate", "source": "T08597"}}, {"type": "Feature", "geometry": {"type": "LineString", "coordinates": [[-80.2397134, 25.7932583], [-80.2396636, 25.7932581], [-80.2396181, 25.7932428], [-80.239581, 25.7931938], [-80.2395483, 25.7931222], [-80.2394951, 25.7929979], [-80.2394704, 25.7929602], [-80.2394374, 25.7929262], [-80.2393713, 25.7928883], [-80.2392636, 25.7928426], [-80.2392058, 25.7928047], [-80.2391686, 25.792767], [-80.2391232, 25.7927329], [-80.2390612, 25.7926988], [-80.239024, 25.7926723], [-80.2389827, 25.7926345], [-80.2389372, 25.7926079], [-80.2388667, 25.7925963], [-80.2388253, 25.7925811], [-80.2387717, 25.7925244], [-80.2387099, 25.7924564], [-80.2386479, 25.7924148], [-80.2385279, 25.7923465], [-80.2383997, 25.7922744], [-80.2382758, 25.7921799], [-80.2381021, 25.7920737], [-80.2379491, 25.7919827], [-80.2378829, 25.7919598]]}, "properties": {"project": "FL4501", "date": "19350125", "kind": "Natural.Mean High Water", "source": "T08597"}}, {"type": "Feature", "geometry": {"type": "LineString", "coordinates": [[-80.2378829, 25.7919598], [-80.2377708, 25.791963], [-80.2375093, 25.7919579], [-80.2373267, 25.7919569], [-80.2370732, 25.7919932], [-80.2368574, 25.7919996]]}, "properties": {"project": "FL4501", "date": "19350125", "kind": "Man-made", "source": "T08597"}}, {"type": "Feature", "geometry": {"type": "LineString", "coordinates": [[-80.2367667, 25.7918939], [-80.2368498, 25.7918868]]}, "properties": {"project": "FL4501", "date": "19350125", "kind": "Undetermined.Approximate", "source": "T08597"}}, {"type": "Feature", "geometry": {"type": "LineString", "coordinates": [[-80.2264431, 25.7364366], [-80.2263543, 25.7362944], [-80.2261865, 25.7360264], [-80.2261413, 25.7359448], [-80.2261177, 25.7359262], [-80.226033, 25.7359196], [-80.2258229, 25.735897], [-80.2256942, 25.735881], [-80.2256199, 25.7358499], [-80.2255186, 25.7357849], [-80.2253835, 25.7357105], [-80.225289, 25.7356424], [-80.2252317, 25.7355899], [-80.2252013, 25.7355775], [-80.2251336, 25.7355649], [-80.2250081, 25.7355642], [-80.2249471, 25.7355731], [-80.2249199, 25.7355883], [-80.2248721, 25.7356279], [-80.2248416, 25.7356401], [-80.2247752, 25.7356719], [-80.2247412, 25.7356871]]}, "properties": {"project": "FL4501", "date": "19350125", "kind": "Natural.Apparent.Marsh Or Swamp", "source": "T08597"}}, {"type": "Feature", "geometry": {"type": "LineString", "coordinates": [[-80.2247412, 25.7356871], [-80.2247292, 25.7356881], [-80.2247073, 25.73569], [-80.2246735, 25.7356806], [-80.2246263, 25.7356374], [-80.2245192, 25.7354219], [-80.2244956, 25.7354095], [-80.2244651, 25.7354093], [-80.2244039, 25.7354397], [-80.2242473, 25.735531], [-80.22404, 25.735622], [-80.2239022, 25.7356903], [-80.2238615, 25.7356962], [-80.2238344, 25.7357022], [-80.2238173, 25.7357144], [-80.2237798, 25.7357603], [-80.2237541, 25.7357743], [-80.2236573, 25.7358272], [-80.2234566, 25.7359305], [-80.2231506, 25.7360793], [-80.2227357, 25.7362767], [-80.2221729, 25.7365546], [-80.2219787, 25.7366537], [-80.2218872, 25.7367004], [-80.2216152, 25.7368187], [-80.2214384, 25.7369037], [-80.2213294, 25.7369768], [-80.221222, 25.737073], [-80.2210276, 25.7372623], [-80.220857, 25.7374303], [-80.2207101, 25.7376014], [-80.2205767, 25.7377818000001], [-80.2204739, 25.7379563], [-80.2203591, 25.7381384], [-80.2203317, 25.7381843], [-80.2203281, 25.738215], [-80.2203313, 25.7382457], [-80.2203438, 25.7382706], [-80.2203514, 25.7382857], [-80.2204489, 25.7384121], [-80.2206904, 25.7388064], [-80.2209906, 25.7392977], [-80.2210275, 25.7393562], [-80.2210443, 25.7393747], [-80.2210748, 25.739378], [-80.2211224, 25.7393506], [-80.2219727, 25.7389253], [-80.2226817, 25.7385775], [-80.2227123, 25.7385777], [-80.2227426, 25.7386024], [-80.2227928, 25.7387009], [-80.2227994, 25.7387348], [-80.2227992, 25.7387593], [-80.2227788, 25.7387776], [-80.22267, 25.73882], [-80.2209422, 25.7396889], [-80.2208742, 25.7397223], [-80.2208504, 25.7397314], [-80.2208369, 25.7397313], [-80.2208065, 25.7397158], [-80.2207562, 25.7396234], [-80.2207059, 25.7395433], [-80.2206959, 25.7395156], [-80.2206961, 25.7394911], [-80.2207166, 25.7394697], [-80.220805, 25.7394241], [-80.2208866, 25.7393785], [-80.2209037, 25.7393602], [-80.2209106, 25.7393418], [-80.220877, 25.7392956], [-80.2207362, 25.7390553], [-80.2206019, 25.738852], [-80.2204023, 25.7385331], [-80.2203655, 25.7384592], [-80.2203521, 25.7384438], [-80.2203351, 25.7384376], [-80.2203274, 25.738441], [-80.2203147, 25.7384467], [-80.2202432, 25.7385046], [-80.2201443, 25.7385901], [-80.219957, 25.7387272], [-80.2197731, 25.7388583], [-80.2196199, 25.7389557], [-80.2194036, 25.7391034], [-80.2191516, 25.7392832], [-80.218954, 25.7394326], [-80.2187856, 25.7395576]]}, "properties": {"project": "FL4501", "date": "19350125", "kind": "Man-made", "source": "T08597"}}, {"type": "Feature", "geometry": {"type": "LineString", "coordinates": [[-80.2368511, 25.7271654], [-80.2368045, 25.7271249], [-80.236673, 25.7270136], [-80.2365146, 25.7268654], [-80.2363259, 25.7266956], [-80.2359265, 25.726345], [-80.2358254, 25.7262462], [-80.2358003, 25.7262318000001], [-80.2357713, 25.7262367], [-80.2357234999999, 25.7262825], [-80.2355892, 25.7264113], [-80.2354853, 25.7265101]]}, "properties": {"project": "FL4501", "date": "19350125", "kind": "Man-made", "source": "T08597"}}, {"type": "Feature", "geometry": {"type": "LineString", "coordinates": [[-80.2282183, 25.7255667], [-80.2281013, 25.7254266], [-80.2279417, 25.7252863000001], [-80.2278278, 25.7251789], [-80.2277333, 25.7250983], [-80.2276095, 25.7249968], [-80.2274954, 25.7249131], [-80.2274271, 25.7248475], [-80.2273687, 25.7247612], [-80.2273072, 25.7246511], [-80.2272813, 25.7245975], [-80.2272586, 25.7245648], [-80.2272325, 25.7245439], [-80.2271868, 25.7245347], [-80.2271408, 25.7245434], [-80.2270817, 25.7245668], [-80.2270192, 25.7246169], [-80.2269136, 25.724735], [-80.2268706, 25.724803], [-80.2268572, 25.7248475], [-80.2268569, 25.7248979], [-80.2268792, 25.7249989], [-80.2269367, 25.7252187], [-80.2269753, 25.7253227], [-80.2270369, 25.725421], [-80.2271051, 25.7255103], [-80.2272223, 25.7256207], [-80.2274178, 25.7257731], [-80.2275776, 25.7258807], [-80.2276789, 25.7259198], [-80.2277509, 25.7259321], [-80.2278131, 25.7259353], [-80.2278852, 25.7259298], [-80.227954, 25.7259153], [-80.2280295, 25.725892], [-80.2281315, 25.7258273], [-80.2282072, 25.7257594], [-80.2282435, 25.7257151], [-80.2282569, 25.7256796], [-80.2282538, 25.725644], [-80.2282377, 25.7256053], [-80.2282183, 25.7255667]]}, "properties": {"project": "FL4501", "date": "19350125", "kind": "Natural.Mean High Water", "source": "T08597"}}, {"type": "Feature", "geometry": {"type": "LineString", "coordinates": [[-80.24, 25.724760610719642], [-80.2399921, 25.7247713], [-80.2396522, 25.7251947], [-80.239406, 25.7255281], [-80.2391804, 25.7258309], [-80.2389019, 25.726184], [-80.23883, 25.7262881], [-80.2388128, 25.7263248], [-80.238816, 25.7263678], [-80.2388597, 25.7264233], [-80.2388663, 25.726454], [-80.2388525, 25.7264847], [-80.2386879, 25.7267847], [-80.2385488, 25.727068], [-80.2385369, 25.7270845]]}, "properties": {"project": "FL4501", "date": "19350125", "kind": "Natural.Mean High Water", "source": "T08597"}}, {"type": "Feature", "geometry": {"type": "LineString", "coordinates": [[-80.2291558, 25.7350044], [-80.2291521, 25.7350565], [-80.2291347, 25.7351271], [-80.2291141, 25.735173], [-80.2290629, 25.7352249], [-80.228923, 25.7353593], [-80.2288072, 25.7354539], [-80.2287323, 25.7354995], [-80.2286371, 25.7355512], [-80.228559, 25.7355723], [-80.2285011, 25.7355996], [-80.2284161, 25.7356421], [-80.2283412, 25.7357001], [-80.228248, 25.7357552]]}, "properties": {"project": "FL4501", "date": "19350125", "kind": "Natural.Apparent.Marsh Or Swamp", "source": "T08597"}}, {"type": "Feature", "geometry": {"type": "LineString", "coordinates": [[-80.2193863, 25.735208], [-80.2193356, 25.7352315], [-80.2192357, 25.7352723], [-80.2191317, 25.7353168], [-80.2190777, 25.735324], [-80.2190154, 25.7353425], [-80.2189445, 25.735391], [-80.2188194, 25.7354842], [-80.2187987, 25.7354916], [-80.2187737, 25.7354953], [-80.2187531, 25.7354801], [-80.2187533, 25.7354501], [-80.2187909, 25.7354164], [-80.2188701, 25.7353567], [-80.2189785, 25.7352709], [-80.2190203, 25.7352298], [-80.2190247, 25.7351922], [-80.2190040999999, 25.7351658], [-80.2189502, 25.735158], [-80.2188548, 25.73515], [-80.2187761, 25.735127], [-80.2186933999999, 25.735089], [-80.2186563, 25.735055], [-80.2186359, 25.735006], [-80.2186363, 25.7349421], [-80.2186664, 25.7348699]]}, "properties": {"project": "FL4501", "date": "19350125", "kind": "Natural.Apparent.Marsh Or Swamp", "source": "T08597"}}, {"type": "Feature", "geometry": {"type": "LineString", "coordinates": [[-80.2295016, 25.7346361], [-80.22946, 25.7346253], [-80.2293827, 25.7345266], [-80.229312, 25.7344495], [-80.2292816, 25.7344309], [-80.2292579, 25.7344277], [-80.2292273, 25.7344398], [-80.2291319, 25.7345099], [-80.2290125, 25.7346229], [-80.2289342, 25.734687], [-80.2289136, 25.7347237], [-80.22891, 25.7347605], [-80.2289267, 25.7347882], [-80.2290044, 25.7348408], [-80.2291157, 25.7349182], [-80.2291426, 25.7349582], [-80.2291558, 25.7350044]]}, "properties": {"project": "FL4501", "date": "19350125", "kind": "Natural.Mean High Water", "source": "T08597"}}, {"type": "Feature", "geometry": {"type": "LineString", "coordinates": [[-80.2186664, 25.7348699], [-80.2186784, 25.7348409], [-80.2187415, 25.7347172], [-80.2188169, 25.7346124], [-80.2188797, 25.7345188], [-80.2189632, 25.7344403], [-80.2190969, 25.7342945], [-80.2191738, 25.7342145], [-80.219238, 25.7341531], [-80.2192931, 25.7341039], [-80.2193222, 25.7340981], [-80.2193513, 25.7341005], [-80.2193802, 25.7341194], [-80.2193916, 25.7341413], [-80.2193965, 25.7341646], [-80.2193876, 25.7342472], [-80.219374, 25.734435], [-80.2193945, 25.734469], [-80.2194317, 25.7344842], [-80.2194566, 25.7344843], [-80.2194733, 25.7344694], [-80.2194859, 25.7344431], [-80.2194904999999, 25.7343718], [-80.2194995, 25.7342779], [-80.219504, 25.7342215], [-80.2195249, 25.7341878], [-80.2195583, 25.7341542], [-80.2195968, 25.7340966], [-80.2196044, 25.7340868], [-80.2196172, 25.7340305], [-80.2196175, 25.7339892], [-80.2195846, 25.7339401], [-80.2195226, 25.7339135], [-80.2194355, 25.733913], [-80.219286, 25.7339235], [-80.2192113, 25.7339381], [-80.2191446, 25.7339791], [-80.2189779, 25.7340947], [-80.2188028, 25.7342178], [-80.2186234, 25.7343822], [-80.2185106, 25.734498], [-80.218352, 25.7346475], [-80.2181306, 25.7348718], [-80.2178174, 25.7351745], [-80.2174997, 25.7355448], [-80.2172696, 25.7358404], [-80.2170395, 25.736121], [-80.2168929, 25.7363382], [-80.2168548, 25.736462], [-80.2168501, 25.7365446], [-80.2168701, 25.7366462], [-80.2169027, 25.7367366], [-80.2169602, 25.7368346], [-80.2170921, 25.7369668], [-80.2172902, 25.7371257], [-80.2174596999999, 25.7372168], [-80.2176458, 25.737308], [-80.217799, 25.7373614], [-80.2178778, 25.7373693], [-80.2180147, 25.7373701], [-80.2181185, 25.7373556], [-80.2182141, 25.7373223], [-80.2183058, 25.7372664], [-80.2184599, 25.7371658], [-80.2185975, 25.7370613000001], [-80.2187562, 25.7369118], [-80.219044, 25.7366691], [-80.2192152, 25.7365047], [-80.2193696, 25.7363703], [-80.219499, 25.7362507], [-80.2196077, 25.736131], [-80.219737, 25.7360265], [-80.2198413, 25.7359331], [-80.2199331, 25.7358472], [-80.2200166, 25.7357725], [-80.2201085, 25.7356753], [-80.2202214, 25.7355444], [-80.2203301, 25.7354172], [-80.2203888, 25.7353235], [-80.2204561, 25.7351849], [-80.2204899, 25.7350798], [-80.2205032, 25.7349634], [-80.2204916, 25.7348281], [-80.2204715, 25.734734], [-80.2204265, 25.7346248], [-80.2204019, 25.7345833], [-80.2203646, 25.7345794], [-80.2203313, 25.7345905], [-80.2203186, 25.7346317], [-80.2202847, 25.7347443], [-80.2202387, 25.7347966], [-80.2201346, 25.7348525], [-80.2199892, 25.734893], [-80.2198312, 25.734941], [-80.2196855, 25.7350116], [-80.2195563, 25.7351049], [-80.2194479, 25.7351795], [-80.2193863, 25.735208]]}, "properties": {"project": "FL4501", "date": "19350125", "kind": "Natural.Mean High Water", "source": "T08597"}}, {"type": "Feature", "geometry": {"type": "LineString", "coordinates": [[-80.23016, 25.7333057], [-80.2301597, 25.7333538], [-80.2301594, 25.7333947], [-80.2301489, 25.7334469], [-80.2301182, 25.7334866], [-80.2300535, 25.7335292], [-80.22997, 25.7335917], [-80.2299358, 25.7336376], [-80.229905, 25.7336927], [-80.2298468, 25.7337845], [-80.2298227, 25.7338335], [-80.2298089, 25.7338795], [-80.2298117, 25.7339716], [-80.2298110999999, 25.7340514], [-80.2298039, 25.734122], [-80.2297796, 25.7342109000001], [-80.2297384, 25.7342967], [-80.22967, 25.7343823], [-80.2296188, 25.7344434], [-80.2295913, 25.7344955], [-80.22955, 25.7345904], [-80.229521, 25.7346287], [-80.2295016, 25.7346361]]}, "properties": {"project": "FL4501", "date": "19350125", "kind": "Natural.Apparent.Marsh Or Swamp", "source": "T08597"}}, {"type": "Feature", "geometry": {"type": "LineString", "coordinates": [[-80.2106065, 25.7413393], [-80.210603, 25.7414677], [-80.2105936, 25.7416166], [-80.2105998, 25.7416934], [-80.2106198, 25.7417487], [-80.2106601, 25.7418104], [-80.2107981, 25.7419554], [-80.2111043, 25.742304], [-80.211466, 25.7427158], [-80.2118242, 25.7431399], [-80.2122096, 25.7435642], [-80.212588, 25.7440191], [-80.2127275, 25.7441995], [-80.2127545, 25.744218]]}, "properties": {"project": "FL4501", "date": "19350125", "kind": "Man-made", "source": "T08597"}}, {"type": "Feature", "geometry": {"type": "LineString", "coordinates": [[-80.210655, 25.7411803], [-80.2106318, 25.741213], [-80.2106075, 25.7413019], [-80.2106065, 25.7413393]]}, "properties": {"project": "FL4501", "date": "19350125", "kind": "Natural.Mean High Water", "source": "T08597"}}, {"type": "Feature", "geometry": {"type": "LineString", "coordinates": [[-80.2044065, 25.7398453], [-80.2043678, 25.7397871], [-80.204336, 25.7397483], [-80.2042829, 25.7397125], [-80.2041799, 25.7396765], [-80.2040946, 25.7396696], [-80.2039948, 25.7396852], [-80.2039091, 25.7397427], [-80.2038481, 25.7398133], [-80.2038191, 25.7398904], [-80.2038187, 25.7399517], [-80.2038289, 25.7400291], [-80.203864, 25.7401002], [-80.2039168, 25.7401778], [-80.2039735, 25.74022], [-80.204048, 25.7402494], [-80.2040978, 25.7402561], [-80.2041761, 25.7402501], [-80.2042545, 25.7402312], [-80.2043188, 25.7401929], [-80.2043939, 25.7401417], [-80.2044226, 25.7401], [-80.2044444, 25.7400292], [-80.2044449, 25.7399519], [-80.2044276, 25.7398809], [-80.2044065, 25.7398453]]}, "properties": {"project": "FL4501", "date": "19350125", "kind": "Natural.Mean High Water", "source": "T08597"}}, {"type": "Feature", "geometry": {"type": "LineString", "coordinates": [[-80.2187856, 25.7395576], [-80.2187054, 25.7396063], [-80.2186068, 25.7396518], [-80.2185084, 25.7396728000001], [-80.2184133, 25.7396907], [-80.218271, 25.7396899], [-80.2177609, 25.7396703], [-80.2174407, 25.7396548], [-80.2174203, 25.7396516], [-80.2173899, 25.7396361], [-80.2173696999999, 25.7396145], [-80.2173224, 25.7396019], [-80.2172884, 25.7396048], [-80.2172646, 25.739617], [-80.2172374, 25.7396383], [-80.2171864, 25.7396503000001], [-80.2170915, 25.7396529], [-80.2169423, 25.7396613], [-80.2168337, 25.7396761], [-80.2167386, 25.7397063], [-80.2166775, 25.7397213], [-80.2166266, 25.7397272], [-80.2165859, 25.7397269000001], [-80.2165386, 25.739699], [-80.2165121, 25.7396723]]}, "properties": {"project": "FL4501", "date": "19350125", "kind": "Natural.Mean High Water", "source": "T08597"}}, {"type": "Feature", "geometry": {"type": "LineString", "coordinates": [[-80.2165121, 25.7396723], [-80.2164375999999, 25.7395972], [-80.2162828, 25.7394244], [-80.2160054, 25.7390837], [-80.2159582, 25.7390466], [-80.2158939, 25.7390217], [-80.2157552, 25.7389841], [-80.2154981, 25.7389029], [-80.2150414, 25.73875], [-80.2145223, 25.7385614], [-80.2144243, 25.738524], [-80.2144005, 25.7385239], [-80.2143666, 25.7385237], [-80.2143428, 25.7385328], [-80.2142713, 25.7385908], [-80.2140635, 25.738737], [-80.2137911, 25.7389197], [-80.2135188, 25.7390964000001], [-80.2132547, 25.7392991], [-80.2129857, 25.7394788], [-80.2127166, 25.7396769], [-80.2124443, 25.7398535], [-80.2119727, 25.7401595], [-80.2116661, 25.7403851], [-80.2114039, 25.7405648], [-80.2111094, 25.7407643], [-80.2109732, 25.740863], [-80.2109118, 25.7409075], [-80.2107959, 25.7410113], [-80.2106968, 25.7411213], [-80.210655, 25.7411803]]}, "properties": {"project": "FL4501", "date": "19350125", "kind": "Man-made", "source": "T08597"}}, {"type": "Feature", "geometry": {"type": "LineString", "coordinates": [[-80.2035015, 25.7381695], [-80.2033481, 25.7382298], [-80.203248, 25.7382905], [-80.2031514, 25.7383802], [-80.2030509, 25.7385086], [-80.2029969, 25.738605], [-80.2029858, 25.7386661], [-80.2029998, 25.7387017], [-80.2030387, 25.7387373], [-80.203106, 25.7387764], [-80.2031805, 25.7388154], [-80.2032409, 25.7388254], [-80.2033121, 25.7388291], [-80.2033905, 25.7388069], [-80.2035296, 25.7387497], [-80.2037367, 25.7386445], [-80.2038582, 25.7385678], [-80.2038941, 25.7385229], [-80.2039159, 25.7384553], [-80.2039198, 25.7384005], [-80.2039063, 25.7382941], [-80.203871, 25.7382456], [-80.203811, 25.7381776], [-80.2037508, 25.7381321], [-80.2036797, 25.7381156], [-80.2036156, 25.738125], [-80.2035015, 25.7381695]]}, "properties": {"project": "FL4501", "date": "19350125", "kind": "Natural.Mean High Water", "source": "T08597"}}, {"type": "Feature", "geometry": {"type": "LineString", "coordinates": [[-80.2276902999999, 25.7359591], [-80.2276868, 25.7359868], [-80.2276731, 25.7360051], [-80.2276323, 25.7360172], [-80.2275612, 25.7360076000001], [-80.2274867, 25.735998]]}, "properties": {"project": "FL4501", "date": "19350125", "kind": "Natural.Apparent.Marsh Or Swamp", "source": "T08597"}}, {"type": "Feature", "geometry": {"type": "LineString", "coordinates": [[-80.2324656, 25.7320749], [-80.2324186, 25.7320926]]}, "properties": {"project": "FL4501", "date": "19350125", "kind": "Natural.Mean High Water", "source": "T08597"}}, {"type": "Feature", "geometry": {"type": "LineString", "coordinates": [[-80.2327744, 25.7320528], [-80.2327391, 25.732062], [-80.2326544, 25.7320677], [-80.2326047, 25.7320533]]}, "properties": {"project": "FL4501", "date": "19350125", "kind": "Natural.Mean High Water", "source": "T08597"}}, {"type": "Feature", "geometry": {"type": "LineString", "coordinates": [[-80.2326047, 25.7320533], [-80.2325647, 25.732035], [-80.232541, 25.7320349], [-80.2325173, 25.7320409], [-80.2324832, 25.7320683], [-80.2324656, 25.7320749]]}, "properties": {"project": "FL4501", "date": "19350125", "kind": "Shoreline/Alongshore Feature Boundary", "source": "T08597"}}, {"type": "Feature", "geometry": {"type": "LineString", "coordinates": [[-80.2324186, 25.7320926], [-80.2323813, 25.7321016], [-80.232361, 25.7320953], [-80.2323239, 25.7320675], [-80.2322801, 25.7320151], [-80.2322579, 25.7319998], [-80.2322512, 25.731996], [-80.2322294, 25.7319902], [-80.2322124, 25.7319994], [-80.2321934, 25.7320185]]}, "properties": {"project": "FL4501", "date": "19350125", "kind": "Shoreline/Alongshore Feature Boundary", "source": "T08597"}}, {"type": "Feature", "geometry": {"type": "LineString", "coordinates": [[-80.2328625, 25.7319799], [-80.2328583, 25.7319859], [-80.2328378, 25.7320134], [-80.2327969, 25.732047], [-80.2327744, 25.7320528]]}, "properties": {"project": "FL4501", "date": "19350125", "kind": "Natural.Mean High Water", "source": "T08597"}}, {"type": "Feature", "geometry": {"type": "LineString", "coordinates": [[-80.2329352, 25.7319268], [-80.2329196, 25.7319309], [-80.2328924, 25.7319431], [-80.2328754, 25.7319614], [-80.2328625, 25.7319799]]}, "properties": {"project": "FL4501", "date": "19350125", "kind": "Shoreline/Alongshore Feature Boundary", "source": "T08597"}}, {"type": "Feature", "geometry": {"type": "LineString", "coordinates": [[-80.2312122, 25.7318776], [-80.2310516, 25.7319702], [-80.2309869, 25.7320251], [-80.2309766, 25.7320496], [-80.2309865, 25.7320865], [-80.2310437, 25.7321482], [-80.2310909, 25.7321853], [-80.231145, 25.7322102], [-80.2312228, 25.7322321], [-80.2312566, 25.7322476000001], [-80.2312904, 25.7322662], [-80.2313038, 25.7322878], [-80.2313071, 25.7323093], [-80.2313001, 25.7323369], [-80.2312286, 25.7323887], [-80.2311979999999, 25.7324039], [-80.2311743, 25.7324038], [-80.2311507, 25.7323822], [-80.2310263, 25.7322218], [-80.2309523, 25.7321386], [-80.2309186, 25.7321015], [-80.2308983, 25.7320953], [-80.2308779, 25.7321013], [-80.2308677, 25.7321135], [-80.2308742, 25.7321535], [-80.2309179, 25.7322028], [-80.2309886, 25.7322892], [-80.2309986, 25.7323169], [-80.2309951, 25.7323322], [-80.2309678, 25.7323536], [-80.2309372, 25.7323657], [-80.2309, 25.7323624], [-80.2308764, 25.7323347], [-80.2308025, 25.732236], [-80.2307823, 25.7322144], [-80.230762, 25.7322082], [-80.2307394, 25.7322103], [-80.2307315, 25.7322111], [-80.2306464, 25.7322659], [-80.2304353, 25.732406], [-80.2303986, 25.7324295], [-80.2303876, 25.7324365], [-80.2303503, 25.7324424], [-80.2303129, 25.7324576], [-80.2302993, 25.7324728], [-80.2302991, 25.7324943], [-80.2303091, 25.7325251], [-80.2305684, 25.7327844], [-80.2306122, 25.7328368], [-80.2306188, 25.7328614], [-80.2306085, 25.7328828], [-80.2305778, 25.7329072], [-80.2305575, 25.7329102], [-80.2305338, 25.7329039], [-80.2304531, 25.7328052], [-80.230268, 25.7325955], [-80.2302073, 25.7325491], [-80.2301869, 25.7325459], [-80.2301666, 25.7325489], [-80.2301462, 25.7325611], [-80.2299863, 25.73264], [-80.229779, 25.7327341], [-80.2297262, 25.7327692], [-80.2297159, 25.7327814], [-80.2297124, 25.7327998], [-80.2297461, 25.732843], [-80.2299447, 25.7330528], [-80.2301434, 25.7332503], [-80.2301533999999, 25.7332719], [-80.23016, 25.7333057]]}, "properties": {"project": "FL4501", "date": "19350125", "kind": "Man-made", "source": "T08597"}}, {"type": "Feature", "geometry": {"type": "LineString", "coordinates": [[-80.2319062, 25.7318737], [-80.2319587, 25.7319305], [-80.2319687, 25.731949], [-80.2319652, 25.7319612], [-80.2319549, 25.7319857], [-80.2319037, 25.7320376], [-80.231895, 25.732046]]}, "properties": {"project": "FL4501", "date": "19350125", "kind": "Shoreline/Alongshore Feature Boundary", "source": "T08597"}}, {"type": "Feature", "geometry": {"type": "LineString", "coordinates": [[-80.2317078, 25.7318568], [-80.231895, 25.732046]]}, "properties": {"project": "FL4501", "date": "19350125", "kind": "Pier", "source": "T08597"}}, {"type": "Feature", "geometry": {"type": "LineString", "coordinates": [[-80.2321934, 25.7320185], [-80.2321851, 25.7320269000001], [-80.2321715, 25.7320360000001], [-80.232158, 25.7320298], [-80.2321142, 25.7319835], [-80.2320167, 25.7318724], [-80.2319647, 25.7318106], [-80.2319367, 25.7317965], [-80.2319093999999, 25.7317983], [-80.231895, 25.7318135], [-80.2318914, 25.7318411], [-80.2319062, 25.7318737]]}, "properties": {"project": "FL4501", "date": "19350125", "kind": "Man-made", "source": "T08597"}}, {"type": "Feature", "geometry": {"type": "LineString", "coordinates": [[-80.2318017, 25.7317726], [-80.2317078, 25.7318568]]}, "properties": {"project": "FL4501", "date": "19350125", "kind": "Pier", "source": "T08597"}}, {"type": "Feature", "geometry": {"type": "LineString", "coordinates": [[-80.2318017, 25.7317726], [-80.2319062, 25.7318737]]}, "properties": {"project": "FL4501", "date": "19350125", "kind": "Pier", "source": "T08597"}}, {"type": "Feature", "geometry": {"type": "LineString", "coordinates": [[-80.231895, 25.732046], [-80.2318492, 25.7320896], [-80.2318254, 25.7320986], [-80.2318017, 25.7320924], [-80.2317579, 25.7320461], [-80.231576, 25.731864], [-80.2314918, 25.7317837000001], [-80.231458, 25.7317651], [-80.231431, 25.7317588], [-80.231397, 25.7317648], [-80.2313494, 25.7317983], [-80.2312337, 25.7318652], [-80.2312122, 25.7318776]]}, "properties": {"project": "FL4501", "date": "19350125", "kind": "Man-made", "source": "T08597"}}, {"type": "Feature", "geometry": {"type": "LineString", "coordinates": [[-80.2270698, 25.7359861], [-80.2270697, 25.7359988], [-80.2270898, 25.7360389], [-80.2274016, 25.7365747], [-80.2274151, 25.7365902], [-80.2274354, 25.7365933], [-80.2274795, 25.7365844], [-80.2275135, 25.7365692], [-80.227544, 25.7365663], [-80.2275643, 25.7365787], [-80.2275913, 25.7366003], [-80.2276013, 25.7366311], [-80.2276011, 25.7366556], [-80.2275635, 25.7366953], [-80.227448, 25.7367377], [-80.2273257, 25.7367862], [-80.2272798, 25.7368028], [-80.2272459, 25.7367996], [-80.2272256, 25.7367903], [-80.2272056, 25.7367472], [-80.2272057, 25.7367257], [-80.227216, 25.7367134], [-80.2272466, 25.736689], [-80.2272535, 25.7366737], [-80.2272469, 25.7366491], [-80.2272067, 25.7365691], [-80.2270592, 25.7363258], [-80.2269084, 25.7360548], [-80.2268542, 25.7359758], [-80.2268243, 25.7359561], [-80.2267667, 25.7359496], [-80.2266819, 25.7359492000001], [-80.2264751, 25.7359512], [-80.2264073, 25.7359539], [-80.2263801, 25.7359629], [-80.2263699, 25.7359813], [-80.2263798, 25.7360213], [-80.2267755, 25.7366804], [-80.2269064, 25.7368776], [-80.2269231, 25.7369176], [-80.2269196, 25.7369452], [-80.2268957, 25.7369666], [-80.2268515, 25.7369848], [-80.2268142, 25.7369784], [-80.2267806, 25.7369445], [-80.2267202, 25.7368428], [-80.2267, 25.7368212], [-80.2266628, 25.7368057], [-80.2266155, 25.7367901], [-80.2265953, 25.7367654], [-80.2265921, 25.7367286], [-80.2265824, 25.7366671], [-80.2265589, 25.7366209], [-80.2264717, 25.7364823], [-80.2264431, 25.7364366]]}, "properties": {"project": "FL4501", "date": "19350125", "kind": "Man-made", "source": "T08597"}}, {"type": "Feature", "geometry": {"type": "LineString", "coordinates": [[-80.2274867, 25.735998], [-80.2274325, 25.7359946], [-80.2273987, 25.7359760000001], [-80.227365, 25.7359451], [-80.2273448, 25.7359266], [-80.2273211, 25.7359203], [-80.2272668, 25.7359262], [-80.2271074, 25.7359407], [-80.2270836, 25.7359559], [-80.2270699, 25.7359773], [-80.2270698, 25.7359861]]}, "properties": {"project": "FL4501", "date": "19350125", "kind": "Natural.Mean High Water", "source": "T08597"}}, {"type": "Feature", "geometry": {"type": "LineString", "coordinates": [[-80.228248, 25.7357552], [-80.2282102, 25.7357777], [-80.2281863, 25.7357929], [-80.2281726, 25.7358143], [-80.2281758, 25.7358481], [-80.2282631, 25.7359867], [-80.22832, 25.7360914], [-80.2283232, 25.7361252], [-80.2283128, 25.7361589], [-80.2282957, 25.7361742000001], [-80.2282652, 25.7361802], [-80.2282145, 25.7361615], [-80.2281673, 25.7361121], [-80.2280735, 25.7359428], [-80.2280434, 25.7358781], [-80.2280198, 25.7358534], [-80.2279927, 25.7358502], [-80.2279555, 25.73585], [-80.2279251, 25.7358345], [-80.2278981, 25.7358098], [-80.2278677, 25.7357912], [-80.2278101, 25.7357817], [-80.2277559, 25.7357814], [-80.2277219, 25.7357904], [-80.2276913, 25.7358118], [-80.2276776, 25.7358363], [-80.2276773, 25.7358731], [-80.2276872, 25.7359223], [-80.2276902999999, 25.7359591]]}, "properties": {"project": "FL4501", "date": "19350125", "kind": "Natural.Mean High Water", "source": "T08597"}}, {"type": "Feature", "geometry": {"type": "LineString", "coordinates": [[-80.2006417, 25.7472254], [-80.2007341, 25.7470718]]}, "properties": {"project": "FL4501", "date": "19350125", "kind": "Undetermined.Approximate", "source": "T08597"}}, {"type": "Feature", "geometry": {"type": "LineString", "coordinates": [[-80.2058398, 25.7470244], [-80.2057923, 25.7470394], [-80.2056009, 25.7471172], [-80.2053928, 25.7472063], [-80.2052804, 25.7472583], [-80.205193, 25.7473029], [-80.2051014, 25.7473475], [-80.2048975, 25.7474328], [-80.2046771, 25.7475105], [-80.2044068, 25.7475992], [-80.2041738, 25.7476956], [-80.2039492, 25.7477808], [-80.203791, 25.7478551], [-80.2035829, 25.7479555], [-80.2033749, 25.748037], [-80.2031377, 25.7481409], [-80.2029213, 25.7482299], [-80.2028381, 25.7482558], [-80.202751, 25.7482628], [-80.2026099, 25.748262], [-80.2024484, 25.7482123], [-80.2023324, 25.7481778], [-80.2022288, 25.7481698], [-80.2021458, 25.7481731], [-80.2021083, 25.7481916]]}, "properties": {"project": "FL4501", "date": "19350125", "kind": "Natural.Mean High Water", "source": "T08597"}}, {"type": "Feature", "geometry": {"type": "LineString", "coordinates": [[-80.2006417, 25.7472254], [-80.2006001, 25.7472477], [-80.2005627, 25.747255], [-80.2005005, 25.7472509], [-80.2003436, 25.7471411], [-80.200232, 25.7470728], [-80.2000914, 25.7470044], [-80.1998763, 25.7469055], [-80.1997705, 25.7468651]]}, "properties": {"project": "FL4501", "date": "19350125", "kind": "Natural.Mean High Water", "source": "T08597"}}, {"type": "Feature", "geometry": {"type": "LineString", "coordinates": [[-80.2065063, 25.7467717], [-80.2064204, 25.746806], [-80.2062788, 25.7468767], [-80.2061664, 25.7469399], [-80.2060417, 25.7469731], [-80.2059212, 25.7469987], [-80.2058398, 25.7470244]]}, "properties": {"project": "FL4501", "date": "19350125", "kind": "Man-made", "source": "T08597"}}, {"type": "Feature", "geometry": {"type": "LineString", "coordinates": [[-80.2314071, 25.7850937], [-80.2314569, 25.7850902], [-80.2315296, 25.7850793], [-80.2316563, 25.7850649], [-80.2317601, 25.7850579], [-80.2318701, 25.7850623], [-80.231953, 25.7850778], [-80.2320316, 25.785112], [-80.2320895, 25.7851536], [-80.2321474, 25.7851915], [-80.2321888, 25.7852068], [-80.2322799, 25.785226], [-80.2324045, 25.7852267], [-80.2325539, 25.78522], [-80.2326163, 25.7852053], [-80.2326747, 25.7851642], [-80.2326914, 25.7851418], [-80.2327041, 25.785108], [-80.2327002, 25.7850667], [-80.2327088, 25.7850141], [-80.232734, 25.7849767], [-80.23278, 25.7849205], [-80.2328593, 25.7848571], [-80.2329301, 25.7848199], [-80.2330837, 25.7848019], [-80.2334242, 25.7847924], [-80.2337479, 25.7847904], [-80.2339719, 25.7848103], [-80.2341956, 25.7848791], [-80.2344355, 25.7850082], [-80.234543, 25.7850764], [-80.2346176, 25.7850956], [-80.2347089, 25.7851036], [-80.2348831, 25.7851082], [-80.2349787, 25.7850937], [-80.2350867, 25.7850792], [-80.2352031, 25.7850535], [-80.235282, 25.7850464], [-80.2353899, 25.785047], [-80.2354854, 25.7850513], [-80.2355394, 25.7850403], [-80.2355769, 25.7850104], [-80.2356395, 25.7849619], [-80.2357103, 25.7849209], [-80.2358018, 25.7848913], [-80.2359057, 25.7848731], [-80.2360053, 25.7848699], [-80.2360924, 25.7848854], [-80.2362456, 25.7849388], [-80.2364899, 25.785034], [-80.2366306, 25.7850986], [-80.2367052, 25.7851178], [-80.2367758, 25.7851182], [-80.236892, 25.785115], [-80.2369668, 25.7850966], [-80.2370959, 25.7850372], [-80.2372459, 25.784944], [-80.237396, 25.7848358], [-80.2374836, 25.7847687], [-80.2375673, 25.7846676], [-80.2376634, 25.7845592], [-80.2377846, 25.7844283], [-80.2378809, 25.784301], [-80.2380107, 25.7841251], [-80.2381276, 25.7840167], [-80.2382653, 25.7838972], [-80.2384197, 25.7837702], [-80.2385907, 25.7836434], [-80.2387738, 25.7835729], [-80.2389318, 25.7835287], [-80.239098, 25.7834995], [-80.2392434, 25.7834852], [-80.2393513, 25.7834858000001], [-80.2394259, 25.7834974]]}, "properties": {"project": "FL4501", "date": "19350125", "kind": "Natural.Mean High Water", "source": "T08597"}}, {"type": "Feature", "geometry": {"type": "LineString", "coordinates": [[-80.24, 25.783547226615234], [-80.2399154, 25.7835376], [-80.2397621, 25.7834992], [-80.2396461, 25.7834572], [-80.2395385, 25.7834191]]}, "properties": {"project": "FL4501", "date": "19350125", "kind": "Natural.Mean High Water", "source": "T08597"}}, {"type": "Feature", "geometry": {"type": "LineString", "coordinates": [[-80.2395385, 25.7834191], [-80.2394307, 25.7833997]]}, "properties": {"project": "FL4501", "date": "19350125", "kind": "Undetermined.Approximate", "source": "T08597"}}, {"type": "Feature", "geometry": {"type": "LineString", "coordinates": [[-80.2151057, 25.7832645], [-80.2151007, 25.7835352]]}, "properties": {"project": "FL4501", "date": "19350125", "kind": "Pier", "source": "T08597"}}, {"type": "Feature", "geometry": {"type": "LineString", "coordinates": [[-80.217144, 25.7839171], [-80.2171169, 25.7839036], [-80.2170876, 25.7839094], [-80.217081, 25.783924], [-80.2170647, 25.7839298], [-80.2170355, 25.7839209], [-80.2170194, 25.7838972], [-80.2170069, 25.7838295], [-80.2170074, 25.78375], [-80.2170044, 25.7837117], [-80.2169882, 25.7836999], [-80.2169102, 25.7836965], [-80.2167932, 25.7836929], [-80.2167283, 25.7836749], [-80.2165824, 25.7836241], [-80.2164299, 25.7835703], [-80.216378, 25.7835524], [-80.2163358, 25.7835433], [-80.2163001, 25.7835490000001], [-80.2162772, 25.7835666], [-80.2162479, 25.7835752], [-80.2161731, 25.7835748], [-80.2161146, 25.7835686], [-80.216092, 25.7835508], [-80.2160889, 25.7835332], [-80.2160793, 25.7835037], [-80.2160632, 25.7834859], [-80.2160209, 25.7834857], [-80.2159429, 25.7834823], [-80.2159169, 25.7834822], [-80.2159007, 25.7834703], [-80.2158976, 25.7834468], [-80.2158946, 25.7834232], [-80.2158784, 25.7834143], [-80.2158394, 25.7834112], [-80.2157581, 25.7834107], [-80.2157386, 25.7834077], [-80.2157257, 25.7833929], [-80.2157162, 25.7833605], [-80.2157, 25.7833427], [-80.2156708, 25.7833396], [-80.2156318, 25.7833423], [-80.2156219, 25.78336], [-80.2156215, 25.7834276], [-80.2156268, 25.7836042], [-80.2156103, 25.7836395], [-80.2155908, 25.7836453], [-80.2155225, 25.7836449], [-80.2154998, 25.7836359], [-80.2154902, 25.7836153], [-80.2154842, 25.7835417], [-80.2154794, 25.7832797], [-80.2154764, 25.7832503], [-80.2154634, 25.7832384], [-80.2153305, 25.7831818], [-80.2152948, 25.7831728], [-80.2152753, 25.7831786], [-80.2152589, 25.783202], [-80.2152488, 25.783252], [-80.2152366, 25.7836227], [-80.2152297, 25.7836786], [-80.2152134, 25.7836903], [-80.2151549, 25.7836929], [-80.2151224999999, 25.783681], [-80.2151161, 25.7836662], [-80.21511, 25.7836044], [-80.2151136, 25.7835485], [-80.2151007, 25.7835352]]}, "properties": {"project": "FL4501", "date": "19350125", "kind": "Man-made", "source": "T08597"}}, {"type": "Feature", "geometry": {"type": "LineString", "coordinates": [[-80.2151007, 25.7835352], [-80.2150812, 25.7835307], [-80.2150226, 25.7835362], [-80.2149674, 25.7835359], [-80.2149479, 25.7835329], [-80.214935, 25.7835122], [-80.2149326, 25.7833945], [-80.2149267, 25.7833032], [-80.2149208, 25.7832031], [-80.2149148, 25.7831354], [-80.2148986, 25.7831147]]}, "properties": {"project": "FL4501", "date": "19350125", "kind": "Man-made", "source": "T08597"}}, {"type": "Feature", "geometry": {"type": "LineString", "coordinates": [[-80.2148986, 25.7831147], [-80.2147072, 25.7830666]]}, "properties": {"project": "FL4501", "date": "19350125", "kind": "Undetermined.Approximate", "source": "T08597"}}, {"type": "Feature", "geometry": {"type": "LineString", "coordinates": [[-80.2228673, 25.7850784], [-80.2228093, 25.785063], [-80.2227304, 25.7850588], [-80.2226393, 25.7850358], [-80.2225234, 25.7849901], [-80.2224074, 25.7849481], [-80.2223204, 25.7849326], [-80.2222457, 25.7849247], [-80.2221794, 25.7849093], [-80.2221132, 25.7848827], [-80.2220718, 25.7848524], [-80.221956, 25.7847992], [-80.2217696, 25.7847418], [-80.2213554, 25.7846081], [-80.2207465, 25.7844169], [-80.2205518, 25.7843633], [-80.2202453, 25.7842639], [-80.2198517, 25.7841491], [-80.2196487, 25.7840879], [-80.2196239, 25.7840727], [-80.2196034, 25.7840425], [-80.2196039, 25.7839599], [-80.2196001, 25.7839072], [-80.2195919, 25.7838922], [-80.2195712, 25.7838883], [-80.2195463, 25.7838919], [-80.2195295, 25.7839219], [-80.2195374, 25.7839821], [-80.2195371, 25.7840159], [-80.2195329, 25.7840271], [-80.2195121, 25.7840383], [-80.2191848, 25.7839426], [-80.2189694, 25.7838813], [-80.218787, 25.7838427], [-80.2185715, 25.7838003], [-80.2184141, 25.7837543], [-80.2183395, 25.7837314], [-80.2183106, 25.7837124], [-80.2182902, 25.7836522], [-80.2182871, 25.7834943], [-80.2182879, 25.7833703], [-80.2182798, 25.783344], [-80.2182674, 25.7833289], [-80.2182425, 25.783325], [-80.2182134, 25.7833324], [-80.2181925, 25.7833548], [-80.2181991, 25.7836254], [-80.2181947, 25.7836667], [-80.2181779, 25.7836892], [-80.2181363, 25.7837002], [-80.2180825, 25.7836849], [-80.2179625, 25.7836166], [-80.2178426, 25.7835521], [-80.2176235, 25.7834194], [-80.2174703, 25.7833584], [-80.2173047, 25.7833012], [-80.2171679, 25.7832666], [-80.2170187, 25.7832358], [-80.2169688, 25.7832468], [-80.2169439, 25.7832579], [-80.2169065, 25.7832577], [-80.2168858, 25.7832538], [-80.216832, 25.7832235], [-80.2167618, 25.7831667], [-80.2167039, 25.7831476], [-80.2166458, 25.7831473], [-80.2165918, 25.7831395], [-80.2165257, 25.7831053], [-80.2164596, 25.7830561], [-80.21641, 25.7830258], [-80.2163353, 25.7830179], [-80.2162648, 25.7830062], [-80.2161986, 25.7829833], [-80.216087, 25.7829151], [-80.2160001, 25.7828695], [-80.2159297, 25.7828504], [-80.215884, 25.7828501], [-80.215855, 25.7828424], [-80.215826, 25.7828273], [-80.2158097, 25.7827896]]}, "properties": {"project": "FL4501", "date": "19350125", "kind": "Natural.Mean High Water", "source": "T08597"}}, {"type": "Feature", "geometry": {"type": "LineString", "coordinates": [[-80.215707, 25.7824667], [-80.2157185, 25.782271]]}, "properties": {"project": "FL4501", "date": "19350125", "kind": "Pier", "source": "T08597"}}, {"type": "Feature", "geometry": {"type": "LineString", "coordinates": [[-80.2158097, 25.7827896], [-80.2158107, 25.7826355], [-80.2158077, 25.7824551], [-80.2158081, 25.7823988], [-80.2158002, 25.7823386], [-80.2157632, 25.7822933], [-80.2157185, 25.782271]]}, "properties": {"project": "FL4501", "date": "19350125", "kind": "Man-made", "source": "T08597"}}, {"type": "Feature", "geometry": {"type": "LineString", "coordinates": [[-80.2157185, 25.782271], [-80.2157013, 25.7822253000001], [-80.21569, 25.7820637], [-80.2156735, 25.7820336], [-80.2156363, 25.7820183], [-80.2155532, 25.7820254], [-80.2155241, 25.7820365], [-80.2155115, 25.7820627], [-80.2155093, 25.7823972], [-80.2155174, 25.7824235], [-80.2155504, 25.7824538], [-80.2155918, 25.782469], [-80.2156042, 25.7824803], [-80.2156163, 25.7825293], [-80.2156071, 25.7826683], [-80.2156029, 25.7826833], [-80.2155945, 25.7826945], [-80.2155695, 25.7827019], [-80.2155033, 25.782679], [-80.2153707, 25.7826369], [-80.2153004, 25.782599], [-80.2152675, 25.7825574], [-80.2152473, 25.7824784], [-80.2152356, 25.7823619], [-80.2152403, 25.7822792], [-80.2152239, 25.7822491], [-80.215199, 25.7822377], [-80.2151244, 25.782226], [-80.2150206, 25.7822367], [-80.2149956, 25.7822516], [-80.2149663, 25.7822853], [-80.2149493, 25.7823415], [-80.2149526, 25.7824731], [-80.2149561, 25.7825708], [-80.2149477, 25.7825933], [-80.2149269, 25.7826007], [-80.2148688, 25.7825891], [-80.2148234, 25.7825626], [-80.214807, 25.7825249], [-80.2148074999999, 25.7824573], [-80.2147994, 25.7824159]]}, "properties": {"project": "FL4501", "date": "19350125", "kind": "Man-made", "source": "T08597"}}, {"type": "Feature", "geometry": {"type": "LineString", "coordinates": [[-80.2147072, 25.7830666], [-80.2146034, 25.7830219], [-80.2145192, 25.7829802], [-80.2144479, 25.7829475], [-80.2144252, 25.7829326], [-80.2144157, 25.7829061], [-80.2144094, 25.7828737], [-80.21439, 25.7828559], [-80.2143039, 25.7828271], [-80.2140514, 25.7827318], [-80.2138443, 25.782663], [-80.2136414, 25.782598], [-80.2134136, 25.7825216], [-80.2131609, 25.7824414], [-80.2129788, 25.782369], [-80.2128132, 25.7823005], [-80.2126146, 25.782213], [-80.2123621, 25.7821101], [-80.2119646, 25.7819689], [-80.2117658, 25.7819002], [-80.2115381999999, 25.7817975], [-80.2113148, 25.7816798], [-80.2110544, 25.7815206], [-80.2109181, 25.7814259], [-80.2108891, 25.7814182], [-80.21086, 25.7814256], [-80.210839, 25.7814518], [-80.2108222, 25.7814818], [-80.2108097, 25.7814892], [-80.210789, 25.7814853], [-80.2107808, 25.7814703], [-80.210781, 25.7814364], [-80.2108146, 25.7813878], [-80.2108147, 25.7813727], [-80.2107982, 25.7813576], [-80.2107319, 25.7813272], [-80.2106699, 25.7812893], [-80.2106328, 25.781259]]}, "properties": {"project": "FL4501", "date": "19350125", "kind": "Natural.Mean High Water", "source": "T08597"}}, {"type": "Feature", "geometry": {"type": "LineString", "coordinates": [[-80.2008332, 25.773092], [-80.2007717, 25.772979], [-80.2007183, 25.7728885], [-80.2006608, 25.772798], [-80.200628, 25.7727377000001], [-80.2006201, 25.772685], [-80.2006143, 25.7725422]]}, "properties": {"project": "FL4501", "date": "19350125", "kind": "Natural.Mean High Water", "source": "T08597"}}, {"type": "Feature", "geometry": {"type": "LineString", "coordinates": [[-80.2004751, 25.7725414], [-80.2006143, 25.7725422]]}, "properties": {"project": "FL4501", "date": "19350125", "kind": "Pier", "source": "T08597"}}, {"type": "Feature", "geometry": {"type": "LineString", "coordinates": [[-80.2002277, 25.7731945], [-80.2001617, 25.7731265], [-80.2001165, 25.7730698], [-80.2000631, 25.7729756], [-80.1998875, 25.7725575], [-80.1997704, 25.7722174]]}, "properties": {"project": "FL4501", "date": "19350125", "kind": "Natural.Mean High Water", "source": "T08597"}}, {"type": "Feature", "geometry": {"type": "LineString", "coordinates": [[-80.2042613, 25.7767691], [-80.2042623, 25.7767488], [-80.2042626, 25.7767109], [-80.2042514, 25.7766787], [-80.2042075, 25.7766055], [-80.2041670999999, 25.7765754], [-80.204124, 25.7765671], [-80.2040897, 25.7765681], [-80.2040479, 25.7765644], [-80.2040238, 25.7765574], [-80.2040024, 25.776532], [-80.2039734, 25.7765037], [-80.2039456, 25.7764944], [-80.2039075, 25.7764942], [-80.2038511, 25.7764928]]}, "properties": {"project": "FL4501", "date": "19350125", "kind": "Natural.Mean High Water", "source": "T08597"}}, {"type": "Feature", "geometry": {"type": "LineString", "coordinates": [[-80.2038511, 25.7764928], [-80.2038416, 25.7764904], [-80.2038151, 25.7764695], [-80.2037546, 25.7764141], [-80.2036599, 25.7763412], [-80.2036019, 25.7762903], [-80.2035637, 25.776241], [-80.2035351, 25.7761732], [-80.2035354, 25.7761237]]}, "properties": {"project": "FL4501", "date": "19350125", "kind": "Natural.Mean High Water", "source": "T08597"}}, {"type": "Feature", "geometry": {"type": "LineString", "coordinates": [[-80.2035354, 25.7761237], [-80.2035356, 25.7760943], [-80.2035526, 25.776038], [-80.2035819, 25.7760151]]}, "properties": {"project": "FL4501", "date": "19350125", "kind": "Shoreline/Alongshore Feature Boundary", "source": "T08597"}}, {"type": "Feature", "geometry": {"type": "LineString", "coordinates": [[-80.2035819, 25.7760151], [-80.2033999, 25.7760141], [-80.2033804, 25.776014], [-80.2033705, 25.7760286], [-80.2033735, 25.7760757], [-80.2033895, 25.7761111], [-80.2034154, 25.7761172], [-80.2035354, 25.7761237]]}, "properties": {"project": "FL4501", "date": "19350125", "kind": "Pier", "source": "T08597"}}, {"type": "Feature", "geometry": {"type": "LineString", "coordinates": [[-80.2035819, 25.7760151], [-80.2036358, 25.7760121], [-80.2036857, 25.7760011], [-80.2037066, 25.775975], [-80.2036986, 25.7759336], [-80.2036883, 25.7758975]]}, "properties": {"project": "FL4501", "date": "19350125", "kind": "Natural.Mean High Water", "source": "T08597"}}, {"type": "Feature", "geometry": {"type": "LineString", "coordinates": [[-80.2033651, 25.7758667], [-80.2036883, 25.7758975]]}, "properties": {"project": "FL4501", "date": "19350125", "kind": "Pier", "source": "T08597"}}, {"type": "Feature", "geometry": {"type": "LineString", "coordinates": [[-80.2006143, 25.7725422], [-80.200613, 25.7725084], [-80.2006057, 25.7723468], [-80.2005653, 25.7721962], [-80.2005207, 25.7720382], [-80.2004303, 25.7718911], [-80.2003936999999, 25.7717857], [-80.2003609, 25.7717292], [-80.2003114, 25.77168], [-80.2002663, 25.7715971], [-80.2002341, 25.7714504], [-80.2001893, 25.7713149], [-80.2001444, 25.7712132], [-80.200124, 25.7711642], [-80.2001034, 25.771134], [-80.2000744, 25.7711339], [-80.2000454, 25.7711224], [-80.199996, 25.771062], [-80.1997704, 25.7706744]]}, "properties": {"project": "FL4501", "date": "19350125", "kind": "Natural.Mean High Water", "source": "T08597"}}, {"type": "Feature", "geometry": {"type": "LineString", "coordinates": [[-80.2031183, 25.7758389], [-80.2030766, 25.7757474], [-80.2035125, 25.7757289]]}, "properties": {"project": "FL4501", "date": "19350125", "kind": "Pier", "source": "T08597"}}, {"type": "Feature", "geometry": {"type": "LineString", "coordinates": [[-80.2036883, 25.7758975], [-80.203658, 25.7757906000001], [-80.2036416, 25.7757717], [-80.2035876, 25.7757676], [-80.2035125, 25.7757289]]}, "properties": {"project": "FL4501", "date": "19350125", "kind": "Natural.Mean High Water", "source": "T08597"}}, {"type": "Feature", "geometry": {"type": "LineString", "coordinates": [[-80.2018719, 25.7745136], [-80.202031, 25.7745104]]}, "properties": {"project": "FL4501", "date": "19350125", "kind": "Pier", "source": "T08597"}}, {"type": "Feature", "geometry": {"type": "LineString", "coordinates": [[-80.2035125, 25.7757289], [-80.2034308, 25.775639], [-80.2033771, 25.7756011], [-80.203319, 25.7755933], [-80.2032401, 25.7756079], [-80.2031612, 25.7756112], [-80.2030949, 25.7755958], [-80.2030123, 25.7755353], [-80.2027979, 25.7753274], [-80.2025752, 25.7751045], [-80.2023567, 25.7748966], [-80.2021754, 25.7746889], [-80.2020808, 25.7745719], [-80.202031, 25.7745104]]}, "properties": {"project": "FL4501", "date": "19350125", "kind": "Natural.Mean High Water", "source": "T08597"}}, {"type": "Feature", "geometry": {"type": "LineString", "coordinates": [[-80.202031, 25.7745104], [-80.2019861, 25.7744549], [-80.2019666, 25.7744378]]}, "properties": {"project": "FL4501", "date": "19350125", "kind": "Natural.Mean High Water", "source": "T08597"}}, {"type": "Feature", "geometry": {"type": "LineString", "coordinates": [[-80.2019666, 25.7744378], [-80.2018782, 25.7744384], [-80.2016992, 25.7742648], [-80.2017231, 25.7742302]]}, "properties": {"project": "FL4501", "date": "19350125", "kind": "Pier", "source": "T08597"}}, {"type": "Feature", "geometry": {"type": "LineString", "coordinates": [[-80.2019666, 25.7744378], [-80.2018871, 25.7743679], [-80.2017838, 25.7742885], [-80.2017231, 25.7742302]]}, "properties": {"project": "FL4501", "date": "19350125", "kind": "Shoreline/Alongshore Feature Boundary", "source": "T08597"}}, {"type": "Feature", "geometry": {"type": "LineString", "coordinates": [[-80.2016307, 25.7743094], [-80.2016173, 25.7742445], [-80.2016978, 25.7742061]]}, "properties": {"project": "FL4501", "date": "19350125", "kind": "Pier", "source": "T08597"}}, {"type": "Feature", "geometry": {"type": "LineString", "coordinates": [[-80.2017231, 25.7742302], [-80.2016978, 25.7742061]]}, "properties": {"project": "FL4501", "date": "19350125", "kind": "Natural.Mean High Water", "source": "T08597"}}, {"type": "Feature", "geometry": {"type": "LineString", "coordinates": [[-80.2071409, 25.7789704], [-80.2071083, 25.77888], [-80.2070548, 25.7788008], [-80.207001, 25.7787742], [-80.206972, 25.7787665], [-80.206942, 25.7787512], [-80.2069225, 25.7787354], [-80.2069023, 25.7786907], [-80.2068992, 25.7786642], [-80.2069125, 25.778626], [-80.2069224, 25.7785967], [-80.2069129, 25.7785583], [-80.2068871, 25.7785288], [-80.2068483, 25.7784932], [-80.2068192, 25.7784813], [-80.2067931, 25.7784841], [-80.2067801, 25.7784958], [-80.2067701, 25.7785193], [-80.2067603, 25.7785399], [-80.206744, 25.7785457], [-80.206705, 25.7785396], [-80.2066517, 25.7785147], [-80.2065921, 25.7784789], [-80.2064101, 25.7783952], [-80.2062404, 25.7783191], [-80.206046, 25.7782128], [-80.2058807, 25.7781142], [-80.2056903, 25.7780343], [-80.2055454, 25.7779734], [-80.2054047, 25.7779125], [-80.2053798, 25.7779161], [-80.2053507, 25.777931], [-80.2053256, 25.7779496], [-80.2052882999999, 25.7779532], [-80.2052551, 25.7779455], [-80.2052304, 25.7779153], [-80.2052223, 25.7778814], [-80.2051934, 25.7778587], [-80.2051396, 25.7778434], [-80.2049447, 25.7778123000001], [-80.2044141, 25.7777192], [-80.2042111, 25.7776692], [-80.2041158, 25.7776424], [-80.204062, 25.7776158], [-80.2040042, 25.7775629], [-80.2038932, 25.7774044], [-80.2037821, 25.7772648], [-80.2036421, 25.7771062], [-80.2035145, 25.7769402], [-80.203354, 25.7767439], [-80.2030655, 25.7764304], [-80.202876, 25.7762227], [-80.2027234, 25.7760828], [-80.202546, 25.7759278], [-80.202418, 25.7758181], [-80.2022777, 25.7756971], [-80.2021168, 25.7755609], [-80.2020217, 25.7755003], [-80.2018936, 25.7754169], [-80.2017904, 25.7753449000001], [-80.2016872, 25.7752542], [-80.2015716, 25.7751596], [-80.2014481, 25.7750124], [-80.2013414, 25.7748352], [-80.2011483, 25.7745373], [-80.2010292, 25.7743525], [-80.2009184, 25.7741602]]}, "properties": {"project": "FL4501", "date": "19350125", "kind": "Natural.Mean High Water", "source": "T08597"}}, {"type": "Feature", "geometry": {"type": "LineString", "coordinates": [[-80.2016978, 25.7742061], [-80.2016273, 25.7741185]]}, "properties": {"project": "FL4501", "date": "19350125", "kind": "Natural.Mean High Water", "source": "T08597"}}, {"type": "Feature", "geometry": {"type": "LineString", "coordinates": [[-80.2009184, 25.7741602], [-80.2008033, 25.7740018]]}, "properties": {"project": "FL4501", "date": "19350125", "kind": "Undetermined.Approximate", "source": "T08597"}}, {"type": "Feature", "geometry": {"type": "LineString", "coordinates": [[-80.2016273, 25.7741185], [-80.2015037, 25.7739826]]}, "properties": {"project": "FL4501", "date": "19350125", "kind": "Undetermined.Approximate", "source": "T08597"}}, {"type": "Feature", "geometry": {"type": "LineString", "coordinates": [[-80.2008033, 25.7740018], [-80.2007006, 25.7738471], [-80.2005569, 25.7736171], [-80.20045, 25.773455], [-80.2003349, 25.7733003]]}, "properties": {"project": "FL4501", "date": "19350125", "kind": "Natural.Mean High Water", "source": "T08597"}}, {"type": "Feature", "geometry": {"type": "LineString", "coordinates": [[-80.2015037, 25.7739826], [-80.2013637, 25.7738164], [-80.2012568, 25.7736693], [-80.2011212, 25.7734656], [-80.2009485, 25.7732204]]}, "properties": {"project": "FL4501", "date": "19350125", "kind": "Natural.Mean High Water", "source": "T08597"}}, {"type": "Feature", "geometry": {"type": "LineString", "coordinates": [[-80.2003349, 25.7733003], [-80.2002277, 25.7731945]]}, "properties": {"project": "FL4501", "date": "19350125", "kind": "Undetermined.Approximate", "source": "T08597"}}, {"type": "Feature", "geometry": {"type": "LineString", "coordinates": [[-80.2009485, 25.7732204], [-80.2008332, 25.773092]]}, "properties": {"project": "FL4501", "date": "19350125", "kind": "Undetermined.Approximate", "source": "T08597"}}, {"type": "Feature", "geometry": {"type": "LineString", "coordinates": [[-80.2106328, 25.781259], [-80.2106248, 25.7812176], [-80.2106125, 25.7811875], [-80.2105342, 25.7811044], [-80.2104639, 25.7810665], [-80.2103689, 25.7810021], [-80.2101914, 25.7808433], [-80.2099813, 25.7806129], [-80.2098123, 25.7804354], [-80.2097339, 25.7803636], [-80.2097132, 25.7803522], [-80.2096966, 25.7803596], [-80.2096380999999, 25.7804119], [-80.2095588, 25.7804866], [-80.209538, 25.7804978], [-80.2095214, 25.7804977], [-80.209509, 25.7804901], [-80.2094966, 25.7804712], [-80.209501, 25.7804412], [-80.209522, 25.7804075], [-80.2096013, 25.7803403], [-80.2096346, 25.7803179], [-80.2096389, 25.7802916], [-80.2096143, 25.7802502], [-80.2095648, 25.7802086], [-80.2094327, 25.7800914], [-80.209284, 25.7799853], [-80.2091601, 25.7798945], [-80.2090238, 25.7797998], [-80.2089906, 25.7797921], [-80.2089698, 25.7798033], [-80.2089238, 25.7798631], [-80.2088525, 25.7799717], [-80.2088232, 25.7800016], [-80.2088024, 25.780009], [-80.2087818, 25.7799939], [-80.2087736, 25.779975], [-80.2087781, 25.7799225], [-80.2088454, 25.7797875], [-80.2088581, 25.7797425], [-80.2088542, 25.7797087], [-80.2088087, 25.7796821], [-80.208602, 25.7795645], [-80.2084116, 25.7794808], [-80.2083082, 25.7794352], [-80.2082833, 25.7794313], [-80.2082584, 25.7794386], [-80.208229, 25.7794836], [-80.208187, 25.7795623], [-80.2081702999999, 25.7795772], [-80.2081453, 25.7795808], [-80.208108, 25.7795731000001], [-80.2080916, 25.7795467], [-80.2080877, 25.7795091], [-80.2081297, 25.7794417], [-80.2081507, 25.7793967], [-80.208155, 25.7793704], [-80.2081428, 25.7793441], [-80.2081097, 25.7793289], [-80.2079896, 25.7792794], [-80.2078656, 25.7792073], [-80.2077167, 25.7791313], [-80.2075636, 25.7790628], [-80.2074104, 25.7790056], [-80.2073566, 25.7789866], [-80.2073317, 25.7789827], [-80.2073192, 25.7789901], [-80.2073149, 25.7790164], [-80.207327, 25.7790616], [-80.207343, 25.7791481], [-80.2073485, 25.7795727], [-80.2073775, 25.7802042], [-80.2073918, 25.7805575]]}, "properties": {"project": "FL4501", "date": "19350125", "kind": "Man-made", "source": "T08597"}}, {"type": "Feature", "geometry": {"type": "LineString", "coordinates": [[-80.2072051, 25.780549], [-80.2072033, 25.7801844], [-80.2071927, 25.7799063000001], [-80.2071783, 25.7795868], [-80.2071807, 25.7792261], [-80.207169, 25.7791095], [-80.2071409, 25.7789704]]}, "properties": {"project": "FL4501", "date": "19350125", "kind": "Man-made", "source": "T08597"}}, {"type": "Feature", "geometry": {"type": "LineString", "coordinates": [[-80.2073958, 25.7811075], [-80.207228, 25.7811769]]}, "properties": {"project": "FL4501", "date": "19350125", "kind": "User Added Line", "source": "T08597"}}, {"type": "Feature", "geometry": {"type": "LineString", "coordinates": [[-80.2147994, 25.7824159], [-80.2147747, 25.7823932], [-80.2147376, 25.7823554], [-80.2147129, 25.7823252], [-80.2147088, 25.7823102], [-80.214709, 25.7822876], [-80.21473, 25.7822502], [-80.2147343, 25.7822164], [-80.2147221, 25.7821825], [-80.2146849, 25.782156], [-80.2146226999999, 25.7821519], [-80.2145687, 25.7821591], [-80.2145228, 25.7821927], [-80.2144976, 25.7822414], [-80.2144927, 25.7823503], [-80.2144926, 25.7823616], [-80.2144843, 25.7823691], [-80.2144677, 25.7823728], [-80.2144179, 25.7823612], [-80.2142606, 25.782304], [-80.2139294, 25.7821744], [-80.213917, 25.7821669], [-80.2139088, 25.782148], [-80.213909, 25.7821292], [-80.2138883, 25.7821103], [-80.2137268, 25.7820569], [-80.2135321, 25.7819994], [-80.213412, 25.781965], [-80.2133374, 25.7819458], [-80.2133043, 25.7819306], [-80.2132342, 25.7818663], [-80.2132011, 25.7818436], [-80.2131389, 25.7818357], [-80.2130642, 25.7818353], [-80.2129771, 25.7818236], [-80.2128943, 25.7817931], [-80.2125424, 25.7816634], [-80.2122939, 25.7815794], [-80.2121158, 25.7815221], [-80.2118882, 25.7814194], [-80.2117145, 25.781332], [-80.2114746, 25.7812067], [-80.2112514, 25.7810665], [-80.2111357, 25.7809832], [-80.2111027, 25.7809529], [-80.2110945, 25.7809341]]}, "properties": {"project": "FL4501", "date": "19350125", "kind": "Natural.Mean High Water", "source": "T08597"}}, {"type": "Feature", "geometry": {"type": "LineString", "coordinates": [[-80.2072154, 25.7806665], [-80.207228, 25.7811769]]}, "properties": {"project": "FL4501", "date": "19350125", "kind": "Man-made", "source": "T08597"}}, {"type": "Feature", "geometry": {"type": "LineString", "coordinates": [[-80.2073967, 25.7806603], [-80.2073958, 25.7811075]]}, "properties": {"project": "FL4501", "date": "19350125", "kind": "Man-made", "source": "T08597"}}, {"type": "Feature", "geometry": {"type": "LineString", "coordinates": [[-80.2073918, 25.7805575], [-80.2073967, 25.7806603]]}, "properties": {"project": "FL4501", "date": "19350125", "kind": "Undetermined.Approximate", "source": "T08597"}}, {"type": "Feature", "geometry": {"type": "LineString", "coordinates": [[-80.2072051, 25.780549], [-80.2072154, 25.7806665]]}, "properties": {"project": "FL4501", "date": "19350125", "kind": "Undetermined.Approximate", "source": "T08597"}}, {"type": "Feature", "geometry": {"type": "LineString", "coordinates": [[-80.2041489, 25.7767745], [-80.2042613, 25.7767691]]}, "properties": {"project": "FL4501", "date": "19350125", "kind": "Pier", "source": "T08597"}}, {"type": "Feature", "geometry": {"type": "LineString", "coordinates": [[-80.2097427, 25.7795257], [-80.2097347, 25.779521], [-80.2097233, 25.779521], [-80.2097029, 25.7795312], [-80.2096685, 25.7795517], [-80.2096456, 25.7795596], [-80.2096279, 25.7795607], [-80.2096038, 25.7795502], [-80.2095153, 25.7795015], [-80.209418, 25.7794504], [-80.2093535, 25.7794236], [-80.2092902, 25.7794015], [-80.2092636, 25.7793887], [-80.209246, 25.7793708], [-80.2092398, 25.7793466], [-80.209231, 25.7793305], [-80.2092184, 25.7793247], [-80.2092069, 25.7793258], [-80.2091955, 25.7793361], [-80.2091903, 25.7793487], [-80.2091826, 25.7793555], [-80.2091738, 25.7793578], [-80.2091547, 25.7793542], [-80.2090877, 25.779324], [-80.2089739, 25.7792682], [-80.208917, 25.7792312], [-80.2088097, 25.7791559], [-80.2087377, 25.7791165], [-80.2082911, 25.7789228], [-80.2081267, 25.7788467], [-80.2079738, 25.7787562], [-80.2078119, 25.7786738], [-80.2077233, 25.7786475], [-80.2076042, 25.7786181], [-80.2075041, 25.7785992], [-80.2074395, 25.7785839], [-80.2073851, 25.7785595], [-80.2073384, 25.7785339], [-80.2072854, 25.7784866], [-80.2072248, 25.7784351], [-80.2072059, 25.7784235], [-80.2071894, 25.7784188], [-80.2071755, 25.7784211], [-80.207164, 25.7784313], [-80.2071512, 25.7784439], [-80.2071346, 25.7784542], [-80.207122, 25.7784541], [-80.2071068, 25.7784425], [-80.2070577, 25.7783906], [-80.2070326, 25.7783525], [-80.2070201, 25.7783237], [-80.2070152, 25.7782927], [-80.2070065, 25.7782674], [-80.2069889, 25.778242], [-80.2069032, 25.77816], [-80.2066543, 25.7779927], [-80.2064673, 25.7778848], [-80.206136, 25.7777159], [-80.2057428, 25.7775236], [-80.2054783, 25.7774251], [-80.2053099, 25.7773771], [-80.2050755, 25.7773178], [-80.2049995, 25.7773094], [-80.2049373, 25.7773067], [-80.204841, 25.7772941], [-80.2047587, 25.7772753], [-80.2046549, 25.7772345], [-80.2045083, 25.7771499], [-80.204343, 25.7770175], [-80.2042876, 25.7769471], [-80.2042664, 25.7768913], [-80.2042566, 25.7768487], [-80.2042568, 25.7768131], [-80.2042609, 25.7767787], [-80.2042613, 25.7767691]]}, "properties": {"project": "FL4501", "date": "19350125", "kind": "Natural.Mean High Water", "source": "T08597"}}, {"type": "Feature", "geometry": {"type": "LineString", "coordinates": [[-80.2039869, 25.7766883], [-80.2038511, 25.7764928]]}, "properties": {"project": "FL4501", "date": "19350125", "kind": "Pier", "source": "T08597"}}, {"type": "Feature", "geometry": {"type": "LineString", "coordinates": [[-80.2110945, 25.7809341], [-80.2111072, 25.7809041], [-80.2111239, 25.7808779], [-80.21112, 25.780844], [-80.2110995, 25.7808063], [-80.2109839, 25.7807118], [-80.2109509, 25.780689], [-80.2109218, 25.7806851], [-80.2109093, 25.7806963], [-80.2108801, 25.7807262], [-80.210851, 25.7807336], [-80.2108344, 25.780726], [-80.2108221, 25.7807109], [-80.2108222, 25.7806959], [-80.2108306, 25.7806771], [-80.2108565, 25.7806516], [-80.2108755, 25.7806351], [-80.2108793, 25.7806282], [-80.2108769, 25.7806156], [-80.2108592, 25.7806029], [-80.2107961, 25.780552], [-80.210786, 25.7805427], [-80.2107721, 25.7805392], [-80.2107581, 25.7805437], [-80.2107351, 25.7805631], [-80.2107133, 25.7805963], [-80.2107018, 25.7806089], [-80.2106879, 25.7806146], [-80.2106726, 25.7806145], [-80.2106537, 25.7806052], [-80.2105981, 25.7805589], [-80.2105402, 25.7805035], [-80.2105251, 25.7804804], [-80.2105176, 25.7804632], [-80.2105176, 25.780454], [-80.2105216, 25.7804356], [-80.2105394, 25.7804196], [-80.2105714, 25.7803865], [-80.2106684, 25.7802997], [-80.210759, 25.7802175], [-80.2107871, 25.7801878], [-80.2107961, 25.7801695], [-80.2107975, 25.7801454], [-80.21079, 25.7801281], [-80.2107699, 25.7801073], [-80.2107509, 25.780098], [-80.2107293, 25.7801002], [-80.2106924, 25.7801149], [-80.2106312, 25.7801651], [-80.210598, 25.7801934], [-80.2105534, 25.7802313], [-80.2104921, 25.780285], [-80.2104386, 25.7803215], [-80.2104119, 25.7803328], [-80.2103979, 25.7803327], [-80.2103802, 25.7803269], [-80.2103436, 25.7802911], [-80.2102793, 25.780231], [-80.2102706, 25.7802137], [-80.2102682, 25.7801942], [-80.2102771, 25.7801793], [-80.2102924, 25.7801748], [-80.2103051, 25.7801737], [-80.210319, 25.7801818], [-80.2103593, 25.7802222], [-80.2103859, 25.7802373], [-80.2103998, 25.7802374], [-80.2104227, 25.7802237], [-80.2104904, 25.7801632], [-80.2105032, 25.7801495000001], [-80.2105045, 25.7801392], [-80.2105008, 25.7801265], [-80.2104756, 25.7801023], [-80.2103545, 25.7799931], [-80.2103242, 25.7799734], [-80.2103128, 25.7799722], [-80.2102988, 25.7799744], [-80.2102657, 25.7799972], [-80.210244, 25.7800166], [-80.21023, 25.7800245], [-80.210216, 25.7800268], [-80.2101995, 25.7800232], [-80.2101768, 25.7800024], [-80.2101339, 25.7799643], [-80.2101074, 25.7799423], [-80.2100708, 25.7799134], [-80.2100469, 25.7798892], [-80.2100267, 25.779873], [-80.210023, 25.7798615], [-80.2100268, 25.7798511], [-80.210046, 25.7798283], [-80.2100652, 25.7798031], [-80.2100666, 25.7797893], [-80.2100553, 25.7797755], [-80.2100376, 25.7797576], [-80.2100339, 25.7797403], [-80.2100378, 25.7797231], [-80.2100634, 25.7797026], [-80.2101757, 25.7795987], [-80.210177, 25.7795906], [-80.2101707, 25.7795791], [-80.2101455, 25.779556], [-80.2101038, 25.7795282], [-80.2100899, 25.7795258], [-80.210081, 25.7795292], [-80.210058, 25.7795521], [-80.2099737, 25.779632], [-80.2099355, 25.7796571], [-80.2099203, 25.7796628], [-80.2098987, 25.7796615], [-80.2098886, 25.7796545], [-80.2098445, 25.7796141], [-80.2097776, 25.779554], [-80.2097427, 25.7795257]]}, "properties": {"project": "FL4501", "date": "19350125", "kind": "Man-made", "source": "T08597"}}, {"type": "Feature", "geometry": {"type": "LineString", "coordinates": [[-80.2394307, 25.7833997], [-80.2392979, 25.7833878], [-80.2391319, 25.7833907], [-80.2388787, 25.7833969], [-80.2387416, 25.7834149], [-80.2385918, 25.7834705], [-80.2384335, 25.7835599], [-80.2382417, 25.7836979], [-80.238008, 25.7838996], [-80.2378491, 25.7840754], [-80.2376816, 25.7843188], [-80.2375183, 25.7845321], [-80.2373136, 25.7847415], [-80.2370925, 25.7849207], [-80.2369801, 25.7849727], [-80.2368513, 25.7849908], [-80.2367352, 25.7849789], [-80.2365529, 25.7849216], [-80.2362878, 25.78483], [-80.2361428, 25.7847879], [-80.2360392, 25.7847648], [-80.2359189, 25.7847604], [-80.2357651, 25.7847859], [-80.2356029, 25.7848452], [-80.2354529999999, 25.7849233], [-80.2353573, 25.7849529], [-80.2352702, 25.7849524], [-80.2351872, 25.7849407], [-80.2351332, 25.7849517], [-80.2350625, 25.7849739], [-80.2349461, 25.7849996], [-80.2348422, 25.7850141], [-80.2347551, 25.7850136], [-80.2346391, 25.7849829], [-80.2344528, 25.7848993], [-80.2343205, 25.7848234000001], [-80.2342377, 25.7847967], [-80.234134, 25.7847736], [-80.2340139, 25.7847316], [-80.2339145, 25.7847011], [-80.2338108, 25.7846892], [-80.2334539, 25.7846874], [-80.2332256, 25.7846861], [-80.2330388, 25.7846927000001], [-80.2329391, 25.7847109000001], [-80.2327893, 25.7847665], [-80.2327059, 25.7848187], [-80.2326432999999, 25.784871], [-80.2325683, 25.7849157], [-80.2324395, 25.7849488], [-80.2323812, 25.784971], [-80.2323229, 25.784997], [-80.2322564, 25.785008], [-80.2321693, 25.7850113], [-80.232078, 25.7850033], [-80.2320573, 25.7849919], [-80.2320369, 25.7849429], [-80.2320125, 25.7848639], [-80.2319712, 25.7848261], [-80.231905, 25.7847919], [-80.2318055, 25.7847876], [-80.2316517, 25.7848169], [-80.2315643, 25.7848465], [-80.2314976, 25.784895], [-80.2314601, 25.7849248], [-80.2314309, 25.7849397], [-80.2313977, 25.7849433]]}, "properties": {"project": "FL4501", "date": "19350125", "kind": "Natural.Mean High Water", "source": "T08597"}}, {"type": "Feature", "geometry": {"type": "LineString", "coordinates": [[-80.1653977, 25.7109907], [-80.1653503, 25.7110012], [-80.1652672, 25.7110371], [-80.1650437, 25.7111881], [-80.1649961, 25.7112264], [-80.1649769, 25.7112521], [-80.1649673, 25.7112777], [-80.164964, 25.7114064], [-80.1649733, 25.7114386], [-80.1650036, 25.7114966], [-80.1650342, 25.7115268], [-80.1650814, 25.71154], [-80.1651595, 25.7115426], [-80.1651926, 25.7115535], [-80.1652752, 25.7115861], [-80.1653107, 25.7115906], [-80.165448, 25.7115914], [-80.1654859, 25.7115809], [-80.1655287, 25.7115597], [-80.1656024, 25.7115065], [-80.1656168, 25.7114787], [-80.1656335, 25.7114617], [-80.1656927, 25.711462], [-80.1657068, 25.7114749], [-80.1657203, 25.7115758], [-80.1657458, 25.7116531], [-80.1657454, 25.7117046], [-80.1657311, 25.7117152], [-80.1657004, 25.7117151], [-80.1656154, 25.7116824], [-80.16549, 25.7116774], [-80.1654568, 25.7116858], [-80.1654163, 25.7117156], [-80.1653613, 25.7117924], [-80.1653564, 25.711816], [-80.165353, 25.7119725], [-80.1653622, 25.7120026], [-80.1654139, 25.7120694], [-80.1654468999999, 25.7120846], [-80.1654894, 25.7120955], [-80.1655297, 25.7120936], [-80.16557, 25.712081], [-80.1656958, 25.7120281], [-80.1657125, 25.7120046], [-80.1657249, 25.7119253], [-80.1657441, 25.7118954], [-80.1657654, 25.7118891], [-80.1658104, 25.7118894], [-80.165841, 25.7119045], [-80.1658433, 25.7119239], [-80.1658046, 25.7120373], [-80.1658042, 25.7120995], [-80.1658182, 25.7121253], [-80.1659172, 25.7121923], [-80.1659809, 25.7122184], [-80.166144, 25.7122515], [-80.1661912, 25.7122711], [-80.166236, 25.7122842], [-80.1663118, 25.7122868], [-80.1663402, 25.7122784], [-80.1663499, 25.7122548], [-80.1664644, 25.7121268], [-80.1664928, 25.7121248], [-80.1665188, 25.7121314], [-80.1665375, 25.7121551], [-80.1665564, 25.7121617], [-80.1666204, 25.7121599], [-80.1666488, 25.7121493], [-80.1666966, 25.7120917], [-80.1667086, 25.7120639], [-80.1667232, 25.7120039], [-80.1667356, 25.7119204], [-80.1667546, 25.7115774], [-80.1668224, 25.7113634], [-80.1668562, 25.7112649], [-80.1668756, 25.71119], [-80.1668737, 25.7111278], [-80.1668645, 25.7110827], [-80.1668388, 25.711044]]}, "properties": {"project": "FL4501", "date": "19450309", "kind": "Natural.Apparent.Marsh Or Swamp", "source": "T08598"}}, {"type": "Feature", "geometry": {"type": "LineString", "coordinates": [[-80.1668388, 25.711044], [-80.1667612, 25.7109642], [-80.1666929, 25.7109167], [-80.1665230999999, 25.7108278], [-80.1664855, 25.7107997], [-80.1664632, 25.7107958], [-80.1663648, 25.7107926], [-80.1662984, 25.7108050000001], [-80.1662224, 25.7108411], [-80.1660014, 25.7109727], [-80.1659302, 25.7109959], [-80.1658684, 25.711032], [-80.165828, 25.7110618], [-80.1657922, 25.7111023000001], [-80.1657661, 25.7111172], [-80.1657092, 25.7111212], [-80.1656809, 25.7111124], [-80.1656668, 25.7110909], [-80.16562, 25.711022], [-80.1655988, 25.7110005], [-80.1655468, 25.7109894], [-80.1653977, 25.7109907]]}, "properties": {"project": "FL4501", "date": "19450309", "kind": "Natural.Mean High Water", "source": "T08598"}}, {"type": "Feature", "geometry": {"type": "LineString", "coordinates": [[-80.1678721, 25.7105096], [-80.1679336, 25.7105099], [-80.1679621, 25.7105015], [-80.1679836, 25.7104802], [-80.1680244, 25.7103882], [-80.1680275, 25.7102832], [-80.168016, 25.7102402], [-80.1679905, 25.7101586], [-80.167932, 25.7100618], [-80.1679038, 25.7100359], [-80.1678755, 25.710025], [-80.1677856, 25.7100223], [-80.1677476999999, 25.7100243], [-80.1676861, 25.7100325], [-80.1676386, 25.7100494], [-80.1675863, 25.7100812], [-80.167553, 25.7101153], [-80.1674475, 25.7103077], [-80.1674379, 25.7103291], [-80.1674375, 25.7103741], [-80.1674539, 25.7104107], [-80.1674867, 25.7104473], [-80.1675408, 25.7104948], [-80.1675857, 25.7105122], [-80.1676519, 25.7105255], [-80.1677418, 25.7105303], [-80.1678058, 25.7105178], [-80.1678721, 25.7105096]]}, "properties": {"project": "FL4501", "date": "19450309", "kind": "Natural.Apparent.Marsh Or Swamp", "source": "T08598"}}, {"type": "Feature", "geometry": {"type": "LineString", "coordinates": [[-80.1901597, 25.7463384], [-80.1894542, 25.7463345], [-80.1894211, 25.7463235], [-80.1894047, 25.7463042], [-80.1893992, 25.7460597], [-80.1894088, 25.7460404], [-80.1894349, 25.746032], [-80.1895178, 25.7460303], [-80.1901736, 25.7460383]]}, "properties": {"project": "FL4501", "date": "19450309", "kind": "Man-made", "source": "T08598"}}, {"type": "Feature", "geometry": {"type": "LineString", "coordinates": [[-80.1901736, 25.7460383], [-80.1902281, 25.7460321], [-80.1902898, 25.7460067], [-80.190449, 25.7459176], [-80.1905393, 25.745873], [-80.1906342, 25.7458393], [-80.1907196, 25.7458162], [-80.1908239, 25.7458017], [-80.191011, 25.7457985], [-80.1914773, 25.7458054], [-80.1918702, 25.7458354], [-80.1920832, 25.7458344], [-80.1922515, 25.7458182], [-80.1928368, 25.74574], [-80.1932016, 25.7457056], [-80.1939171, 25.7456431], [-80.1943552, 25.745624], [-80.1955083, 25.7456154], [-80.195899, 25.7455983], [-80.196361, 25.7455579], [-80.1964984, 25.7455458], [-80.1969861, 25.7455421], [-80.1974996, 25.7455814], [-80.1976392, 25.7456036], [-80.197755, 25.7456364], [-80.1979037, 25.7457015], [-80.198057, 25.7457817], [-80.1981492, 25.7458058], [-80.1982745, 25.7458322], [-80.1984331, 25.7458417], [-80.1988025, 25.745833], [-80.1988948, 25.7458442], [-80.1991383, 25.7458991], [-80.1993062, 25.7459258], [-80.1994386, 25.7459458], [-80.1995379, 25.7459764], [-80.1996417, 25.7460306], [-80.1997705, 25.7461406]]}, "properties": {"project": "FL4501", "date": "19450309", "kind": "Natural.Mean High Water", "source": "T08598"}}, {"type": "Feature", "geometry": {"type": "LineString", "coordinates": [[-80.1455768, 25.7503778], [-80.1458587, 25.7502793], [-80.1460082, 25.7502373], [-80.1460675, 25.7502141000001], [-80.1461912, 25.7501333], [-80.1462269, 25.7501185], [-80.1462861, 25.7501103], [-80.1464021, 25.7501153], [-80.1464398, 25.7501369], [-80.1464609, 25.7501713], [-80.1464604, 25.75024], [-80.1464508, 25.7502592], [-80.1464222, 25.7502891], [-80.1462627, 25.7503778]]}, "properties": {"project": "FL4501", "date": "19450309", "kind": "Natural.Apparent.Marsh Or Swamp", "source": "T08598"}}, {"type": "Feature", "geometry": {"type": "LineString", "coordinates": [[-80.1438641, 25.7503779], [-80.143826, 25.75033], [-80.1438132, 25.7502587], [-80.143823, 25.7502202], [-80.1438573, 25.7501837], [-80.1439375, 25.7500986], [-80.1439829, 25.7500432000001], [-80.1440165, 25.7499812], [-80.1440705, 25.7497113]]}, "properties": {"project": "FL4501", "date": "19450309", "kind": "Natural.Mean High Water", "source": "T08598"}}, {"type": "Feature", "geometry": {"type": "LineString", "coordinates": [[-80.1440705, 25.7497113], [-80.1440921, 25.7496664], [-80.1441328, 25.7496109000001], [-80.1443834, 25.7493294], [-80.1444122, 25.7492673], [-80.1444959, 25.7491563], [-80.1446628, 25.7489879], [-80.14478, 25.7488257], [-80.1449307, 25.7486164], [-80.1451797, 25.7482276], [-80.1453616, 25.7479564], [-80.1454554, 25.7477532], [-80.1455579, 25.7475921]]}, "properties": {"project": "FL4501", "date": "19450309", "kind": "Natural.Apparent.Marsh Or Swamp", "source": "T08598"}}, {"type": "Feature", "geometry": {"type": "LineString", "coordinates": [[-80.1441931, 25.7478047], [-80.1439799, 25.7478132], [-80.1439396, 25.7478237], [-80.1438826, 25.7478448], [-80.1437424, 25.7479169], [-80.1436593, 25.7479507], [-80.1435739, 25.7479759], [-80.143389, 25.7480048], [-80.1432822, 25.7480342], [-80.1430377, 25.7481271], [-80.1428739, 25.7481883], [-80.1428289, 25.7481945], [-80.1427579, 25.7481941], [-80.1427248, 25.748181], [-80.1426402, 25.7480991], [-80.1425745, 25.7480129], [-80.1425581, 25.7479871], [-80.1425608, 25.7479463], [-80.1425728, 25.7479228], [-80.1427872, 25.747729], [-80.1428157, 25.7477206], [-80.1428773, 25.7477209], [-80.1429033, 25.7477254], [-80.1430328, 25.7478205], [-80.1430752, 25.7478465], [-80.1431652, 25.7478491], [-80.143196, 25.7478386], [-80.1432555, 25.7478068], [-80.1432887, 25.7477941], [-80.1434569, 25.7477822], [-80.143483, 25.7477674], [-80.1435356, 25.7477034], [-80.1435381, 25.7476798], [-80.1435338, 25.7476262], [-80.1435197, 25.7476046], [-80.1434583, 25.7475807], [-80.1433684, 25.7475716], [-80.1433046, 25.7475583], [-80.1431818, 25.7475169000001], [-80.1430591, 25.7474604], [-80.143045, 25.7474453]]}, "properties": {"project": "FL4501", "date": "19450309", "kind": "Natural.Apparent.Marsh Or Swamp", "source": "T08598"}}, {"type": "Feature", "geometry": {"type": "LineString", "coordinates": [[-80.1566754, 25.6660128], [-80.1568087, 25.6661944]]}, "properties": {"project": "FL4501", "date": "19450309", "kind": "Pier", "source": "T08598"}}, {"type": "Feature", "geometry": {"type": "LineString", "coordinates": [[-80.159221, 25.6662109], [-80.1592129, 25.6662011], [-80.1590519, 25.6659895]]}, "properties": {"project": "FL4501", "date": "19450309", "kind": "Natural.Mean High Water", "source": "T08598"}}, {"type": "Feature", "geometry": {"type": "LineString", "coordinates": [[-80.1572345, 25.6659099], [-80.1571717, 25.6659428], [-80.1569649, 25.6660831], [-80.1569107, 25.6661217]]}, "properties": {"project": "FL4501", "date": "19450309", "kind": "Natural.Mean High Water", "source": "T08598"}}, {"type": "Feature", "geometry": {"type": "LineString", "coordinates": [[-80.1569223, 25.6658985], [-80.1569107, 25.6661217]]}, "properties": {"project": "FL4501", "date": "19450309", "kind": "Pier", "source": "T08598"}}, {"type": "Feature", "geometry": {"type": "LineString", "coordinates": [[-80.1592365, 25.6658646], [-80.1590519, 25.6659895]]}, "properties": {"project": "FL4501", "date": "19450309", "kind": "Pier", "source": "T08598"}}, {"type": "Feature", "geometry": {"type": "LineString", "coordinates": [[-80.1590519, 25.6659895], [-80.1589409, 25.6658436], [-80.1589316, 25.6658315]]}, "properties": {"project": "FL4501", "date": "19450309", "kind": "Natural.Mean High Water", "source": "T08598"}}, {"type": "Feature", "geometry": {"type": "LineString", "coordinates": [[-80.1575172, 25.6657893], [-80.1573876, 25.6658561], [-80.1573354, 25.6658794], [-80.1572345, 25.6659099]]}, "properties": {"project": "FL4501", "date": "19450309", "kind": "Natural.Mean High Water", "source": "T08598"}}, {"type": "Feature", "geometry": {"type": "LineString", "coordinates": [[-80.1576177, 25.6657375], [-80.1575172, 25.6657893]]}, "properties": {"project": "FL4501", "date": "19450309", "kind": "Natural.Mean High Water", "source": "T08598"}}, {"type": "Feature", "geometry": {"type": "LineString", "coordinates": [[-80.1590294, 25.6657048], [-80.1589316, 25.6658315]]}, "properties": {"project": "FL4501", "date": "19450309", "kind": "Pier", "source": "T08598"}}, {"type": "Feature", "geometry": {"type": "LineString", "coordinates": [[-80.1589316, 25.6658315], [-80.1588565, 25.6657338], [-80.1588059, 25.6656994000001]]}, "properties": {"project": "FL4501", "date": "19450309", "kind": "Natural.Mean High Water", "source": "T08598"}}, {"type": "Feature", "geometry": {"type": "LineString", "coordinates": [[-80.1572408, 25.6656987], [-80.1572345, 25.6659099]]}, "properties": {"project": "FL4501", "date": "19450309", "kind": "Pier", "source": "T08598"}}, {"type": "Feature", "geometry": {"type": "LineString", "coordinates": [[-80.1588059, 25.6656994000001], [-80.1587458, 25.6656722]]}, "properties": {"project": "FL4501", "date": "19450309", "kind": "Natural.Mean High Water", "source": "T08598"}}, {"type": "Feature", "geometry": {"type": "LineString", "coordinates": [[-80.157459, 25.6656185000001], [-80.1575172, 25.6657893]]}, "properties": {"project": "FL4501", "date": "19450309", "kind": "Pier", "source": "T08598"}}, {"type": "Feature", "geometry": {"type": "LineString", "coordinates": [[-80.1576341, 25.665611], [-80.1576177, 25.6657375]]}, "properties": {"project": "FL4501", "date": "19450309", "kind": "Pier", "source": "T08598"}}, {"type": "Feature", "geometry": {"type": "LineString", "coordinates": [[-80.1578387, 25.6656106], [-80.157834, 25.6656292], [-80.1578359, 25.6656957], [-80.1578311, 25.6657107], [-80.1578121, 25.6657192], [-80.1576582, 25.6657269], [-80.1576177, 25.6657375]]}, "properties": {"project": "FL4501", "date": "19450309", "kind": "Natural.Mean High Water", "source": "T08598"}}, {"type": "Feature", "geometry": {"type": "LineString", "coordinates": [[-80.1580318, 25.6655885], [-80.1578626, 25.6656015], [-80.1578387, 25.6656106]]}, "properties": {"project": "FL4501", "date": "19450309", "kind": "Natural.Mean High Water", "source": "T08598"}}, {"type": "Feature", "geometry": {"type": "LineString", "coordinates": [[-80.1582164, 25.6655811], [-80.1581206, 25.6655816], [-80.1580318, 25.6655885]]}, "properties": {"project": "FL4501", "date": "19450309", "kind": "Natural.Mean High Water", "source": "T08598"}}, {"type": "Feature", "geometry": {"type": "LineString", "coordinates": [[-80.1583915, 25.6655801], [-80.1582164, 25.6655811]]}, "properties": {"project": "FL4501", "date": "19450309", "kind": "Natural.Mean High Water", "source": "T08598"}}, {"type": "Feature", "geometry": {"type": "LineString", "coordinates": [[-80.1587458, 25.6656722], [-80.1587033, 25.6656536], [-80.1585994, 25.6656315], [-80.1585687, 25.6656142000001], [-80.1585524, 25.6655862], [-80.1584992, 25.6655795], [-80.1583915, 25.6655801]]}, "properties": {"project": "FL4501", "date": "19450309", "kind": "Natural.Mean High Water", "source": "T08598"}}, {"type": "Feature", "geometry": {"type": "LineString", "coordinates": [[-80.1588647, 25.6655709], [-80.1588059, 25.6656994000001]]}, "properties": {"project": "FL4501", "date": "19450309", "kind": "Pier", "source": "T08598"}}, {"type": "Feature", "geometry": {"type": "LineString", "coordinates": [[-80.157819, 25.6655606], [-80.1578387, 25.6656106]]}, "properties": {"project": "FL4501", "date": "19450309", "kind": "Pier", "source": "T08598"}}, {"type": "Feature", "geometry": {"type": "LineString", "coordinates": [[-80.1580322, 25.6655232], [-80.1580318, 25.6655885]]}, "properties": {"project": "FL4501", "date": "19450309", "kind": "Pier", "source": "T08598"}}, {"type": "Feature", "geometry": {"type": "LineString", "coordinates": [[-80.1583921, 25.6654952], [-80.1583915, 25.6655801]]}, "properties": {"project": "FL4501", "date": "19450309", "kind": "Pier", "source": "T08598"}}, {"type": "Feature", "geometry": {"type": "LineString", "coordinates": [[-80.1587423, 25.6654801], [-80.1587458, 25.6656722]]}, "properties": {"project": "FL4501", "date": "19450309", "kind": "Pier", "source": "T08598"}}, {"type": "Feature", "geometry": {"type": "LineString", "coordinates": [[-80.1582127, 25.6654299], [-80.1582164, 25.6655811]]}, "properties": {"project": "FL4501", "date": "19450309", "kind": "Pier", "source": "T08598"}}, {"type": "Feature", "geometry": {"type": "LineString", "coordinates": [[-80.1555142, 25.7187752], [-80.1553376, 25.7186455], [-80.1551843, 25.7185631], [-80.1550451, 25.7185001], [-80.1549011, 25.7184521], [-80.1547452, 25.7184062], [-80.1546928, 25.7183972], [-80.1546152, 25.718384], [-80.1544639, 25.7183445], [-80.154289, 25.7183156], [-80.1539153, 25.7182792], [-80.1537474, 25.718246], [-80.1535227, 25.7182318], [-80.1532222, 25.7182108], [-80.1531087, 25.7181951], [-80.1529905, 25.718173], [-80.1529338, 25.7181534], [-80.1528182, 25.7180991], [-80.1527497, 25.7180837], [-80.1526314, 25.7180744], [-80.1524732, 25.7180263], [-80.1524355, 25.7179982], [-80.1524215, 25.7179681], [-80.1524217, 25.717936], [-80.1524314, 25.7179082], [-80.1524456, 25.7178997], [-80.1524859, 25.7178999], [-80.152552, 25.7179174], [-80.1526441, 25.7179544], [-80.1528613, 25.718035], [-80.1529865, 25.7180701], [-80.153256, 25.7181231], [-80.1533836, 25.718141], [-80.1539017, 25.7181933], [-80.1540956, 25.7182116], [-80.1543368, 25.7182473], [-80.154637, 25.7183091], [-80.1549512, 25.7183924], [-80.1551049, 25.7184537], [-80.155147, 25.7184705], [-80.1551802, 25.7184838], [-80.1553382, 25.7185683], [-80.1555007, 25.7186764], [-80.1556089, 25.7187843], [-80.1556793, 25.7188576], [-80.1557899, 25.7189612], [-80.1559663, 25.7191166], [-80.1561099, 25.7192267], [-80.1564678, 25.719499], [-80.1569478, 25.7199027], [-80.1570771, 25.72003], [-80.157183, 25.7201142], [-80.1572231, 25.7201338], [-80.1572416, 25.7201345]]}, "properties": {"project": "FL4501", "date": "19450309", "kind": "Natural.Mean High Water", "source": "T08598"}}, {"type": "Feature", "geometry": {"type": "LineString", "coordinates": [[-80.1575127, 25.7196916], [-80.1575178, 25.7196401], [-80.1575157, 25.7195994], [-80.1574644, 25.7194855], [-80.1574647, 25.7194426], [-80.1574768, 25.7194105], [-80.1575053, 25.7193871], [-80.1575742, 25.7193532], [-80.1575886, 25.7193318], [-80.1576078, 25.7192869], [-80.1576268, 25.7192763], [-80.1577144, 25.7192746], [-80.1577617, 25.7192878], [-80.157823, 25.7193267], [-80.1578466, 25.7193311], [-80.1578916, 25.7193314], [-80.1579603, 25.7193189], [-80.1580718, 25.7192853], [-80.1581051, 25.7192662], [-80.1581265, 25.7192491], [-80.1581934, 25.7191595], [-80.1582124, 25.7191488], [-80.1582976, 25.7191493], [-80.1583331, 25.7191581], [-80.1583919, 25.7191992], [-80.1584203, 25.7192037], [-80.1584748, 25.7191997], [-80.1584914, 25.7191912], [-80.1584987, 25.7191612], [-80.1585083, 25.7191527], [-80.1585654, 25.7191101], [-80.1585726, 25.719093], [-80.1585851, 25.7189923], [-80.1586019, 25.718971], [-80.1586375, 25.7189562], [-80.1586872, 25.7189543], [-80.1587321, 25.718961], [-80.1588031, 25.7189636], [-80.1588174, 25.7189529], [-80.1588533, 25.7188995], [-80.1588727, 25.718831], [-80.1588823, 25.7188118], [-80.1589013, 25.7188055], [-80.1590197, 25.7187911], [-80.1590411, 25.7187784], [-80.1590531, 25.7187549], [-80.159075, 25.7186757], [-80.1590964, 25.7186522], [-80.1591748, 25.7186162], [-80.159239, 25.718578], [-80.1592748, 25.7185396], [-80.1593565, 25.7183664], [-80.1594332, 25.7182253], [-80.1594546, 25.718204], [-80.1595022, 25.7181721], [-80.1595356, 25.7181401], [-80.1595548, 25.7181038], [-80.1596029, 25.7179969], [-80.1596362, 25.717967], [-80.1596483, 25.7179242], [-80.1596651, 25.7178986], [-80.159696, 25.7178859], [-80.1597812, 25.7178757], [-80.1598097, 25.717863], [-80.159817, 25.7178373], [-80.1598126, 25.7177965], [-80.1598104, 25.7177643], [-80.1598153, 25.7177386], [-80.1598607, 25.717681], [-80.1598821, 25.7176704], [-80.15992, 25.7176706], [-80.1599436, 25.7176772], [-80.160019, 25.7177227], [-80.1600544, 25.7177357], [-80.1601231, 25.7177383], [-80.1601539, 25.7177299], [-80.1602418, 25.7176768], [-80.1603181, 25.7176086], [-80.1603348, 25.7175851], [-80.1603636, 25.7175338], [-80.1603874, 25.7175082], [-80.1604799, 25.717483], [-80.1606841, 25.717392], [-80.1607412, 25.7173451], [-80.1607604, 25.7173152], [-80.1607701, 25.717281], [-80.1607618, 25.7171137], [-80.1607738, 25.7170859], [-80.1608024, 25.7170689], [-80.1609494, 25.7170354], [-80.1609897, 25.7170249], [-80.1610064, 25.7170057], [-80.1610161, 25.7169715], [-80.1610271, 25.7167528], [-80.1610391, 25.7167315], [-80.1610676, 25.7167059]]}, "properties": {"project": "FL4501", "date": "19450309", "kind": "Natural.Apparent.Marsh Or Swamp", "source": "T08598"}}, {"type": "Feature", "geometry": {"type": "LineString", "coordinates": [[-80.1610676, 25.7167059], [-80.161108, 25.7166847], [-80.1611886, 25.7166744], [-80.16121, 25.7166553], [-80.1612315, 25.7166275], [-80.1612534, 25.7165462], [-80.1612772, 25.7165249], [-80.161351, 25.7164652], [-80.1613559, 25.716446], [-80.1613561, 25.7164117], [-80.1613495, 25.7163366], [-80.1613615, 25.7163152], [-80.161383, 25.7162939], [-80.1614233, 25.7162813], [-80.1616154, 25.716233], [-80.1616368, 25.7162096], [-80.1616393, 25.7161924], [-80.1616444, 25.7161389], [-80.1616261, 25.7160594]]}, "properties": {"project": "FL4501", "date": "19450309", "kind": "Natural.Mean High Water", "source": "T08598"}}, {"type": "Feature", "geometry": {"type": "LineString", "coordinates": [[-80.1619062, 25.7160996], [-80.1619793, 25.7161494], [-80.1620052, 25.7161581], [-80.1620313, 25.7161475], [-80.1620386, 25.7161326], [-80.1620369, 25.7160296], [-80.16203, 25.716006], [-80.1620135, 25.7159952], [-80.1620017, 25.7159908], [-80.1619023, 25.7159924], [-80.161888, 25.7160009], [-80.1618831, 25.716018], [-80.1618803, 25.716078], [-80.1619062, 25.7160996]]}, "properties": {"project": "FL4501", "date": "19450309", "kind": "Natural.Mean High Water", "source": "T08598"}}, {"type": "Feature", "geometry": {"type": "LineString", "coordinates": [[-80.1616261, 25.7160594], [-80.1616264, 25.7160123], [-80.161636, 25.7159909], [-80.161655, 25.7159781]]}, "properties": {"project": "FL4501", "date": "19450309", "kind": "Natural.Apparent.Marsh Or Swamp", "source": "T08598"}}, {"type": "Feature", "geometry": {"type": "LineString", "coordinates": [[-80.161655, 25.7159781], [-80.1617261, 25.7159721], [-80.1617404, 25.7159593], [-80.1617405, 25.7159379], [-80.1617146, 25.7159227], [-80.1615802, 25.7158533], [-80.1614246, 25.7157645], [-80.161408, 25.7157580000001], [-80.1611951, 25.7157525], [-80.1611005, 25.7157283], [-80.1610343, 25.7157258], [-80.1609727, 25.7157276], [-80.1609206, 25.7157423]]}, "properties": {"project": "FL4501", "date": "19450309", "kind": "Natural.Mean High Water", "source": "T08598"}}, {"type": "Feature", "geometry": {"type": "LineString", "coordinates": [[-80.1609206, 25.7157423], [-80.1607566, 25.715825], [-80.1607139, 25.7158419], [-80.1606831, 25.715846], [-80.160605, 25.7158413], [-80.1605483, 25.7158324], [-80.1604774, 25.7158105], [-80.1604161, 25.7157866], [-80.1603736, 25.7157627], [-80.160336, 25.7157325], [-80.1602937, 25.7156787], [-80.1602774, 25.7156421]]}, "properties": {"project": "FL4501", "date": "19450309", "kind": "Natural.Apparent.Marsh Or Swamp", "source": "T08598"}}, {"type": "Feature", "geometry": {"type": "LineString", "coordinates": [[-80.1628917, 25.715655], [-80.1629623, 25.7157112], [-80.162993, 25.7157221000001], [-80.1630947, 25.7157248], [-80.1632463, 25.7157171], [-80.1633432, 25.7157348], [-80.1634379, 25.7157332], [-80.1634545, 25.7157204], [-80.1634998, 25.7156735], [-80.1635236, 25.7156672], [-80.1635804, 25.7156654], [-80.1636087, 25.7156741], [-80.1636912, 25.7157325], [-80.16371, 25.7157412], [-80.1637787, 25.7157437], [-80.1637929, 25.7157374], [-80.1638001, 25.7157224], [-80.1638027, 25.7156881], [-80.1638194, 25.7156689], [-80.1638408, 25.7156562], [-80.1639548, 25.7156032], [-80.1639714, 25.7155905], [-80.1639858, 25.7155734], [-80.1639956, 25.7155284]]}, "properties": {"project": "FL4501", "date": "19450309", "kind": "Natural.Mean High Water", "source": "T08598"}}, {"type": "Feature", "geometry": {"type": "LineString", "coordinates": [[-80.1622394, 25.7150854], [-80.1622411, 25.7152653], [-80.1622397, 25.7154583], [-80.1621971, 25.7157947], [-80.1621707, 25.7158589], [-80.1621608, 25.7159124], [-80.1621794, 25.7159683], [-80.1622497, 25.7160587], [-80.162379, 25.7161881], [-80.1624379, 25.7162335], [-80.1624709, 25.716253], [-80.1625443, 25.7162513], [-80.1625657, 25.7162385], [-80.16258, 25.7162107], [-80.1625755, 25.7161871], [-80.1625711, 25.7161335], [-80.1625548, 25.7160991], [-80.1624301, 25.715989], [-80.1624209, 25.7159546], [-80.1624238, 25.7158753000001], [-80.1624429, 25.7158561], [-80.162507, 25.7158222], [-80.1625167, 25.7157965], [-80.1625099, 25.7157536], [-80.1624935, 25.7157278], [-80.1624892, 25.7156699], [-80.1624941, 25.7156399], [-80.1624919, 25.7156141], [-80.1624756, 25.7155711], [-80.1624337, 25.715483], [-80.1624268, 25.7154465], [-80.1624321, 25.7153651], [-80.1624512, 25.7153459], [-80.1624869, 25.7153225], [-80.1625129, 25.7153226], [-80.1625507, 25.7153357], [-80.1626377, 25.7154091], [-80.1626708, 25.7154243], [-80.1626754, 25.7154351], [-80.1626775, 25.7154801], [-80.1626726, 25.7155015], [-80.1626417, 25.7155142], [-80.1626298, 25.715527], [-80.1626268, 25.7156213], [-80.1626361, 25.7156364000001], [-80.1626645, 25.7156451], [-80.1627094, 25.715654], [-80.1627567, 25.7156542], [-80.1627923, 25.7156394], [-80.1628396999999, 25.7156376], [-80.1628586, 25.715642], [-80.1628917, 25.715655]]}, "properties": {"project": "FL4501", "date": "19450309", "kind": "Natural.Apparent.Marsh Or Swamp", "source": "T08598"}}, {"type": "Feature", "geometry": {"type": "LineString", "coordinates": [[-80.1602774, 25.7156421], [-80.1602777, 25.7156078], [-80.1602873, 25.7155886], [-80.1603206, 25.7155566], [-80.1603398, 25.7155245], [-80.1603639, 25.7154668], [-80.1603925, 25.7154391], [-80.16044, 25.7154072], [-80.1604544, 25.7153837], [-80.1604546, 25.7153537], [-80.1604429, 25.7153322], [-80.1604147, 25.7153148], [-80.1603697, 25.7153124], [-80.1603153, 25.7153036], [-80.1602847, 25.7152841], [-80.160259, 25.7152368], [-80.1602522, 25.7151938], [-80.1602504, 25.7151123], [-80.1602601, 25.7150717], [-80.1602839, 25.7150525], [-80.160341, 25.7150121], [-80.1603531, 25.7149843], [-80.1603606, 25.7149221]]}, "properties": {"project": "FL4501", "date": "19450309", "kind": "Natural.Mean High Water", "source": "T08598"}}, {"type": "Feature", "geometry": {"type": "LineString", "coordinates": [[-80.1624776, 25.7146191], [-80.162446, 25.7147283], [-80.1624317, 25.7147454], [-80.1624055, 25.7147667], [-80.1622752, 25.7147938], [-80.162249, 25.7148129], [-80.162237, 25.7148365], [-80.1622394, 25.7150854]]}, "properties": {"project": "FL4501", "date": "19450309", "kind": "Natural.Mean High Water", "source": "T08598"}}, {"type": "Feature", "geometry": {"type": "LineString", "coordinates": [[-80.1578732, 25.720399], [-80.1575634, 25.7207104]]}, "properties": {"project": "FL4501", "date": "19450309", "kind": "Pier", "source": "T08598"}}, {"type": "Feature", "geometry": {"type": "LineString", "coordinates": [[-80.1578732, 25.720399], [-80.1579984, 25.7204556], [-80.1582368, 25.7205556]]}, "properties": {"project": "FL4501", "date": "19450309", "kind": "Pier", "source": "T08598"}}, {"type": "Feature", "geometry": {"type": "LineString", "coordinates": [[-80.1577479, 25.7203017000001], [-80.1578732, 25.720399]]}, "properties": {"project": "FL4501", "date": "19450309", "kind": "Pier", "source": "T08598"}}, {"type": "Feature", "geometry": {"type": "LineString", "coordinates": [[-80.1577479, 25.7203017000001], [-80.1577557, 25.7202955], [-80.1577724, 25.7202827], [-80.1578029, 25.720275], [-80.1578056, 25.7202744000001], [-80.1578104, 25.7202637], [-80.15782, 25.7202466], [-80.1578209, 25.7202311]]}, "properties": {"project": "FL4501", "date": "19450309", "kind": "Natural.Mean High Water", "source": "T08598"}}, {"type": "Feature", "geometry": {"type": "LineString", "coordinates": [[-80.1572416, 25.7201345], [-80.1576077, 25.7204791], [-80.1574883, 25.7206156]]}, "properties": {"project": "FL4501", "date": "19450309", "kind": "Pier", "source": "T08598"}}, {"type": "Feature", "geometry": {"type": "LineString", "coordinates": [[-80.1572416, 25.7201345], [-80.1572894, 25.7201363], [-80.1573335, 25.7201239]]}, "properties": {"project": "FL4501", "date": "19450309", "kind": "Natural.Mean High Water", "source": "T08598"}}, {"type": "Feature", "geometry": {"type": "LineString", "coordinates": [[-80.1573335, 25.7201239], [-80.157606, 25.7203826000001]]}, "properties": {"project": "FL4501", "date": "19450309", "kind": "Pier", "source": "T08598"}}, {"type": "Feature", "geometry": {"type": "LineString", "coordinates": [[-80.1578209, 25.7202311], [-80.1578253, 25.720163], [-80.1578136, 25.7201436], [-80.1577667, 25.720079], [-80.1577291, 25.7200381], [-80.1576766, 25.7200003]]}, "properties": {"project": "FL4501", "date": "19450309", "kind": "Shoreline/Alongshore Feature Boundary", "source": "T08598"}}, {"type": "Feature", "geometry": {"type": "LineString", "coordinates": [[-80.1658912, 25.731878], [-80.1660818, 25.7313239]]}, "properties": {"project": "FL4501", "date": "19450309", "kind": "Pier", "source": "T08598"}}, {"type": "Feature", "geometry": {"type": "LineString", "coordinates": [[-80.1656237, 25.7317572], [-80.1656162, 25.7317543], [-80.1655429, 25.7317389], [-80.1653489, 25.731712], [-80.1652993, 25.7317032], [-80.1649498, 25.7315747], [-80.1649026, 25.7315594], [-80.1648578, 25.731527], [-80.1648202, 25.7314882], [-80.1647713, 25.7313764], [-80.1647384, 25.7313419], [-80.1646982, 25.7313288], [-80.1646533, 25.7313242], [-80.1644734, 25.7313232], [-80.1644142, 25.7313293], [-80.1643169, 25.7313523], [-80.1639039, 25.7315215], [-80.1636901, 25.7316253], [-80.1635118, 25.7317251], [-80.1632337, 25.7318929], [-80.1630817, 25.7319563], [-80.1629939, 25.731988], [-80.1625499, 25.7321081]]}, "properties": {"project": "FL4501", "date": "19450309", "kind": "Natural.Mean High Water", "source": "T08598"}}, {"type": "Feature", "geometry": {"type": "LineString", "coordinates": [[-80.1576766, 25.7200003], [-80.1576537, 25.7199947], [-80.1575969, 25.7199901], [-80.1575802999999, 25.7199965], [-80.1575776, 25.7200393], [-80.1575868, 25.720078], [-80.1575863, 25.7201466], [-80.157579, 25.7201723], [-80.1575622, 25.7202108], [-80.1575642, 25.7202687], [-80.1576299, 25.7203398], [-80.1576583, 25.7203464], [-80.1576962, 25.7203423], [-80.1577479, 25.7203017000001]]}, "properties": {"project": "FL4501", "date": "19450309", "kind": "Natural.Mean High Water", "source": "T08598"}}, {"type": "Feature", "geometry": {"type": "LineString", "coordinates": [[-80.1578209, 25.7202311], [-80.1578795, 25.7201912], [-80.1578733, 25.7201067], [-80.1578709, 25.7200732], [-80.1577627, 25.7199675], [-80.1576766, 25.7200003]]}, "properties": {"project": "FL4501", "date": "19450309", "kind": "Pier", "source": "T08598"}}, {"type": "Feature", "geometry": {"type": "LineString", "coordinates": [[-80.1579815, 25.7200518], [-80.1579495, 25.7200007], [-80.1578556, 25.7198951], [-80.1577991, 25.7198541], [-80.1577424, 25.7198366], [-80.1576857, 25.7198212], [-80.1574785, 25.7198004]]}, "properties": {"project": "FL4501", "date": "19450309", "kind": "Pier", "source": "T08598"}}, {"type": "Feature", "geometry": {"type": "LineString", "coordinates": [[-80.1573335, 25.7201239], [-80.157363, 25.7200981], [-80.1573717, 25.7200763], [-80.1573775, 25.7200617], [-80.1573779, 25.7200039], [-80.157364, 25.7199587], [-80.1573338, 25.7198878], [-80.157327, 25.7198406], [-80.1573297, 25.7197913], [-80.1573416, 25.7197806], [-80.1573653, 25.7197829], [-80.1573747, 25.7197916], [-80.1574051, 25.7198432], [-80.1574192, 25.7198583], [-80.1574523, 25.7198606], [-80.1574642, 25.7198457], [-80.1574785, 25.7198004]]}, "properties": {"project": "FL4501", "date": "19450309", "kind": "Natural.Mean High Water", "source": "T08598"}}, {"type": "Feature", "geometry": {"type": "LineString", "coordinates": [[-80.1574785, 25.7198004], [-80.1575127, 25.7196916]]}, "properties": {"project": "FL4501", "date": "19450309", "kind": "Natural.Mean High Water", "source": "T08598"}}, {"type": "Feature", "geometry": {"type": "LineString", "coordinates": [[-80.1544942, 25.7257808], [-80.1545251, 25.725766], [-80.1545843, 25.7257577], [-80.1546885, 25.7257583], [-80.154705, 25.7257627], [-80.1547144, 25.7257713], [-80.154726, 25.7258122], [-80.1547471, 25.7258294], [-80.1547779, 25.725836], [-80.154882, 25.7258324], [-80.1550455, 25.7258119], [-80.1551284, 25.7258102], [-80.1551567, 25.7258189], [-80.1551945, 25.7258406], [-80.1552205, 25.725845], [-80.1553128, 25.7258456], [-80.1553483, 25.7258372], [-80.1553721, 25.7258223], [-80.1554128, 25.7257668], [-80.1554294, 25.725754], [-80.1555124, 25.7257331], [-80.1555504, 25.7257119], [-80.1556051, 25.7256779000001], [-80.155648, 25.7256417], [-80.1556909, 25.7255926], [-80.1557148, 25.7255713], [-80.1557551, 25.7255565], [-80.1557979, 25.7255353], [-80.1558383, 25.7255055], [-80.1558836, 25.7254672], [-80.1559456, 25.7254032], [-80.1559887, 25.725337], [-80.1560201, 25.7252407], [-80.1560687, 25.7250566], [-80.1560859, 25.7249774], [-80.1560892, 25.7248487], [-80.1560824, 25.7248037], [-80.1560687, 25.7247328], [-80.1560288, 25.7246833], [-80.156003, 25.724651], [-80.1559801, 25.724535], [-80.155945, 25.7244769], [-80.155858, 25.7243907], [-80.1555615, 25.7241424], [-80.1554062, 25.7240107], [-80.1553852, 25.7239784], [-80.1553595, 25.7239246], [-80.1553265, 25.7238987], [-80.1551825, 25.7238486], [-80.155166, 25.7238313], [-80.1550937, 25.7236915], [-80.1550630999999, 25.7236549], [-80.155016, 25.7236203000001], [-80.1549643, 25.7235793], [-80.1549337, 25.7235448], [-80.1549035, 25.7234631], [-80.1548613, 25.7234093], [-80.1548332, 25.7233641], [-80.1548122, 25.7233189], [-80.1548056, 25.7232481], [-80.154812, 25.7230102], [-80.1548265, 25.7229781], [-80.1548646, 25.7229419], [-80.1550953, 25.7227867], [-80.1551403, 25.7227805], [-80.155325, 25.7227816], [-80.1553676, 25.7227732], [-80.1553938, 25.7227541], [-80.1554482, 25.7227544], [-80.1554695, 25.7227653], [-80.1555167, 25.722787], [-80.1555615, 25.7228001], [-80.1556113, 25.7228004], [-80.1556776, 25.7227879], [-80.1557488, 25.7227626], [-80.1557608, 25.7227391], [-80.1557875, 25.7226513], [-80.1558019, 25.7226214], [-80.1558663, 25.722551], [-80.1558688, 25.7225317], [-80.1558667, 25.7224953], [-80.1558597, 25.7224781], [-80.1558244, 25.7224457], [-80.1558175, 25.7224221], [-80.1558251, 25.7223578], [-80.1558777, 25.7222723], [-80.1559282, 25.7221697], [-80.1559451, 25.7221226], [-80.1559433, 25.722039], [-80.155934, 25.7220132], [-80.1559107, 25.7219595], [-80.1558998, 25.7218307], [-80.1559096, 25.7217879], [-80.1559382, 25.7217559], [-80.1560525, 25.7216644], [-80.1560905, 25.7216432], [-80.1561852, 25.7216351], [-80.1562138, 25.7216138], [-80.1563353, 25.7215052], [-80.156388, 25.721409], [-80.1564261, 25.7213771], [-80.1564831, 25.7213581], [-80.1567863, 25.7213234], [-80.156848, 25.721298], [-80.1568933, 25.7212597], [-80.1569363, 25.7211935], [-80.1569917, 25.7210609], [-80.1570016, 25.7210095], [-80.1570023, 25.7209001], [-80.1569931, 25.7208636], [-80.1569418, 25.7207539], [-80.1569302, 25.7207196], [-80.1569334, 25.7206102], [-80.156948, 25.7205524], [-80.156972, 25.7205011], [-80.1570031, 25.7204605], [-80.1570555, 25.7204094], [-80.1570628, 25.7203858], [-80.1570607, 25.7203387], [-80.1570491, 25.7203043], [-80.1569509, 25.7201322], [-80.156904, 25.7200697], [-80.1567702, 25.719921], [-80.1565609, 25.7197225], [-80.1561842999999, 25.7194202], [-80.1556644, 25.718969], [-80.1556573, 25.7189604], [-80.1556197, 25.7189194], [-80.1555988, 25.71887], [-80.1555636, 25.7188205], [-80.1555142, 25.7187752]]}, "properties": {"project": "FL4501", "date": "19450309", "kind": "Natural.Apparent.Marsh Or Swamp", "source": "T08598"}}, {"type": "Feature", "geometry": {"type": "LineString", "coordinates": [[-80.1561284, 25.7283462], [-80.1561638, 25.7283635], [-80.1563025, 25.7284908], [-80.1563943, 25.7285664], [-80.1564156, 25.7285665], [-80.1564299, 25.7285537], [-80.1565631, 25.7284645], [-80.1565703, 25.7284473], [-80.1565563, 25.7284215], [-80.1564199, 25.7282921], [-80.1564012, 25.7282641], [-80.1563966, 25.7282405]]}, "properties": {"project": "FL4501", "date": "19450309", "kind": "Man-made", "source": "T08598"}}, {"type": "Feature", "geometry": {"type": "LineString", "coordinates": [[-80.1786123, 25.746263], [-80.1785581, 25.7462326], [-80.1783745, 25.7460772], [-80.1783226, 25.7460405], [-80.1782305999999, 25.7459949], [-80.1779239, 25.7458431], [-80.1778225, 25.7457868], [-80.1775419, 25.7456201], [-80.1774664, 25.7455832], [-80.1773601, 25.7455462], [-80.1769986, 25.7454348], [-80.1765709, 25.7453166], [-80.176311, 25.7452379], [-80.1760772, 25.7451444], [-80.1759568, 25.7450944], [-80.1758885, 25.7450511], [-80.1754461, 25.7446605], [-80.1753591, 25.74457], [-80.1752442, 25.7444128], [-80.1751572, 25.7443244], [-80.1749524, 25.7441538], [-80.1745779, 25.7438687], [-80.1743331, 25.7436679], [-80.1740978, 25.7434607], [-80.1740199, 25.7434174], [-80.1739233, 25.7433525], [-80.1735584, 25.7430502], [-80.1733233, 25.7428152], [-80.1731423, 25.742634], [-80.1730715, 25.7425908], [-80.1729916, 25.7425088], [-80.1728085, 25.7422762], [-80.1727122, 25.7421792], [-80.1724746, 25.7419462], [-80.172324, 25.741821], [-80.1721896, 25.7417409], [-80.1718933, 25.7414584], [-80.1712676, 25.7408694], [-80.1708321, 25.740511], [-80.1705895, 25.7403295], [-80.1704339, 25.7402343], [-80.1703185, 25.7401521], [-80.1699795, 25.7398715], [-80.1694148, 25.7393665], [-80.1691846, 25.7391036], [-80.168992, 25.7388881], [-80.1688015, 25.7387026], [-80.1685922, 25.7385127], [-80.1683641, 25.7382884], [-80.1682749, 25.73817], [-80.1682, 25.738058], [-80.1680989, 25.7379481], [-80.1678872, 25.7377604], [-80.1677554, 25.7376481], [-80.1676753, 25.7375919], [-80.1675928, 25.7375443], [-80.1674375, 25.737404], [-80.1671529, 25.7371365], [-80.1670399, 25.7370458], [-80.1668074, 25.7367721], [-80.1666594, 25.7366126], [-80.1664757, 25.7364743], [-80.1662543, 25.7363123], [-80.1661885, 25.7362476], [-80.1660736, 25.7360797], [-80.1660223, 25.7359657], [-80.1659924, 25.7358455], [-80.1659804, 25.7357181], [-80.1659748, 25.7356588]]}, "properties": {"project": "FL4501", "date": "19450309", "kind": "Natural.Mean High Water", "source": "T08598"}}, {"type": "Feature", "geometry": {"type": "LineString", "coordinates": [[-80.1563966, 25.7282405], [-80.1564017, 25.7281912], [-80.1564161, 25.728157], [-80.1564497, 25.7281014], [-80.1564927, 25.7280438], [-80.1565428, 25.7279862], [-80.1566024, 25.7279351], [-80.156669, 25.7278861], [-80.156745, 25.7278415], [-80.1568281, 25.7278077], [-80.1569231, 25.7277697], [-80.1570251, 25.7277424], [-80.1573757, 25.7276972], [-80.157473, 25.7276699], [-80.1575964, 25.7276299], [-80.1577199, 25.7275749], [-80.1578482, 25.727507], [-80.1579836, 25.7274327], [-80.1581596, 25.7273158], [-80.1582096, 25.7272732], [-80.1582169, 25.7272497], [-80.1582318, 25.727149], [-80.158251, 25.7271191], [-80.1582842, 25.7271107], [-80.1583791, 25.7270748], [-80.1584196, 25.7270429], [-80.1584387, 25.7270151], [-80.158446, 25.7269808], [-80.1584392, 25.7269486], [-80.158423, 25.7268906], [-80.1584116, 25.7268305], [-80.1584032, 25.7266804], [-80.1583922, 25.7265581], [-80.1583713, 25.7264958], [-80.158334, 25.7264163], [-80.1583154, 25.7263733], [-80.1582871, 25.7263517]]}, "properties": {"project": "FL4501", "date": "19450309", "kind": "Natural.Mean High Water", "source": "T08598"}}, {"type": "Feature", "geometry": {"type": "LineString", "coordinates": [[-80.1582871, 25.7263517], [-80.1582588, 25.7263408], [-80.1581643, 25.7263166], [-80.1581146, 25.7263142], [-80.1581019, 25.7263135], [-80.1579797, 25.726307], [-80.157942, 25.7262896], [-80.1578972, 25.7262572], [-80.1578736, 25.7262506], [-80.1578026, 25.7262524], [-80.1577172, 25.7262733], [-80.1576935, 25.7262753], [-80.1576296, 25.7262728], [-80.1575989, 25.7262598], [-80.1574881, 25.7262055], [-80.1574502, 25.7261967], [-80.15741, 25.7261986], [-80.1574051, 25.7262136], [-80.1574073, 25.7262394], [-80.1574401, 25.7262889], [-80.1574399, 25.7263189], [-80.1574394, 25.7263896], [-80.1574297, 25.7264282], [-80.1573938, 25.7264794], [-80.15737, 25.7264943], [-80.1572801, 25.7264959], [-80.1572352, 25.7264785], [-80.1571973, 25.7264783], [-80.1571499, 25.7264909], [-80.1570055, 25.7264922], [-80.1569157, 25.7264702], [-80.1568613, 25.7264656], [-80.1568351, 25.7264784], [-80.1568279, 25.7264998], [-80.156842, 25.726517], [-80.1568703, 25.7265322], [-80.1568749, 25.7265493], [-80.1568675, 25.7265965], [-80.1568532, 25.7266071], [-80.1566969, 25.7266148], [-80.1566802, 25.7266297], [-80.1566706, 25.7266554], [-80.156656, 25.726711], [-80.1566369, 25.7267302], [-80.1565488, 25.7267962], [-80.1565106, 25.726841], [-80.1564363, 25.7269778], [-80.1563957, 25.7270226], [-80.1563602, 25.727031], [-80.1562867, 25.7270412], [-80.1562676, 25.7270604], [-80.1562291, 25.7271546], [-80.15621, 25.7271845], [-80.1561719, 25.7272078], [-80.1561268, 25.7272247], [-80.15607, 25.7272308], [-80.1560274, 25.7272241], [-80.1559912, 25.7271997]]}, "properties": {"project": "FL4501", "date": "19450309", "kind": "Natural.Apparent.Marsh Or Swamp", "source": "T08598"}}, {"type": "Feature", "geometry": {"type": "LineString", "coordinates": [[-80.1559912, 25.7271997], [-80.1559826, 25.7271939], [-80.1556509, 25.7269068], [-80.1549734, 25.7263003], [-80.1545031, 25.7258645], [-80.1544843, 25.7258343], [-80.1544845, 25.7258108], [-80.1544942, 25.7257808]]}, "properties": {"project": "FL4501", "date": "19450309", "kind": "Natural.Mean High Water", "source": "T08598"}}, {"type": "Feature", "geometry": {"type": "LineString", "coordinates": [[-80.1553514, 25.7353767], [-80.1550239, 25.73557], [-80.1548692, 25.7356806], [-80.1548121, 25.735721], [-80.154577, 25.7358226], [-80.1544488, 25.7358733], [-80.1543419, 25.7359284], [-80.1541446, 25.7360452], [-80.1540591, 25.7360876], [-80.1538028, 25.7361761], [-80.1536484, 25.7362396], [-80.1532992, 25.7364069], [-80.1529499, 25.7365893], [-80.1527383, 25.7367253], [-80.1526335, 25.7368169], [-80.1525263, 25.7368977], [-80.1524289, 25.7369508], [-80.1523411, 25.7369781], [-80.1522582, 25.7369884], [-80.1521161, 25.7369897], [-80.1520571, 25.7369744], [-80.1519908, 25.7369632], [-80.1518938, 25.7369627], [-80.1518178, 25.7369944], [-80.1515778999999, 25.7371002], [-80.1514925, 25.7371297], [-80.1514024, 25.7371485], [-80.1510542, 25.7371765], [-80.150957, 25.7371909], [-80.1508668, 25.7372247], [-80.1508193, 25.7372545], [-80.1507764, 25.7372928], [-80.1506808, 25.7374209], [-80.1506331, 25.7374635], [-80.1505737, 25.7375018], [-80.1501578, 25.7377245], [-80.1500581, 25.7377625], [-80.1499775, 25.7377813], [-80.1496058, 25.7377791], [-80.1495466, 25.7377874], [-80.1494635, 25.7378083], [-80.1493615, 25.7378463], [-80.1492926, 25.7378802], [-80.149264, 25.7379015], [-80.1492283, 25.7379313], [-80.1491685, 25.7380103], [-80.1491423, 25.7380359], [-80.1490924, 25.7380656], [-80.148793, 25.7382204], [-80.1487384, 25.7382437], [-80.1486814, 25.7382605], [-80.1486222, 25.738273], [-80.1483639, 25.7382994], [-80.1482786, 25.738316], [-80.1481979, 25.7383456], [-80.1481337, 25.7383816], [-80.1481098, 25.7384072], [-80.1480787, 25.7384628], [-80.1480277, 25.7386383], [-80.1479965, 25.7386917], [-80.1479488, 25.7387408], [-80.1476966, 25.7389259], [-80.1473162, 25.7391531], [-80.1471708, 25.7392318], [-80.1471165, 25.7392612], [-80.1469454, 25.7393503], [-80.1467697, 25.7394329], [-80.1466296, 25.7394857], [-80.1465702, 25.7395175], [-80.1463486, 25.7397199], [-80.1461362, 25.7399545], [-80.1460647, 25.7400141], [-80.1458052, 25.7402184], [-80.1457718, 25.7402547], [-80.1457477, 25.7403125], [-80.1455771, 25.7406738], [-80.145498, 25.7407977], [-80.1452994, 25.7410946], [-80.1450406, 25.7415284], [-80.1447008, 25.742041], [-80.1445354, 25.7423144], [-80.1444826, 25.7424256], [-80.1443311, 25.7427421], [-80.1441076, 25.7432168], [-80.1438649, 25.7437107], [-80.1436085, 25.7441466], [-80.1434165, 25.7445078], [-80.1433468, 25.7446468], [-80.1433153, 25.7447409], [-80.1432185, 25.7450406], [-80.1431363, 25.7452781], [-80.1430572, 25.745417], [-80.1430067, 25.7455153], [-80.1429247, 25.7457357], [-80.1428717, 25.7458576], [-80.1427925, 25.7460051], [-80.1427588, 25.7460906], [-80.1427101, 25.7462683], [-80.1426596, 25.7463795], [-80.1424249, 25.7467598], [-80.142384, 25.7468475], [-80.1422956, 25.7469585], [-80.1421783, 25.7471314], [-80.1419795, 25.7474583], [-80.1418765, 25.7476121], [-80.1417691, 25.7477401], [-80.1417235, 25.7478171], [-80.1416276, 25.747988], [-80.1415607, 25.7480713], [-80.1413887, 25.7482889], [-80.1413528, 25.7483402], [-80.1413287, 25.7483979], [-80.1413259, 25.7484601], [-80.1413417, 25.748561], [-80.141339, 25.7486146], [-80.1413294, 25.748636], [-80.141279, 25.7487257], [-80.1412381, 25.748822], [-80.1411546, 25.7492289], [-80.1410562, 25.7497429], [-80.141058, 25.7498265], [-80.1410696, 25.7498588], [-80.1410954, 25.7498868], [-80.1411659, 25.7499622], [-80.1412035, 25.7500118], [-80.1412338, 25.7500677], [-80.1413061, 25.7502182], [-80.1413836, 25.7503195], [-80.1414428, 25.7503779]]}, "properties": {"project": "FL4501", "date": "19450309", "kind": "Natural.Mean High Water", "source": "T08598"}}, {"type": "Feature", "geometry": {"type": "LineString", "coordinates": [[-80.1553514, 25.7353767], [-80.1551419, 25.7350904], [-80.1550519, 25.7350985]]}, "properties": {"project": "FL4501", "date": "19450309", "kind": "Pier", "source": "T08598"}}, {"type": "Feature", "geometry": {"type": "LineString", "coordinates": [[-80.1589615, 25.7334915], [-80.1587004, 25.7335586], [-80.1585678, 25.7336079], [-80.1584678, 25.7336451], [-80.1580856, 25.7337973], [-80.1576724, 25.7339729], [-80.1576615, 25.7339783], [-80.1574586, 25.7340789], [-80.1573373, 25.7341575], [-80.1572135, 25.7342511], [-80.1568303, 25.7345512], [-80.1567803, 25.7345874], [-80.156702, 25.7346191], [-80.1565738, 25.7346634], [-80.1564978, 25.734693], [-80.1564455, 25.7347248], [-80.1563812, 25.7347802], [-80.1562811, 25.7348761], [-80.1561574, 25.7349633], [-80.1554161, 25.7353385], [-80.1553514, 25.7353767]]}, "properties": {"project": "FL4501", "date": "19450309", "kind": "Natural.Mean High Water", "source": "T08598"}}, {"type": "Feature", "geometry": {"type": "LineString", "coordinates": [[-80.1589615, 25.7334915], [-80.1588996999999, 25.733311]]}, "properties": {"project": "FL4501", "date": "19450309", "kind": "Pier", "source": "T08598"}}, {"type": "Feature", "geometry": {"type": "LineString", "coordinates": [[-80.1621331, 25.7322039], [-80.1620596, 25.7322142], [-80.1617824, 25.7322469], [-80.1617183, 25.7322659], [-80.1615332, 25.7323398], [-80.1613906, 25.7324119], [-80.1609843, 25.7326261], [-80.1609486, 25.7326602], [-80.1609363, 25.7327245], [-80.160922, 25.7327373], [-80.1606677, 25.7328773], [-80.1604531, 25.7329738], [-80.1603851, 25.7330044], [-80.160256, 25.7330522], [-80.1602427, 25.7330571], [-80.1600054, 25.733133], [-80.1598465, 25.7331749], [-80.159678, 25.7332319], [-80.1593337, 25.73338], [-80.1592482, 25.7334181], [-80.1591794, 25.7334391], [-80.1589945, 25.7334831], [-80.1589615, 25.7334915]]}, "properties": {"project": "FL4501", "date": "19450309", "kind": "Natural.Mean High Water", "source": "T08598"}}, {"type": "Feature", "geometry": {"type": "LineString", "coordinates": [[-80.1625499, 25.7321081], [-80.1624508, 25.732135], [-80.1623038, 25.7321684], [-80.1621331, 25.7322039]]}, "properties": {"project": "FL4501", "date": "19450309", "kind": "Natural.Apparent.Marsh Or Swamp", "source": "T08598"}}, {"type": "Feature", "geometry": {"type": "LineString", "coordinates": [[-80.1458167, 25.7465546], [-80.1458186, 25.7466211], [-80.145797, 25.7466681], [-80.1456366, 25.7469052], [-80.145596, 25.746965], [-80.1455911, 25.7469821], [-80.1455933, 25.74701], [-80.1456427, 25.7470532], [-80.1456687, 25.7470555], [-80.1457066, 25.7470514], [-80.1457351, 25.7470409], [-80.1459594, 25.7467977], [-80.1460767, 25.7466183], [-80.1461275, 25.7464728], [-80.1461515, 25.7464215], [-80.1462616, 25.7462549], [-80.1463619, 25.7461333], [-80.1464239, 25.7460693], [-80.1467243, 25.7457752], [-80.1467529, 25.7457517], [-80.1468669, 25.7457009], [-80.1469359, 25.745652], [-80.1472714, 25.7454267], [-80.1474617, 25.7452906], [-80.1477499, 25.7450607], [-80.1479283, 25.7449352], [-80.147964, 25.7449162], [-80.1480328, 25.744893], [-80.1480876, 25.7448504], [-80.1483545, 25.7445968], [-80.1483665, 25.7445776], [-80.1483524, 25.7445603], [-80.1483406, 25.7445517], [-80.1482627, 25.7445255], [-80.148142, 25.7445205], [-80.1480329, 25.7445413], [-80.1478527, 25.7445853], [-80.1477102, 25.7446445], [-80.1476319, 25.7446741], [-80.1475773, 25.7446909], [-80.1475062, 25.7447012], [-80.1474305, 25.7446986], [-80.1474211, 25.7446835], [-80.1474213, 25.7446557], [-80.1474427, 25.7446365], [-80.1474975, 25.7445961], [-80.1475142, 25.7445747], [-80.1475119999999, 25.7445576], [-80.1474837, 25.7445381], [-80.1473206, 25.7445071], [-80.1472946, 25.7444877], [-80.1472901, 25.7444641], [-80.1472926, 25.7444448], [-80.1473164, 25.7444299], [-80.1473567, 25.7444237], [-80.1476692, 25.7444148], [-80.1477404, 25.7444024], [-80.1478329, 25.7443772], [-80.1479445, 25.7443242], [-80.1479874, 25.7442923], [-80.1480948, 25.7441665], [-80.1481162, 25.7441537], [-80.1484266, 25.7441126000001], [-80.1485097, 25.7440917], [-80.1486095, 25.7440387], [-80.1486785, 25.7439855], [-80.1487071, 25.7439578], [-80.1487387, 25.7438443], [-80.1487673, 25.7438144], [-80.148815, 25.7437676], [-80.1488414, 25.7437248], [-80.1489546, 25.7434510000001], [-80.148969, 25.7434275], [-80.1490094, 25.7433935], [-80.1490143, 25.7433763], [-80.1490194, 25.7433228], [-80.1490102, 25.7432948], [-80.1489913, 25.7432754], [-80.1487935, 25.743137], [-80.1487675, 25.7431283], [-80.148732, 25.743126], [-80.1486113, 25.7431145], [-80.1485735, 25.7431014], [-80.1485571, 25.7430885], [-80.1485359, 25.7430626], [-80.148508, 25.7430024], [-80.1484568, 25.7428692], [-80.1484263, 25.7428261], [-80.1484028, 25.7428067], [-80.148358, 25.7427786], [-80.1482849, 25.7427481], [-80.1481856, 25.7427261], [-80.1480104, 25.7427165], [-80.1479844, 25.742712], [-80.1479751, 25.7426948], [-80.1479777, 25.7426584], [-80.1479896, 25.7426456], [-80.1480372, 25.7426116], [-80.1480398, 25.742588], [-80.1480352, 25.7425622], [-80.147993, 25.7425105], [-80.1479934, 25.7424505], [-80.148003, 25.7424356], [-80.1481404, 25.7424171], [-80.1481713, 25.7423979], [-80.1482167, 25.7423403], [-80.1482453, 25.7423233], [-80.1484349999999, 25.7422794], [-80.1484896, 25.7422583], [-80.1485253, 25.7422242], [-80.1485469, 25.7421879], [-80.1485497, 25.74213], [-80.1485428, 25.7421042], [-80.1485005, 25.7420546], [-80.1484841, 25.7420288], [-80.1484916, 25.7419731], [-80.1485084, 25.7419475], [-80.1485298, 25.7419347], [-80.148646, 25.7419097], [-80.1486982, 25.7418843], [-80.1487692, 25.7418847], [-80.1488118, 25.7418978], [-80.1489676, 25.7419523], [-80.1489937, 25.7419546], [-80.1490528, 25.741955], [-80.1490766, 25.7419401], [-80.1490767, 25.7419272], [-80.1490775, 25.7418114], [-80.1490872, 25.7417858], [-80.149111, 25.7417666], [-80.1492081, 25.7417607], [-80.149253, 25.7417739], [-80.1493003, 25.7417763], [-80.1493265, 25.7417657], [-80.1493596, 25.7417638], [-80.1493761, 25.7417703], [-80.1493923, 25.7418219], [-80.1494272, 25.7422488], [-80.1494458, 25.7422896], [-80.1494811, 25.7423284], [-80.1495094, 25.7423457], [-80.1496393, 25.7423808], [-80.1496889, 25.7423982], [-80.1497242, 25.7424306], [-80.1498508, 25.7426072], [-80.1499049, 25.7426611], [-80.1499803, 25.7427066], [-80.1500936, 25.7427587], [-80.1502779, 25.7428112], [-80.1504528, 25.7428487], [-80.1505617, 25.7428493], [-80.1506114, 25.7428432], [-80.1507444, 25.7427882], [-80.1508132, 25.7427714], [-80.1510429, 25.7427664000001], [-80.1513481, 25.7427896], [-80.1514925, 25.7427947], [-80.1515965, 25.7428253], [-80.1517195, 25.7428368], [-80.1520343, 25.742845], [-80.1521005, 25.7428604], [-80.1522115, 25.742904], [-80.152485, 25.7430556], [-80.1525558, 25.7430925], [-80.1525983, 25.7431013], [-80.1529865, 25.7431122], [-80.1530718, 25.7430998], [-80.1531478, 25.7430702], [-80.1532283, 25.7430707], [-80.153465, 25.7430785], [-80.1535146, 25.7430959], [-80.1535381, 25.7431197], [-80.1535354, 25.7431647], [-80.1535139, 25.7431924], [-80.1534875, 25.7432416], [-80.1534846, 25.7433273], [-80.1534961999999, 25.7433488], [-80.1535505, 25.7433813], [-80.1536118, 25.743416], [-80.1536541, 25.7434505], [-80.1536988, 25.7435023], [-80.1537313, 25.7435839], [-80.1537563, 25.7437277], [-80.1537534, 25.7438135], [-80.1537388, 25.7438649], [-80.1537221, 25.7438776], [-80.1537055, 25.7438861], [-80.1535847, 25.7438897], [-80.1534689, 25.7438676], [-80.1532866, 25.7438644], [-80.1532368, 25.7438812], [-80.1532153, 25.7439026], [-80.1532148, 25.7439733000001], [-80.1532335, 25.7440034], [-80.1532593, 25.7440422], [-80.1532591, 25.7440679], [-80.1532539, 25.7441408], [-80.1532443, 25.7441536], [-80.1532205, 25.7441706], [-80.1531422, 25.7441916], [-80.1530971, 25.7442106], [-80.1529806, 25.7442829], [-80.152945, 25.7442977], [-80.1528976, 25.7442995], [-80.1526774, 25.7443068], [-80.1526371, 25.744313], [-80.1525659, 25.7443341], [-80.1525304, 25.7443317], [-80.1525045, 25.7443165], [-80.1524458, 25.7442497], [-80.1524175, 25.7442346], [-80.1522943, 25.7442338], [-80.1521119, 25.7442478], [-80.1520503, 25.7442624], [-80.1518343, 25.7443384], [-80.1516681, 25.7443996], [-80.1516113, 25.7444078], [-80.151384, 25.7444065], [-80.1510978, 25.7443727], [-80.1506693, 25.7443659], [-80.1506148, 25.7443699], [-80.1505625, 25.7443953], [-80.1504318, 25.744461], [-80.1503868, 25.7444757], [-80.1502991, 25.7444817], [-80.1501593999999, 25.744483], [-80.1499441, 25.7444603], [-80.1496316, 25.7444585], [-80.14957, 25.7444645], [-80.1493706, 25.7445449000001], [-80.1493066, 25.7445509], [-80.1492545, 25.7445506], [-80.1489588, 25.7445167], [-80.1488973, 25.7445164], [-80.1487977, 25.7445329], [-80.1486814, 25.7445751], [-80.1486148, 25.7446133], [-80.148346, 25.7448026], [-80.1481055, 25.7449856], [-80.1477843, 25.7452153], [-80.1476321, 25.7453045], [-80.1475133, 25.7453659], [-80.1474276, 25.7454276], [-80.1470944, 25.745668], [-80.1469731, 25.745753], [-80.146842, 25.7458723], [-80.1465564, 25.7460894], [-80.146435, 25.7461766], [-80.146404, 25.7462043], [-80.1463872, 25.7462406], [-80.1462885, 25.746463]]}, "properties": {"project": "FL4501", "date": "19450309", "kind": "Natural.Apparent.Marsh Or Swamp", "source": "T08598"}}, {"type": "Feature", "geometry": {"type": "LineString", "coordinates": [[-80.1534308, 25.7503778], [-80.1537034, 25.7501965], [-80.1538151, 25.7501371], [-80.1538389, 25.7501179], [-80.1538558, 25.750073], [-80.1538773, 25.7500538], [-80.1540601, 25.7499777], [-80.1541124, 25.7499437], [-80.1541766, 25.7499033], [-80.1542548, 25.7498995], [-80.1542739, 25.7498824], [-80.1544352, 25.7498383], [-80.1544637, 25.7498214], [-80.1544852, 25.7497936], [-80.1545236, 25.7497188], [-80.1545544, 25.7497147], [-80.1545662, 25.7497212], [-80.1545917, 25.7498071], [-80.1546175, 25.7498437], [-80.154641, 25.7498567], [-80.1548044, 25.7498534], [-80.1548353, 25.7498428], [-80.1548901, 25.7497981], [-80.1549116, 25.7497661], [-80.1549145, 25.7496932], [-80.154903, 25.7496459], [-80.1549012, 25.7495645], [-80.1549108, 25.7495409], [-80.1549609, 25.749494], [-80.15498, 25.7494641], [-80.1550097, 25.7492863], [-80.1550217, 25.7492628], [-80.1550478, 25.749248], [-80.1551663, 25.7492379], [-80.1552137, 25.7492275], [-80.1552731, 25.7492], [-80.1553421, 25.7491489], [-80.1554281, 25.74904], [-80.155548, 25.7488327], [-80.1555867, 25.7487193], [-80.1556081, 25.7487002], [-80.1556887, 25.7486942], [-80.1557572, 25.7487074], [-80.1558638, 25.7487102], [-80.155897, 25.7486997], [-80.1559065, 25.7486847], [-80.1559071, 25.7486011], [-80.1558978, 25.7485796], [-80.1558768, 25.7485388], [-80.155877, 25.748513], [-80.1558844, 25.748468], [-80.1558964, 25.7484467], [-80.1560438, 25.7483596], [-80.1560795, 25.7483362], [-80.1560939, 25.7483106], [-80.1561373, 25.7481886], [-80.1561541, 25.748163], [-80.1562065, 25.7481183], [-80.1564204, 25.7479973], [-80.1564704, 25.7479654], [-80.1564895, 25.7479398], [-80.1564968, 25.7479205], [-80.1564996, 25.7478498], [-80.1564787, 25.7477896], [-80.1564747, 25.7476845], [-80.1564797, 25.7476503], [-80.156566, 25.7474985], [-80.1566329, 25.7474174], [-80.1566662, 25.7473919], [-80.1566923, 25.7473835], [-80.1567183, 25.7473879], [-80.1567631, 25.7474225], [-80.1567891, 25.7474312], [-80.1568956, 25.747434], [-80.1569264, 25.7474256], [-80.1570075, 25.7473446], [-80.1570171, 25.7473189], [-80.1570198, 25.7472782], [-80.1570129, 25.7472481], [-80.1569542, 25.7471856], [-80.1569543, 25.7471706], [-80.1569664, 25.7471342], [-80.1570764, 25.7469676], [-80.1571076, 25.7469184], [-80.1571197, 25.7468842], [-80.1571211999999, 25.7466612], [-80.1571285, 25.7466334], [-80.15715, 25.7466035], [-80.1572855, 25.7465292], [-80.1573141, 25.7465015], [-80.1573309, 25.7464716], [-80.1573506, 25.7463731], [-80.1573585, 25.7462595], [-80.1573705, 25.746236], [-80.1574038, 25.7462147], [-80.1574795, 25.746213], [-80.1575291, 25.7462283], [-80.1575978, 25.7462287], [-80.1576216, 25.7462181], [-80.1576454, 25.7461904], [-80.1576958, 25.7461006], [-80.1577033, 25.7460449], [-80.1576964, 25.7460063], [-80.1576683, 25.7459718], [-80.1576543, 25.7459438], [-80.1576546, 25.7458967], [-80.1576693, 25.7458217], [-80.1576884999999, 25.7457854], [-80.1577268, 25.7457277], [-80.1578341, 25.7456211000001], [-80.1579391, 25.7455081], [-80.1579631, 25.7454653], [-80.1580063, 25.7453798], [-80.1580278, 25.7453521], [-80.1581159, 25.7452754], [-80.1581304, 25.7452412], [-80.1581743, 25.7450613], [-80.1582417, 25.7448987], [-80.1582591, 25.7447766], [-80.1582711, 25.7447552], [-80.1583093, 25.7447104], [-80.1583166, 25.7446890000001], [-80.1583121, 25.7446568], [-80.1582979, 25.7446439], [-80.1582225, 25.7446049], [-80.1581966, 25.7445768], [-80.158185, 25.7445489], [-80.1581875, 25.7445253], [-80.1581995, 25.7445061], [-80.1582257, 25.7444827], [-80.158297, 25.7444423], [-80.1583232, 25.7444146], [-80.1583472, 25.7443719], [-80.1583738, 25.7442948], [-80.1583977, 25.7442692], [-80.1584309, 25.7442544], [-80.1585848, 25.7442553], [-80.1586488, 25.744245], [-80.1586749, 25.7442408], [-80.1587079, 25.7442496], [-80.1587457, 25.7442691], [-80.1588257, 25.7443339], [-80.1589177, 25.7443902], [-80.1589554, 25.7444054], [-80.1590004, 25.7444057], [-80.1590289, 25.7443972], [-80.159048, 25.7443759], [-80.1590985, 25.7442604], [-80.1591106, 25.7442305], [-80.1591084, 25.7441983000001], [-80.1590993, 25.7441468], [-80.1590388, 25.7440049], [-80.1590177, 25.7439662], [-80.1590066, 25.7438589], [-80.1589974, 25.7438267], [-80.1589104, 25.7437383], [-80.1588987, 25.7437146], [-80.1588972, 25.7436031], [-80.1589093, 25.7435625], [-80.1589357, 25.7435047], [-80.1589552, 25.7434276], [-80.1589578, 25.7433998], [-80.1589534, 25.7433462], [-80.1588812, 25.7431871], [-80.1588719, 25.7431527], [-80.1588683, 25.7430004], [-80.1588543, 25.7429596], [-80.158838, 25.7429295], [-80.1587886, 25.7428863], [-80.1587603, 25.7428604], [-80.1587464, 25.7428282], [-80.1587355, 25.7426845], [-80.1587194, 25.7426286], [-80.158696, 25.7425899], [-80.158609, 25.7424951], [-80.1585664999999, 25.7424755], [-80.1584271, 25.7424404], [-80.1584059, 25.7424253], [-80.1583448, 25.7423692], [-80.1582905, 25.7423388], [-80.1582552, 25.7423086], [-80.1582365, 25.7422742], [-80.1582063, 25.7421883], [-80.1581596, 25.7421065], [-80.158047, 25.7419536], [-80.1580116, 25.741932], [-80.1577963, 25.7419157], [-80.1577609, 25.7419026], [-80.1577327, 25.7418768], [-80.1577022, 25.741838], [-80.1576952, 25.7418122], [-80.1577012, 25.7416407], [-80.157692, 25.7416063], [-80.1576684, 25.7415891], [-80.1575287, 25.7415861], [-80.1575004, 25.7415752], [-80.1574888, 25.7415494], [-80.1574845, 25.7414851], [-80.1574752, 25.7414529], [-80.1574541, 25.7414334], [-80.1573904, 25.7413966], [-80.1573527, 25.741375], [-80.1573457, 25.7413578], [-80.1573277, 25.7412183], [-80.1573327, 25.7411904000001], [-80.157347, 25.7411691], [-80.1574182, 25.7411416], [-80.1574468, 25.7411161], [-80.1574755, 25.7410819], [-80.1574781, 25.7410541], [-80.1574808, 25.7409983], [-80.1574739, 25.7409683], [-80.1574341, 25.740908], [-80.1574059, 25.7408842], [-80.1573846, 25.7408734], [-80.1573777999999, 25.7408348], [-80.1573921, 25.7408177], [-80.1574182, 25.7408157], [-80.1575176, 25.7408184], [-80.1575437, 25.74081], [-80.1576201, 25.7407161], [-80.1576439, 25.7406991], [-80.1576771, 25.7406993], [-80.1576959, 25.7407144], [-80.1577241, 25.7407424], [-80.1577379, 25.7407983], [-80.1577883, 25.741043], [-80.1577999, 25.7410688000001], [-80.1579836, 25.7412156], [-80.1581387, 25.7413795000001], [-80.1581786, 25.741429], [-80.1581901, 25.7414634], [-80.158213, 25.7415729], [-80.1582317, 25.7416159], [-80.1582881, 25.741672], [-80.1583188, 25.741685], [-80.158359, 25.7416895], [-80.158397, 25.741679], [-80.1584398, 25.7416536], [-80.1584611, 25.7416558], [-80.1584822, 25.7416731], [-80.158489, 25.7417267], [-80.1585147, 25.7417676], [-80.1586839, 25.7419552], [-80.1587166, 25.7420089], [-80.1587354, 25.7420326], [-80.1587567, 25.7420349], [-80.1587924, 25.7420115], [-80.1588353, 25.7419646], [-80.1588566, 25.7419626], [-80.1589442, 25.7419609], [-80.1589844, 25.741974], [-80.1591844, 25.7421446], [-80.1593985, 25.7423452], [-80.1594219999999, 25.7423582], [-80.1595072, 25.742363], [-80.1595239, 25.7423524], [-80.1595501, 25.7423247], [-80.1595833, 25.7423249], [-80.159621, 25.7423401], [-80.1596421, 25.7423788], [-80.1596773, 25.7424155], [-80.1597009, 25.7424285], [-80.1598758, 25.7424788], [-80.1598875, 25.7424917], [-80.1599317, 25.7426056], [-80.1599458, 25.7426207], [-80.1599671, 25.7426208], [-80.1599861, 25.7426081], [-80.1600577, 25.7425292], [-80.1601933, 25.7424377], [-80.1602076, 25.7424228], [-80.160215, 25.7423821], [-80.1602341, 25.7423608], [-80.1602886, 25.7423568], [-80.1603452, 25.7423764], [-80.1603877, 25.7424024], [-80.1604418, 25.742452], [-80.1604890999999, 25.742463], [-80.1605247, 25.7424482], [-80.1605652, 25.7424077], [-80.1605779, 25.7422834], [-80.1605733, 25.7422684], [-80.160545, 25.7422554], [-80.1604338, 25.7422354], [-80.1604102, 25.7422246], [-80.1603891, 25.7422051], [-80.1603825, 25.7421301]]}, "properties": {"project": "FL4501", "date": "19450309", "kind": "Natural.Apparent.Marsh Or Swamp", "source": "T08598"}}, {"type": "Feature", "geometry": {"type": "LineString", "coordinates": [[-80.1603825, 25.7421301], [-80.1603736, 25.7420528], [-80.1603571, 25.7420334], [-80.1603264, 25.7420225], [-80.160298, 25.7420288], [-80.16026, 25.7420457], [-80.1601146, 25.74218], [-80.160079, 25.7421969], [-80.1599723, 25.7422156], [-80.1598398, 25.7422127], [-80.159828, 25.7421976], [-80.1598307, 25.7421483], [-80.159838, 25.7421312], [-80.159902, 25.742108], [-80.1599259, 25.7420845], [-80.1599332, 25.7420589], [-80.1599462, 25.7418895], [-80.1599533999999, 25.7418746], [-80.1599748, 25.741864], [-80.1601051, 25.7418476], [-80.1601431, 25.7418371], [-80.1601668, 25.7418222], [-80.1601765, 25.7418008], [-80.1601791, 25.7417644], [-80.1601698, 25.7417364], [-80.160144, 25.7416998], [-80.1601418, 25.7416784], [-80.1601562, 25.741657], [-80.1601943, 25.7416272], [-80.1602086, 25.7416016], [-80.1602138, 25.7415394], [-80.1602045, 25.7415201], [-80.1601903, 25.7415157], [-80.1601147, 25.741496], [-80.1600651, 25.7414742], [-80.1600345, 25.7414462], [-80.1600253, 25.741414], [-80.1600256, 25.7413711], [-80.1600423, 25.741354], [-80.1603085, 25.7412119], [-80.1603511, 25.74121], [-80.1604055, 25.7412146], [-80.1604574999999, 25.7412321], [-80.1604859, 25.7412322], [-80.1605049, 25.7412216], [-80.1605743, 25.7411148], [-80.1606005, 25.7410914], [-80.1606456, 25.7410766], [-80.1607309, 25.7410707], [-80.1608115, 25.7410561], [-80.1608422, 25.7410585], [-80.1609626, 25.7411085], [-80.1610004, 25.7411216], [-80.1610406, 25.7411218], [-80.1612068, 25.741067], [-80.1612826, 25.7410524], [-80.1614628, 25.7410192], [-80.1615032, 25.7409979], [-80.1615483, 25.7409725], [-80.1615699, 25.7409383], [-80.1615702, 25.7408868], [-80.1615633, 25.7408654], [-80.1615303, 25.7408373], [-80.1615019, 25.7408371], [-80.1614142, 25.7408516], [-80.1613669, 25.7408514], [-80.1613362, 25.7408447], [-80.1613363, 25.7408233], [-80.1613351, 25.7406646], [-80.1613163, 25.7406366], [-80.1612927, 25.7406301], [-80.161063, 25.7406288], [-80.1610275, 25.7406371], [-80.1610179, 25.7406521], [-80.1610128, 25.7407035], [-80.1610009, 25.7407163], [-80.1609771, 25.7407269], [-80.1608233, 25.7407217], [-80.1607569, 25.7407278], [-80.1604081999999, 25.7408287], [-80.1603583, 25.740852], [-80.1603202, 25.7408904], [-80.1602601, 25.7410122], [-80.1602243, 25.7410528], [-80.1601649, 25.7410889], [-80.1601151, 25.7411079], [-80.1600322, 25.7411117], [-80.159909, 25.7411217], [-80.1598758, 25.7411322], [-80.1597569, 25.7412044], [-80.1597213, 25.7412128], [-80.1595579, 25.7412269], [-80.1595247, 25.7412353], [-80.1594035, 25.7412946], [-80.1592991, 25.7413305], [-80.1591426, 25.7413553], [-80.1591213, 25.7413616], [-80.1590999, 25.7413786], [-80.1590997, 25.7414065], [-80.1591207, 25.7414388], [-80.1591228, 25.7414817], [-80.1591061, 25.7414944], [-80.1590705999999, 25.7414985], [-80.1589783, 25.7414959], [-80.1589263, 25.7414805], [-80.1588532, 25.7414415], [-80.1587871999999, 25.741394], [-80.1587565, 25.7413895], [-80.1586594, 25.7413932], [-80.1586405, 25.7413845], [-80.1586264, 25.7413673], [-80.1585491, 25.7412618], [-80.1585445, 25.741236], [-80.1585449, 25.741176], [-80.1585545, 25.7411568], [-80.158626, 25.7410971], [-80.1586521, 25.7410887], [-80.1587067, 25.7410676], [-80.158721, 25.7410462], [-80.1587236, 25.7410248], [-80.1587214, 25.7409926], [-80.1587006, 25.7409196], [-80.1587057, 25.7408703], [-80.1587226, 25.7408275], [-80.1587393, 25.7408083], [-80.1587725, 25.7407914], [-80.1589171, 25.740775], [-80.1589432, 25.7407623], [-80.1589884, 25.7407326], [-80.1590242, 25.7406878], [-80.1590604, 25.7405936], [-80.1590771, 25.7405787], [-80.159217, 25.7405452], [-80.1593001, 25.7405114], [-80.1593857, 25.740454], [-80.1594142, 25.7404477], [-80.1595326, 25.7404484], [-80.1595611, 25.7404357], [-80.1596585, 25.7403762], [-80.1596918, 25.7403657], [-80.159886, 25.7403497], [-80.1599121, 25.7403391], [-80.1600407, 25.740239], [-80.1601119, 25.7402073], [-80.1601239, 25.7401924], [-80.1601245, 25.7400959], [-80.1601365, 25.7400745], [-80.1601603, 25.7400639], [-80.1603807, 25.7400223], [-80.1604377, 25.7400033], [-80.1606134, 25.7399272], [-80.160642, 25.7399016], [-80.1606756, 25.7398439], [-80.1606923, 25.7398247], [-80.1607539, 25.7398208], [-80.1607798, 25.7398359], [-80.1608243, 25.7399091], [-80.1608384, 25.739922], [-80.1608549, 25.7399221], [-80.1608668, 25.7399179], [-80.1609002, 25.7398816], [-80.1609263, 25.7398732], [-80.1609878, 25.7398778], [-80.1609949, 25.7398886], [-80.161016, 25.7399102], [-80.161042, 25.7399125], [-80.1610847, 25.7399084], [-80.1610966, 25.7398935000001], [-80.1610994, 25.7398378], [-80.1611114, 25.7398142], [-80.1611921, 25.7397847], [-80.1612041, 25.739759], [-80.1612163, 25.7397141], [-80.1612189, 25.7396776000001], [-80.1612193, 25.7396219], [-80.1612288, 25.7396091], [-80.1612971, 25.7396695], [-80.1613231, 25.7396761], [-80.1613444, 25.7396762], [-80.1613705, 25.7396613], [-80.1613825, 25.73964], [-80.1613948, 25.7395757], [-80.1613902, 25.7395585], [-80.1613599, 25.7394897], [-80.1613605, 25.739404], [-80.1613748, 25.7393805], [-80.1613963, 25.7393656], [-80.1616976, 25.7392751], [-80.1617569, 25.7392497], [-80.1618211, 25.7392094], [-80.161864, 25.7391796], [-80.1618901, 25.739169], [-80.1622832, 25.7391498], [-80.1623283, 25.7391372], [-80.162364, 25.7391096], [-80.1624259, 25.7390542], [-80.1624521, 25.7390393], [-80.16258, 25.7390293], [-80.1626108, 25.7390252], [-80.1626227, 25.7390103], [-80.1626328, 25.738931], [-80.1626495, 25.7389011], [-80.1626901, 25.7388584], [-80.1627185, 25.7388543], [-80.1627635, 25.7388546], [-80.16278, 25.7388611], [-80.1628082, 25.7388913], [-80.1628342, 25.7389], [-80.1628863, 25.7389003], [-80.1629195, 25.7388898], [-80.1630363, 25.7387832], [-80.1630672, 25.7387662], [-80.1633538, 25.7387443], [-80.1634036, 25.7387317], [-80.1634297, 25.7387126], [-80.163499, 25.7386336], [-80.1635227, 25.7386188], [-80.1636576, 25.7386238], [-80.1636979, 25.7386155], [-80.1637194, 25.7385899], [-80.1637222, 25.7385384], [-80.1637129, 25.7385062], [-80.1636543, 25.7384287], [-80.1636498, 25.7383922], [-80.1636594, 25.7383751], [-80.1636785, 25.7383559], [-80.1638303, 25.7383118], [-80.1638612, 25.7382948], [-80.163885, 25.7382756], [-80.1639063, 25.7382715], [-80.1639229, 25.7382759], [-80.1639839, 25.7383555], [-80.1640263, 25.7383858], [-80.1640594, 25.7383903], [-80.1641351, 25.7383886], [-80.1641613, 25.738378], [-80.1642493, 25.7383077], [-80.1642685, 25.7382821], [-80.1642758, 25.7382543], [-80.1642738, 25.7382007], [-80.1642623, 25.7381449], [-80.1642651, 25.738087], [-80.1642747, 25.7380613], [-80.1642891, 25.7380421], [-80.1643390999999, 25.7380038], [-80.1643535, 25.7379781], [-80.1643585, 25.7379374], [-80.1643541, 25.7378817], [-80.1643355, 25.7378387], [-80.1642161, 25.7376493], [-80.1642162, 25.73763], [-80.1642329, 25.7376086], [-80.1643676, 25.7374862], [-80.1644332, 25.7374039], [-80.1646052, 25.7371905], [-80.164691, 25.7371031]]}, "properties": {"project": "FL4501", "date": "19450309", "kind": "Natural.Apparent.Marsh Or Swamp", "source": "T08598"}}, {"type": "Feature", "geometry": {"type": "LineString", "coordinates": [[-80.164691, 25.7371031], [-80.1647441, 25.7370617], [-80.1647648, 25.7370456], [-80.1648148, 25.7370116], [-80.164867, 25.7369926], [-80.1649239, 25.7369779], [-80.1653666, 25.7369762], [-80.1654139, 25.736985], [-80.1654847, 25.7370112], [-80.1655461, 25.7370394], [-80.1656262, 25.7370892], [-80.1660401, 25.7374882], [-80.1661296, 25.7375595], [-80.1664264, 25.7377777], [-80.1666004, 25.7379353], [-80.1667227, 25.7380625], [-80.1669532, 25.7382782], [-80.167179, 25.7384875], [-80.1675226, 25.7387725], [-80.1678331, 25.7390723], [-80.1680941, 25.7393204], [-80.1683741, 25.7395728], [-80.1687271, 25.7398793], [-80.1690964, 25.7402202], [-80.1694986, 25.7405913], [-80.1699882, 25.7410101], [-80.1701625, 25.7411354], [-80.1703696, 25.7413146], [-80.1706779, 25.7415801], [-80.170779, 25.7416857], [-80.170988, 25.7419185], [-80.1711852, 25.7421641], [-80.1714201, 25.7424313], [-80.1714906, 25.7425153], [-80.1715282, 25.7425455], [-80.171639, 25.7426126], [-80.1717096, 25.7426731], [-80.1718906, 25.7428671], [-80.1719447, 25.7429188], [-80.1720059, 25.7429664], [-80.1720837, 25.743014], [-80.172553, 25.7432782], [-80.1727016, 25.7433627], [-80.1727795, 25.743391], [-80.1728243, 25.7434213], [-80.1730315, 25.7435897], [-80.1732856, 25.7438142], [-80.1737184999999, 25.7442154], [-80.1741092, 25.7445479], [-80.1742289, 25.7446901], [-80.174721, 25.745096], [-80.1752035, 25.745504], [-80.1752788, 25.7455708], [-80.1754414, 25.7456747], [-80.1756863, 25.7458733], [-80.1759926, 25.7460852], [-80.1762637, 25.7462626], [-80.1764428, 25.7463729], [-80.1766363999999, 25.7464577], [-80.1769339, 25.7465816], [-80.1771677, 25.7466665], [-80.1774135, 25.7467194], [-80.1776004, 25.7467397], [-80.1778017, 25.7467387], [-80.1779771, 25.746714], [-80.1781099, 25.7466825], [-80.1783852, 25.7465833], [-80.1785538, 25.7465049], [-80.1786131, 25.7464881]]}, "properties": {"project": "FL4501", "date": "19450309", "kind": "Natural.Mean High Water", "source": "T08598"}}, {"type": "Feature", "geometry": {"type": "LineString", "coordinates": [[-80.1659748, 25.7356588], [-80.165972, 25.7353758], [-80.1659899, 25.7351808], [-80.1660067, 25.7351508], [-80.1660496, 25.735106], [-80.166166, 25.7350488], [-80.1661851, 25.7350253], [-80.1662116, 25.7349633], [-80.1662355, 25.7349356], [-80.1663687, 25.7348398], [-80.1664162, 25.7348165], [-80.1664424, 25.7347995], [-80.1664568, 25.7347717], [-80.1664769, 25.7346046], [-80.166496, 25.7345833], [-80.1666887, 25.7344450000001], [-80.1667102, 25.7344172], [-80.1667104, 25.7343915], [-80.1667106, 25.7343594], [-80.1667037, 25.7343379], [-80.1666968, 25.7343100000001], [-80.1666994, 25.7342714], [-80.1667067, 25.7342435], [-80.1667377, 25.7342137], [-80.1667686, 25.7341967], [-80.1669224, 25.7342062], [-80.1669674, 25.7341979], [-80.1669889, 25.7341765], [-80.1670487, 25.7340783], [-80.1670513, 25.7340547], [-80.1670515, 25.7340161], [-80.1670351, 25.7339946], [-80.1669738, 25.7339663], [-80.1669408, 25.7339468], [-80.1669149, 25.733921], [-80.1669056, 25.7338995], [-80.1669109, 25.7338137], [-80.1669258, 25.733713], [-80.1669262, 25.733653], [-80.1669195, 25.7335994], [-80.1668938, 25.7335478], [-80.1668587, 25.7334982], [-80.1668327, 25.7334831], [-80.1667642, 25.733472], [-80.166743, 25.7334525], [-80.1667149, 25.7334074], [-80.1666582, 25.7333877], [-80.1666347, 25.7333683], [-80.1665807, 25.7332972], [-80.1665809, 25.7332736], [-80.166617, 25.7331881], [-80.1666294, 25.7331045], [-80.1666580999999, 25.7330575], [-80.1667082, 25.7330128], [-80.1668176, 25.7329405], [-80.1669103999999, 25.7328724], [-80.1669272, 25.7328425], [-80.1669213, 25.7326602], [-80.1669286, 25.7326324], [-80.1669525, 25.7325961], [-80.1670435, 25.7324594], [-80.1670604, 25.7324101], [-80.1671535, 25.7323013], [-80.1671869, 25.7322629], [-80.1672014, 25.7322201], [-80.1672019, 25.7321493], [-80.1671949, 25.7321236], [-80.1671619, 25.7321084], [-80.167072, 25.7321014], [-80.1670342, 25.7320884], [-80.1669682, 25.7320515], [-80.1669564, 25.7320493], [-80.1669019, 25.7320511], [-80.1668852, 25.7320639], [-80.1668222, 25.7322737], [-80.1668008, 25.7322843], [-80.166699, 25.7322944], [-80.1666706, 25.7322921], [-80.1666423, 25.7322791], [-80.166607, 25.7322446]]}, "properties": {"project": "FL4501", "date": "19450309", "kind": "Natural.Apparent.Marsh Or Swamp", "source": "T08598"}}, {"type": "Feature", "geometry": {"type": "LineString", "coordinates": [[-80.166607, 25.7322446], [-80.1665607, 25.7321856], [-80.1665038, 25.7321132], [-80.1664332, 25.7320506], [-80.1663742, 25.732016], [-80.1663199, 25.7320028], [-80.1661732, 25.7319912], [-80.1661235, 25.7319824], [-80.1660739, 25.7319671], [-80.1658912, 25.731878]]}, "properties": {"project": "FL4501", "date": "19450309", "kind": "Natural.Mean High Water", "source": "T08598"}}, {"type": "Feature", "geometry": {"type": "LineString", "coordinates": [[-80.1658912, 25.731878], [-80.1657625, 25.7318152], [-80.1656846, 25.7317804], [-80.1656237, 25.7317572]]}, "properties": {"project": "FL4501", "date": "19450309", "kind": "Natural.Mean High Water", "source": "T08598"}}, {"type": "Feature", "geometry": {"type": "LineString", "coordinates": [[-80.1656237, 25.7317572], [-80.165635, 25.7315701]]}, "properties": {"project": "FL4501", "date": "19450309", "kind": "Pier", "source": "T08598"}}, {"type": "Feature", "geometry": {"type": "LineString", "coordinates": [[-80.1452335, 25.7473274], [-80.1450558, 25.7473371], [-80.1450132, 25.7473475], [-80.1449609, 25.7473772], [-80.1448654, 25.7474796], [-80.1448225, 25.7475179], [-80.1446893, 25.7476008], [-80.1445991, 25.7476346], [-80.1445706, 25.7476494], [-80.1445515, 25.7476707], [-80.144518, 25.7477241], [-80.144499, 25.7477369], [-80.1444587, 25.7477431], [-80.1444326, 25.7477537], [-80.1443754, 25.7477941], [-80.1443565, 25.7477982], [-80.1441931, 25.7478047]]}, "properties": {"project": "FL4501", "date": "19450309", "kind": "Natural.Mean High Water", "source": "T08598"}}, {"type": "Feature", "geometry": {"type": "LineString", "coordinates": [[-80.1454201, 25.747301], [-80.1452335, 25.7473274]]}, "properties": {"project": "FL4501", "date": "19450309", "kind": "Natural.Apparent.Marsh Or Swamp", "source": "T08598"}}, {"type": "Feature", "geometry": {"type": "LineString", "coordinates": [[-80.1455579, 25.7475921], [-80.1456565, 25.7474328], [-80.1456644, 25.7473235], [-80.1456622, 25.747302], [-80.1456481, 25.7472891], [-80.1456079, 25.7472846], [-80.1454201, 25.747301]]}, "properties": {"project": "FL4501", "date": "19450309", "kind": "Natural.Mean High Water", "source": "T08598"}}, {"type": "Feature", "geometry": {"type": "LineString", "coordinates": [[-80.1460309, 25.747064], [-80.145969, 25.7471151], [-80.1459236, 25.747162], [-80.1458279, 25.7473094], [-80.1457678, 25.7474292], [-80.1456956, 25.7476024], [-80.1456499, 25.7476965], [-80.145367, 25.748188], [-80.1452714, 25.7483182], [-80.1451759, 25.7484249], [-80.14514, 25.7484804], [-80.145037, 25.7486492], [-80.1448458, 25.7489032], [-80.1446259, 25.7491893], [-80.1444133, 25.7494539], [-80.1442556, 25.7496438], [-80.1442078, 25.7497121], [-80.1441813, 25.7497742], [-80.1441277, 25.7499883], [-80.1441013, 25.7500374], [-80.1440151, 25.7501763], [-80.143991, 25.7502319], [-80.1439929, 25.7502984], [-80.1440209, 25.7503543], [-80.1440544, 25.7503779]]}, "properties": {"project": "FL4501", "date": "19450309", "kind": "Natural.Mean High Water", "source": "T08598"}}, {"type": "Feature", "geometry": {"type": "LineString", "coordinates": [[-80.143045, 25.7474453], [-80.1430428, 25.7474131], [-80.143043, 25.7473853], [-80.1430598, 25.7473575], [-80.1431529, 25.7472487], [-80.1432387999999, 25.747157], [-80.143344, 25.7470161], [-80.1433655, 25.7469969], [-80.1434629, 25.7469375]]}, "properties": {"project": "FL4501", "date": "19450309", "kind": "Natural.Mean High Water", "source": "T08598"}}, {"type": "Feature", "geometry": {"type": "LineString", "coordinates": [[-80.1462051, 25.7468656], [-80.1461527, 25.7469082], [-80.1461145, 25.746953], [-80.146069, 25.7470342], [-80.1460309, 25.747064]]}, "properties": {"project": "FL4501", "date": "19450309", "kind": "Natural.Apparent.Marsh Or Swamp", "source": "T08598"}}, {"type": "Feature", "geometry": {"type": "LineString", "coordinates": [[-80.1434629, 25.7469375], [-80.1435081, 25.7469184], [-80.1436314, 25.7468827], [-80.1436505, 25.7468678], [-80.1437029, 25.7468231]]}, "properties": {"project": "FL4501", "date": "19450309", "kind": "Natural.Apparent.Marsh Or Swamp", "source": "T08598"}}, {"type": "Feature", "geometry": {"type": "LineString", "coordinates": [[-80.1437029, 25.7468231], [-80.1437219, 25.7468146000001], [-80.1437835, 25.746815], [-80.1438118, 25.7468280000001], [-80.1438729, 25.7468884], [-80.1439059, 25.7469015], [-80.1439438, 25.7469038], [-80.1440125, 25.7469042], [-80.1440315, 25.7468915], [-80.1440577, 25.7468766], [-80.1440981, 25.7468533], [-80.1441882, 25.7468281], [-80.1442167, 25.7468132], [-80.1444145, 25.7466321]]}, "properties": {"project": "FL4501", "date": "19450309", "kind": "Natural.Mean High Water", "source": "T08598"}}, {"type": "Feature", "geometry": {"type": "LineString", "coordinates": [[-80.1444145, 25.7466321], [-80.1444406, 25.746628], [-80.144533, 25.7466264], [-80.1445684, 25.746633], [-80.1446769, 25.7466916]]}, "properties": {"project": "FL4501", "date": "19450309", "kind": "Natural.Apparent.Marsh Or Swamp", "source": "T08598"}}, {"type": "Feature", "geometry": {"type": "LineString", "coordinates": [[-80.1446769, 25.7466916], [-80.144762, 25.7467178], [-80.1449727, 25.7467148], [-80.1450936, 25.7467005], [-80.145198, 25.7466668], [-80.1453097999999, 25.7465881], [-80.1453979, 25.7465157], [-80.145443, 25.7465095], [-80.1457602, 25.7465092], [-80.1457979, 25.7465331], [-80.1458167, 25.7465546]]}, "properties": {"project": "FL4501", "date": "19450309", "kind": "Natural.Mean High Water", "source": "T08598"}}, {"type": "Feature", "geometry": {"type": "LineString", "coordinates": [[-80.1462885, 25.746463], [-80.1461994, 25.7466705000001], [-80.1461849, 25.7467176], [-80.1461843, 25.7467991], [-80.1461937, 25.7468141], [-80.1462078, 25.7468271], [-80.14621, 25.7468464], [-80.1462051, 25.7468656]]}, "properties": {"project": "FL4501", "date": "19450309", "kind": "Natural.Mean High Water", "source": "T08598"}}, {"type": "Feature", "geometry": {"type": "LineString", "coordinates": [[-80.1997705, 25.7468651], [-80.1996526, 25.7468754], [-80.1994558, 25.7469215], [-80.1993799, 25.746934], [-80.1991763, 25.7469307], [-80.1990344, 25.7469128], [-80.1988216, 25.7468709], [-80.19863, 25.7468398], [-80.1983559, 25.7467547], [-80.1980486, 25.7466887], [-80.1976513, 25.7466114], [-80.1973628, 25.7465734], [-80.1967951, 25.7464931], [-80.1966862, 25.7464817], [-80.196485, 25.7464763], [-80.1960728, 25.7465127], [-80.195372, 25.7465174], [-80.1944534, 25.7465144], [-80.1941291, 25.7464976], [-80.1933574, 25.7464805], [-80.1925479, 25.7464417], [-80.1920129, 25.7464366], [-80.1918921, 25.7464445], [-80.191719, 25.7464778], [-80.1912637, 25.7465868], [-80.1911807, 25.7466035], [-80.1909179, 25.7466042], [-80.1908327, 25.7465973], [-80.1906648, 25.7465642], [-80.1905255, 25.7465141], [-80.1904216, 25.7464663], [-80.1902967, 25.7463842], [-80.1902236, 25.7463495], [-80.1901597, 25.7463384]]}, "properties": {"project": "FL4501", "date": "19450309", "kind": "Natural.Mean High Water", "source": "T08598"}}, {"type": "Feature", "geometry": {"type": "LineString", "coordinates": [[-80.1786131, 25.7464881], [-80.1788333, 25.7464872], [-80.1788419, 25.7462707], [-80.178662, 25.7462718], [-80.1786123, 25.746263]]}, "properties": {"project": "FL4501", "date": "19450309", "kind": "Man-made", "source": "T08598"}}, {"type": "Feature", "geometry": {"type": "LineString", "coordinates": [[-80.167414, 25.6974401], [-80.1674472, 25.6974296], [-80.1674827, 25.6974298], [-80.1675158, 25.6974364], [-80.1677776, 25.6975687], [-80.1679662, 25.6976705], [-80.16819, 25.6978198], [-80.168317, 25.6979234], [-80.1684019, 25.6979754], [-80.16864, 25.6981118], [-80.1686942, 25.6981421], [-80.1687415, 25.6981488], [-80.1688598, 25.6981516], [-80.1690277, 25.6981348]]}, "properties": {"project": "FL4501", "date": "19450309", "kind": "Natural.Mean High Water", "source": "T08598"}}, {"type": "Feature", "geometry": {"type": "LineString", "coordinates": [[-80.1695926, 25.6980632], [-80.1696744, 25.6980748], [-80.1697266, 25.6980665], [-80.1697622, 25.6980496], [-80.1697955, 25.6980219], [-80.1698481, 25.6979407], [-80.1698602, 25.6979022], [-80.1698826, 25.6977501], [-80.1698808, 25.6976643], [-80.1698716, 25.6976278], [-80.1697591, 25.6974749], [-80.1697546, 25.6974449000001], [-80.1697572, 25.6973977], [-80.169774, 25.6973742], [-80.1698502, 25.6973533]]}, "properties": {"project": "FL4501", "date": "19450309", "kind": "Natural.Mean High Water", "source": "T08598"}}, {"type": "Feature", "geometry": {"type": "LineString", "coordinates": [[-80.1728738, 25.6942104], [-80.1728533, 25.6942483], [-80.1728388, 25.6942889], [-80.1728426, 25.6944241], [-80.1728083, 25.694589], [-80.1727963, 25.6946103], [-80.1727869, 25.6946124], [-80.172742, 25.6946036000001], [-80.1726521, 25.6945967], [-80.1726189, 25.6945986], [-80.1725928, 25.6946135], [-80.1725428, 25.6946539], [-80.1725141, 25.6947031], [-80.1725137, 25.6947503], [-80.1725253, 25.6947932], [-80.1725676, 25.6948278], [-80.1726147, 25.6948688], [-80.1726239, 25.6949053], [-80.1726637, 25.6949655], [-80.1726896, 25.6949807], [-80.1728103, 25.6949835], [-80.1728671, 25.6949795], [-80.1729075, 25.6949562], [-80.1730125, 25.694841], [-80.1730814, 25.6948006], [-80.1731195, 25.6947623], [-80.1731387, 25.6947216], [-80.1731466, 25.6946016], [-80.1731422, 25.6945651], [-80.1731329, 25.6945308], [-80.1731356, 25.6944879], [-80.1731429, 25.6944622], [-80.173181, 25.6944324], [-80.1731882, 25.694411], [-80.1731884, 25.6943788], [-80.1731744, 25.694353], [-80.1730969, 25.694269], [-80.1730806, 25.6942346]]}, "properties": {"project": "FL4501", "date": "19450309", "kind": "Natural.Apparent.Marsh Or Swamp", "source": "T08598"}}, {"type": "Feature", "geometry": {"type": "LineString", "coordinates": [[-80.1730806, 25.6942346], [-80.1730766, 25.6942022], [-80.1730789, 25.6941359], [-80.1731053, 25.6940739], [-80.173168, 25.6939134], [-80.1731971, 25.6938064], [-80.1732696, 25.6935881], [-80.1733271, 25.6934898], [-80.1734325, 25.6933081], [-80.1734757, 25.6932183], [-80.1735596, 25.6930601], [-80.1736337, 25.6929576], [-80.1736912, 25.6928486], [-80.1737655, 25.6927225], [-80.1738347, 25.6926371], [-80.1739419, 25.6925326], [-80.1742301, 25.6922641], [-80.1743992, 25.6921021], [-80.1745447, 25.6919485], [-80.1746042, 25.6918953], [-80.1746494, 25.6918634], [-80.1749274, 25.6916977], [-80.174994, 25.6916488], [-80.1751916, 25.6914762], [-80.1753706, 25.6912606], [-80.1755138, 25.6910792], [-80.1755641, 25.6910001], [-80.1756697, 25.6907885], [-80.1757055, 25.6907415], [-80.1757817, 25.6906712], [-80.1757984, 25.6906434], [-80.1758282, 25.6904441], [-80.1758581, 25.6902342], [-80.1758773, 25.690185], [-80.1759277, 25.6900802], [-80.1759471, 25.6900224], [-80.1759883, 25.6898811], [-80.1759897, 25.6896817], [-80.1759759, 25.6896194], [-80.1759227, 25.6894347], [-80.1758482, 25.6892628], [-80.1758342, 25.6892262], [-80.1758418, 25.6891555], [-80.1758423, 25.6890912], [-80.1758194, 25.6889753], [-80.1757894, 25.6888615], [-80.1757406, 25.6887304], [-80.1757007, 25.6886809], [-80.1756583, 25.6886592], [-80.1755403, 25.688607], [-80.1755097, 25.6885919], [-80.1754718, 25.6885917], [-80.1754363, 25.6885979], [-80.1753888, 25.6886169], [-80.1753626, 25.6886382], [-80.1753505, 25.6886746], [-80.1753258, 25.6888353000001], [-80.1753063, 25.6889123], [-80.1752704, 25.6889679], [-80.1752107, 25.6890448], [-80.1751368, 25.6891301], [-80.1749748, 25.6892793], [-80.1746988, 25.6894986], [-80.1745869, 25.6895944], [-80.1745487, 25.6896543], [-80.1745246, 25.6897142], [-80.1745051, 25.6897934], [-80.1745004, 25.6901279], [-80.1744655, 25.690385], [-80.1744573, 25.69055], [-80.1744496, 25.6913133], [-80.1744491, 25.6913884000001], [-80.1744348, 25.6914076], [-80.1743969, 25.6914181], [-80.1739758, 25.6914215]]}, "properties": {"project": "FL4501", "date": "19450309", "kind": "Natural.Mean High Water", "source": "T08598"}}, {"type": "Feature", "geometry": {"type": "LineString", "coordinates": [[-80.1680115, 25.7051069], [-80.1680149, 25.7049569], [-80.1680056, 25.7049268], [-80.1679845, 25.7049052], [-80.1679468, 25.7048836], [-80.1679162, 25.7048619], [-80.1679068, 25.7048426], [-80.1679003, 25.7047654], [-80.1678933, 25.7047482], [-80.1678745, 25.7047266], [-80.1678157, 25.7046705]]}, "properties": {"project": "FL4501", "date": "19450309", "kind": "Natural.Apparent.Marsh Or Swamp", "source": "T08598"}}, {"type": "Feature", "geometry": {"type": "LineString", "coordinates": [[-80.1684556, 25.6810514], [-80.1684585, 25.680972], [-80.1684707, 25.6809121], [-80.1685666, 25.6807432], [-80.1685692, 25.6807089], [-80.1685623, 25.6806767], [-80.1685317, 25.6806465], [-80.1684659, 25.6805904], [-80.1684048, 25.6805257], [-80.1683908, 25.6804999], [-80.16834, 25.6803088], [-80.168312, 25.6802593], [-80.1682789, 25.6802484], [-80.1682506, 25.6802461], [-80.1682363, 25.6802525], [-80.1681698, 25.6802864], [-80.1681343, 25.6802883], [-80.1681084, 25.6802753], [-80.1680756, 25.6802301], [-80.1680292, 25.680084], [-80.1680081, 25.6800603], [-80.1678997, 25.6799975], [-80.1678715, 25.6799695], [-80.1678458, 25.6799264], [-80.1677316, 25.6796685], [-80.1676988, 25.6796211], [-80.1676541, 25.6795909000001], [-80.1674465, 25.6794932], [-80.1673971, 25.6794586]]}, "properties": {"project": "FL4501", "date": "19450309", "kind": "Natural.Apparent.Marsh Or Swamp", "source": "T08598"}}, {"type": "Feature", "geometry": {"type": "LineString", "coordinates": [[-80.1673971, 25.6794586], [-80.1673736, 25.6794242], [-80.1671002, 25.6789401], [-80.1670673, 25.6788992], [-80.166985, 25.6788323]]}, "properties": {"project": "FL4501", "date": "19450309", "kind": "Natural.Mean High Water", "source": "T08598"}}, {"type": "Feature", "geometry": {"type": "LineString", "coordinates": [[-80.1699142, 25.678523], [-80.1696678, 25.6785688000001], [-80.1696013, 25.6785985], [-80.1695536, 25.6786454000001], [-80.1695151, 25.6787395], [-80.1695054, 25.6787823], [-80.1695288, 25.6788168], [-80.1696463, 25.6789375], [-80.1697122, 25.6789808], [-80.1697501, 25.678981], [-80.1698162, 25.6790071], [-80.1698255, 25.6790286], [-80.1697965, 25.6791142], [-80.1697439, 25.6791954], [-80.1697579, 25.6792169], [-80.1699046, 25.6792134], [-80.1699474, 25.6791922], [-80.1700528, 25.6790041], [-80.1701194, 25.6789488], [-80.1701858, 25.6789277], [-80.1703515, 25.6789329], [-80.1704084, 25.6789118], [-80.1704180999999, 25.6788776], [-80.1703995, 25.6788303], [-80.1702543, 25.6786065], [-80.1702264, 25.6785463000001], [-80.1701792, 25.6785203], [-80.1700988, 25.6785155], [-80.1699142, 25.678523]]}, "properties": {"project": "FL4501", "date": "19450309", "kind": "Natural.Mean High Water", "source": "T08598"}}, {"type": "Feature", "geometry": {"type": "LineString", "coordinates": [[-80.1542628, 25.6704907], [-80.1542314, 25.6705487], [-80.1541691, 25.670647], [-80.1541071, 25.6707238], [-80.154033, 25.670822], [-80.1540019, 25.6708733], [-80.1539754, 25.6709482], [-80.1539615, 25.6712397], [-80.1539585, 25.6716557], [-80.1539414, 25.6717435], [-80.1538444, 25.6720774], [-80.1537693, 25.672315], [-80.1537568, 25.6724071], [-80.1537389, 25.6726043], [-80.1536753, 25.6728913], [-80.1536292, 25.6730561], [-80.1535997, 25.6732103000001], [-80.1535528, 25.6734931], [-80.1535126, 25.6738252], [-80.1535039, 25.6740481], [-80.1535264, 25.6742134], [-80.1535681, 25.6743444], [-80.1536707, 25.6745573], [-80.1538201, 25.6748412], [-80.1539621, 25.6751658], [-80.1540974, 25.675441], [-80.1541573, 25.6756772], [-80.1542804, 25.6759974], [-80.1543751, 25.6763325], [-80.1544862, 25.6766869], [-80.1545591, 25.6770797], [-80.1545699, 25.6772213], [-80.1545869, 25.6775045], [-80.1546121, 25.677614], [-80.1546654, 25.6777751], [-80.1547259, 25.6779277], [-80.1547651, 25.6780694], [-80.1548224, 25.6783313], [-80.1549663, 25.6790569], [-80.1550538, 25.6797479], [-80.1550893, 25.6800804], [-80.1551099, 25.6805072], [-80.1551233, 25.6806231], [-80.1551417, 25.6806961], [-80.15528, 25.6812158], [-80.1553424, 25.681437], [-80.1553605, 25.6815465], [-80.1554257, 25.6820293], [-80.1554541, 25.6823661], [-80.1554528, 25.6825548], [-80.1554412, 25.6828571], [-80.1553946, 25.6830884], [-80.1553773, 25.6832066]]}, "properties": {"project": "FL4501", "date": "19450309", "kind": "Natural.Mean High Water", "source": "T08598"}}, {"type": "Feature", "geometry": {"type": "LineString", "coordinates": [[-80.166985, 25.6788323], [-80.1669143, 25.6787826], [-80.1668273, 25.6787092], [-80.1665988, 25.6785513], [-80.1663513, 25.6784148], [-80.1661108, 25.6782955], [-80.1659764, 25.6782261], [-80.1658136, 25.6781673], [-80.1655704, 25.6780823], [-80.1653109, 25.6779693], [-80.1650843, 25.6778865], [-80.1648246, 25.6778143], [-80.1647608, 25.6777903], [-80.1647255, 25.6777644], [-80.1646856999999, 25.6777084], [-80.1646528, 25.6776804], [-80.1645395, 25.6776304], [-80.1643507, 25.6775671], [-80.1639426, 25.6773847], [-80.1635912, 25.6772197], [-80.1632635, 25.677042], [-80.1629996, 25.6768797], [-80.1627263, 25.6767066], [-80.1625638, 25.6766091], [-80.1623353, 25.6764642], [-80.1621303, 25.6763322], [-80.1620478, 25.6762867], [-80.1619888, 25.6762692], [-80.1619038, 25.6762387], [-80.1618661, 25.676217], [-80.1618049, 25.6761652], [-80.161751, 25.6760984], [-80.161716, 25.6760253], [-80.1616789, 25.6759243], [-80.1616794, 25.6758536], [-80.1616823, 25.6757743], [-80.1616945, 25.6757207], [-80.161733, 25.6756245], [-80.1617762, 25.6755432], [-80.1618359, 25.6754664], [-80.1618716999999, 25.6754173], [-80.16191, 25.6753489], [-80.1619338, 25.6753297], [-80.1620785, 25.6752812], [-80.1621282, 25.6752772], [-80.1622441, 25.6752843], [-80.1622795, 25.6753017], [-80.1623077, 25.6753319], [-80.1623193, 25.6753662], [-80.162442, 25.6757422], [-80.1624794, 25.6758089], [-80.1625218, 25.6758413], [-80.1625691, 25.6758523], [-80.1626730999999, 25.6758614], [-80.1627109, 25.6758724], [-80.1627556, 25.6759048], [-80.1628144, 25.6759587], [-80.1628989, 25.6760493], [-80.1629646, 25.6761354], [-80.1630277, 25.6762473], [-80.1630628, 25.6762968], [-80.1630888, 25.6763141], [-80.1632804, 25.6763238], [-80.1634982, 25.6762972], [-80.1635433, 25.6762824], [-80.1635671, 25.6762632000001], [-80.1635744, 25.6762376], [-80.1635771, 25.6761861], [-80.1635725, 25.6761625], [-80.1635492, 25.6761195], [-80.1634203, 25.6759343], [-80.1633826, 25.6759105], [-80.1633354, 25.6759017], [-80.1633024, 25.6758736], [-80.1631779, 25.6757443], [-80.1629948, 25.6755352], [-80.1629715, 25.6754879], [-80.1629273, 25.6753719], [-80.1628946, 25.6753095], [-80.1628266, 25.6752276], [-80.1627868, 25.6751652], [-80.1626465, 25.6749285], [-80.1624853, 25.6746274], [-80.162392, 25.6744404], [-80.1623712, 25.6743673], [-80.1623553, 25.6742793], [-80.1623335, 25.6740069], [-80.16232, 25.6739103], [-80.1622807, 25.6737814], [-80.1621856, 25.6735064], [-80.1621392, 25.6733689], [-80.1620738, 25.6732421], [-80.1620365, 25.6731754], [-80.1620274, 25.6731196], [-80.1620139, 25.6730144], [-80.1619978, 25.6729564], [-80.1618583, 25.6725911], [-80.1618265, 25.6724044], [-80.1617872, 25.6722819], [-80.161648, 25.6718802], [-80.161592, 25.6717619], [-80.1615359, 25.6716651], [-80.1614987, 25.6715748], [-80.1613894, 25.6713105], [-80.161331, 25.6711943], [-80.1612871, 25.671044], [-80.1611842, 25.6708719], [-80.1611211, 25.6707643], [-80.1610815, 25.6706762], [-80.1610305, 25.6705215], [-80.1609636, 25.6702831], [-80.1609293, 25.6701049]]}, "properties": {"project": "FL4501", "date": "19450309", "kind": "Natural.Apparent.Marsh Or Swamp", "source": "T08598"}}, {"type": "Feature", "geometry": {"type": "LineString", "coordinates": [[-80.1609293, 25.6701049], [-80.1608968, 25.6700147], [-80.1608106, 25.6698233], [-80.1606334, 25.6694557], [-80.1604861, 25.6691932], [-80.1603082, 25.6689199]]}, "properties": {"project": "FL4501", "date": "19450309", "kind": "Natural.Mean High Water", "source": "T08598"}}, {"type": "Feature", "geometry": {"type": "LineString", "coordinates": [[-80.1553664, 25.668291], [-80.1551979, 25.6686996], [-80.1549505, 25.6692256], [-80.1547394, 25.6696318], [-80.1545713, 25.669991], [-80.1543344, 25.6703585], [-80.1542628, 25.6704907]]}, "properties": {"project": "FL4501", "date": "19450309", "kind": "Natural.Apparent.Marsh Or Swamp", "source": "T08598"}}, {"type": "Feature", "geometry": {"type": "LineString", "coordinates": [[-80.1603082, 25.6689199], [-80.1602031, 25.668722], [-80.1601542, 25.6686102], [-80.1601266, 25.6684964], [-80.1601157, 25.6683677], [-80.1601065999999, 25.6683226], [-80.1600413, 25.6681764], [-80.1600137, 25.6680755]]}, "properties": {"project": "FL4501", "date": "19450309", "kind": "Natural.Apparent.Marsh Or Swamp", "source": "T08598"}}, {"type": "Feature", "geometry": {"type": "LineString", "coordinates": [[-80.1559177, 25.6669568], [-80.1558264, 25.6671465], [-80.1557758, 25.6672856], [-80.1557498, 25.6673535], [-80.1557324, 25.667399], [-80.1555616, 25.6677925], [-80.1554774, 25.6679871], [-80.1553664, 25.668291]]}, "properties": {"project": "FL4501", "date": "19450309", "kind": "Natural.Mean High Water", "source": "T08598"}}, {"type": "Feature", "geometry": {"type": "LineString", "coordinates": [[-80.155709, 25.6668478], [-80.1559177, 25.6669568]]}, "properties": {"project": "FL4501", "date": "19450309", "kind": "Pier", "source": "T08598"}}, {"type": "Feature", "geometry": {"type": "LineString", "coordinates": [[-80.1600137, 25.6680755], [-80.1599997, 25.6680016], [-80.1599954, 25.6679789], [-80.1599914, 25.667876], [-80.1599895, 25.667803], [-80.159978, 25.667758], [-80.1599502, 25.6676849], [-80.1598731, 25.6675365], [-80.1598172, 25.6674097], [-80.1597824, 25.6673108], [-80.1596459, 25.6668791], [-80.1596331, 25.666839]]}, "properties": {"project": "FL4501", "date": "19450309", "kind": "Natural.Mean High Water", "source": "T08598"}}, {"type": "Feature", "geometry": {"type": "LineString", "coordinates": [[-80.1559951999999, 25.6668285], [-80.155968, 25.6668621], [-80.1559273, 25.6669369], [-80.1559177, 25.6669568]]}, "properties": {"project": "FL4501", "date": "19450309", "kind": "Natural.Mean High Water", "source": "T08598"}}, {"type": "Feature", "geometry": {"type": "LineString", "coordinates": [[-80.1597699, 25.6667297], [-80.1596331, 25.666839]]}, "properties": {"project": "FL4501", "date": "19450309", "kind": "Pier", "source": "T08598"}}, {"type": "Feature", "geometry": {"type": "LineString", "coordinates": [[-80.1561328, 25.6666583], [-80.1559951999999, 25.6668285]]}, "properties": {"project": "FL4501", "date": "19450309", "kind": "Undetermined.Approximate", "source": "T08598"}}, {"type": "Feature", "geometry": {"type": "LineString", "coordinates": [[-80.1563716, 25.666483], [-80.1562612, 25.6665529], [-80.1561423, 25.6666466], [-80.1561328, 25.6666583]]}, "properties": {"project": "FL4501", "date": "19450309", "kind": "Natural.Mean High Water", "source": "T08598"}}, {"type": "Feature", "geometry": {"type": "LineString", "coordinates": [[-80.1596331, 25.666839], [-80.1595857, 25.66669], [-80.159546, 25.6666147], [-80.1594686, 25.6665071], [-80.1594246, 25.6664544]]}, "properties": {"project": "FL4501", "date": "19450309", "kind": "Natural.Mean High Water", "source": "T08598"}}, {"type": "Feature", "geometry": {"type": "LineString", "coordinates": [[-80.1595549, 25.6663468], [-80.1594246, 25.6664544]]}, "properties": {"project": "FL4501", "date": "19450309", "kind": "Pier", "source": "T08598"}}, {"type": "Feature", "geometry": {"type": "LineString", "coordinates": [[-80.1594246, 25.6664544], [-80.159221, 25.6662109]]}, "properties": {"project": "FL4501", "date": "19450309", "kind": "Natural.Mean High Water", "source": "T08598"}}, {"type": "Feature", "geometry": {"type": "LineString", "coordinates": [[-80.1568087, 25.6661944], [-80.1567889, 25.6662086], [-80.1565964, 25.6663276], [-80.1564323, 25.6664445], [-80.1563716, 25.666483]]}, "properties": {"project": "FL4501", "date": "19450309", "kind": "Natural.Mean High Water", "source": "T08598"}}, {"type": "Feature", "geometry": {"type": "LineString", "coordinates": [[-80.15622, 25.6661817], [-80.1563716, 25.666483]]}, "properties": {"project": "FL4501", "date": "19450309", "kind": "Pier", "source": "T08598"}}, {"type": "Feature", "geometry": {"type": "LineString", "coordinates": [[-80.1593954, 25.6661443], [-80.159221, 25.6662109]]}, "properties": {"project": "FL4501", "date": "19450309", "kind": "Pier", "source": "T08598"}}, {"type": "Feature", "geometry": {"type": "LineString", "coordinates": [[-80.1569107, 25.6661217], [-80.1568087, 25.6661944]]}, "properties": {"project": "FL4501", "date": "19450309", "kind": "Natural.Mean High Water", "source": "T08598"}}, {"type": "Feature", "geometry": {"type": "LineString", "coordinates": [[-80.1553668, 25.6834294], [-80.1553722, 25.6835728], [-80.1553858, 25.6836673], [-80.155462, 25.6839293], [-80.1555284, 25.684247], [-80.155561, 25.6843201], [-80.1555889, 25.684391], [-80.1556466, 25.6846037], [-80.1557417, 25.6848744], [-80.1558781, 25.6853255], [-80.1559499, 25.6855424], [-80.1560733, 25.6858412], [-80.1561559, 25.6861998], [-80.1562874, 25.6866787], [-80.156365, 25.6870822], [-80.1564195, 25.6874149], [-80.1564925, 25.6877991], [-80.1565417, 25.688209], [-80.1565959, 25.6885759], [-80.1566143, 25.688992], [-80.1566413, 25.6898563], [-80.1566592, 25.6906819], [-80.1566632, 25.6914539], [-80.156661, 25.6917605], [-80.1566607, 25.6917991], [-80.1566786, 25.6919493], [-80.1566982, 25.692196], [-80.1566854, 25.6926698], [-80.1566333, 25.6933363], [-80.1566059, 25.6938765], [-80.1565654, 25.6942451], [-80.1565477, 25.6944144], [-80.1565492, 25.694528], [-80.156567, 25.6946868], [-80.1565663, 25.6947854], [-80.156539, 25.6949697], [-80.1565307, 25.6954735], [-80.156512, 25.6957757], [-80.156454, 25.69629], [-80.156449, 25.6966609], [-80.1564389, 25.6967488], [-80.1563929, 25.6968986], [-80.1563733, 25.6969885], [-80.1563703, 25.6970807], [-80.1564035, 25.6974026], [-80.1563909, 25.6978463], [-80.156369, 25.6979384], [-80.1563362, 25.6982213], [-80.1563141, 25.6986693], [-80.1562993, 25.6987571], [-80.1562583, 25.6988684], [-80.1561974, 25.6991124], [-80.1561823, 25.699241], [-80.1561445, 25.6995603], [-80.1561275, 25.6996266], [-80.1560406, 25.6998706], [-80.1559806, 25.6999817], [-80.1559272, 25.7001766], [-80.155838, 25.7004119], [-80.1557587, 25.700583], [-80.1556024, 25.7009273], [-80.1555278, 25.7011005], [-80.1554213, 25.7014409], [-80.1552547, 25.7019095], [-80.15517, 25.7021684], [-80.1549252, 25.702643], [-80.1548217, 25.7028869], [-80.1546985, 25.7032507], [-80.1545806, 25.7035159], [-80.1543881, 25.7039629], [-80.1542179, 25.7042707], [-80.1540309, 25.7046105], [-80.153966, 25.7047474], [-80.1538502, 25.7050597], [-80.1536704, 25.7053868], [-80.1534783, 25.705778], [-80.1531284, 25.7063893], [-80.1528021, 25.7070156], [-80.1524398, 25.7077039], [-80.152274, 25.7080503], [-80.152101, 25.7084246], [-80.1520287, 25.7086043], [-80.1518617999999, 25.709105], [-80.1516813, 25.7095307], [-80.1514349, 25.7102304], [-80.151297, 25.710652], [-80.1511825, 25.7111166], [-80.1511507, 25.7112601], [-80.1510833, 25.7117507], [-80.1510518, 25.711847], [-80.1508603, 25.7124828], [-80.1507322, 25.7128572], [-80.1506576, 25.7130283], [-80.1505872, 25.713281], [-80.1505559, 25.713358], [-80.1503426, 25.7137255], [-80.1500377, 25.7143391], [-80.1497755, 25.7149187], [-80.149516, 25.7154725], [-80.1492967, 25.7160137], [-80.1491112, 25.7164779], [-80.1489881, 25.7168139], [-80.1488722, 25.7171348], [-80.1488064, 25.7173939], [-80.1487187, 25.7177364], [-80.1485951, 25.7181517], [-80.1485676, 25.7183531], [-80.1485066, 25.7186079], [-80.1483657, 25.7191131], [-80.1483063, 25.7194837], [-80.1482207, 25.7198691], [-80.1481236, 25.7202074], [-80.1480258, 25.7206356], [-80.147927, 25.7208859], [-80.1478572, 25.7210442], [-80.1478328, 25.7211513], [-80.1477859, 25.7214233], [-80.1476911, 25.721768], [-80.1476229, 25.7220463], [-80.1475437, 25.7225261], [-80.1474681, 25.7228409], [-80.1474606, 25.7228945], [-80.147457, 25.7230681], [-80.1474729, 25.723154], [-80.147523, 25.7234394], [-80.1475502, 25.723609], [-80.1475638, 25.7236841], [-80.1475941, 25.7237615], [-80.1476754, 25.7239721], [-80.1476845, 25.7240215], [-80.1476814, 25.7241201000001], [-80.1476666, 25.7242036], [-80.1476083, 25.7244156], [-80.147608, 25.7244649], [-80.1476144, 25.7245528], [-80.1476681, 25.7246668], [-80.1478055, 25.7249742], [-80.1478449, 25.7250988], [-80.1478514, 25.7251867], [-80.1478494999999, 25.725444], [-80.1478325, 25.7255168], [-80.1477049, 25.7258099], [-80.1476808, 25.7258676], [-80.1476686, 25.7259276], [-80.1476653, 25.7260519], [-80.147693, 25.7261443], [-80.1477109, 25.7263031], [-80.1477224, 25.7263439], [-80.1478769, 25.7265913], [-80.1479822, 25.7267528], [-80.1480171, 25.7268452], [-80.1480765, 25.7271479], [-80.1480951, 25.7271994], [-80.1481208, 25.7272339], [-80.1481868, 25.7272772], [-80.1486539, 25.7275029], [-80.1488473, 25.7276112], [-80.1488945, 25.7276265], [-80.1489465, 25.7276332], [-80.1490436, 25.7276317], [-80.1493513, 25.7276292], [-80.1493868, 25.727638], [-80.1494683, 25.7276831], [-80.1495470999999, 25.7277268], [-80.1496628, 25.7277661], [-80.1499169, 25.7278365], [-80.1499393, 25.7278427], [-80.1501541, 25.7279212], [-80.1503358, 25.7280123], [-80.1504159, 25.7280621], [-80.150557, 25.7281851], [-80.1506041, 25.7282197], [-80.1506655, 25.7282458], [-80.1508995, 25.7282922], [-80.1509633, 25.7283119], [-80.1510483, 25.7283488], [-80.1512746, 25.7284723], [-80.151593, 25.7286436], [-80.1518382, 25.7287844], [-80.1521118, 25.7289275], [-80.1523524999999, 25.7290361], [-80.1524422, 25.7290667], [-80.1525273, 25.7290907], [-80.1529694, 25.7291641], [-80.1530498, 25.7291795], [-80.1531137, 25.7291799], [-80.1531777, 25.7291696], [-80.1534147, 25.7291302], [-80.1535024, 25.7291178], [-80.1535829, 25.7291119], [-80.1537628, 25.7291151], [-80.1538929, 25.729133], [-80.1541248, 25.7291365], [-80.1541722, 25.7291282], [-80.1542197, 25.7291049], [-80.1542838, 25.7290881], [-80.1543787, 25.7290607], [-80.1544285, 25.7290439], [-80.1545786, 25.7289054], [-80.1546573, 25.7288286], [-80.1546907, 25.728786], [-80.1547744, 25.7286621], [-80.154815, 25.7286173], [-80.1548674, 25.7285747], [-80.1549101, 25.7285535], [-80.1550811, 25.7284795], [-80.1551453, 25.7284455], [-80.1552165, 25.7284159], [-80.1553161, 25.728395], [-80.1557682, 25.7283912], [-80.1558346, 25.7283852], [-80.1560834, 25.7283416], [-80.1561284, 25.7283462]]}, "properties": {"project": "FL4501", "date": "19450309", "kind": "Natural.Mean High Water", "source": "T08598"}}, {"type": "Feature", "geometry": {"type": "LineString", "coordinates": [[-80.1553773, 25.6832066], [-80.1547176, 25.6832796]]}, "properties": {"project": "FL4501", "date": "19450309", "kind": "Undetermined Alongshore Feature", "source": "T08598"}}, {"type": "Feature", "geometry": {"type": "LineString", "coordinates": [[-80.1553773, 25.6832066], [-80.1553623, 25.6833091], [-80.1553668, 25.6834294]]}, "properties": {"project": "FL4501", "date": "19450309", "kind": "Natural.Mean High Water", "source": "T08598"}}, {"type": "Feature", "geometry": {"type": "LineString", "coordinates": [[-80.1703529, 25.6828551], [-80.1702611, 25.6828073], [-80.1703152, 25.6826844]]}, "properties": {"project": "FL4501", "date": "19450309", "kind": "Pier", "source": "T08598"}}, {"type": "Feature", "geometry": {"type": "LineString", "coordinates": [[-80.1703215, 25.6822836], [-80.1702583, 25.6823627]]}, "properties": {"project": "FL4501", "date": "19450309", "kind": "Pier", "source": "T08598"}}, {"type": "Feature", "geometry": {"type": "LineString", "coordinates": [[-80.1703215, 25.6822836], [-80.1703376, 25.682295], [-80.1703752, 25.6823359], [-80.1703963, 25.6823682], [-80.1704217, 25.6824563], [-80.1704327, 25.6825764], [-80.1704274, 25.6826514], [-80.1703983, 25.6827542], [-80.1703529, 25.6828551]]}, "properties": {"project": "FL4501", "date": "19450309", "kind": "Man-made", "source": "T08598"}}, {"type": "Feature", "geometry": {"type": "LineString", "coordinates": [[-80.1700842, 25.6821127], [-80.1699231, 25.6821171]]}, "properties": {"project": "FL4501", "date": "19450309", "kind": "Pier", "source": "T08598"}}, {"type": "Feature", "geometry": {"type": "LineString", "coordinates": [[-80.1700842, 25.6821127], [-80.1703215, 25.6822836]]}, "properties": {"project": "FL4501", "date": "19450309", "kind": "Man-made", "source": "T08598"}}, {"type": "Feature", "geometry": {"type": "LineString", "coordinates": [[-80.1771705, 25.6865466], [-80.1771613, 25.6865492], [-80.1770217, 25.6865484], [-80.1769721, 25.6865331], [-80.1769509, 25.6865115], [-80.1769019, 25.6864105], [-80.1768367, 25.6862643], [-80.1767992, 25.6862126], [-80.1765663, 25.6860076], [-80.1763357, 25.6858155], [-80.1761189, 25.6856899], [-80.175544, 25.68532], [-80.1751249, 25.6850131], [-80.1747434, 25.6847408], [-80.1746728, 25.6846868], [-80.1746328999999, 25.6846415], [-80.1744898, 25.6844671], [-80.174438, 25.6844174], [-80.1743768, 25.6843742], [-80.1739099, 25.68414], [-80.1738439, 25.6840989], [-80.1737639, 25.684032], [-80.1734653, 25.6837515], [-80.1729877, 25.6833586], [-80.1727222, 25.6830869], [-80.1724187, 25.6828214], [-80.1719596, 25.6824929], [-80.1718748, 25.6824324], [-80.1718276, 25.6824192], [-80.1717803, 25.6824125], [-80.1717449, 25.6823952], [-80.1716602, 25.6823239], [-80.1716013, 25.6822872], [-80.1715258999999, 25.6822481], [-80.1714693, 25.6822114], [-80.1712433, 25.682045], [-80.1711117, 25.6819199], [-80.171074, 25.6818853], [-80.1710505, 25.6818702], [-80.1710381, 25.6818679]]}, "properties": {"project": "FL4501", "date": "19450309", "kind": "Natural.Mean High Water", "source": "T08598"}}, {"type": "Feature", "geometry": {"type": "LineString", "coordinates": [[-80.1710381, 25.6818679], [-80.1709914, 25.6818591], [-80.1708162, 25.6818732], [-80.1700703, 25.6819418], [-80.1700465, 25.6819631], [-80.1700461, 25.6820253], [-80.1700599, 25.6820811], [-80.1700842, 25.6821127]]}, "properties": {"project": "FL4501", "date": "19450309", "kind": "Man-made", "source": "T08598"}}, {"type": "Feature", "geometry": {"type": "LineString", "coordinates": [[-80.1753307, 25.6879891], [-80.175291, 25.6880246], [-80.1752111, 25.6879534]]}, "properties": {"project": "FL4501", "date": "19450309", "kind": "Pier", "source": "T08598"}}, {"type": "Feature", "geometry": {"type": "LineString", "coordinates": [[-80.1752741, 25.6877603], [-80.1752049, 25.6878247], [-80.1751995, 25.6879126]]}, "properties": {"project": "FL4501", "date": "19450309", "kind": "Pier", "source": "T08598"}}, {"type": "Feature", "geometry": {"type": "LineString", "coordinates": [[-80.1752741, 25.6877603], [-80.1752964, 25.687941], [-80.1753126999999, 25.6879797], [-80.1753307, 25.6879891]]}, "properties": {"project": "FL4501", "date": "19450309", "kind": "Natural.Mean High Water", "source": "T08598"}}, {"type": "Feature", "geometry": {"type": "LineString", "coordinates": [[-80.1785724, 25.6865709], [-80.1785096999999, 25.6866104], [-80.1783958, 25.6866655], [-80.1782891, 25.6866928], [-80.178248, 25.6867012]]}, "properties": {"project": "FL4501", "date": "19450309", "kind": "Shoreline/Alongshore Feature Boundary", "source": "T08598"}}, {"type": "Feature", "geometry": {"type": "LineString", "coordinates": [[-80.1785724, 25.6865709], [-80.1784915, 25.6864945], [-80.1781832, 25.6865935], [-80.178248, 25.6867012]]}, "properties": {"project": "FL4501", "date": "19450309", "kind": "Pier", "source": "T08598"}}, {"type": "Feature", "geometry": {"type": "LineString", "coordinates": [[-80.178248, 25.6867012], [-80.1781777, 25.6867157], [-80.1780239, 25.686717], [-80.1778986, 25.6866948], [-80.1778703, 25.6866797], [-80.1778445, 25.6866474], [-80.1778024, 25.6865828], [-80.1777794, 25.6864798], [-80.1777815, 25.6864469]]}, "properties": {"project": "FL4501", "date": "19450309", "kind": "Natural.Mean High Water", "source": "T08598"}}, {"type": "Feature", "geometry": {"type": "LineString", "coordinates": [[-80.1774032, 25.6864222], [-80.1772823, 25.6864962], [-80.1772135, 25.6865345000001], [-80.1771705, 25.6865466]]}, "properties": {"project": "FL4501", "date": "19450309", "kind": "Man-made", "source": "T08598"}}, {"type": "Feature", "geometry": {"type": "LineString", "coordinates": [[-80.177705, 25.6862372000001], [-80.1774032, 25.6864222]]}, "properties": {"project": "FL4501", "date": "19450309", "kind": "Shoreline/Alongshore Feature Boundary", "source": "T08598"}}, {"type": "Feature", "geometry": {"type": "LineString", "coordinates": [[-80.177705, 25.6862372000001], [-80.1776089, 25.6861443], [-80.1773237, 25.6863271], [-80.1774032, 25.6864222]]}, "properties": {"project": "FL4501", "date": "19450309", "kind": "Pier", "source": "T08598"}}, {"type": "Feature", "geometry": {"type": "LineString", "coordinates": [[-80.1753307, 25.6879891], [-80.1753457, 25.687997], [-80.1754262, 25.6879974], [-80.1754878, 25.6879914], [-80.1755494, 25.6879746], [-80.1757131, 25.687909], [-80.1757677, 25.6878922], [-80.1758056, 25.6878902], [-80.1758742, 25.6878928], [-80.1759096, 25.6879037], [-80.1759945, 25.6879471], [-80.1760535, 25.6879624], [-80.1761647, 25.6879673], [-80.1762121, 25.6879569], [-80.1763308, 25.6879082], [-80.1763783, 25.6878763], [-80.1765, 25.6877419], [-80.1766836, 25.6875307], [-80.1768459, 25.68733], [-80.1769174, 25.6872597], [-80.1770055, 25.6871873], [-80.1771934, 25.6870468], [-80.1772955, 25.6869852], [-80.1773834, 25.686945], [-80.177464, 25.686924], [-80.1781672, 25.6868722], [-80.1782643, 25.6868599], [-80.1783946, 25.6868306], [-80.1785108, 25.6867948], [-80.1786152, 25.6867546], [-80.1787008, 25.6866951], [-80.1787485, 25.6866417], [-80.1787725, 25.6865947], [-80.1787806, 25.6864554], [-80.1787739, 25.6863932], [-80.1787413, 25.6863136], [-80.1786523, 25.6861866], [-80.1785888, 25.6861219], [-80.1785252, 25.686083], [-80.1784116, 25.6860845], [-80.1783736, 25.6860971], [-80.1783664, 25.6861185], [-80.1783731, 25.6861786], [-80.1784012, 25.6862152], [-80.1785683, 25.6863577], [-80.1785987, 25.6863986], [-80.178608, 25.6864351], [-80.1786074, 25.6865166], [-80.1786001, 25.6865423], [-80.1785724, 25.6865709]]}, "properties": {"project": "FL4501", "date": "19450309", "kind": "Natural.Mean High Water", "source": "T08598"}}, {"type": "Feature", "geometry": {"type": "LineString", "coordinates": [[-80.1777815, 25.6864469], [-80.1777821, 25.686439], [-80.1778012, 25.6864113], [-80.1781481, 25.6862031], [-80.1781484, 25.6861559], [-80.1780428, 25.6860288], [-80.1779977, 25.6860457], [-80.1777434, 25.6862137], [-80.177705, 25.6862372000001]]}, "properties": {"project": "FL4501", "date": "19450309", "kind": "Man-made", "source": "T08598"}}, {"type": "Feature", "geometry": {"type": "LineString", "coordinates": [[-80.1691959, 25.6851746], [-80.1691013, 25.6851698], [-80.1690517, 25.6851566], [-80.1689998, 25.6851285], [-80.1689033, 25.685055], [-80.1688397, 25.6850139], [-80.1687689, 25.6849856], [-80.168672, 25.6849722], [-80.1684969, 25.6849755], [-80.1684305, 25.6849859], [-80.1683784, 25.6850027], [-80.1683451, 25.6850283], [-80.1683116, 25.6850688], [-80.1682899, 25.6851309], [-80.1682681, 25.6852122], [-80.1682603, 25.685313], [-80.1682693, 25.6853709], [-80.1683232, 25.6854548], [-80.1683912, 25.6855367], [-80.1684382, 25.6855799000001], [-80.1684901, 25.6856059], [-80.1685988999999, 25.6856108], [-80.1686488, 25.6855918], [-80.1687129, 25.68556], [-80.1687745, 25.6855432], [-80.1689878, 25.6854951], [-80.1690472, 25.6854654], [-80.1690877, 25.685427], [-80.1691931, 25.6852475], [-80.1692028, 25.6852111], [-80.1691959, 25.6851746]]}, "properties": {"project": "FL4501", "date": "19450309", "kind": "Natural.Mean High Water", "source": "T08598"}}, {"type": "Feature", "geometry": {"type": "LineString", "coordinates": [[-80.1735614, 25.6914227], [-80.1733887, 25.6914231], [-80.1730646, 25.6913998], [-80.1730434, 25.6913933], [-80.1730293, 25.6913782], [-80.1730271, 25.6913524], [-80.1730258, 25.6912023], [-80.1730526, 25.691091], [-80.1730768, 25.6910096], [-80.1731007, 25.6909733], [-80.1731389, 25.6909307], [-80.1731722, 25.6909094], [-80.1732339, 25.6908797], [-80.1737247, 25.6907496], [-80.173893, 25.6906969], [-80.173924, 25.6906757], [-80.1739431, 25.6906457], [-80.1739528, 25.6906072], [-80.1740096, 25.6902602], [-80.1740103, 25.6901637], [-80.1739851, 25.6900456], [-80.1739761, 25.6899726], [-80.1739819, 25.689829], [-80.1739751, 25.6897839], [-80.1739331, 25.6896872], [-80.1739334, 25.6896443], [-80.1739363, 25.6895779], [-80.1739247, 25.6895328], [-80.1738406, 25.6893736], [-80.1738314, 25.689335], [-80.1738017, 25.6891912], [-80.1737761, 25.6891245], [-80.1735848, 25.6887225], [-80.1735452, 25.6886322], [-80.1735108, 25.6884755], [-80.1734901, 25.688396], [-80.1734153, 25.6882627], [-80.1733521, 25.6881508], [-80.1733056, 25.6880369], [-80.1731851, 25.6876674], [-80.1730735, 25.6873795], [-80.1730407, 25.6873364], [-80.1729842, 25.6872889], [-80.1727673, 25.6871697], [-80.1724021, 25.6869425], [-80.1723173, 25.6868756], [-80.1722138, 25.6867871], [-80.1721317, 25.6866944], [-80.172045, 25.6865695], [-80.172003, 25.6864707], [-80.1719797, 25.6864298], [-80.1718384, 25.6863304], [-80.1717232, 25.6862204], [-80.1716527, 25.6861406], [-80.1716179, 25.6860396], [-80.1715432, 25.6858934], [-80.1713892, 25.6855838], [-80.1712819, 25.6853602], [-80.1712243, 25.6851347], [-80.171194, 25.6850659], [-80.1711401, 25.6849948], [-80.1711144, 25.6849389], [-80.1711053, 25.6848853], [-80.1711109, 25.6847567], [-80.171123, 25.684731], [-80.1711443, 25.6847183], [-80.1713715, 25.6847195], [-80.1714093, 25.684724], [-80.1714755, 25.6847437], [-80.1717207, 25.6848695], [-80.1718386, 25.6849323], [-80.1719071, 25.684952], [-80.1720276, 25.6849741], [-80.1720937, 25.684996], [-80.1721738, 25.6850436], [-80.1723623, 25.685169], [-80.1724235, 25.685208], [-80.1725885, 25.6853011], [-80.1727865, 25.6854244], [-80.1728453, 25.6854677], [-80.1730288, 25.6856209], [-80.1731231, 25.6856772], [-80.1735985, 25.6860552], [-80.1738831, 25.6863012], [-80.1741609, 25.6865236], [-80.1743492, 25.6866598], [-80.1744269, 25.6867181], [-80.1747751, 25.6870203], [-80.1750433, 25.6872405], [-80.1751209, 25.6873139], [-80.1751819, 25.6873957], [-80.1752239, 25.687471], [-80.1752516, 25.6875783], [-80.1752741, 25.6877603]]}, "properties": {"project": "FL4501", "date": "19450309", "kind": "Natural.Mean High Water", "source": "T08598"}}, {"type": "Feature", "geometry": {"type": "LineString", "coordinates": [[-80.1553668, 25.6834294], [-80.1547161, 25.6834897]]}, "properties": {"project": "FL4501", "date": "19450309", "kind": "Undetermined Alongshore Feature", "source": "T08598"}}, {"type": "Feature", "geometry": {"type": "LineString", "coordinates": [[-80.1678157, 25.7046705], [-80.1678017999999, 25.704634], [-80.1677763, 25.7045545], [-80.1677745, 25.7044666], [-80.1677701999999, 25.7044044], [-80.1677634, 25.7043722], [-80.1676723, 25.7041894], [-80.1676678, 25.7041637], [-80.1676755, 25.7040736], [-80.1676875, 25.7040501], [-80.1677852, 25.7039499], [-80.1677973, 25.7039178], [-80.1677977, 25.7038556], [-80.1677885, 25.7038213], [-80.1677161, 25.7036858], [-80.1676766, 25.703574], [-80.1676302, 25.7034473000001], [-80.1675579, 25.7032839], [-80.1675464, 25.7032452], [-80.1675466, 25.7032088]]}, "properties": {"project": "FL4501", "date": "19450309", "kind": "Natural.Mean High Water", "source": "T08598"}}, {"type": "Feature", "geometry": {"type": "LineString", "coordinates": [[-80.1739758, 25.6914215], [-80.1739259, 25.6914219], [-80.1735614, 25.6914227]]}, "properties": {"project": "FL4501", "date": "19450309", "kind": "Shoreline/Alongshore Feature Boundary", "source": "T08598"}}, {"type": "Feature", "geometry": {"type": "LineString", "coordinates": [[-80.1628867, 25.714332], [-80.1628416, 25.7143553], [-80.162735, 25.7143633], [-80.1627183, 25.7143782], [-80.1626562, 25.7144615], [-80.1625729, 25.7145339], [-80.1624943, 25.7145935], [-80.1624776, 25.7146191]]}, "properties": {"project": "FL4501", "date": "19450309", "kind": "Natural.Apparent.Marsh Or Swamp", "source": "T08598"}}, {"type": "Feature", "geometry": {"type": "LineString", "coordinates": [[-80.1639956, 25.7155284], [-80.1640293, 25.7154471], [-80.1640507, 25.7154344], [-80.1640649, 25.7154323], [-80.1641431, 25.7154178], [-80.164174, 25.7154029], [-80.1642073, 25.7153774], [-80.1642575, 25.7153005], [-80.1642839, 25.7152449], [-80.1643009, 25.7151892], [-80.164324, 25.7149256], [-80.1643385, 25.7148893], [-80.1643887, 25.7148231], [-80.1643983, 25.7147974], [-80.1643985, 25.7147652], [-80.1643578, 25.7144991], [-80.1643462, 25.7144648], [-80.1643298, 25.7144411], [-80.1643016, 25.7144109], [-80.1642521, 25.7143849], [-80.1642167, 25.714374], [-80.1641931, 25.7143545], [-80.1641368, 25.7142813], [-80.1641109, 25.7142704], [-80.1640162, 25.7142613], [-80.163962, 25.7142374], [-80.1638982, 25.7142242], [-80.163742, 25.7142168], [-80.16369, 25.714208], [-80.1636663, 25.7142078], [-80.1636187, 25.7142419], [-80.1635998, 25.714246], [-80.1635643, 25.7142458], [-80.1635501, 25.714235]]}, "properties": {"project": "FL4501", "date": "19450309", "kind": "Natural.Apparent.Marsh Or Swamp", "source": "T08598"}}, {"type": "Feature", "geometry": {"type": "LineString", "coordinates": [[-80.1635501, 25.714235], [-80.1634916, 25.7141511], [-80.1634492, 25.7141101], [-80.1633809, 25.714069], [-80.1633148, 25.7140386], [-80.1632628, 25.7140318], [-80.1631728, 25.7140335], [-80.1631538, 25.7140441], [-80.1631371, 25.7140611], [-80.1630535, 25.7141807], [-80.1629653, 25.7142681], [-80.1628867, 25.714332]]}, "properties": {"project": "FL4501", "date": "19450309", "kind": "Natural.Mean High Water", "source": "T08598"}}, {"type": "Feature", "geometry": {"type": "LineString", "coordinates": [[-80.1603606, 25.7149221], [-80.1603702, 25.7149008], [-80.1604677, 25.7148391], [-80.1605816, 25.7147926], [-80.1606483, 25.7147437], [-80.1606839, 25.7147289], [-80.1607409, 25.7147035], [-80.1607646, 25.7146865], [-80.1607695, 25.7146672], [-80.1607698, 25.7146243], [-80.1607534, 25.7146006], [-80.1607182, 25.7145597], [-80.1607113, 25.7145361], [-80.1607137, 25.7145189], [-80.1607233, 25.714504], [-80.1609908, 25.7145034], [-80.1610974, 25.7144911], [-80.1613817, 25.7144477000001], [-80.1614838, 25.7144033], [-80.161536, 25.7143886], [-80.1616356, 25.7143613], [-80.1616807, 25.7143444], [-80.1617117, 25.7143167], [-80.1617571, 25.7142483], [-80.1618414, 25.7140387], [-80.1618605, 25.7140131], [-80.1619461, 25.7139664], [-80.1621528, 25.7138475], [-80.1623692, 25.7137008], [-80.1624455, 25.713624], [-80.1624672, 25.713577], [-80.1625131, 25.7134336], [-80.1625252, 25.7134079], [-80.1625513, 25.7133973], [-80.1626627, 25.7133744], [-80.1626841, 25.7133531], [-80.1627106, 25.7132868], [-80.1627297, 25.7132611], [-80.1627607, 25.7132399], [-80.1628034, 25.7132273], [-80.1628271, 25.7132145], [-80.1628868, 25.7131441], [-80.1628941, 25.713112], [-80.1628943, 25.7130798], [-80.1628827, 25.7130519], [-80.1627228, 25.712903], [-80.1626992, 25.7128943], [-80.1626448, 25.7128854], [-80.1626165, 25.7128702], [-80.1626095, 25.7128509], [-80.1626053, 25.7127758], [-80.1626197, 25.7127459], [-80.162646, 25.7127182], [-80.1627244, 25.7126757], [-80.1627696, 25.7126417], [-80.1628387, 25.712567], [-80.1630298, 25.7123216], [-80.1630873, 25.7122275], [-80.1631065, 25.7121805], [-80.1631093, 25.7121247], [-80.1631001, 25.7120882], [-80.1630743, 25.7120581], [-80.163046, 25.7120408], [-80.1630223, 25.7120385], [-80.1629868, 25.7120404], [-80.1629536, 25.7120488], [-80.1628871, 25.7120784], [-80.1628089, 25.7120951], [-80.1627402, 25.7121076], [-80.1624704, 25.7120996], [-80.1624301, 25.7121037], [-80.1623232, 25.7121717], [-80.1622876, 25.7121822], [-80.1620627, 25.7121831], [-80.1620035, 25.712187], [-80.1619632, 25.7121954], [-80.1618232, 25.7122439], [-80.1617567, 25.7122778], [-80.1616069, 25.7123841], [-80.161576, 25.7123968], [-80.1615048, 25.71242], [-80.1614763, 25.712437], [-80.1613883, 25.7124922], [-80.1613693, 25.7125029], [-80.1612794, 25.7125023], [-80.1612534, 25.7124915], [-80.1612324, 25.712457], [-80.1611764, 25.7123345], [-80.1611673, 25.7122873], [-80.1611517, 25.7121414], [-80.1611354, 25.712107], [-80.1610884, 25.7120681], [-80.161053, 25.7120507], [-80.1609986, 25.7120461], [-80.1609157, 25.7120457], [-80.1608447, 25.7120538], [-80.1606692, 25.7120957], [-80.1604631, 25.7121203], [-80.1601715, 25.712185], [-80.160091, 25.7121974], [-80.1600318, 25.7121928], [-80.1600201, 25.7121799], [-80.160018, 25.7121434], [-80.1600299999999, 25.7121156], [-80.1600609, 25.7121008], [-80.1601107, 25.7120775], [-80.1601607, 25.7120435], [-80.1601917, 25.7120093], [-80.160211, 25.711958], [-80.1602372, 25.7119367], [-80.1603108, 25.7119071], [-80.1604933, 25.7118653], [-80.1606428, 25.7118168], [-80.1607281, 25.711798], [-80.1607377, 25.7117831], [-80.1607355, 25.7117552], [-80.1606647, 25.711729], [-80.16066, 25.7117183], [-80.1606578, 25.7116947], [-80.1606722, 25.7116755], [-80.1607886, 25.7116032], [-80.1608006, 25.7115819], [-80.1607872, 25.711466], [-80.1607945, 25.7114467], [-80.1608231, 25.7114212], [-80.1609514, 25.7113426], [-80.1610654999999, 25.7112703], [-80.1611656, 25.7111766], [-80.1611776, 25.711153], [-80.1611834, 25.7110094], [-80.1611906, 25.7109859], [-80.1612193, 25.7109496], [-80.1612693, 25.7109091], [-80.1613168, 25.7108815], [-80.1613737, 25.7108604], [-80.1615396, 25.7108313], [-80.1616203, 25.7108082], [-80.1618411, 25.7107066], [-80.1618743, 25.7106918], [-80.1620048, 25.7106539], [-80.1620404, 25.710637], [-80.1621829, 25.710567], [-80.1622706, 25.7105482], [-80.1623657, 25.710493], [-80.1623965, 25.7104803], [-80.1624415, 25.7104806], [-80.1624958, 25.7105002], [-80.1626544, 25.7105054], [-80.162678, 25.7105141], [-80.1627416, 25.7105574], [-80.1629141, 25.7105991], [-80.1630062999999, 25.7106146], [-80.163141, 25.7106326], [-80.163257, 25.7106311], [-80.1635557, 25.7105706], [-80.1639163, 25.7104526], [-80.1640349, 25.7104125], [-80.1641534, 25.7103875], [-80.1643597, 25.7103394], [-80.1644001, 25.7103139], [-80.1644595, 25.7102863], [-80.1645471, 25.7102697], [-80.1645803, 25.7102613], [-80.1646685, 25.710176], [-80.1647065, 25.7101655], [-80.1647869, 25.710166], [-80.1649716, 25.7101606], [-80.1651371, 25.7101894], [-80.1653454, 25.7101842], [-80.1654544, 25.7101655], [-80.1655374, 25.7101403], [-80.1657297, 25.7100556], [-80.1657987, 25.7100067], [-80.1659203, 25.7098766], [-80.1659563, 25.7098082], [-80.1660499, 25.7096286], [-80.1660857, 25.7095752], [-80.1661405, 25.709524], [-80.1662048, 25.7094751], [-80.1662356, 25.7094667], [-80.1662664, 25.7094669], [-80.1663041, 25.7094842], [-80.1663513, 25.7095017], [-80.1664293, 25.709515], [-80.1666921, 25.7095079], [-80.1667372, 25.7094974], [-80.1667705, 25.709474], [-80.1668136, 25.7094014], [-80.1668306, 25.7093329], [-80.1668521, 25.709303], [-80.1669307, 25.7092391], [-80.1669687999999, 25.7092007], [-80.1669976, 25.7091494], [-80.1670123, 25.7090809], [-80.167025, 25.7089566], [-80.1670266, 25.7087143], [-80.167027, 25.7086564], [-80.1670203, 25.7086049], [-80.1670065, 25.7085512], [-80.1669925, 25.7085147], [-80.1669975, 25.7084804], [-80.1670094, 25.7084698], [-80.1670355, 25.7084635000001], [-80.1670662, 25.7084722], [-80.1670968, 25.7085003], [-80.1672117, 25.7086532], [-80.1672657, 25.7087114], [-80.1673246, 25.7087503], [-80.1673953, 25.7087915], [-80.1674685, 25.7088176], [-80.1677351, 25.7089435], [-80.1678223, 25.7089912], [-80.1678624, 25.7090214], [-80.1679588, 25.7091056]]}, "properties": {"project": "FL4501", "date": "19450309", "kind": "Natural.Apparent.Marsh Or Swamp", "source": "T08598"}}, {"type": "Feature", "geometry": {"type": "LineString", "coordinates": [[-80.1679588, 25.7091056], [-80.1680858, 25.7092285], [-80.1681444, 25.7093018], [-80.1681938, 25.7093557], [-80.1682007, 25.7093771], [-80.1682311, 25.7094373], [-80.1682757, 25.7094869], [-80.1683204, 25.7095322], [-80.1684828, 25.7096575], [-80.1685982, 25.7097375], [-80.1687325, 25.7098305], [-80.1687843, 25.7098715], [-80.1688358, 25.7099425], [-80.1689064, 25.7100073], [-80.1690547, 25.7101239], [-80.1691817, 25.7102361], [-80.1692359, 25.7102793], [-80.1692784, 25.7102924], [-80.1693184, 25.7103248], [-80.169422, 25.7103983], [-80.1696269, 25.7105496], [-80.1697351, 25.7106424], [-80.1699352, 25.7108065], [-80.1700105, 25.7108605], [-80.1700813, 25.7109017], [-80.1701851, 25.7109516], [-80.1702393, 25.7109798], [-80.1703054, 25.7110102], [-80.1703456, 25.7110147], [-80.1704521, 25.7110153], [-80.1705208, 25.7110071], [-80.1707149, 25.711006], [-80.1707339, 25.7109911], [-80.1707796, 25.7108906], [-80.1708083, 25.7108393], [-80.1708156, 25.7108158], [-80.1708136, 25.7107643000001], [-80.1707996, 25.7107342], [-80.1707646, 25.7106568], [-80.1707555, 25.7106053], [-80.1707606, 25.7105625], [-80.1707702, 25.7105411], [-80.1707962999999, 25.7105326], [-80.1709122, 25.7105333], [-80.1709335, 25.710542], [-80.170957, 25.7105571], [-80.1709734, 25.7105808], [-80.1710042, 25.7105896], [-80.1710586, 25.7105899], [-80.1710894, 25.7105772], [-80.1711299, 25.710541], [-80.1711655, 25.7105305], [-80.1712414, 25.710503], [-80.1712842, 25.7104775], [-80.1713105, 25.7104498], [-80.1713248, 25.710422], [-80.1713443, 25.7103492], [-80.1713634, 25.7103236], [-80.1713992, 25.7102873], [-80.1714135, 25.7102595], [-80.1714208, 25.7102317], [-80.1714212, 25.7101824], [-80.1714166, 25.7101588], [-80.1713461, 25.7100855], [-80.1713345, 25.7100597], [-80.1713418, 25.7100297], [-80.1713585, 25.7100084], [-80.1713822, 25.7100064], [-80.1714697, 25.710009], [-80.1715312, 25.7100222], [-80.171727, 25.7101112], [-80.1717884, 25.7101309], [-80.1719196, 25.7101552], [-80.1720201, 25.7101686], [-80.1721254, 25.7101703], [-80.1723457, 25.7101416], [-80.1723706, 25.710132], [-80.1725217, 25.7100235], [-80.1725442, 25.710014], [-80.1725975, 25.7100122], [-80.1726342, 25.7100135], [-80.172653, 25.7100254], [-80.1726541, 25.71005], [-80.172655, 25.710079], [-80.1726383, 25.7101025], [-80.1725477, 25.7101942], [-80.172525, 25.7102251], [-80.1725094, 25.7102615], [-80.1725043, 25.7103183], [-80.1725082, 25.7104309], [-80.1725221, 25.7104792], [-80.1725863, 25.7106071], [-80.1725897, 25.7106275], [-80.1725895, 25.7106565], [-80.1725798, 25.7106918], [-80.1725509, 25.7107645], [-80.1725424, 25.7107934], [-80.1725455, 25.7108546], [-80.1725561, 25.7108728], [-80.1726208, 25.7109182], [-80.1726551, 25.7109292], [-80.1727675, 25.7109309000001], [-80.1728149, 25.7109151], [-80.1728245, 25.710899], [-80.1728246, 25.7108808], [-80.1728142, 25.7108582], [-80.1727413, 25.7107871], [-80.1727343, 25.7107709], [-80.1727356, 25.710757], [-80.172744, 25.7107281], [-80.1727536, 25.7107099], [-80.172768, 25.7106929], [-80.1727929, 25.7106759], [-80.1728676, 25.7106538], [-80.1728749, 25.7106345], [-80.1728738, 25.7106109], [-80.1727423, 25.7103014], [-80.1727365, 25.7102724], [-80.1727393, 25.7102124], [-80.1727466, 25.7101846], [-80.1727705, 25.7101579], [-80.1727954, 25.710142], [-80.1728179999999, 25.7101357], [-80.1730417, 25.7101316], [-80.1730796, 25.7101253], [-80.1731283, 25.710101], [-80.1732114, 25.7100575], [-80.1732969, 25.7100215], [-80.1733538, 25.7100036000001], [-80.1734308, 25.7099858], [-80.1736416, 25.7099634], [-80.1741269, 25.7099555], [-80.1742642, 25.7099509], [-80.1744357, 25.7099636], [-80.1748405, 25.7099638], [-80.1749777, 25.7099731], [-80.1751149, 25.7099857], [-80.1752887, 25.7100103], [-80.1754589, 25.7100445], [-80.1755687, 25.7100783], [-80.1756879, 25.7101262], [-80.1757871, 25.7101546], [-80.175826, 25.7101773], [-80.1759038, 25.7102196], [-80.1759416, 25.7102327], [-80.1759699999999, 25.7102328], [-80.1760031, 25.710233], [-80.1761027, 25.7102057], [-80.1761182, 25.7101983], [-80.176123, 25.7101844], [-80.1761172, 25.7101693], [-80.1760795, 25.7101359], [-80.1760008, 25.7100583], [-80.1759257, 25.7099678], [-80.1757093, 25.7097586], [-80.1756012, 25.7096529], [-80.1753848, 25.7094608], [-80.1753213, 25.7094026], [-80.1753167, 25.7093833], [-80.1753169999999, 25.7093361], [-80.1753314, 25.7092997], [-80.1753578, 25.7092484], [-80.1753603, 25.709227], [-80.1753585, 25.7091519], [-80.1753516, 25.7091219], [-80.1753169, 25.7090123], [-80.1752912, 25.7089607], [-80.1752606, 25.7089262], [-80.1751924, 25.7088679], [-80.1751429, 25.7088355], [-80.1751218, 25.7088054], [-80.1750959, 25.7087923], [-80.1750533, 25.7087964], [-80.1750342, 25.7088134], [-80.1750075, 25.7089076], [-80.1749932, 25.7089247], [-80.1749601, 25.7089267], [-80.1749175, 25.70892], [-80.1748916, 25.7089005], [-80.1748587, 25.708866], [-80.1748189, 25.7088015], [-80.1747303, 25.7086123], [-80.1747021, 25.7085757], [-80.1746715, 25.7085605], [-80.1746455, 25.7085539], [-80.1745532, 25.7085534], [-80.1745223, 25.7085682], [-80.1744627, 25.7086301000001], [-80.1744437, 25.7086364], [-80.1744059, 25.7086341], [-80.1743846, 25.7086211], [-80.1743801, 25.7085953], [-80.1743578, 25.7084001], [-80.1743253, 25.7083034], [-80.1742927, 25.7082303], [-80.1742529, 25.7081636], [-80.17422, 25.7081355], [-80.174128, 25.70809], [-80.1740053, 25.7080336], [-80.1739604, 25.7080226], [-80.1738161, 25.7080046], [-80.1735937, 25.7080033], [-80.1735652, 25.7080118], [-80.1735438, 25.7080288], [-80.1734936, 25.7080993], [-80.1734841, 25.7081078000001], [-80.1734486, 25.7081054], [-80.1734321, 25.7080882], [-80.1734252, 25.7080603], [-80.1734213, 25.7079359], [-80.1734383, 25.7078845], [-80.1734436, 25.7077966], [-80.1734367, 25.7077687], [-80.1734203, 25.7077472], [-80.1733308, 25.7076802], [-80.1732624, 25.707652], [-80.1731184, 25.7075932], [-80.1730641, 25.7075779], [-80.1729978, 25.7075711], [-80.1728606, 25.7075618], [-80.1727849, 25.7075613], [-80.1727493, 25.7075697], [-80.172621, 25.707644], [-80.1725735, 25.7076673], [-80.1725261, 25.7076757], [-80.1724503, 25.7076817], [-80.1723131, 25.707668], [-80.1722612, 25.7076441], [-80.1722401, 25.7076226], [-80.1722166, 25.7075989000001], [-80.1721909, 25.7075494], [-80.1721491, 25.7074291], [-80.172121, 25.707386], [-80.1720857, 25.7073622], [-80.1720455, 25.7073492], [-80.1720171, 25.707349], [-80.1716856, 25.7073707], [-80.171617, 25.7073682], [-80.1715721, 25.7073572], [-80.1714284, 25.7072577], [-80.1713954, 25.7072447], [-80.1712771, 25.7072376], [-80.1712559, 25.7072267], [-80.1712418, 25.7072074], [-80.1712138, 25.7071429], [-80.1711903, 25.7071299], [-80.1710224, 25.7070989], [-80.170961, 25.7070793], [-80.1708808, 25.7070488], [-80.1708453, 25.7070421], [-80.1708098, 25.7070441], [-80.1707932, 25.7070526], [-80.1707242, 25.7071015], [-80.1706934, 25.7071099], [-80.1705395, 25.7071069], [-80.1704994, 25.7070895], [-80.170483, 25.707068], [-80.1704832, 25.7070465], [-80.170479, 25.7069586], [-80.1704626, 25.7069413], [-80.1703517, 25.7068957], [-80.170328, 25.7068955], [-80.1702452, 25.7068929], [-80.1702262, 25.706895], [-80.1701264, 25.7069544], [-80.1701004, 25.7069564], [-80.1700128, 25.7069602], [-80.1699892, 25.7069515], [-80.1699471, 25.7068784000001], [-80.1699141, 25.7068546], [-80.1698787, 25.7068351], [-80.1697841, 25.7068345], [-80.1696608, 25.7068639], [-80.1696181, 25.7068701], [-80.1695424, 25.7068718], [-80.1694927, 25.7068651], [-80.1694242, 25.7068497], [-80.1692164, 25.7067841], [-80.1691834, 25.7067647], [-80.169167, 25.7067388], [-80.1691181, 25.7066163], [-80.1690925, 25.7065583], [-80.1690549, 25.7065152], [-80.1689985, 25.7064591], [-80.1689467, 25.7064181], [-80.1689019, 25.7063964], [-80.1687933, 25.7063572], [-80.1686894, 25.7063201], [-80.1686612, 25.7063007], [-80.1686307, 25.7062619], [-80.1685814, 25.7061994], [-80.1685275, 25.7061219], [-80.16845, 25.7060336], [-80.1684337, 25.7059949], [-80.1684341, 25.7059349], [-80.168461, 25.7058128], [-80.1684637, 25.7057635], [-80.1684545, 25.7057291], [-80.1684406, 25.7056862], [-80.1683983, 25.7056452], [-80.168349, 25.7055763], [-80.1682786, 25.7054923], [-80.1681562, 25.7053929], [-80.1681023, 25.7053262]]}, "properties": {"project": "FL4501", "date": "19450309", "kind": "Natural.Apparent.Marsh Or Swamp", "source": "T08598"}}, {"type": "Feature", "geometry": {"type": "LineString", "coordinates": [[-80.1681023, 25.7053262], [-80.1680508, 25.7052444], [-80.1680183, 25.705152], [-80.1680115, 25.7051069]]}, "properties": {"project": "FL4501", "date": "19450309", "kind": "Natural.Mean High Water", "source": "T08598"}}, {"type": "Feature", "geometry": {"type": "LineString", "coordinates": [[-80.1703529, 25.6828551], [-80.1700931, 25.6834322], [-80.1698859, 25.6839692], [-80.1698737, 25.6840184], [-80.1698755, 25.6841021], [-80.1698871, 25.6841279], [-80.169939, 25.6841625], [-80.1708895, 25.6846096], [-80.1709389, 25.6846571], [-80.1709478, 25.6847364], [-80.1709356, 25.6847835], [-80.170907, 25.6848134], [-80.1708714, 25.6848346], [-80.1708335, 25.6848409], [-80.1707744, 25.6848341], [-80.1707201, 25.6848166], [-80.1698689, 25.6843679], [-80.1698193, 25.6843548], [-80.169753, 25.6843587], [-80.1697317, 25.6843693], [-80.1697007, 25.6843906], [-80.1696769, 25.6844162], [-80.1694369, 25.684908], [-80.1692877, 25.6852588], [-80.1691418, 25.6854852], [-80.1691108, 25.6855193], [-80.1690894, 25.6855364], [-80.1690063, 25.6855724], [-80.1688236, 25.6856421], [-80.1687407, 25.6856588], [-80.168672, 25.6856669], [-80.1684709, 25.6856615], [-80.1684307, 25.6856506], [-80.1683765, 25.6856245], [-80.1683247, 25.6855835], [-80.1682707, 25.6855274], [-80.1682191, 25.6854542], [-80.1681748, 25.6853661], [-80.1681656, 25.6853253], [-80.1681642, 25.6851859], [-80.1681716, 25.6851345], [-80.1681909, 25.6850831], [-80.1682292, 25.6850276], [-80.1682983, 25.6849551], [-80.1683293, 25.6849274], [-80.1683601, 25.6849104], [-80.1684693, 25.6848703], [-80.1685261, 25.6848599], [-80.168609, 25.6848539], [-80.1687676, 25.6848527], [-80.168829, 25.6848659], [-80.1688761, 25.6848962], [-80.1689749, 25.6849868], [-80.1690244, 25.6850085], [-80.169164, 25.6850158], [-80.1692162, 25.6849989], [-80.1692542, 25.6849712], [-80.1693091, 25.6849094], [-80.1693569, 25.6848303], [-80.1694364, 25.6846292], [-80.16947, 25.6845629], [-80.169585, 25.6843599], [-80.169597, 25.6843299], [-80.1695949, 25.6842935], [-80.1695856, 25.6842698], [-80.1693249, 25.6839982], [-80.1691697, 25.6838429], [-80.1691183, 25.6837611], [-80.1689944, 25.6835396], [-80.1689101, 25.6834147], [-80.1687722, 25.6831609], [-80.1687159, 25.6830898], [-80.1685796, 25.6829604], [-80.1683842, 25.6828028], [-80.1682264, 25.6827011], [-80.1680424, 25.6826143], [-80.1678466, 25.682536], [-80.1677285, 25.682501], [-80.1676623, 25.6824899], [-80.1674943, 25.6824846], [-80.1674446, 25.6824755], [-80.1673856, 25.6824647], [-80.167298, 25.6824642], [-80.1672721, 25.6824641], [-80.1671393, 25.6824955], [-80.166931, 25.6825093], [-80.1666254, 25.682559], [-80.1659979, 25.6826112], [-80.1652355, 25.6826776], [-80.1645677, 25.6827445], [-80.1640823, 25.6827953], [-80.1634643, 25.6828497], [-80.163192, 25.682876], [-80.1629598, 25.6829219], [-80.1628176, 25.6829425], [-80.1623702, 25.6829764], [-80.1621098, 25.6829899], [-80.1618847, 25.6830272], [-80.1614843999999, 25.6830763], [-80.1609636, 25.6831141], [-80.1607624, 25.6831236], [-80.1605491, 25.6831675], [-80.1600377, 25.6831988], [-80.1594528, 25.6832662], [-80.1588394, 25.6833356], [-80.1581952, 25.6834133], [-80.1576838, 25.6834533], [-80.157381, 25.6834472], [-80.1572531, 25.6834637], [-80.1571156, 25.6834886], [-80.1570586, 25.6835161], [-80.1570444, 25.6835268], [-80.1569947, 25.6835265], [-80.1569569, 25.6835177], [-80.1568958, 25.6834594], [-80.1568557, 25.6834313], [-80.1568203, 25.6834247], [-80.1567446, 25.6834135], [-80.1566975, 25.683394], [-80.1565609, 25.683301], [-80.1565278, 25.6832922], [-80.1564166, 25.6832894], [-80.1557346, 25.6833562], [-80.1556755, 25.6833538], [-80.1556354, 25.6833385], [-80.155619, 25.6833127], [-80.1556218, 25.6832462], [-80.1556314, 25.683227], [-80.155667, 25.6832079], [-80.1564721, 25.6831375], [-80.1569077, 25.6831079], [-80.1569315, 25.6830951], [-80.1570029, 25.6830291], [-80.1570267, 25.6830185], [-80.157325, 25.6829945], [-80.157486, 25.682974], [-80.1578461, 25.682916], [-80.1579906, 25.6828997], [-80.1581847, 25.6828922], [-80.1587389, 25.6828268], [-80.159042, 25.6827878], [-80.1594065, 25.6827835], [-80.1597097, 25.6827359], [-80.1601026, 25.6827232], [-80.160484, 25.6826632], [-80.160794, 25.6826564], [-80.1612417, 25.6826032], [-80.1615825, 25.682588], [-80.1617435, 25.6825739], [-80.1619354, 25.6825472], [-80.161997, 25.6825304], [-80.1620681, 25.6825243], [-80.1621697, 25.6825335], [-80.1622407999999, 25.6825296], [-80.1624611, 25.6824923], [-80.1633751, 25.682401], [-80.1634865, 25.6823867], [-80.1636785, 25.6823385], [-80.1639886, 25.6823231], [-80.1640690999999, 25.6823107], [-80.1642468, 25.6822774], [-80.1644149, 25.6822633], [-80.1649783, 25.6822344], [-80.1651038, 25.6822201], [-80.1654899, 25.6821644], [-80.1657054, 25.6821485], [-80.1661976, 25.682147], [-80.166451, 25.6821099], [-80.1668416, 25.682095], [-80.1670786, 25.6820384], [-80.1672373, 25.6820114], [-80.1674504, 25.6819998], [-80.1677155, 25.6819906], [-80.1679335, 25.6819468], [-80.1683169, 25.681934], [-80.1686839, 25.6818996], [-80.1689419, 25.6818904], [-80.1692901, 25.681843], [-80.1695103, 25.6818293], [-80.1697, 25.6817725], [-80.1698136, 25.6817624], [-80.1701142, 25.6817512], [-80.1703818, 25.6817206], [-80.1704069, 25.6816963]]}, "properties": {"project": "FL4501", "date": "19450309", "kind": "Man-made", "source": "T08598"}}, {"type": "Feature", "geometry": {"type": "LineString", "coordinates": [[-80.1704069, 25.6816963], [-80.1704087, 25.6816007], [-80.1704093, 25.6815128], [-80.1704024, 25.6814827], [-80.1703671, 25.6814589], [-80.1700367, 25.6813284], [-80.1695837, 25.6811307], [-80.1694964, 25.6811023], [-80.1693995, 25.6810867], [-80.1692363, 25.6810708], [-80.1688175, 25.681062], [-80.1685548, 25.6810776], [-80.1685009, 25.6810789], [-80.1684814, 25.6810794], [-80.1684649, 25.6810707], [-80.1684556, 25.6810514]]}, "properties": {"project": "FL4501", "date": "19450309", "kind": "Natural.Mean High Water", "source": "T08598"}}, {"type": "Feature", "geometry": {"type": "LineString", "coordinates": [[-80.1698502, 25.6973533], [-80.170077, 25.6973545], [-80.1701055, 25.6973439], [-80.1701035, 25.6972882], [-80.1700872, 25.6972559], [-80.1700638, 25.6972172], [-80.1700617, 25.697185], [-80.1700672, 25.697065], [-80.1700675, 25.6970285], [-80.1700535, 25.696992], [-80.1700255, 25.6969382], [-80.1700115, 25.6969017], [-80.1700097, 25.6968288], [-80.1700216999999, 25.6968031], [-80.1700431, 25.6967904], [-80.1701354, 25.6967909], [-80.1701638, 25.6967825], [-80.1701901, 25.6967526], [-80.1702355, 25.69668], [-80.1703737, 25.69655], [-80.1704213, 25.6965181], [-80.1704545, 25.6965011], [-80.1705447, 25.6964673], [-80.1705851, 25.6964375], [-80.170609, 25.6964076], [-80.1706735, 25.6963137], [-80.1707022, 25.6962817], [-80.1707902, 25.6962093], [-80.170852, 25.6961753], [-80.1709851, 25.6960903], [-80.1711157, 25.696031], [-80.1711751, 25.6959927], [-80.1712417, 25.6959502], [-80.1712868, 25.6959312], [-80.1713602, 25.6959187], [-80.1714454, 25.6959171], [-80.1714667, 25.6959279], [-80.1714666, 25.6959365], [-80.171466, 25.696018], [-80.1714778, 25.6960309], [-80.1715085, 25.6960397], [-80.1715865, 25.6960508], [-80.171603, 25.6960638], [-80.1716028, 25.6960874], [-80.1715856, 25.6961752], [-80.1715854, 25.6962116], [-80.17159, 25.6962331], [-80.1716277, 25.6962548], [-80.1716726, 25.6962657], [-80.171727, 25.696266], [-80.1719094, 25.6962392], [-80.1719379, 25.6962265], [-80.1719617, 25.6962073], [-80.171976, 25.6961924], [-80.171986, 25.6961238], [-80.1719956, 25.696096], [-80.1720123, 25.6960768], [-80.1720479, 25.6960642], [-80.1721687, 25.696052], [-80.1722304, 25.6960223], [-80.1723157, 25.6960164], [-80.1723488, 25.6960144], [-80.1723702, 25.6959974], [-80.1724081999999, 25.6959804], [-80.1725055, 25.6959402], [-80.1725364, 25.6959211], [-80.172546, 25.6959019], [-80.1725488, 25.6958461], [-80.1725419, 25.6958054], [-80.1725119, 25.695698], [-80.1724793, 25.6956313], [-80.1724418, 25.6955732], [-80.172416, 25.6955452], [-80.1723664, 25.6955299], [-80.1723192, 25.6955082], [-80.1722482, 25.6954992], [-80.1721228, 25.6955007], [-80.1720754, 25.6955133], [-80.1720611, 25.6955282], [-80.1720467, 25.6955538], [-80.1720464, 25.6955946], [-80.1720603, 25.695644], [-80.172062, 25.6957383], [-80.1720452, 25.6957747], [-80.1720141, 25.6958131], [-80.1719951, 25.6958259], [-80.1719525, 25.6958278], [-80.1719077, 25.6958103], [-80.1718132, 25.6957819], [-80.1717944, 25.6957625], [-80.1717946, 25.6957389], [-80.1718329, 25.695677], [-80.1718733, 25.6956515], [-80.1718852, 25.6956322], [-80.1718835, 25.6955465], [-80.1718931, 25.6955208], [-80.1719122, 25.6955016], [-80.1722704, 25.6953814], [-80.1723013, 25.695358], [-80.1723133, 25.6953388], [-80.172311, 25.6953173], [-80.1722758, 25.6952764], [-80.1722713, 25.6952506], [-80.1722763, 25.6952099], [-80.1722863, 25.6951306], [-80.172303, 25.6951136], [-80.1724619, 25.6950544], [-80.1724858, 25.695031], [-80.1724907, 25.6950053], [-80.1724889, 25.6949281], [-80.1724796, 25.6949002], [-80.1724254, 25.6948698], [-80.1724089, 25.6948504], [-80.1723953, 25.6947624], [-80.1723909, 25.694726], [-80.1723792, 25.6947023], [-80.1722901, 25.694586], [-80.1721963, 25.694459], [-80.1721378, 25.6943557], [-80.1721005, 25.6942848], [-80.1720840999999, 25.6942568], [-80.1720755, 25.6942541], [-80.1720416, 25.6942437], [-80.1719919, 25.6942327], [-80.1715377, 25.6942172], [-80.1705224, 25.6942179], [-80.1691617, 25.694208], [-80.1680731, 25.6942082], [-80.1674491, 25.6941951]]}, "properties": {"project": "FL4501", "date": "19450309", "kind": "Natural.Apparent.Marsh Or Swamp", "source": "T08598"}}, {"type": "Feature", "geometry": {"type": "LineString", "coordinates": [[-80.1674491, 25.6941951], [-80.1670982, 25.6941877], [-80.167073, 25.6941843], [-80.1670319999999, 25.6941787], [-80.1670085, 25.6941571], [-80.1670134, 25.6941357], [-80.1670845, 25.694119], [-80.1692663, 25.6941357], [-80.1711856, 25.6941316], [-80.1720115, 25.6941363], [-80.1720812, 25.6941275]]}, "properties": {"project": "FL4501", "date": "19450309", "kind": "Man-made", "source": "T08598"}}, {"type": "Feature", "geometry": {"type": "LineString", "coordinates": [[-80.1720812, 25.6941275], [-80.1722082, 25.6941031], [-80.1723955, 25.694057], [-80.1724689, 25.6940488], [-80.1727126, 25.6940524], [-80.1728356, 25.6940724], [-80.1728756, 25.6940962], [-80.172892, 25.6941241], [-80.1728892, 25.694182], [-80.1728738, 25.6942104]]}, "properties": {"project": "FL4501", "date": "19450309", "kind": "Natural.Mean High Water", "source": "T08598"}}, {"type": "Feature", "geometry": {"type": "LineString", "coordinates": [[-80.1737946, 25.6913135], [-80.1735597, 25.6913147], [-80.1735614, 25.6914227]]}, "properties": {"project": "FL4501", "date": "19450309", "kind": "Pier", "source": "T08598"}}, {"type": "Feature", "geometry": {"type": "LineString", "coordinates": [[-80.1739017, 25.6913129], [-80.1737946, 25.6913135]]}, "properties": {"project": "FL4501", "date": "19450309", "kind": "Pier", "source": "T08598"}}, {"type": "Feature", "geometry": {"type": "LineString", "coordinates": [[-80.1739758, 25.6914215], [-80.1739714, 25.6913342], [-80.1739502, 25.6913126], [-80.1739017, 25.6913129]]}, "properties": {"project": "FL4501", "date": "19450309", "kind": "Pier", "source": "T08598"}}, {"type": "Feature", "geometry": {"type": "LineString", "coordinates": [[-80.1739017, 25.6913129], [-80.173951, 25.6912033]]}, "properties": {"project": "FL4501", "date": "19450309", "kind": "Pier", "source": "T08598"}}, {"type": "Feature", "geometry": {"type": "LineString", "coordinates": [[-80.1737946, 25.6913135], [-80.1738565, 25.6911813]]}, "properties": {"project": "FL4501", "date": "19450309", "kind": "Pier", "source": "T08598"}}, {"type": "Feature", "geometry": {"type": "LineString", "coordinates": [[-80.1675466, 25.7032088], [-80.1675587, 25.7031746], [-80.1675828, 25.7031061], [-80.1675808, 25.7030546], [-80.1675764, 25.7030074], [-80.167539, 25.7029407], [-80.1675015, 25.7028869], [-80.1674592, 25.7028524], [-80.1673979, 25.7028091], [-80.1673673, 25.7027854], [-80.1673533, 25.7027531], [-80.1673492, 25.7026716], [-80.1673784, 25.7025603], [-80.167386, 25.7024831], [-80.1673792, 25.7024338], [-80.1673605, 25.7024101], [-80.167344, 25.7023907], [-80.1673039, 25.7023712], [-80.167226, 25.702345], [-80.1672025, 25.7023256], [-80.1671979, 25.7023084], [-80.1671983, 25.702244], [-80.1672084, 25.7021583], [-80.1672116, 25.7020404], [-80.1672024, 25.7020039], [-80.1671859, 25.7019845], [-80.167127, 25.701952], [-80.1669334, 25.7018845], [-80.1669028, 25.7018628], [-80.1668935, 25.7018349], [-80.1668869, 25.7017684], [-80.1669012999999, 25.701732], [-80.1669323, 25.7017043], [-80.1670155, 25.7016469], [-80.1670607, 25.7016107], [-80.1670798, 25.7015872], [-80.1671039, 25.7015338], [-80.1671041, 25.7014952], [-80.1670901, 25.7014694], [-80.167069, 25.7014392], [-80.1669605, 25.7013914], [-80.1669393, 25.7013699], [-80.1669253, 25.7013398], [-80.1669282, 25.7012669], [-80.1669427, 25.7012327]]}, "properties": {"project": "FL4501", "date": "19450309", "kind": "Natural.Apparent.Marsh Or Swamp", "source": "T08598"}}, {"type": "Feature", "geometry": {"type": "LineString", "coordinates": [[-80.1669427, 25.7012327], [-80.1669665, 25.7012006], [-80.1671262999999, 25.7010236], [-80.1671598, 25.7009745], [-80.1672103, 25.700859], [-80.1672366, 25.7008291], [-80.1672675, 25.7008057]]}, "properties": {"project": "FL4501", "date": "19450309", "kind": "Natural.Mean High Water", "source": "T08598"}}, {"type": "Feature", "geometry": {"type": "LineString", "coordinates": [[-80.1672675, 25.7008057], [-80.1673126, 25.7007866], [-80.1675261, 25.7007171], [-80.1675759, 25.7007045], [-80.1677701, 25.700682], [-80.1677938, 25.7006715], [-80.1678199999999, 25.7006502], [-80.1678627, 25.7006418], [-80.1679505, 25.7006059], [-80.1680599, 25.7005272], [-80.168341, 25.7002672], [-80.1684125, 25.7001947], [-80.1684436, 25.7001498], [-80.1684675, 25.7001114], [-80.1684821, 25.7000557], [-80.1684897, 25.6999893], [-80.1685064, 25.6999593], [-80.1685326, 25.6999445], [-80.1685753, 25.6999233]]}, "properties": {"project": "FL4501", "date": "19450309", "kind": "Natural.Apparent.Marsh Or Swamp", "source": "T08598"}}, {"type": "Feature", "geometry": {"type": "LineString", "coordinates": [[-80.1685753, 25.6999233], [-80.1686752, 25.6998574], [-80.1687919, 25.6997508], [-80.168842, 25.6996954], [-80.1688684, 25.6996355], [-80.1690521, 25.6994285], [-80.1690642, 25.6993943], [-80.1690645, 25.6993407000001], [-80.1690554, 25.6992978], [-80.1690604, 25.6992528], [-80.1690724, 25.699225], [-80.169113, 25.6991716], [-80.1691416, 25.6991525], [-80.1691724, 25.6991419], [-80.1693003, 25.6991298], [-80.1693264, 25.6991128], [-80.1693384, 25.6990935], [-80.1693388, 25.6990378], [-80.1693204, 25.6989584], [-80.1693096, 25.6988082], [-80.1693027, 25.6987781], [-80.1692886, 25.6987652], [-80.1692556, 25.6987543], [-80.169019, 25.6987358]]}, "properties": {"project": "FL4501", "date": "19450309", "kind": "Natural.Mean High Water", "source": "T08598"}}, {"type": "Feature", "geometry": {"type": "LineString", "coordinates": [[-80.169019, 25.6987358], [-80.1689907, 25.6987249], [-80.1689719, 25.6987098], [-80.1689578, 25.6986883], [-80.1689556, 25.6986625], [-80.1689606, 25.6986261], [-80.1689822, 25.6985812], [-80.1690156, 25.6985535]]}, "properties": {"project": "FL4501", "date": "19450309", "kind": "Natural.Apparent.Marsh Or Swamp", "source": "T08598"}}, {"type": "Feature", "geometry": {"type": "LineString", "coordinates": [[-80.1690156, 25.6985535], [-80.1690535, 25.6985387], [-80.1691674, 25.6985072], [-80.1692077, 25.6984881], [-80.1692197, 25.6984646], [-80.1692484, 25.6984283], [-80.1692533, 25.6983983], [-80.1692464, 25.6983747], [-80.169218, 25.698366], [-80.1690547, 25.698365], [-80.1689434, 25.6983773], [-80.1686358, 25.6983755], [-80.1686074, 25.6983711], [-80.1685839, 25.6983538], [-80.1685533, 25.6983279], [-80.1685373, 25.6982463000001], [-80.1685186, 25.6982033], [-80.1684952, 25.698171], [-80.1684668, 25.6981644], [-80.1683935, 25.6981661], [-80.1682631, 25.6981976]]}, "properties": {"project": "FL4501", "date": "19450309", "kind": "Natural.Mean High Water", "source": "T08598"}}, {"type": "Feature", "geometry": {"type": "LineString", "coordinates": [[-80.1690277, 25.6981348], [-80.1692648, 25.6981111], [-80.1693407, 25.6980815], [-80.1694663, 25.698065], [-80.1695926, 25.6980632]]}, "properties": {"project": "FL4501", "date": "19450309", "kind": "Natural.Apparent.Marsh Or Swamp", "source": "T08598"}}, {"type": "Feature", "geometry": {"type": "LineString", "coordinates": [[-80.1682631, 25.6981976], [-80.1681045, 25.6981988], [-80.1680407, 25.6981813], [-80.1675567, 25.6980156], [-80.1674505, 25.6979785], [-80.1673844, 25.6979503], [-80.1673325, 25.6979199], [-80.1672902, 25.6978811], [-80.1672857, 25.6978489], [-80.1672861, 25.6977932], [-80.1673613, 25.6975363], [-80.1673902, 25.6974614], [-80.167414, 25.6974401]]}, "properties": {"project": "FL4501", "date": "19450309", "kind": "Natural.Apparent.Marsh Or Swamp", "source": "T08598"}}]}